"eBird.English.Name.2024","currentslopelci1","currentslopemean1","currentsloperci1","currentslopelci2","currentslopemean2","currentsloperci2","currentslopelci3","currentslopemean3","currentsloperci3","currentslopelci4","currentslopemean4","currentsloperci4","currentslopelci5","currentslopemean5","currentsloperci5","currentslopelci6","currentslopemean6","currentsloperci6","currentslopelci7","currentslopemean7","currentsloperci7","currentslopelci8","currentslopemean8","currentsloperci8","currentslopelci9","currentslopemean9","currentsloperci9","currentslopelci10","currentslopemean10","currentsloperci10"
"Fulvous Whistling-Duck",NA,NA,NA,NA,NA,NA,NA,NA,NA,NA,NA,NA,NA,NA,NA,NA,NA,NA,NA,NA,NA,NA,NA,NA,NA,NA,NA,NA,NA,NA
"Lesser Whistling-Duck",-1.0443344603054,-0.0361365791435175,0.972061302018368,-2.18826759485187,-0.304438029268884,1.5793915363141,-0.83667063262875,0.118886308781978,1.07444325019271,-0.964038073010845,-0.0522070649843529,0.85962394304214,-0.898918626389274,0.00690325041094173,0.912725127211158,-0.926714378978122,-0.0282791355756437,0.870156107826835,-0.866652220675991,0.0430389829993858,0.952730186674763,-0.969456642751961,-0.0457068526989204,0.87804293735412,-1.01197301403428,-0.0601777924274214,0.891617429179433,-0.860782739115917,0.236866280026833,1.33451529916958
"Bar-headed Goose",-4.70274221746069,-2.71266305833897,-0.722583899217245,-10.4483616834403,-7.32263661097481,-4.19691153850937,-4.52697962065542,-2.75157157732306,-0.976163533990706,-4.62029068274124,-2.91981797636491,-1.21934526998859,-4.66066848889718,-3.02404742197047,-1.38742635504377,-4.59250131896748,-2.96246963768822,-1.33243795640895,-4.62826798821152,-2.99006639776517,-1.35186480731882,-4.70677717116125,-2.99884657085653,-1.29091597055182,-5.11179500378715,-3.40195287069421,-1.69211073760127,-4.76002678502739,-2.74814000989924,-0.736253234771092
"Graylag Goose",NA,NA,NA,NA,NA,NA,NA,NA,NA,NA,NA,NA,NA,NA,NA,NA,NA,NA,NA,NA,NA,NA,NA,NA,NA,NA,NA,NA,NA,NA
"Greater White-fronted Goose",NA,NA,NA,NA,NA,NA,NA,NA,NA,NA,NA,NA,NA,NA,NA,NA,NA,NA,NA,NA,NA,NA,NA,NA,NA,NA,NA,NA,NA,NA
"Lesser White-fronted Goose",NA,NA,NA,NA,NA,NA,NA,NA,NA,NA,NA,NA,NA,NA,NA,NA,NA,NA,NA,NA,NA,NA,NA,NA,NA,NA,NA,NA,NA,NA
"Taiga Bean-Goose",NA,NA,NA,NA,NA,NA,NA,NA,NA,NA,NA,NA,NA,NA,NA,NA,NA,NA,NA,NA,NA,NA,NA,NA,NA,NA,NA,NA,NA,NA
"Tundra Bean-Goose",NA,NA,NA,NA,NA,NA,NA,NA,NA,NA,NA,NA,NA,NA,NA,NA,NA,NA,NA,NA,NA,NA,NA,NA,NA,NA,NA,NA,NA,NA
"Barnacle Goose",NA,NA,NA,NA,NA,NA,NA,NA,NA,NA,NA,NA,NA,NA,NA,NA,NA,NA,NA,NA,NA,NA,NA,NA,NA,NA,NA,NA,NA,NA
"Red-breasted Goose",NA,NA,NA,NA,NA,NA,NA,NA,NA,NA,NA,NA,NA,NA,NA,NA,NA,NA,NA,NA,NA,NA,NA,NA,NA,NA,NA,NA,NA,NA
"Mute Swan",NA,NA,NA,NA,NA,NA,NA,NA,NA,NA,NA,NA,NA,NA,NA,NA,NA,NA,NA,NA,NA,NA,NA,NA,NA,NA,NA,NA,NA,NA
"Tundra Swan",NA,NA,NA,NA,NA,NA,NA,NA,NA,NA,NA,NA,NA,NA,NA,NA,NA,NA,NA,NA,NA,NA,NA,NA,NA,NA,NA,NA,NA,NA
"Whooper Swan",NA,NA,NA,NA,NA,NA,NA,NA,NA,NA,NA,NA,NA,NA,NA,NA,NA,NA,NA,NA,NA,NA,NA,NA,NA,NA,NA,NA,NA,NA
"Knob-billed Duck",-3.03789450087035,-1.14812457403175,0.741645352806849,-5.24509077981256,-1.62167485595257,2.00174106790741,-2.42004156886501,-0.549291035451497,1.32145949796202,-2.64905992929637,-0.88040140423625,0.888257120823864,-2.57952636746747,-0.861973419314564,0.855579528838344,-2.5715039503688,-0.855682937143521,0.860138076081757,-2.49107403987608,-0.745928876928402,0.999216286019278,-2.53345739988494,-0.73988857706957,1.0536802457458,-3.06509116757731,-1.33608299590454,0.392925175768232,-2.72370249007193,-0.605437507737532,1.51282747459687
"Ruddy Shelduck",-5.0501519705372,-3.7150297425145,-2.3799075144918,-9.96369030741281,-7.67990196879102,-5.39611363016923,-4.97512119107235,-3.79061471301313,-2.60610823495391,-4.77927102456917,-3.59737999207233,-2.4154889595755,-4.8302832474042,-3.69408469021258,-2.55788613302096,-4.80521605760944,-3.67264540752341,-2.54007475743738,-4.79585773176957,-3.66550019432854,-2.53514265688751,-4.83100918110603,-3.66171627875928,-2.49242337641253,-5.14380761861068,-3.91773289692664,-2.6916581752426,-4.89682957305127,-3.4974414601224,-2.09805334719354
"Common Shelduck",NA,NA,NA,NA,NA,NA,NA,NA,NA,NA,NA,NA,NA,NA,NA,NA,NA,NA,NA,NA,NA,NA,NA,NA,NA,NA,NA,NA,NA,NA
"Cotton Pygmy-Goose",-4.31151532683128,-3.1193078918332,-1.92710045683511,-7.43580549394643,-5.25068934482184,-3.06557319569724,-4.10533560087566,-3.00273480170652,-1.90013400253738,-3.92414244970923,-2.84627142794392,-1.76840040617862,-3.9597233746189,-2.91456037294559,-1.86939737127229,-3.91784429730722,-2.88292754249776,-1.8480107876883,-3.78307958127748,-2.74488968687642,-1.70669979247536,-4.05107391305038,-2.97185454581428,-1.89263517857817,-4.26315108853014,-3.15417298823887,-2.04519488794761,-4.22972040067465,-2.96612374388481,-1.70252708709496
"Mandarin Duck",NA,NA,NA,NA,NA,NA,NA,NA,NA,NA,NA,NA,NA,NA,NA,NA,NA,NA,NA,NA,NA,NA,NA,NA,NA,NA,NA,NA,NA,NA
"Baikal Teal",NA,NA,NA,NA,NA,NA,NA,NA,NA,NA,NA,NA,NA,NA,NA,NA,NA,NA,NA,NA,NA,NA,NA,NA,NA,NA,NA,NA,NA,NA
"Garganey",-8.04344275991161,-7.02969197491951,-6.01594118992741,-12.4253535677555,-10.4740176497008,-8.52268173164615,-6.65709762638807,-5.64063783596439,-4.62417804554072,-6.58320107316895,-5.5883628627413,-4.59352465231364,-6.64971385747754,-5.69564813632734,-4.74158241517713,-6.65851544972145,-5.70453304047784,-4.75055063123422,-6.55806217697772,-5.60408192481549,-4.65010167265325,-6.64842254791494,-5.67233587311887,-4.6962491983228,-6.92953346322329,-5.90018459496516,-4.87083572670703,-6.6599493813797,-5.42193245762536,-4.18391553387101
"Northern Shoveler",-8.01444963409616,-6.47895190512152,-4.94345417614689,-13.5692726586386,-10.9769270042422,-8.38458134984589,-7.27758269480737,-5.98461955181068,-4.69165640881399,-7.07154976489795,-5.75034528791568,-4.4291408109334,-7.12056591187519,-5.84380774104349,-4.56704957021178,-7.04184428246454,-5.78272663232068,-4.52360898217682,-6.96297044742361,-5.67465160298369,-4.38633275854377,-7.00786112512076,-5.67071628906267,-4.33357145300457,-7.56850453393589,-6.27685527940903,-4.98520602488216,-7.54136702488842,-5.94840937419336,-4.3554517234983
"Gadwall",-4.59666058587131,-2.42404470513394,-0.25142882439658,-10.0306743337531,-6.37710429214518,-2.72353425053725,-4.77274958595051,-2.82935377412204,-0.885957962293566,-4.58306384591762,-2.66148990029096,-0.739915954664303,-4.6294377679953,-2.77400209047277,-0.918566412950246,-4.63672311082652,-2.80563249644373,-0.97454188206093,-4.53031684092447,-2.66777016877285,-0.805223496621237,-4.73793634220235,-2.83308141331825,-0.928226484434149,-4.77187152276755,-2.69393338474989,-0.615995246732234,-5.04239863603831,-2.82123799776994,-0.60007735950158
"Falcated Duck",NA,NA,NA,NA,NA,NA,NA,NA,NA,NA,NA,NA,NA,NA,NA,NA,NA,NA,NA,NA,NA,NA,NA,NA,NA,NA,NA,NA,NA,NA
"Eurasian Wigeon",-6.81789638601828,-3.3374075901698,0.143081205678681,-11.9856405059797,-5.62090722737327,0.743826051233167,-6.54261058728125,-3.50440341093924,-0.466196234597224,-6.28194316280603,-3.25860223898464,-0.235261315163261,-6.2329043203562,-3.23253005153137,-0.232155782706543,-6.17026839798423,-3.21881918504182,-0.267369972099401,-6.1854207033656,-3.23624177340215,-0.287062843438699,-6.20038314272727,-3.01521392499582,0.169955292735632,-6.62816819712255,-3.43820600414966,-0.248243811176775,-7.02609483559551,-3.45581279550262,0.114469244590262
"Indian Spot-billed Duck",-1.0310449613274,0.471751440641175,1.97454784260975,-2.18454523942075,0.59059076240415,3.36572676422905,-1.17768128041925,0.212028442102362,1.60173816462398,-1.24996781674811,0.0547705860599133,1.35950898886793,-1.16658571564097,0.143061424000889,1.45270856364275,-1.1005792013242,0.197162286964775,1.49490377525375,-1.12694972301627,0.195761978945168,1.51847368090661,-1.22001979771216,0.14868164077723,1.51738307926662,-1.62849938409994,-0.261365002337696,1.10576937942454,-1.33754305801327,0.170877208049257,1.67929747411178
"Eastern Spot-billed Duck",NA,NA,NA,NA,NA,NA,NA,NA,NA,NA,NA,NA,NA,NA,NA,NA,NA,NA,NA,NA,NA,NA,NA,NA,NA,NA,NA,NA,NA,NA
"Mallard",-5.95506215372349,-3.5115408896522,-1.06801962558092,-10.7508588361154,-6.25985451540437,-1.76885019469332,-4.81437993905545,-2.30117985351281,0.212020232029834,-4.82063199251242,-2.36230141263195,0.0960291672485245,-4.98187892608888,-2.67870242208938,-0.375525918089886,-4.97872091515279,-2.70980060668512,-0.440880298217445,-4.84907317367377,-2.53131940064123,-0.213565627608684,-4.68332076458616,-2.24521978588828,0.192881192809596,-5.01357605196358,-2.56041837034956,-0.107260688735531,-5.7999571058152,-3.11626084547982,-0.432564585144445
"Northern Pintail",-7.49850187768743,-5.75939287554888,-4.02028387341034,-13.4483349742349,-10.4843004459867,-7.52026591773854,-7.08535821122738,-5.62305211665914,-4.16074602209089,-6.91149034670127,-5.44744238327759,-3.98339441985391,-6.9152870971048,-5.51625971889985,-4.1172323406949,-6.83947539462095,-5.44156506957972,-4.0436547445385,-6.75161392509424,-5.32483512407162,-3.898056323049,-6.9115036672937,-5.41620848927674,-3.92091331125979,-7.51251615006922,-6.10659776540358,-4.70067938073795,-7.42667131885511,-5.69687081562656,-3.96707031239802
"Green-winged Teal",-8.03319978766374,-4.5316294265895,-1.03005906551526,-14.0299158105072,-7.82889703985367,-1.6278782692001,-7.20915855751943,-4.08161983018706,-0.954081102854681,-7.06045794638035,-3.90541122910312,-0.750364511825886,-7.03276155012084,-4.10981950144036,-1.18687745275988,-7.0450071461018,-4.07963060880042,-1.11425407149903,-6.99434623788988,-3.98564621412052,-0.976946190351164,-7.0033353888773,-3.85588411735597,-0.708432845834647,-7.70210761745861,-4.72258346669773,-1.74305931593685,-7.62197135753006,-3.95590356645711,-0.289835775384159
"Andaman Teal",-7.57453645487988,0.81587346380941,9.2062833824987,-15.1080509719119,0.211812205000666,15.5316753819132,-7.21490704892903,0.7347603806647,8.68442781025843,-6.6697748817375,1.79601518880116,10.2618052593398,-7.01231374790499,2.15255647098658,11.3174266898781,-6.84900881848121,1.44064268853884,9.73029419555888,-6.87665246574755,1.23741286771599,9.35147820117954,-7.00921086810578,1.41385914160112,9.83692915130802,-6.84586158044458,1.6001488136521,10.0461592077488,-7.67044875355795,5.63434845221983,18.9391456579976
"Marbled Duck",NA,NA,NA,NA,NA,NA,NA,NA,NA,NA,NA,NA,NA,NA,NA,NA,NA,NA,NA,NA,NA,NA,NA,NA,NA,NA,NA,NA,NA,NA
"Pink-headed Duck",NA,NA,NA,NA,NA,NA,NA,NA,NA,NA,NA,NA,NA,NA,NA,NA,NA,NA,NA,NA,NA,NA,NA,NA,NA,NA,NA,NA,NA,NA
"White-winged Duck",NA,NA,NA,NA,NA,NA,NA,NA,NA,NA,NA,NA,NA,NA,NA,NA,NA,NA,NA,NA,NA,NA,NA,NA,NA,NA,NA,NA,NA,NA
"Red-crested Pochard",-4.65878053714988,-2.08688140875923,0.485017719631414,-8.48380602564154,-3.63814160981587,1.20752280600981,-4.32874139912161,-1.96687410351168,0.394993192098257,-3.89878842808883,-1.41895306117226,1.06088230574431,-3.92866970066846,-1.51410376824582,0.900462164176822,-4.03077187950795,-1.67463581190775,0.681500255692454,-3.95354612333187,-1.56954841460663,0.814449294118607,-4.06823063626434,-1.62177333192525,0.824683972413833,-3.83821128738184,-1.13908148330379,1.56004832077425,-4.06883723237436,-1.15985054622076,1.74913613993284
"Common Pochard",-6.38441246128537,-4.31966870590846,-2.25492495053154,-12.4482757843282,-8.94572660659793,-5.44317742886761,-6.27849169976319,-4.48803315470831,-2.69757460965343,-5.97485774223239,-4.12797250586503,-2.28108726949767,-6.00036829961638,-4.19254901562299,-2.38472973162959,-6.05875012537544,-4.30287972031723,-2.54700931525902,-5.94400606621046,-4.16013410441229,-2.37626214261411,-5.8862251339768,-4.02883414236983,-2.17144315076286,-6.17538569851868,-4.19344050821733,-2.21149531791599,-6.12266332566384,-3.83173473090119,-1.54080613613854
"Ferruginous Duck",-6.9943036850028,-3.82940683442039,-0.664509983837975,-12.7252989753418,-6.89392104768749,-1.06254312003319,-6.33471778259481,-3.34363976950609,-0.352561756417368,-6.12459692388321,-3.04978521992033,0.0250264840425531,-6.14716067123725,-3.22344780980941,-0.299734948381566,-6.18010911826572,-3.32081248128762,-0.461515844309521,-6.04624757981639,-3.1283388253952,-0.210430070974003,-6.17031560024838,-3.15071656454913,-0.131117528849876,-6.29410957979367,-3.10252979073192,0.0890499983298239,-6.5463903218786,-2.97355199759809,0.599286326682421
"Baer's Pochard",NA,NA,NA,NA,NA,NA,NA,NA,NA,NA,NA,NA,NA,NA,NA,NA,NA,NA,NA,NA,NA,NA,NA,NA,NA,NA,NA,NA,NA,NA
"Tufted Duck",-6.51787963568545,-3.84622483808543,-1.1745700404854,-12.6601352232647,-8.05763136218974,-3.45512750111479,-6.4951566944466,-4.16850723783188,-1.84185778121715,-6.33221325579321,-4.05753628412642,-1.78285931245963,-6.2578984922336,-3.99709709628508,-1.73629570033657,-6.20093235791291,-3.97568682397022,-1.75044129002753,-6.1937350959456,-3.92935436386853,-1.66497363179146,-6.35202711822308,-4.06927853276274,-1.78652994730241,-6.36361223384232,-3.88968915772609,-1.41576608160986,-6.86735381504222,-4.21568848816152,-1.56402316128082
"Greater Scaup",NA,NA,NA,NA,NA,NA,NA,NA,NA,NA,NA,NA,NA,NA,NA,NA,NA,NA,NA,NA,NA,NA,NA,NA,NA,NA,NA,NA,NA,NA
"Long-tailed Duck",NA,NA,NA,NA,NA,NA,NA,NA,NA,NA,NA,NA,NA,NA,NA,NA,NA,NA,NA,NA,NA,NA,NA,NA,NA,NA,NA,NA,NA,NA
"Common Goldeneye",NA,NA,NA,NA,NA,NA,NA,NA,NA,NA,NA,NA,NA,NA,NA,NA,NA,NA,NA,NA,NA,NA,NA,NA,NA,NA,NA,NA,NA,NA
"Smew",NA,NA,NA,NA,NA,NA,NA,NA,NA,NA,NA,NA,NA,NA,NA,NA,NA,NA,NA,NA,NA,NA,NA,NA,NA,NA,NA,NA,NA,NA
"Common Merganser",-10.6746776108435,-6.59551367863388,-2.51634974642425,-20.6282399701184,-14.3311889503799,-8.03413793064141,-10.1998649360368,-6.57996648365327,-2.96006803126974,-10.0631598930444,-6.47762795346838,-2.89209601389239,-10.00935861767,-6.62864222285879,-3.24792582804759,-9.99933787158211,-6.68629840589806,-3.37325894021401,-9.73205108944937,-6.26291860070895,-2.79378611196854,-10.1693970998487,-6.68581770970055,-3.20223831955236,-10.3523951723285,-6.48533247624424,-2.61826978015997,-11.1560487466041,-6.9856637028107,-2.81527865901729
"Red-breasted Merganser",NA,NA,NA,NA,NA,NA,NA,NA,NA,NA,NA,NA,NA,NA,NA,NA,NA,NA,NA,NA,NA,NA,NA,NA,NA,NA,NA,NA,NA,NA
"White-headed Duck",NA,NA,NA,NA,NA,NA,NA,NA,NA,NA,NA,NA,NA,NA,NA,NA,NA,NA,NA,NA,NA,NA,NA,NA,NA,NA,NA,NA,NA,NA
"Nicobar Megapode",NA,NA,NA,NA,NA,NA,NA,NA,NA,NA,NA,NA,NA,NA,NA,NA,NA,NA,NA,NA,NA,NA,NA,NA,NA,NA,NA,NA,NA,NA
"Hill Partridge",0.185821731986413,6.84925273755917,13.5126837431319,-1.84618596577269,10.1112301840683,22.0686463339094,-0.964301654483011,4.82612857759563,10.6165588096743,-0.0898997769777399,5.92500834961583,11.9399164762094,-0.251840067306417,5.45615932871307,11.1641587247326,-0.2067156528775,5.64104027580499,11.4887962044875,-0.440141770987208,5.31679141610531,11.0737246031978,-0.521500965589966,5.56625416844546,11.6540093024809,-0.573007606761169,5.68395439287774,11.9409163925167,-0.416235435895186,6.88630840455703,14.1888522450092
"Chestnut-breasted Partridge",NA,NA,NA,NA,NA,NA,NA,NA,NA,NA,NA,NA,NA,NA,NA,NA,NA,NA,NA,NA,NA,NA,NA,NA,NA,NA,NA,NA,NA,NA
"Rufous-throated Partridge",NA,NA,NA,NA,NA,NA,NA,NA,NA,NA,NA,NA,NA,NA,NA,NA,NA,NA,NA,NA,NA,NA,NA,NA,NA,NA,NA,NA,NA,NA
"White-cheeked Partridge",NA,NA,NA,NA,NA,NA,NA,NA,NA,NA,NA,NA,NA,NA,NA,NA,NA,NA,NA,NA,NA,NA,NA,NA,NA,NA,NA,NA,NA,NA
"Snow Partridge",NA,NA,NA,NA,NA,NA,NA,NA,NA,NA,NA,NA,NA,NA,NA,NA,NA,NA,NA,NA,NA,NA,NA,NA,NA,NA,NA,NA,NA,NA
"Blood Pheasant",-227.668652754185,2.88390219754292,233.436457149271,-257.605664156218,10.6934561848137,278.992576525846,-310.256747881989,5.67516933682418,321.607086555637,-31.3723826598726,-0.223333355061689,30.9257159497492,-20.4927060548667,-1.07194508348525,18.3488158878961,-30.9846560442062,-0.382083549471738,30.2204889452627,-28.1580846751668,0.204325928956054,28.5667365330789,-63.6583242438158,1.34436986094479,66.3470639657053,-33.0202537109676,-1.3103882626217,30.3994771857242,-29.0865419650352,-1.42613301977159,26.234275925492
"Western Tragopan",NA,NA,NA,NA,NA,NA,NA,NA,NA,NA,NA,NA,NA,NA,NA,NA,NA,NA,NA,NA,NA,NA,NA,NA,NA,NA,NA,NA,NA,NA
"Satyr Tragopan",-22.084665230546,-0.308502697292429,21.4676598359611,-147.543486151787,15.3472650256553,178.238016203097,-35.0881675650622,1.67830438100611,38.4447763270744,-102.510217280899,4.0302382618834,110.570693804665,-59.2204278445491,2.78316707165657,64.7867619878622,-1458.2540061185,11.6368832833342,1481.52777268517,-288.835832322087,5.83185613951856,300.499544601124,-48.8329995466677,3.68496540620681,56.2029303590813,-35.3746433357299,1.92154282095444,39.2177289776388,-28.8260398294704,2.44294018030271,33.7119201900759
"Blyth's Tragopan",NA,NA,NA,NA,NA,NA,NA,NA,NA,NA,NA,NA,NA,NA,NA,NA,NA,NA,NA,NA,NA,NA,NA,NA,NA,NA,NA,NA,NA,NA
"Temminck's Tragopan",NA,NA,NA,NA,NA,NA,NA,NA,NA,NA,NA,NA,NA,NA,NA,NA,NA,NA,NA,NA,NA,NA,NA,NA,NA,NA,NA,NA,NA,NA
"Himalayan Monal",-9.2251439366342,-1.28615030466087,6.65284332731246,-17.7972741152171,-2.78152674674176,12.2342206217336,-8.33837384090698,-0.627495176824959,7.08338348725707,-8.30215502955308,-1.57678008581202,5.14859485792904,-8.21478191018445,-1.5323986422653,5.14998462565384,-7.95489382631243,-1.33046731365821,5.29395919899601,-8.12720416850533,-1.27241616678768,5.58237183492997,-8.90408578295097,-2.27465129917443,4.3547831846021,-9.00253736144571,-1.28836835549724,6.42580065045122,-9.46964444339553,-1.95921990559068,5.55120463221417
"Sclater's Monal",NA,NA,NA,NA,NA,NA,NA,NA,NA,NA,NA,NA,NA,NA,NA,NA,NA,NA,NA,NA,NA,NA,NA,NA,NA,NA,NA,NA,NA,NA
"Koklass Pheasant",NA,NA,NA,NA,NA,NA,NA,NA,NA,NA,NA,NA,NA,NA,NA,NA,NA,NA,NA,NA,NA,NA,NA,NA,NA,NA,NA,NA,NA,NA
"Tibetan Partridge",NA,NA,NA,NA,NA,NA,NA,NA,NA,NA,NA,NA,NA,NA,NA,NA,NA,NA,NA,NA,NA,NA,NA,NA,NA,NA,NA,NA,NA,NA
"Mrs. Hume's Pheasant",NA,NA,NA,NA,NA,NA,NA,NA,NA,NA,NA,NA,NA,NA,NA,NA,NA,NA,NA,NA,NA,NA,NA,NA,NA,NA,NA,NA,NA,NA
"Cheer Pheasant",NA,NA,NA,NA,NA,NA,NA,NA,NA,NA,NA,NA,NA,NA,NA,NA,NA,NA,NA,NA,NA,NA,NA,NA,NA,NA,NA,NA,NA,NA
"Kalij Pheasant",-0.344595766474981,4.28031970568692,8.90523517784882,-0.341046596490751,8.84298810363692,18.0270228037646,0.155988810495197,4.9611141199487,9.7662394294022,0.36858387790121,4.8542851018878,9.33998632587439,0.551742227690138,5.09829557436707,9.64484892104401,0.393942912506696,4.90268648920489,9.41143006590308,0.281968881113771,4.77920603711176,9.27644319310975,0.413132012330187,5.228119533154,10.0431070539778,0.0579849389273042,4.7281282422053,9.39827154548329,0.790603200119986,6.25621504403792,11.7218268879559
"Indian Peafowl",5.91843968919794,7.83153653628881,9.74463338337968,12.9382569850934,16.9381268612503,20.9379967374073,7.11892197864909,9.07369489566138,11.0284678126737,6.69841760355349,8.53870574403237,10.3789938845112,6.90372822904923,8.74616464635384,10.5886010636584,6.86207226816888,8.6947673587381,10.5274624493073,6.76427511360023,8.62929861814123,10.4943221226822,6.69839186603298,8.6282246975464,10.5580575290598,6.86092597816537,8.85485783214921,10.8487896861331,6.79985655709759,8.85550236999496,10.9111481828923
"Green Peafowl",NA,NA,NA,NA,NA,NA,NA,NA,NA,NA,NA,NA,NA,NA,NA,NA,NA,NA,NA,NA,NA,NA,NA,NA,NA,NA,NA,NA,NA,NA
"Red Spurfowl",-3.21092320842364,-0.814997038600159,1.58092913122332,-6.37115305096792,-2.06942820680398,2.23229663735996,-2.40866012511673,-0.0421700046269118,2.32432011586291,-2.7405699967629,-0.571732325968845,1.59710534482521,-2.69418341331033,-0.516209001624472,1.66176541006138,-2.70387686171561,-0.55945687423056,1.58496311325449,-2.63522504141703,-0.468948223453467,1.6973285945101,-2.82904163800696,-0.625984725325755,1.57707218735545,-2.62928061999563,-0.221351691505568,2.1865772369845,-3.15422891640238,-0.654775140906795,1.84467863458879
"Painted Spurfowl",-2.93983105162409,1.01393640456092,4.96770386074594,-3.55132958677353,5.24530531053958,14.0419402078527,-2.46770171930976,1.56547592427124,5.59865356785224,-1.90330836378667,2.06280654231509,6.02892144841685,-1.93619867776745,2.08992391413078,6.11604650602902,-1.93527174623848,1.96496816762883,5.86520808149615,-1.93380450385538,1.99851408606486,5.9308326759851,-2.41623472248247,1.39305233460505,5.20233939169257,-1.93350173454687,2.37558393125414,6.68466959705514,-1.87247393065543,2.95709954179422,7.78667301424387
"Gray Peacock-Pheasant",NA,NA,NA,NA,NA,NA,NA,NA,NA,NA,NA,NA,NA,NA,NA,NA,NA,NA,NA,NA,NA,NA,NA,NA,NA,NA,NA,NA,NA,NA
"Mountain Bamboo-Partridge",NA,NA,NA,NA,NA,NA,NA,NA,NA,NA,NA,NA,NA,NA,NA,NA,NA,NA,NA,NA,NA,NA,NA,NA,NA,NA,NA,NA,NA,NA
"Red Junglefowl",NA,NA,NA,NA,NA,NA,NA,NA,NA,NA,NA,NA,NA,NA,NA,NA,NA,NA,NA,NA,NA,NA,NA,NA,NA,NA,NA,NA,NA,NA
"Gray Junglefowl",-0.976232165565435,3.37846984856661,7.73317186269866,-2.81287371673479,5.10319991318812,13.019273543111,-0.909515268625592,3.21746838442135,7.34445203746828,-0.87861984180349,2.94795315533181,6.77452615246712,-0.866494820111908,3.0237581679354,6.9140111559827,-0.841583181687044,3.00322667122453,6.84803652413609,-0.850230893920136,3.04891930237023,6.9480694986606,-1.00262626410168,2.94155559541927,6.88573745494022,-1.21497005401592,2.98143094870279,7.17783195142149,-1.42010138768746,2.80999347774147,7.0400883431704
"Gray Francolin",1.70925680403872,3.36264753086443,5.01603825769014,4.52518164707833,7.65016462633902,10.7751476055997,2.32952455725688,3.91752183744909,5.50551911764131,2.45699560301048,3.99717365375305,5.53735170449562,2.44127535893761,3.93209331633274,5.42291127372788,2.38148101022254,3.8763171479562,5.37115328568985,2.41026960862081,3.93247083251919,5.45467205641757,2.38620629915638,3.93051433909112,5.47482237902586,2.49332318058545,4.13501738140011,5.77671158221476,2.11040961701617,3.79314455217222,5.47587948732826
"Swamp Francolin",NA,NA,NA,NA,NA,NA,NA,NA,NA,NA,NA,NA,NA,NA,NA,NA,NA,NA,NA,NA,NA,NA,NA,NA,NA,NA,NA,NA,NA,NA
"Chinese Francolin",NA,NA,NA,NA,NA,NA,NA,NA,NA,NA,NA,NA,NA,NA,NA,NA,NA,NA,NA,NA,NA,NA,NA,NA,NA,NA,NA,NA,NA,NA
"Black Francolin",-1.22149564863834,2.92215605787342,7.06580776438517,-3.06744537607493,4.86449861603443,12.7964426081438,-1.23634397462305,2.55544074766379,6.34722546995062,-0.996635660498797,2.84291422871335,6.68246411792549,-1.01652248072815,2.6844618232211,6.38544612717034,-1.03357270238283,2.68263804255526,6.39884878749334,-1.15603078615606,2.56430570904286,6.28464220424178,-0.963309606315447,2.93076960509757,6.82484881651058,-0.99558908371739,3.25803843616616,7.51166595604971,-1.84929387843988,2.18905732811378,6.22740853466745
"Painted Francolin",NA,NA,NA,NA,NA,NA,NA,NA,NA,NA,NA,NA,NA,NA,NA,NA,NA,NA,NA,NA,NA,NA,NA,NA,NA,NA,NA,NA,NA,NA
"Tibetan Snowcock",NA,NA,NA,NA,NA,NA,NA,NA,NA,NA,NA,NA,NA,NA,NA,NA,NA,NA,NA,NA,NA,NA,NA,NA,NA,NA,NA,NA,NA,NA
"Himalayan Snowcock",NA,NA,NA,NA,NA,NA,NA,NA,NA,NA,NA,NA,NA,NA,NA,NA,NA,NA,NA,NA,NA,NA,NA,NA,NA,NA,NA,NA,NA,NA
"Blue-breasted Quail",NA,NA,NA,NA,NA,NA,NA,NA,NA,NA,NA,NA,NA,NA,NA,NA,NA,NA,NA,NA,NA,NA,NA,NA,NA,NA,NA,NA,NA,NA
"Common Quail",NA,NA,NA,NA,NA,NA,NA,NA,NA,NA,NA,NA,NA,NA,NA,NA,NA,NA,NA,NA,NA,NA,NA,NA,NA,NA,NA,NA,NA,NA
"Japanese Quail",NA,NA,NA,NA,NA,NA,NA,NA,NA,NA,NA,NA,NA,NA,NA,NA,NA,NA,NA,NA,NA,NA,NA,NA,NA,NA,NA,NA,NA,NA
"Rain Quail",-5.97171874523169,-2.7798514824875,0.412015780256686,-7.75094541697803,-1.17260903063953,5.40572735569897,-3.03487231575822,0.774172227421842,4.58321677060191,-3.40313182210254,0.283490523990229,3.970112870083,-3.43475948502558,0.205864152055966,3.84648778913751,-3.64304788316564,-0.17563890165336,3.29177007985892,-3.63767133204689,-0.222221408171771,3.19322851570334,-3.28924675363846,0.32657868000238,3.94240411364322,-2.38672075445239,1.93956103881334,6.26584283207907,-3.64937870441815,0.366004668653419,4.38138804172499
"Chukar",-7.53017853027576,0.532120578150535,8.59441968657683,-12.0384546387086,5.98429355797595,24.0070417546605,-6.15009324103844,3.0816045378255,12.3133023166894,-5.82640138710078,1.90890403327614,9.64420945365306,-5.75722253255227,2.10565402742549,9.96853058740324,-6.04722017704165,2.04256988023061,10.1323599375029,-5.77170052388395,2.342030630747,10.4557617853779,-6.04502514948011,2.19696582456473,10.4389567986096,-6.44191584822086,2.69114725850525,11.8242103652314,-6.73640879021162,2.15509707291834,11.0466029360483
"Jungle Bush-Quail",-1.74126266317136,0.563350867086831,2.86796439734502,-4.81903509296617,-0.65778954545661,3.50345600205295,-2.0630883735304,0.21888383487018,2.50085604327076,-2.06241181988445,0.0885077395325058,2.23942729894946,-1.96756770360137,0.125028978378437,2.21762566035824,-2.04135376057802,0.0573643197726015,2.15608240012323,-2.05435411834767,0.0384189893061919,2.13119209696005,-2.26908175878302,-0.139376182611602,1.99032939355982,-1.53667249067565,0.863936972036965,3.26454643474958,-1.90230138182876,0.630048983797157,3.16239934942307
"Rock Bush-Quail",NA,NA,NA,NA,NA,NA,NA,NA,NA,NA,NA,NA,NA,NA,NA,NA,NA,NA,NA,NA,NA,NA,NA,NA,NA,NA,NA,NA,NA,NA
"Painted Bush-Quail",NA,NA,NA,NA,NA,NA,NA,NA,NA,NA,NA,NA,NA,NA,NA,NA,NA,NA,NA,NA,NA,NA,NA,NA,NA,NA,NA,NA,NA,NA
"Manipur Bush-Quail",NA,NA,NA,NA,NA,NA,NA,NA,NA,NA,NA,NA,NA,NA,NA,NA,NA,NA,NA,NA,NA,NA,NA,NA,NA,NA,NA,NA,NA,NA
"Himalayan Quail",NA,NA,NA,NA,NA,NA,NA,NA,NA,NA,NA,NA,NA,NA,NA,NA,NA,NA,NA,NA,NA,NA,NA,NA,NA,NA,NA,NA,NA,NA
"Greater Flamingo",-9.46609020165265,-7.70759217837342,-5.94909415509418,-15.1831570470418,-12.3182284493012,-9.45329985156054,-8.35668553149319,-6.89059306916506,-5.42450060683693,-7.37912467097031,-5.7117003370659,-4.0442760031615,-7.97399008096113,-6.36487106769051,-4.75575205441988,-7.49242208964268,-5.96865044580817,-4.44487880197366,-8.02558610093243,-6.48067716643674,-4.93576823194106,-7.50040521167165,-5.80424451022413,-4.10808380877661,-8.10449149316367,-6.43184280709443,-4.7591941210252,-8.2154083223567,-6.33664523070861,-4.45788213906052
"Lesser Flamingo",-8.86473698606811,-5.06329792981326,-1.26185887355841,-16.1188774742057,-9.93893133678841,-3.75898519937109,-8.57859197606382,-5.60596693483242,-2.63334189360103,-7.73733580530315,-4.09577965683527,-0.454223508367397,-8.06000669869091,-4.84106819980772,-1.62212970092453,-7.91184469570652,-4.72498414661404,-1.53812359752156,-8.05143014999813,-4.83088828389242,-1.61034641778672,-8.12444890163903,-4.78133888844784,-1.43822887525664,-8.27808045072214,-4.86446679056554,-1.45085313040893,-8.59921157432414,-4.61251113492957,-0.625810695535011
"Little Grebe",-2.11720021768178,-1.11792020101651,-0.118640184351226,-4.03384639560223,-2.31782984486286,-0.601813294123494,-2.37156821405525,-1.51116662272725,-0.650765031399245,-2.23523469437204,-1.38394440258285,-0.53265411079367,-2.20589229970576,-1.37600258330854,-0.546112866911313,-2.17492174405593,-1.33886415019722,-0.502806556338515,-2.19929136556466,-1.35507201621396,-0.51085266686327,-2.38259086597745,-1.54222181746316,-0.70185276894887,-2.72836660834508,-1.88005860309082,-1.03175059783656,-1.69469405395745,-0.659343868728718,0.376006316500015
"Horned Grebe",NA,NA,NA,NA,NA,NA,NA,NA,NA,NA,NA,NA,NA,NA,NA,NA,NA,NA,NA,NA,NA,NA,NA,NA,NA,NA,NA,NA,NA,NA
"Red-necked Grebe",NA,NA,NA,NA,NA,NA,NA,NA,NA,NA,NA,NA,NA,NA,NA,NA,NA,NA,NA,NA,NA,NA,NA,NA,NA,NA,NA,NA,NA,NA
"Great Crested Grebe",-6.0444019956526,-3.72075001231256,-1.39709802897253,-9.95893709268436,-5.42100102883923,-0.883064964994106,-4.72747715701315,-2.27996999053911,0.167537175934921,-4.94736074842129,-2.66917231442158,-0.390983880421878,-4.91097145256121,-2.68806118858212,-0.465150924603036,-4.84585648298383,-2.66741593917443,-0.488975395365023,-4.93208410561537,-2.73499115971676,-0.537898213818155,-4.9859136285443,-2.69720922061947,-0.408504812694635,-5.09524234241046,-2.68616190027264,-0.277081458134828,-5.08037749167982,-2.36961436347431,0.341148764731191
"Eared Grebe",NA,NA,NA,NA,NA,NA,NA,NA,NA,NA,NA,NA,NA,NA,NA,NA,NA,NA,NA,NA,NA,NA,NA,NA,NA,NA,NA,NA,NA,NA
"Rock Pigeon",0.927211526831757,1.68908292524025,2.45095432364875,2.31477076416599,3.71424723844303,5.11372371272006,1.26846702106211,2.00241034318928,2.73635366531645,1.46401161262566,2.18622928122161,2.90844694981755,1.44210609125167,2.14350525938828,2.8449044275249,1.37197982123287,2.07501264972868,2.77804547822449,1.29806304904233,2.00150615856343,2.70494926808454,1.24620657769539,1.95415928319341,2.66211198869142,1.5328063209175,2.29347371925203,3.05414111758656,1.72967576954419,2.57149010484713,3.41330444015007
"Hill Pigeon",NA,NA,NA,NA,NA,NA,NA,NA,NA,NA,NA,NA,NA,NA,NA,NA,NA,NA,NA,NA,NA,NA,NA,NA,NA,NA,NA,NA,NA,NA
"Snow Pigeon",-8.72844990859021,-3.12455070473612,2.47934849911796,-14.3892556608837,-3.75878187557775,6.87169190972819,-7.35978473328476,-2.19702662061111,2.96573149206255,-7.18736979356616,-1.95813487801685,3.27110003753247,-7.14610358931663,-2.30734727217942,2.5314090449578,-7.22447042326309,-2.33341326071412,2.55764390183484,-7.18411990654901,-2.21941794318859,2.74528402017184,-7.29836541192213,-2.22703240411937,2.8443006036834,-7.49883430188284,-2.08072575701206,3.33738278785871,-8.01774895813181,-2.2260126358986,3.5657236863346
"Yellow-eyed Pigeon",NA,NA,NA,NA,NA,NA,NA,NA,NA,NA,NA,NA,NA,NA,NA,NA,NA,NA,NA,NA,NA,NA,NA,NA,NA,NA,NA,NA,NA,NA
"Common Wood-Pigeon",NA,NA,NA,NA,NA,NA,NA,NA,NA,NA,NA,NA,NA,NA,NA,NA,NA,NA,NA,NA,NA,NA,NA,NA,NA,NA,NA,NA,NA,NA
"Speckled Wood-Pigeon",-8.61738747185609,-2.92501190661518,2.76736365862573,-17.0976881292905,-7.51508927174872,2.06750958579309,-8.43849177384891,-3.72219607082421,0.994099632200491,-8.22230749115639,-3.45320226821186,1.31590295473267,-8.20610801051579,-3.42954751065133,1.34701298921312,-8.11919106228148,-3.50651229564101,1.10616647099947,-8.00454732943674,-3.26707141845774,1.47040449252126,-8.45517604055048,-3.74835409633879,0.958467847872893,-8.53911315654351,-3.51544237190658,1.50822841273035,-9.05030674781704,-2.9262764940586,3.19775375969984
"Ashy Wood-Pigeon",NA,NA,NA,NA,NA,NA,NA,NA,NA,NA,NA,NA,NA,NA,NA,NA,NA,NA,NA,NA,NA,NA,NA,NA,NA,NA,NA,NA,NA,NA
"Nilgiri Wood-Pigeon",-6.56383236354621,-2.00483086064564,2.55417064225494,-12.2979125090813,-4.1146331548756,4.06864619933014,-5.79532674982052,-1.40612615466342,2.98307444049368,-5.64697844890869,-1.30361805304097,3.03974234282674,-5.68576769790154,-1.69098045836884,2.30380678116385,-5.63467424043791,-1.61552896733679,2.40361630576434,-5.86893840820564,-1.85725172095399,2.15443496629767,-5.73951020350057,-1.54330662910075,2.65289694529907,-5.92607572049575,-1.48692482084403,2.95222607880769,-6.27940929736526,-1.54418276762522,3.19104376211482
"Pale-capped Pigeon",NA,NA,NA,NA,NA,NA,NA,NA,NA,NA,NA,NA,NA,NA,NA,NA,NA,NA,NA,NA,NA,NA,NA,NA,NA,NA,NA,NA,NA,NA
"Andaman Wood-Pigeon",-11.6843893456073,-4.12395677199661,3.43647580161406,-23.6017969546714,-12.1745293373011,-0.747261719930881,-11.8775503642078,-6.41421627950145,-0.950882194795145,-11.7966291284302,-6.17110733798048,-0.545585547530717,-11.3021104145307,-6.16775317167935,-1.033395928828,-11.3378194122828,-6.0713139221648,-0.804808432046809,-11.4872634776288,-6.1556708995149,-0.824078321400989,-11.8847341731431,-6.44777153880011,-1.01080890445709,-12.3058317941493,-6.33543701425715,-0.365042234365005,-13.1364786959903,-7.43497593741429,-1.73347317883824
"European Turtle-Dove",NA,NA,NA,NA,NA,NA,NA,NA,NA,NA,NA,NA,NA,NA,NA,NA,NA,NA,NA,NA,NA,NA,NA,NA,NA,NA,NA,NA,NA,NA
"Oriental Turtle-Dove",-1.80842186938993,1.15816870370973,4.12475927680939,-3.8295744891705,1.55430660213388,6.93818769343827,-1.89176067423201,0.752621000858472,3.39700267594895,-1.76037469165247,0.781913100726986,3.32420089310644,-1.70355417600359,0.793599092122538,3.29075236024867,-1.6627990403475,0.84851253173115,3.3598241038098,-1.87068519516167,0.626863704225747,3.12441260361316,-1.96641979855914,0.563925324501147,3.09427044756144,-1.87449010254566,0.917308634509458,3.70910737156457,-1.81041500678647,1.33407974302845,4.47857449284337
"Eurasian Collared-Dove",1.8434084044098,3.68890885632303,5.53440930823627,4.003380689727,7.71572393747927,11.4280671852315,1.91953273281951,3.6891334623014,5.45873419178329,2.01132321226994,3.72629620599069,5.44126919971143,2.07613560505101,3.763037456775,5.44993930849899,2.0715478161034,3.76224962735261,5.45295143860182,2.02292910835983,3.73677349023382,5.45061787210782,1.9318242363345,3.67237328510799,5.41292233388149,2.14810017598101,4.03219697674764,5.91629377751427,1.70491465799024,3.58570413179246,5.46649360559469
"Red Collared-Dove",NA,NA,NA,NA,NA,NA,NA,NA,NA,NA,NA,NA,NA,NA,NA,NA,NA,NA,NA,NA,NA,NA,NA,NA,NA,NA,NA,NA,NA,NA
"Spotted Dove",1.29515634206476,2.93758500702095,4.58001367197714,2.75223249897563,5.7781098789908,8.80398725900597,1.60841996588583,3.11340405279949,4.61838813971315,1.47409397798652,2.93068977333084,4.38728556867516,1.56919441083272,3.03119602599145,4.49319764115018,1.55561659448691,3.00718050406077,4.45874441363463,1.461368079197,2.92736942593678,4.39337077267656,1.59277144133528,3.08633290549683,4.57989436965838,1.62328018895312,3.23570809197217,4.84813599499123,1.22336428478436,2.8354186162353,4.44747294768624
"Laughing Dove",-0.274739986783192,1.2452298686978,2.76519972417879,0.624514805819878,3.40926619839947,6.19401759097907,0.497523392811311,1.9343238373787,3.3711242819461,0.572025954857597,1.98903115824445,3.40603636163129,0.659455028234946,2.05365194463854,3.44784886104213,0.514224226484273,1.89943296372326,3.28464170096225,0.483036879933804,1.89281119365686,3.30258550737991,0.500819940662792,1.944128496077,3.38743705149121,0.869751234629258,2.41192993500342,3.95410863537758,0.723604060002199,2.3085746910505,3.89354532209881
"Barred Cuckoo-Dove",-5.68730476014166,0.434099918602722,6.5555045973471,-10.5738730402941,0.452004804511022,11.4778826493161,-5.30811263173199,0.314186903861109,5.93648643945421,-5.26016255725213,0.0534296182910098,5.36702179383415,-5.18562570640752,0.0778452626171451,5.34131623164181,-4.84664514482014,0.197075162544482,5.2407954699091,-5.09562594805,0.135098773762063,5.36582349557412,-5.20258660451935,0.160590112690167,5.52376682989968,-5.78492970032382,-0.140240580525559,5.5044485392727,-6.50771797211624,-1.10455642896789,4.29860511418046
"Andaman Cuckoo-Dove",NA,NA,NA,NA,NA,NA,NA,NA,NA,NA,NA,NA,NA,NA,NA,NA,NA,NA,NA,NA,NA,NA,NA,NA,NA,NA,NA,NA,NA,NA
"Namaqua Dove",NA,NA,NA,NA,NA,NA,NA,NA,NA,NA,NA,NA,NA,NA,NA,NA,NA,NA,NA,NA,NA,NA,NA,NA,NA,NA,NA,NA,NA,NA
"Asian Emerald Dove",-2.86273742252479,-0.0301050409887294,2.80252734054734,-6.55261516933382,-1.73253197824264,3.08755121284853,-3.1070710264902,-0.595213899466501,1.9166432275572,-3.04824995010851,-0.631798513774566,1.78465292255938,-3.01708574954341,-0.695404788150528,1.62627617324235,-3.01927382026184,-0.659621567140412,1.70003068598101,-3.05232764336191,-0.663755578876691,1.72481648560852,-3.07188365453515,-0.547541610096421,1.97680043434231,-3.3503828528646,-0.917883461947861,1.51461592896888,-3.41287719828829,-0.588297962485846,2.2362812733166
"Nicobar Pigeon",NA,NA,NA,NA,NA,NA,NA,NA,NA,NA,NA,NA,NA,NA,NA,NA,NA,NA,NA,NA,NA,NA,NA,NA,NA,NA,NA,NA,NA,NA
"Orange-breasted Green-Pigeon",-7.38020189480251,-1.94572573139913,3.48875043200426,-11.5989920581114,-0.832266431165461,9.93445919578043,-6.05240547265579,-0.0764890105469443,5.8994274515619,-5.95056448935109,-0.61193824896929,4.72668799141251,-5.87406180287566,-0.349748986316145,5.17456383024337,-5.85914380225842,-0.566559574620262,4.7260246530179,-5.94089620811174,-0.610059676412006,4.72077685528773,-5.8013208182288,-0.287601922148798,5.22611697393121,-5.85110676998557,0.157781093058624,6.16666895610282,-6.51577267815644,-0.29855010883781,5.91867246048082
"Gray-fronted Green-Pigeon",-4.16389277579213,3.26155369568882,10.6870001671698,-6.52971092468682,7.86741262500903,22.2645361747049,-3.40172846558675,3.30958484793697,10.0208981614607,-3.08229825823247,3.690273268274,10.4628447947805,-3.07723980512196,3.57437551564892,10.2259908364198,-3.03802848639046,3.58567776527845,10.2093840169474,-3.31706630611689,3.45269836438846,10.2224630348938,-3.41119273601046,3.17092877613179,9.75305028827404,-3.62318191845021,3.5235940074562,10.6703699333626,-3.58592868037769,4.63505991331203,12.8560485070018
"Andaman Green-Pigeon",NA,NA,NA,NA,NA,NA,NA,NA,NA,NA,NA,NA,NA,NA,NA,NA,NA,NA,NA,NA,NA,NA,NA,NA,NA,NA,NA,NA,NA,NA
"Ashy-headed Green-Pigeon",-8.83806069977191,-2.44983777328646,3.93838515319898,-17.0953642488341,-6.74890071272381,3.59756282338647,-7.95005403056825,-1.98729390720419,3.97546621615987,-7.96736013274173,-1.49860869134049,4.97014275006076,-7.8612357410404,-2.23262416995696,3.39598740112648,-7.89802415380541,-2.2910225732423,3.31597900732081,-7.85910983525681,-2.23311233699744,3.39288516126192,-8.19849961551384,-2.53622735173347,3.12604491204689,-8.0277590793445,-1.66093059680337,4.70589788573776,-8.59302755166898,-1.31413892352537,5.96474970461824
"Thick-billed Green-Pigeon",-7.16116918418,0.535934650634634,8.23303848544927,-12.2708991281666,3.20719326813929,18.6852856644452,-5.42452860381286,4.29334188121819,14.0112123662492,-5.83643650513571,2.19304889422742,10.2225342935906,-5.54529285026513,1.98167854767041,9.50864994560596,-5.51837520949299,2.1140473244973,9.74646985848759,-5.6136557247011,2.01662386824863,9.64690346119836,-5.89637080136107,1.82029947892404,9.53696975920914,-6.32474929550601,1.76374627540231,9.85224184631063,-6.42964123603763,3.46971643303519,13.369074102108
"Yellow-footed Green-Pigeon",1.78173671811001,3.59415471100678,5.40657270390355,3.4437574375846,6.88759869954067,10.3314399614967,1.4099283255015,3.11299277511802,4.81605722473454,1.55929914456911,3.22069608622063,4.88209302787216,1.78340525006629,3.46592833405975,5.14845141805321,1.73675586989091,3.40075863529581,5.06476140070071,1.69374998826513,3.36343460426025,5.03311922025538,1.41170105203923,3.08886926791989,4.76603748380056,1.7253347115557,3.56268466766903,5.40003462378235,2.15643564192923,4.12244086888915,6.08844609584908
"Pin-tailed Green-Pigeon",NA,NA,NA,NA,NA,NA,NA,NA,NA,NA,NA,NA,NA,NA,NA,NA,NA,NA,NA,NA,NA,NA,NA,NA,NA,NA,NA,NA,NA,NA
"Wedge-tailed Green-Pigeon",-3.23649230378468,1.38630889088584,6.00911008555636,-5.91793286012306,2.59115553413889,11.1002439284008,-3.32060454621982,0.776151754640231,4.87290805550028,-3.11908032478031,1.067225258629,5.2535308420383,-3.04054713335279,0.905669042876571,4.85188521910593,-2.82823652488458,1.0567880189789,4.94181256284238,-3.26281853376538,0.683662542732456,4.63014361923029,-3.01896622435805,1.15294674650673,5.3248597173715,-3.39311798192525,0.919327807953033,5.23177359783132,-4.07817261059487,0.278598889505033,4.63537038960493
"Green Imperial-Pigeon",-1.57398935114819,4.67594352426955,10.9258763996873,-1.78611525150035,11.2389550659919,24.2640253834841,-1.15917399191399,5.24649652737365,11.6521670466613,-1.09482982262753,4.64852661645633,10.3918830555402,-0.878726993463068,4.8799298174922,10.6385866284475,-0.783661386372737,4.99106879203628,10.7657989704453,-1.14021835025003,4.74017311910865,10.6205645884673,-1.59233593877578,4.30696362802066,10.2062631948171,-1.08160469273864,5.17222307075495,11.4260508342485,-1.26656269828015,5.63871645718568,12.5439956126515
"Nicobar Imperial-Pigeon",NA,NA,NA,NA,NA,NA,NA,NA,NA,NA,NA,NA,NA,NA,NA,NA,NA,NA,NA,NA,NA,NA,NA,NA,NA,NA,NA,NA,NA,NA
"Malabar Imperial-Pigeon",-5.11805501622009,1.55745462502029,8.23296426626068,-8.64552583449512,3.6779247084953,16.0013752514857,-3.97451890875457,2.53483413827101,9.04418718529658,-3.97459378567336,2.31225421206374,8.59910220980083,-3.9402832856195,2.06046410758008,8.06121150077966,-3.87123503845046,2.09432665310047,8.05988834465139,-3.81024860803546,2.35779308995886,8.52583478795319,-4.71710381790398,1.40801636745776,7.53313655281951,-4.571049553089,1.23405242191611,7.03915439692122,-4.20080422739644,3.64076528117843,11.4823347897533
"Mountain Imperial-Pigeon",-7.20809206868123,-1.54185843483002,4.12437519902119,-11.2388667564142,0.746040304557364,12.7309473655289,-4.2015454021119,2.71040291900884,9.62235124012958,-4.59044240396833,1.97912891770904,8.54870023938641,-4.84816545167527,0.797953313711109,6.44407207909749,-4.72790147329357,1.01652800169296,6.7609574766795,-4.89839116983279,0.898515569475507,6.6954223087838,-5.42008173659902,0.159720436176959,5.73952260895293,-4.92243072108458,1.62264757133525,8.16772586375508,-4.99762809868753,2.21404964138321,9.42572738145396
"Pied Imperial-Pigeon",NA,NA,NA,NA,NA,NA,NA,NA,NA,NA,NA,NA,NA,NA,NA,NA,NA,NA,NA,NA,NA,NA,NA,NA,NA,NA,NA,NA,NA,NA
"Tibetan Sandgrouse",NA,NA,NA,NA,NA,NA,NA,NA,NA,NA,NA,NA,NA,NA,NA,NA,NA,NA,NA,NA,NA,NA,NA,NA,NA,NA,NA,NA,NA,NA
"Pallas's Sandgrouse",NA,NA,NA,NA,NA,NA,NA,NA,NA,NA,NA,NA,NA,NA,NA,NA,NA,NA,NA,NA,NA,NA,NA,NA,NA,NA,NA,NA,NA,NA
"Pin-tailed Sandgrouse",NA,NA,NA,NA,NA,NA,NA,NA,NA,NA,NA,NA,NA,NA,NA,NA,NA,NA,NA,NA,NA,NA,NA,NA,NA,NA,NA,NA,NA,NA
"Chestnut-bellied Sandgrouse",-6.17753849821179,-4.11326623649012,-2.04899397476844,-9.2596306672967,-5.2161479436873,-1.1726652200779,-4.83531097833547,-2.7097249645521,-0.58413895076872,-4.80796919047185,-2.76197443221556,-0.715979673959269,-4.81664228013056,-2.809217761339,-0.801793242547449,-4.84688193613452,-2.87974905393714,-0.912616171739757,-4.83268516048178,-2.87399041755783,-0.915295674633875,-4.94628544458906,-2.92128417640703,-0.896282908224988,-4.90499144397942,-2.75098647742786,-0.596981510876304,-4.55715166776776,-1.93994453318262,0.67726260140252
"Spotted Sandgrouse",NA,NA,NA,NA,NA,NA,NA,NA,NA,NA,NA,NA,NA,NA,NA,NA,NA,NA,NA,NA,NA,NA,NA,NA,NA,NA,NA,NA,NA,NA
"Black-bellied Sandgrouse",NA,NA,NA,NA,NA,NA,NA,NA,NA,NA,NA,NA,NA,NA,NA,NA,NA,NA,NA,NA,NA,NA,NA,NA,NA,NA,NA,NA,NA,NA
"Painted Sandgrouse",NA,NA,NA,NA,NA,NA,NA,NA,NA,NA,NA,NA,NA,NA,NA,NA,NA,NA,NA,NA,NA,NA,NA,NA,NA,NA,NA,NA,NA,NA
"Great Indian Bustard",NA,NA,NA,NA,NA,NA,NA,NA,NA,NA,NA,NA,NA,NA,NA,NA,NA,NA,NA,NA,NA,NA,NA,NA,NA,NA,NA,NA,NA,NA
"Asian Houbara",NA,NA,NA,NA,NA,NA,NA,NA,NA,NA,NA,NA,NA,NA,NA,NA,NA,NA,NA,NA,NA,NA,NA,NA,NA,NA,NA,NA,NA,NA
"Bengal Florican",NA,NA,NA,NA,NA,NA,NA,NA,NA,NA,NA,NA,NA,NA,NA,NA,NA,NA,NA,NA,NA,NA,NA,NA,NA,NA,NA,NA,NA,NA
"Lesser Florican",NA,NA,NA,NA,NA,NA,NA,NA,NA,NA,NA,NA,NA,NA,NA,NA,NA,NA,NA,NA,NA,NA,NA,NA,NA,NA,NA,NA,NA,NA
"Little Bustard",NA,NA,NA,NA,NA,NA,NA,NA,NA,NA,NA,NA,NA,NA,NA,NA,NA,NA,NA,NA,NA,NA,NA,NA,NA,NA,NA,NA,NA,NA
"Andaman Coucal",-0.719717013658845,2.01360011856218,4.7469172507832,-1.2195408375961,5.59562802285812,12.4107968833123,-1.77885263821019,1.00994631156442,3.79874526133903,-1.26896952126457,1.54882431764039,4.36661815654534,-1.23488637842247,1.42085202165108,4.07659042172463,-1.12415216359992,1.61136022132171,4.34687260624333,-1.43937489581588,1.24411405294286,3.92760300170161,-1.04406948937222,1.81385789355872,4.67178527648966,-1.70088129676822,1.12428677430423,3.94945484537667,-1.54901032649188,1.69842091658576,4.94585215966339
"Greater Coucal",3.21730170502917,4.26653542616003,5.31576914729089,6.9609563200586,8.88941905584556,10.8178817916325,4.00838824199633,5.05471065719809,6.10103307239985,3.67601856542986,4.64890307119055,5.62178757695125,3.91631789299825,4.89897448092839,5.88163106885853,3.81080470425658,4.78858599741308,5.76636729056959,3.69123797580726,4.65929499902785,5.62735202224843,3.88526828230912,4.9049711534606,5.92467402461208,4.21568903030263,5.28617049238708,6.35665195447153,3.79267702315873,4.89389321650538,5.99510940985204
"Lesser Coucal",-2.87385552713385,2.46603988747576,7.80593530208537,-4.61741532473903,7.0262270886891,18.6698695021172,-2.43424050511802,3.05232321219169,8.5388869295014,-2.53405303868178,2.55693663048217,7.64792629964611,-2.3436166297779,2.61431529801302,7.57224722580393,-2.29153995638118,2.76973151699399,7.83100299036916,-2.63924426356506,2.3924030212037,7.42405030597245,-2.42099744644104,2.86205498893357,8.14510742430817,-2.47231374904994,3.36063520449936,9.19358415804867,-3.14121167356126,2.28460355201806,7.71041877759737
"Sirkeer Malkoha",-6.18956936959597,-4.06633749586901,-1.94310562214206,-11.325024166189,-7.40102259706405,-3.47702102793914,-5.80915162944914,-3.84517134333544,-1.88119105722173,-5.9862544964169,-4.14845573216353,-2.31065696791016,-5.7984890568356,-4.12373419271144,-2.44897932858729,-5.82014097729231,-4.04393853543146,-2.2677360935706,-5.94131311001824,-4.15730524510423,-2.37329738019023,-5.89727546405588,-4.03130315592036,-2.16533084778485,-6.34658909476576,-4.46918298033401,-2.59177686590225,-6.64667049182613,-4.5441708906509,-2.44167128947566
"Blue-faced Malkoha",-2.33216267818682,0.860664563300764,4.05349180478835,-4.65082075725393,0.940602496633587,6.53202575052111,-2.76714744224326,-0.0983596895976144,2.57042806304803,-2.57620778465695,-0.0191164553905478,2.53797487387586,-2.49278979077734,0.0370245247011991,2.56683884017974,-2.4866842652076,0.108422852245097,2.7035299696978,-2.56425643762826,0.0427694950694156,2.6497954277671,-2.7090520094868,-0.0765326646466627,2.55598668019347,-2.71596342370304,0.0373720615206105,2.79070754674426,-2.86840762907948,0.213899361170261,3.29620635142
"Green-billed Malkoha",NA,NA,NA,NA,NA,NA,NA,NA,NA,NA,NA,NA,NA,NA,NA,NA,NA,NA,NA,NA,NA,NA,NA,NA,NA,NA,NA,NA,NA,NA
"Chestnut-winged Cuckoo",-5.30799008622977,5.97836609958715,17.2647222854041,-13.8553536454844,2.73420578638452,19.3237652182534,-6.33917323572037,2.40341573359315,11.1460047029067,-6.12095060473654,1.68871688792682,9.49838438059018,-5.78682154513549,2.00992464316232,9.80667083146014,-5.93916188275373,2.22851574508344,10.3961933729206,-6.13438615032953,1.96185399973892,10.0580941498074,-6.5215641587024,1.56282248909258,9.64720913688757,-6.52470376932619,2.16373890012455,10.8521815695753,-7.34155523411903,3.21532054599838,13.7721963261158
"Pied Cuckoo",-0.451085213178317,1.02430256434422,2.49969034186676,-2.49906623934037,0.00971503597752346,2.51849631129542,-1.20316205512784,0.102860482435076,1.408883019998,-1.12460230366861,0.120441108617492,1.36548452090359,-1.01320647847426,0.220887552430727,1.45498158333572,-1.05676623177805,0.179041518443781,1.41484926866561,-1.22136745928869,-0.000919545830622267,1.21952836762745,-0.903192046233034,0.418907077707025,1.74100620164708,-0.744818032488557,0.622368340903278,1.98955471429511,-1.04646603255617,0.435891605658359,1.91824924387289
"Asian Koel",1.04229568802606,2.6602974525458,4.27829921706554,2.07009941107393,4.93428642419906,7.79847343732418,1.55067834638066,3.04970444568163,4.54873054498261,1.530060050719,2.99249978368762,4.45493951665624,1.47388206640792,2.89898818074319,4.32409429507846,1.43699251835004,2.85983967831324,4.28268683827643,1.45031692501293,2.88872062267499,4.32712432033706,1.53192907202289,3.03428203325015,4.5366349944774,1.53413535954245,3.08216217421867,4.63018898889489,1.18074208572859,2.76937343232016,4.35800477891173
"Asian Emerald Cuckoo",NA,NA,NA,NA,NA,NA,NA,NA,NA,NA,NA,NA,NA,NA,NA,NA,NA,NA,NA,NA,NA,NA,NA,NA,NA,NA,NA,NA,NA,NA
"Violet Cuckoo",NA,NA,NA,NA,NA,NA,NA,NA,NA,NA,NA,NA,NA,NA,NA,NA,NA,NA,NA,NA,NA,NA,NA,NA,NA,NA,NA,NA,NA,NA
"Horsfield's Bronze-Cuckoo",NA,NA,NA,NA,NA,NA,NA,NA,NA,NA,NA,NA,NA,NA,NA,NA,NA,NA,NA,NA,NA,NA,NA,NA,NA,NA,NA,NA,NA,NA
"Banded Bay Cuckoo",2.15802689609979,7.47558143040571,12.7931359647116,0.708026860472977,10.0960492102987,19.4840715601245,1.37554493620053,6.65276240136405,11.9299798665276,1.66126376994186,6.67707405625688,11.6928843425719,1.99752364525067,7.19963701816811,12.4017503910855,1.81476164597822,6.81550657816539,11.8162515103526,1.75775935266521,6.79558674810636,11.8334141435475,1.438112562757,6.56831696998704,11.6985213772171,1.00145961615383,6.1644872669989,11.327514917844,2.84719919560005,9.25699641942154,15.666793643243
"Plaintive Cuckoo",NA,NA,NA,NA,NA,NA,NA,NA,NA,NA,NA,NA,NA,NA,NA,NA,NA,NA,NA,NA,NA,NA,NA,NA,NA,NA,NA,NA,NA,NA
"Gray-bellied Cuckoo",NA,NA,NA,NA,NA,NA,NA,NA,NA,NA,NA,NA,NA,NA,NA,NA,NA,NA,NA,NA,NA,NA,NA,NA,NA,NA,NA,NA,NA,NA
"Fork-tailed Drongo-Cuckoo",1.51279043773682,10.4519587459286,19.3911270541203,0.710283625317334,19.1753901815086,37.6404967376999,0.811961265488232,9.80831557026907,18.8046698750499,0.844922369715226,8.88189834425484,16.9188743187945,0.988631132630188,8.72789213666736,16.4671531407045,1.21938938257705,9.16274049429522,17.1060916060134,1.00533110963786,9.19218841722669,17.3790457248155,0.615452319215631,9.02299156271371,17.4305308062118,-0.0952708628087713,8.38127731995653,16.8578255027218,-0.109039005349075,8.45955159254049,17.0281421904301
"Square-tailed Drongo-Cuckoo",NA,NA,NA,NA,NA,NA,NA,NA,NA,NA,NA,NA,NA,NA,NA,NA,NA,NA,NA,NA,NA,NA,NA,NA,NA,NA,NA,NA,NA,NA
"Large Hawk-Cuckoo",NA,NA,NA,NA,NA,NA,NA,NA,NA,NA,NA,NA,NA,NA,NA,NA,NA,NA,NA,NA,NA,NA,NA,NA,NA,NA,NA,NA,NA,NA
"Common Hawk-Cuckoo",4.5610543551245,6.22229769506682,7.88354103500914,7.24675214518736,10.4205068448799,13.5942615445724,4.51775569297785,6.21006120314998,7.90236671332212,3.87169786204209,5.37947767835254,6.88725749466299,4.07328009552496,5.59262952364091,7.11197895175686,4.14230877784583,5.66113588494549,7.17996299204515,4.06659784351394,5.60944285692158,7.15228787032921,4.32957564389337,5.92676620631652,7.52395676873966,3.78530823513994,5.42435367494633,7.06339911475272,3.28788685268632,4.92895076965304,6.57001468661976
"Hodgson's Hawk-Cuckoo",NA,NA,NA,NA,NA,NA,NA,NA,NA,NA,NA,NA,NA,NA,NA,NA,NA,NA,NA,NA,NA,NA,NA,NA,NA,NA,NA,NA,NA,NA
"Lesser Cuckoo",NA,NA,NA,NA,NA,NA,NA,NA,NA,NA,NA,NA,NA,NA,NA,NA,NA,NA,NA,NA,NA,NA,NA,NA,NA,NA,NA,NA,NA,NA
"Indian Cuckoo",NA,NA,NA,NA,NA,NA,NA,NA,NA,NA,NA,NA,NA,NA,NA,NA,NA,NA,NA,NA,NA,NA,NA,NA,NA,NA,NA,NA,NA,NA
"Himalayan Cuckoo",-6.22783252987039,8.06023126433237,22.3482950585351,-12.3247460607999,12.6076610367531,37.5400681343061,-6.02195785253304,4.74019898742603,15.5023558273851,-5.81534579376532,6.14156013587067,18.0984660655067,-5.14206205496688,5.25823916687072,15.6585403887083,-5.04100253994913,5.77794198979953,16.5968865195482,-6.28507721196858,4.58966637970213,15.4644099713728,-6.10641983229067,5.41196306253944,16.9303459573696,-6.39201032409242,7.18059786771818,20.7532060595288,-6.81611896458235,5.42725467035615,17.6706283052946
"Common Cuckoo",NA,NA,NA,NA,NA,NA,NA,NA,NA,NA,NA,NA,NA,NA,NA,NA,NA,NA,NA,NA,NA,NA,NA,NA,NA,NA,NA,NA,NA,NA
"Sri Lanka Frogmouth",NA,NA,NA,NA,NA,NA,NA,NA,NA,NA,NA,NA,NA,NA,NA,NA,NA,NA,NA,NA,NA,NA,NA,NA,NA,NA,NA,NA,NA,NA
"Hodgson's Frogmouth",NA,NA,NA,NA,NA,NA,NA,NA,NA,NA,NA,NA,NA,NA,NA,NA,NA,NA,NA,NA,NA,NA,NA,NA,NA,NA,NA,NA,NA,NA
"Great Eared-Nightjar",NA,NA,NA,NA,NA,NA,NA,NA,NA,NA,NA,NA,NA,NA,NA,NA,NA,NA,NA,NA,NA,NA,NA,NA,NA,NA,NA,NA,NA,NA
"Jungle Nightjar",NA,NA,NA,NA,NA,NA,NA,NA,NA,NA,NA,NA,NA,NA,NA,NA,NA,NA,NA,NA,NA,NA,NA,NA,NA,NA,NA,NA,NA,NA
"Gray Nightjar",NA,NA,NA,NA,NA,NA,NA,NA,NA,NA,NA,NA,NA,NA,NA,NA,NA,NA,NA,NA,NA,NA,NA,NA,NA,NA,NA,NA,NA,NA
"Eurasian Nightjar",NA,NA,NA,NA,NA,NA,NA,NA,NA,NA,NA,NA,NA,NA,NA,NA,NA,NA,NA,NA,NA,NA,NA,NA,NA,NA,NA,NA,NA,NA
"Sykes's Nightjar",NA,NA,NA,NA,NA,NA,NA,NA,NA,NA,NA,NA,NA,NA,NA,NA,NA,NA,NA,NA,NA,NA,NA,NA,NA,NA,NA,NA,NA,NA
"Large-tailed Nightjar",NA,NA,NA,NA,NA,NA,NA,NA,NA,NA,NA,NA,NA,NA,NA,NA,NA,NA,NA,NA,NA,NA,NA,NA,NA,NA,NA,NA,NA,NA
"Andaman Nightjar",NA,NA,NA,NA,NA,NA,NA,NA,NA,NA,NA,NA,NA,NA,NA,NA,NA,NA,NA,NA,NA,NA,NA,NA,NA,NA,NA,NA,NA,NA
"Jerdon's Nightjar",NA,NA,NA,NA,NA,NA,NA,NA,NA,NA,NA,NA,NA,NA,NA,NA,NA,NA,NA,NA,NA,NA,NA,NA,NA,NA,NA,NA,NA,NA
"Indian Nightjar",NA,NA,NA,NA,NA,NA,NA,NA,NA,NA,NA,NA,NA,NA,NA,NA,NA,NA,NA,NA,NA,NA,NA,NA,NA,NA,NA,NA,NA,NA
"Savanna Nightjar",NA,NA,NA,NA,NA,NA,NA,NA,NA,NA,NA,NA,NA,NA,NA,NA,NA,NA,NA,NA,NA,NA,NA,NA,NA,NA,NA,NA,NA,NA
"White-rumped Spinetail",-7.18609460467434,-3.31209481592533,0.56190497282367,-12.4737918688983,-5.23256997158584,2.00865192572657,-6.42057509960393,-2.7993077071184,0.821959685367141,-6.39151846502457,-2.90278993615216,0.585938592720254,-6.30732701241035,-2.81927422867666,0.668778555057037,-6.16031195548537,-2.75158646154923,0.65713903238692,-6.43168450923047,-3.03157125890394,0.36854199142258,-6.71568324770434,-3.35496166339142,0.00575992092150601,-6.8226349905999,-3.0427160153038,0.737202959992289,-6.28629630293281,-1.4703136096639,3.345669083605
"White-throated Needletail",NA,NA,NA,NA,NA,NA,NA,NA,NA,NA,NA,NA,NA,NA,NA,NA,NA,NA,NA,NA,NA,NA,NA,NA,NA,NA,NA,NA,NA,NA
"Silver-backed Needletail",NA,NA,NA,NA,NA,NA,NA,NA,NA,NA,NA,NA,NA,NA,NA,NA,NA,NA,NA,NA,NA,NA,NA,NA,NA,NA,NA,NA,NA,NA
"Brown-backed Needletail",-3.60195244492517,4.25043209452079,12.1028166339668,-10.4662993626811,2.6701470254593,15.8065934135997,-5.16776775393159,1.2656739565206,7.69911566697279,-4.53474029617584,1.85596392702091,8.24666815021766,-4.5189757204082,1.73586756369392,7.99071084779603,-4.53655210524566,1.79356683980432,8.1236857848543,-4.47923881430567,1.93708057018632,8.3533999546783,-4.84721194178798,1.62180023934106,8.09081242047009,-4.87175273767458,1.8239716168687,8.51969597141197,-5.87232877533799,1.3978223947204,8.66797356477879
"Plume-toed Swiftlet",NA,NA,NA,NA,NA,NA,NA,NA,NA,NA,NA,NA,NA,NA,NA,NA,NA,NA,NA,NA,NA,NA,NA,NA,NA,NA,NA,NA,NA,NA
"Indian Swiftlet",-5.0309737988839,-0.652503974075102,3.7259658507337,-8.03412919249345,0.13436485869537,8.30285890988419,-4.55897516366591,-0.767161534809341,3.02465209404723,-4.24586700781042,-0.402300863614076,3.44126528058226,-4.29936364026537,-0.649839572464907,2.99968449533556,-4.08194757881842,-0.456013257701937,3.16992106341455,-4.23898619968928,-0.506816892725267,3.22535241423874,-4.96851596046057,-1.45636935571465,2.05577724903127,-4.39075007366915,-0.142659118364009,4.10543183694114,-5.10434374466264,-0.897796813239456,3.30875011818373
"Himalayan Swiftlet",-4.35301008958753,0.327460849579196,5.00793178874592,-8.30343167294253,1.12244673444366,10.5483251418298,-4.62687588848433,-0.352917410838714,3.92104106680691,-4.33598231793203,0.0759231217548571,4.48782856144175,-4.2167880523918,0.0681906684460109,4.35316938928382,-3.99286780156412,0.149506399197932,4.29188059995998,-4.1812320649514,0.0861773690454709,4.35358680304234,-4.65904436856119,-0.440815128686296,3.7774141111886,-4.6059815826786,-0.0974551769559029,4.41107122876679,-5.0295689482312,0.0121976328941894,5.05396421401958
"White-nest Swiftlet",NA,NA,NA,NA,NA,NA,NA,NA,NA,NA,NA,NA,NA,NA,NA,NA,NA,NA,NA,NA,NA,NA,NA,NA,NA,NA,NA,NA,NA,NA
"Alpine Swift",-3.69733601935843,-1.14325583016058,1.41082435903726,-4.03190953477091,0.998049890172856,6.02800931511662,-2.22465942593436,0.30324673402647,2.8311528939873,-2.19862650341069,0.318347140030322,2.83532078347133,-2.33903456302469,0.0298683695862561,2.3987713021972,-2.34392448834721,0.031897220618965,2.40771892958514,-2.27652660433401,0.11279954287968,2.50212569009337,-2.39590756872711,0.0610491152915999,2.51800579931031,-2.08791145070861,0.565379436300446,3.2186703233095,-2.83249018290862,-0.109370355160691,2.61374947258724
"Common Swift",NA,NA,NA,NA,NA,NA,NA,NA,NA,NA,NA,NA,NA,NA,NA,NA,NA,NA,NA,NA,NA,NA,NA,NA,NA,NA,NA,NA,NA,NA
"Pacific Swift",NA,NA,NA,NA,NA,NA,NA,NA,NA,NA,NA,NA,NA,NA,NA,NA,NA,NA,NA,NA,NA,NA,NA,NA,NA,NA,NA,NA,NA,NA
"Blyth's Swift",NA,NA,NA,NA,NA,NA,NA,NA,NA,NA,NA,NA,NA,NA,NA,NA,NA,NA,NA,NA,NA,NA,NA,NA,NA,NA,NA,NA,NA,NA
"Dark-rumped Swift",NA,NA,NA,NA,NA,NA,NA,NA,NA,NA,NA,NA,NA,NA,NA,NA,NA,NA,NA,NA,NA,NA,NA,NA,NA,NA,NA,NA,NA,NA
"Little Swift",2.92477295826783,4.19564616388611,5.46651936950439,6.68288254781617,9.20125677210512,11.7196309963941,3.42179885955452,4.68797496792421,5.9541510762939,3.62840071014335,4.87169522696917,6.11498974379498,3.52679189324101,4.73422852202704,5.94166515081306,3.52141456905242,4.72593812500069,5.93046168094897,3.47233385684373,4.68370281495815,5.89507177307257,3.32322793940198,4.53608782426751,5.74894770913304,3.95575927504014,5.27938655281745,6.60301383059477,3.51471555883339,4.93406883864349,6.35342211845358
"House Swift",NA,NA,NA,NA,NA,NA,NA,NA,NA,NA,NA,NA,NA,NA,NA,NA,NA,NA,NA,NA,NA,NA,NA,NA,NA,NA,NA,NA,NA,NA
"Asian Palm Swift",NA,NA,NA,NA,NA,NA,NA,NA,NA,NA,NA,NA,NA,NA,NA,NA,NA,NA,NA,NA,NA,NA,NA,NA,NA,NA,NA,NA,NA,NA
"Crested Treeswift",-3.17526767675251,-0.674153291306434,1.82696109413964,-5.9838622908714,-1.50485162372672,2.97415904341796,-3.55528400213876,-1.35858237152428,0.838119259090213,-3.35979703895649,-1.2722670234098,0.815262992136879,-3.20826112818706,-1.05695111302462,1.09435890213782,-3.1124959602792,-1.00594357964249,1.10060880099422,-3.43459671182737,-1.33335763623215,0.767881439363072,-3.53826578187835,-1.42281157884319,0.692642624191965,-3.23027712109948,-0.919122808047087,1.39203150500531,-3.40323353967637,-0.711927352285122,1.97937883510612
"Water Rail",NA,NA,NA,NA,NA,NA,NA,NA,NA,NA,NA,NA,NA,NA,NA,NA,NA,NA,NA,NA,NA,NA,NA,NA,NA,NA,NA,NA,NA,NA
"Brown-cheeked Rail",NA,NA,NA,NA,NA,NA,NA,NA,NA,NA,NA,NA,NA,NA,NA,NA,NA,NA,NA,NA,NA,NA,NA,NA,NA,NA,NA,NA,NA,NA
"Corn Crake",NA,NA,NA,NA,NA,NA,NA,NA,NA,NA,NA,NA,NA,NA,NA,NA,NA,NA,NA,NA,NA,NA,NA,NA,NA,NA,NA,NA,NA,NA
"Slaty-breasted Rail",-6.57180515491537,-2.98184146930541,0.608122216304543,-12.4341377228615,-6.00746032616586,0.419217070529785,-5.80510559820714,-1.88144795379056,2.04220969062603,-5.84558014449619,-2.37121397252302,1.10315219945015,-5.73436289724015,-2.12994785998762,1.4744671772649,-5.83659886250705,-2.38556666515593,1.06546553219519,-6.0022855642428,-2.6246828941461,0.752919775950612,-5.53157920301364,-1.89747603538446,1.73662713224472,-5.46110089287407,-1.37833475016811,2.70443139253784,-5.87396591837148,-1.45431730399596,2.96533131037957
"Spotted Crake",NA,NA,NA,NA,NA,NA,NA,NA,NA,NA,NA,NA,NA,NA,NA,NA,NA,NA,NA,NA,NA,NA,NA,NA,NA,NA,NA,NA,NA,NA
"Eurasian Moorhen",1.56614244151849,3.0625182337634,4.55889402600832,3.79334522663923,6.77110197742352,9.74885872820782,1.49979112950536,2.95303650879779,4.40628188809021,1.67721637062707,3.07630123521798,4.47538609980888,1.6004461006374,2.95845489619017,4.31646369174294,1.69630797144353,3.03867714888642,4.38104632632931,1.75473313261675,3.1267787812559,4.49882442989505,1.56366624085264,2.97783786236128,4.39200948386992,1.18835691169527,2.62273612213173,4.05711533256819,1.1987820075411,2.70212825781458,4.20547450808807
"Eurasian Coot",-4.44917367103475,-3.52983352430712,-2.61049337757948,-8.27152459800353,-6.66940455471208,-5.06728451142062,-4.16689480525242,-3.34504957584068,-2.52320434642893,-4.11811803200814,-3.32069696178191,-2.52327589155568,-4.12118676286949,-3.34108085125533,-2.56097493964117,-4.07994227378583,-3.30884678095517,-2.53775128812452,-4.08508897755736,-3.30171509613881,-2.51834121472025,-4.10689358278197,-3.30388664824986,-2.50087971371776,-4.25174897103111,-3.41236164793766,-2.57297432484421,-4.38673056493056,-3.44829828793289,-2.50986601093523
"Gray-headed Swamphen",1.14670571125869,2.4669151816182,3.78712465197771,0.745125355335984,3.17662495177713,5.60812454821828,0.284144742354824,1.45235484507983,2.62056494780484,0.459335111680836,1.6211418165293,2.78294852137777,0.468381871471097,1.60665084256673,2.74491981366236,0.547372383780702,1.68054072074726,2.81370905771382,0.485754069753039,1.64603460775253,2.80631514575201,0.294647985589264,1.46655307618534,2.63845816678141,0.19693864857123,1.40756484169753,2.61819103482384,0.370123067738008,1.6934444463565,3.016765824975
"White-browed Crake",NA,NA,NA,NA,NA,NA,NA,NA,NA,NA,NA,NA,NA,NA,NA,NA,NA,NA,NA,NA,NA,NA,NA,NA,NA,NA,NA,NA,NA,NA
"Watercock",-4.53422055738836,-0.468215904436068,3.59778874851623,-5.84529319779591,2.94923537481819,11.7437639474323,-3.80704957855883,0.0822102070557768,3.97146999267039,-3.59744582418148,0.216586100130213,4.03061802444191,-3.5100353442704,0.2447752006978,3.999585745666,-3.5386102930666,0.250005399064728,4.03862109119605,-3.53670523428944,0.270666797456903,4.07803882920325,-3.85193110864875,-0.075024494767063,3.70188211911462,-3.41662211608459,0.76723313078578,4.95108837765615,-4.02149624154051,0.393885929356084,4.80926810025268
"White-breasted Waterhen",4.32281388527915,5.54922859268956,6.77564330009998,8.73736742288728,11.14637777931,13.5553881357327,4.42030971367597,5.62149721662211,6.82268471956824,4.27907154098207,5.3942511486974,6.50943075641273,4.41216146124175,5.53101739065305,6.64987332006436,4.44518749206177,5.57116512295824,6.69714275385471,4.38052939747889,5.52158053898881,6.66263168049873,4.2147686403063,5.36166315735627,6.50855767440625,4.30043262860678,5.52155295314126,6.74267327767574,4.58196650028961,5.87744213413055,7.17291776797149
"Andaman Crake",-11.0652391965102,-3.91215699856923,3.24092519937175,-21.883995573272,-8.58280774951024,4.71838007425155,-11.2834755345402,-3.1090094062061,5.06545672212804,-10.8001660104646,-4.00165087026948,2.79686426992558,-10.4991812474031,-4.17404849771066,2.15108425198181,-10.0446403855988,-3.86278772635221,2.31906493289434,-10.0857138843605,-3.47842777076102,3.12885834283845,-10.7691964902228,-4.13760739924721,2.49398169172836,-11.2450825924816,-4.98374245344434,1.2775976855929,-12.219032442728,-5.66229371498682,0.894445012754383
"Red-legged Crake",NA,NA,NA,NA,NA,NA,NA,NA,NA,NA,NA,NA,NA,NA,NA,NA,NA,NA,NA,NA,NA,NA,NA,NA,NA,NA,NA,NA,NA,NA
"Slaty-legged Crake",NA,NA,NA,NA,NA,NA,NA,NA,NA,NA,NA,NA,NA,NA,NA,NA,NA,NA,NA,NA,NA,NA,NA,NA,NA,NA,NA,NA,NA,NA
"Ruddy-breasted Crake",-4.37169770805643,-1.59171773749354,1.18826223306936,-8.93144282400425,-3.91354693890753,1.10434894618918,-4.46247282232597,-1.91805899380083,0.626354834724305,-4.27957808947399,-1.7633175256688,0.752943038136385,-4.23362778346288,-1.79539131075627,0.642845161950332,-4.31637434862524,-1.89470910436045,0.526956139904332,-4.13402605969371,-1.69334816156353,0.747329736566644,-4.37053041308721,-1.84354996075228,0.683430491582658,-4.41096335172535,-1.76838168443107,0.874199982863213,-4.51460730002319,-1.52616290037476,1.46228149927368
"Band-bellied Crake",NA,NA,NA,NA,NA,NA,NA,NA,NA,NA,NA,NA,NA,NA,NA,NA,NA,NA,NA,NA,NA,NA,NA,NA,NA,NA,NA,NA,NA,NA
"Brown Crake",NA,NA,NA,NA,NA,NA,NA,NA,NA,NA,NA,NA,NA,NA,NA,NA,NA,NA,NA,NA,NA,NA,NA,NA,NA,NA,NA,NA,NA,NA
"Little Crake",NA,NA,NA,NA,NA,NA,NA,NA,NA,NA,NA,NA,NA,NA,NA,NA,NA,NA,NA,NA,NA,NA,NA,NA,NA,NA,NA,NA,NA,NA
"Baillon's Crake",-11.4650581706017,-9.48579918859377,-7.50654020658581,-18.8530283197198,-15.1622474232359,-11.4714665267521,-9.45730563353488,-7.36917917991104,-5.28105272628719,-9.68988926057368,-7.90845726774791,-6.12702527492213,-9.71607753919254,-7.86512586891508,-6.01417419863761,-9.72745568193296,-7.94536718945735,-6.16327869698175,-9.6509792808612,-7.82503327303851,-5.99908726521583,-9.56003755664223,-7.61222277458079,-5.66440799251935,-9.52819478240074,-7.33806003847948,-5.14792529455822,-10.3176075820976,-8.06741035338833,-5.81721312467904
"Black-tailed Crake",NA,NA,NA,NA,NA,NA,NA,NA,NA,NA,NA,NA,NA,NA,NA,NA,NA,NA,NA,NA,NA,NA,NA,NA,NA,NA,NA,NA,NA,NA
"Masked Finfoot",NA,NA,NA,NA,NA,NA,NA,NA,NA,NA,NA,NA,NA,NA,NA,NA,NA,NA,NA,NA,NA,NA,NA,NA,NA,NA,NA,NA,NA,NA
"Demoiselle Crane",-7.71207778086581,-4.56961191972744,-1.42714605858907,-14.5100502654673,-9.01099387988694,-3.5119374943066,-7.21851563051008,-4.31941820232978,-1.42032077414948,-7.06493338668483,-4.17594793978455,-1.28696249288427,-7.04390044672139,-4.27385323512252,-1.50380602352365,-7.10728384153201,-4.35889220326928,-1.61050056500656,-7.17144706556962,-4.4098365803095,-1.64822609504939,-7.33071469495024,-4.6362873107102,-1.94185992647016,-6.75678532137722,-3.50805914586675,-0.259332970356289,-7.54455197559149,-3.96883557072233,-0.393119165853173
"Siberian Crane",NA,NA,NA,NA,NA,NA,NA,NA,NA,NA,NA,NA,NA,NA,NA,NA,NA,NA,NA,NA,NA,NA,NA,NA,NA,NA,NA,NA,NA,NA
"Sarus Crane",-6.9369469164083,-4.56684419513746,-2.19674147386663,-12.9620668231413,-8.83996760620508,-4.71786838926884,-6.45935701780644,-4.28732888409567,-2.11530075038491,-6.38991776503483,-4.3437914919449,-2.29766521885497,-6.36701526988258,-4.34517613088023,-2.32333699187788,-6.26024968933491,-4.27238119974509,-2.28451271015527,-6.42140134332798,-4.41692879868323,-2.41245625403847,-6.4034930317403,-4.32107084164739,-2.23864865155448,-6.58950856927547,-4.40339694419097,-2.21728531910648,-6.73415947049938,-4.26724277799547,-1.80032608549157
"Common Crane",-6.53735963093324,-2.96447992491299,0.608399781107263,-10.9305046705977,-4.34472634954468,2.24105197150832,-5.49793440769068,-2.2406624378404,1.01660953200988,-5.21264505096705,-1.88148490096017,1.44967524904671,-5.3572669884912,-2.32340193291157,0.710463122668055,-5.36519075764364,-2.25672586326857,0.851739031106495,-5.4131682158401,-2.27988768810614,0.85339283962781,-5.4574083640163,-2.29820432167045,0.860999720675401,-5.73974138918246,-2.49322257013088,0.753296248920698,-5.72365897827053,-1.86644506092823,1.99076885641408
"Black-necked Crane",NA,NA,NA,NA,NA,NA,NA,NA,NA,NA,NA,NA,NA,NA,NA,NA,NA,NA,NA,NA,NA,NA,NA,NA,NA,NA,NA,NA,NA,NA
"Great Thick-knee",-5.57241417772685,-2.53237855439183,0.507657068943188,-10.4640621385384,-5.21949954261898,0.0250630533004363,-5.74874048212623,-3.24091706371023,-0.733093645294227,-5.51293716877642,-3.0147418516663,-0.516546534556173,-5.44788072717289,-2.96520177633419,-0.482522825495487,-5.34960683869126,-2.89876576407131,-0.447924689451366,-5.32366062633751,-2.83609371126348,-0.348526796189451,-5.61866877878853,-3.13469977414934,-0.650730769510144,-6.04232576431971,-3.43051855558402,-0.818711346848326,-5.9342935002162,-2.89101621343569,0.152261073344833
"Beach Thick-knee",NA,NA,NA,NA,NA,NA,NA,NA,NA,NA,NA,NA,NA,NA,NA,NA,NA,NA,NA,NA,NA,NA,NA,NA,NA,NA,NA,NA,NA,NA
"Indian Thick-knee",NA,NA,NA,NA,NA,NA,NA,NA,NA,NA,NA,NA,NA,NA,NA,NA,NA,NA,NA,NA,NA,NA,NA,NA,NA,NA,NA,NA,NA,NA
"Black-winged Stilt",-2.65837003780596,-1.31116573158585,0.0360385746342546,-3.92870761877592,-1.38587609742487,1.15695542392619,-2.1785216078833,-0.905974540693303,0.366572526496695,-1.92974409861975,-0.698160128042784,0.533423842534185,-2.13339711694602,-0.946200827951181,0.24099546104366,-2.04522761448146,-0.870021143674533,0.305185327132393,-1.99981570202607,-0.8037185329545,0.392378636117064,-1.91778369391394,-0.656095784893285,0.605592124127374,-2.69585054220011,-1.46507316575959,-0.23429578931908,-2.46547705989349,-1.13316782296054,0.199141413972413
"Pied Avocet",-9.34961945046452,-7.2053360943378,-5.06105273821108,-14.7694221419893,-10.9263865869012,-7.08335103181318,-7.99954763604142,-5.99490454547098,-3.99026145490055,-6.93174887475111,-4.74542186390085,-2.5590948530506,-7.60894423439892,-5.56680859300566,-3.52467295161239,-7.36960903840959,-5.35742668374247,-3.34524432907535,-7.73076266040232,-5.76050079614857,-3.79023893189481,-7.25263495065553,-5.04616529170457,-2.83969563275361,-7.70476629054151,-5.47956452786021,-3.25436276517891,-7.96051005653246,-5.51234916891344,-3.06418828129441
"Ibisbill",NA,NA,NA,NA,NA,NA,NA,NA,NA,NA,NA,NA,NA,NA,NA,NA,NA,NA,NA,NA,NA,NA,NA,NA,NA,NA,NA,NA,NA,NA
"Eurasian Oystercatcher",-12.1464205067889,-6.81659152389581,-1.48676254100269,-22.0332070599397,-12.5473853793205,-3.06156369870128,-11.2231176617831,-6.62940536066103,-2.03569305953892,-11.0193557103373,-6.72066738957514,-2.42197906881301,-11.037008376033,-6.63151108525862,-2.22601379448422,-11.0126319943226,-6.67220414442112,-2.33177629451963,-10.8631328275737,-6.42061581681166,-1.97809880604959,-11.1878717691199,-6.69974079054431,-2.21160981196868,-11.6411109423209,-6.85706779187329,-2.07302464142574,-12.3477994361049,-6.62035945116243,-0.892919466219936
"Black-bellied Plover",-7.36198431513209,-2.59553150240688,2.17092131031833,-11.7542405745914,-2.60268842656743,6.54886372145657,-6.62454670676975,-2.40642609396311,1.81169451884353,-6.21653563719992,-1.98557576377054,2.24538410965885,-6.16459197597792,-1.78808623258453,2.58841951080886,-6.19611862498831,-1.98086186312816,2.234394898732,-6.15509744048636,-1.85607988108761,2.44293767831113,-6.18539589725624,-1.71037818646572,2.7646395243248,-6.45233370101284,-2.09965031437568,2.25303307226147,-6.47181823600231,-1.12703115638697,4.21775592322837
"European Golden-Plover",NA,NA,NA,NA,NA,NA,NA,NA,NA,NA,NA,NA,NA,NA,NA,NA,NA,NA,NA,NA,NA,NA,NA,NA,NA,NA,NA,NA,NA,NA
"American Golden-Plover",NA,NA,NA,NA,NA,NA,NA,NA,NA,NA,NA,NA,NA,NA,NA,NA,NA,NA,NA,NA,NA,NA,NA,NA,NA,NA,NA,NA,NA,NA
"Pacific Golden-Plover",-3.40001482047179,0.462458030210322,4.32493088089243,-5.62062272268244,1.62318026285606,8.86698324839456,-3.43832599233652,-0.019016778313755,3.40029243570901,-3.30722397631026,-0.0461634593771863,3.21489705755589,-3.11989745242814,0.0578428654617224,3.23558318335159,-3.22766550226972,0.0679568467784624,3.36357919582664,-3.08969670950933,0.251031674265277,3.59176005803988,-3.58921962572518,-0.330608251213984,2.92800312329721,-3.44690108965245,0.171007919193475,3.7889169280394,-3.17108553182044,0.710156894991408,4.59139932180325
"Common Ringed Plover",NA,NA,NA,NA,NA,NA,NA,NA,NA,NA,NA,NA,NA,NA,NA,NA,NA,NA,NA,NA,NA,NA,NA,NA,NA,NA,NA,NA,NA,NA
"Little Ringed Plover",-4.37280677724148,-3.39106665710311,-2.40932653696474,-7.03582539148427,-5.36945441281821,-3.70308343415214,-4.07497849621257,-3.22760843020884,-2.38023836420511,-3.89081333876334,-3.04998217272194,-2.20915100668053,-3.94659952881071,-3.13813535118078,-2.32967117355084,-3.86633368838531,-3.06895240993585,-2.27157113148639,-3.78667873510027,-2.97236236587696,-2.15804599665365,-3.88139450321331,-3.03672850467915,-2.192062506145,-4.3382497823533,-3.4777649125887,-2.61728004282411,-4.3951090917349,-3.4431025300422,-2.4910959683495
"Long-billed Plover",NA,NA,NA,NA,NA,NA,NA,NA,NA,NA,NA,NA,NA,NA,NA,NA,NA,NA,NA,NA,NA,NA,NA,NA,NA,NA,NA,NA,NA,NA
"Northern Lapwing",-12.1442166053328,0.215468480548305,12.5751535664294,-24.0361204431697,1.03389028512513,26.1039010134199,-11.439454235794,0.696277760692047,12.8320097571781,-11.0944785844245,0.503495177747753,12.10146893992,-10.6301768200539,0.114591184092991,10.8593591882399,-10.7134256741233,0.195392426796623,11.1042105277166,-10.7473158166281,0.331382148712859,11.4100801140538,-11.211556604674,0.107597566698493,11.426751738071,-11.7597510414446,0.299076448004732,12.3579039374541,-13.2898508486296,0.200201709214556,13.6902542670587
"Spur-winged Lapwing",NA,NA,NA,NA,NA,NA,NA,NA,NA,NA,NA,NA,NA,NA,NA,NA,NA,NA,NA,NA,NA,NA,NA,NA,NA,NA,NA,NA,NA,NA
"River Lapwing",-2.4696539817796,0.348577956044011,3.16680989386762,-4.2684644213181,1.08688307673751,6.44223057479311,-1.96919846864277,0.681485934375621,3.33217033739401,-1.71290150673514,0.977381013158184,3.6676635330515,-1.75283404450483,0.857666421734315,3.46816688797346,-1.79643821634037,0.776091766449147,3.34862174923866,-1.87293368016882,0.734808223285374,3.34255012673957,-1.85571316385652,0.810180672692671,3.47607450924187,-1.97505419856389,0.787286900919873,3.54962800040364,-1.66696306195095,1.45976422864325,4.58649151923745
"Yellow-wattled Lapwing",-1.15354397004683,0.237380426474307,1.62830482299544,-2.52297179077318,0.0197766520544154,2.56252509488201,-1.08142600074678,0.233174938779597,1.54777587830598,-1.30499934995778,-0.0762454453277727,1.15250845930223,-1.19023602350742,0.0263295315950601,1.24289508669754,-1.18085411272414,0.0445323046981549,1.26991872212045,-1.23083678388995,-0.00689444902461972,1.21704788584071,-1.20723024798173,0.0476942923053218,1.30261883259238,-1.30271137640147,0.00957141036422033,1.32185419712991,-1.34580848116848,0.127867987020625,1.60154445520973
"Gray-headed Lapwing",-3.49539269560348,0.808445103824117,5.11228290325172,-6.21006063316489,2.2679158504396,10.7458923340441,-3.74300583141742,-0.0586327177499342,3.62574039591755,-3.36338715061623,0.394583693616835,4.1525545378499,-3.28868638835673,0.421382650841051,4.13145169003884,-3.26129410309346,0.416511397570562,4.09431689823459,-3.11998420338033,0.643119574819028,4.40622335301838,-3.50373220402131,0.241353934673718,3.98644007336874,-3.54247896926244,0.425490783728063,4.39346053671857,-4.33252957075861,-0.0697428010890124,4.19304396858058
"Red-wattled Lapwing",1.03435752127664,2.78010464680386,4.52585177233107,1.4228573217773,4.64652385274955,7.8701903837218,1.00794643717444,2.59208686540248,4.17622729363052,0.902450716494901,2.41600231129037,3.92955390608583,0.994814039209358,2.51694435261892,4.03907466602847,0.99692277874062,2.51374315978755,4.03056354083449,0.993941436040251,2.53009831275266,4.06625518946508,0.882506997832107,2.45162667543832,4.02074635304454,0.785123588739696,2.40370104042848,4.02227849211727,0.817189002945738,2.51332569581894,4.20946238869215
"Sociable Lapwing",NA,NA,NA,NA,NA,NA,NA,NA,NA,NA,NA,NA,NA,NA,NA,NA,NA,NA,NA,NA,NA,NA,NA,NA,NA,NA,NA,NA,NA,NA
"White-tailed Lapwing",-13.4433523053894,-3.14622293313263,7.1509064391241,-24.4481097191501,-5.27272871061615,13.9026522979178,-12.2991900562173,-2.57257843127428,7.15403319366869,-12.17625788233,-2.09941076349578,7.97743635533842,-11.8947924341005,-2.55812305903378,6.77854631603291,-11.789332571418,-2.68911501978468,6.41110253184862,-11.7335160879023,-2.34800121847383,7.03751365095466,-12.2457750287549,-2.15484316670095,7.93608869535304,-11.8258371785175,-3.31239504655108,5.20104708541533,-15.1587609816183,-1.69630633680598,11.7661483080064
"Caspian Plover",NA,NA,NA,NA,NA,NA,NA,NA,NA,NA,NA,NA,NA,NA,NA,NA,NA,NA,NA,NA,NA,NA,NA,NA,NA,NA,NA,NA,NA,NA
"Oriental Plover",NA,NA,NA,NA,NA,NA,NA,NA,NA,NA,NA,NA,NA,NA,NA,NA,NA,NA,NA,NA,NA,NA,NA,NA,NA,NA,NA,NA,NA,NA
"Tibetan Sand-Plover",-6.27307646921279,-3.11712526895479,0.0388259313032013,-13.2206010125038,-8.27062819185046,-3.32065537119716,-6.31789036331889,-3.61010932510043,-0.902328286881959,-6.15804279557202,-3.49014404402408,-0.822245292476137,-6.15204787075881,-3.56508178440523,-0.978115698051653,-6.12729524864968,-3.55969493308647,-0.992094617523256,-6.20607341487135,-3.65242121303168,-1.09876901119201,-6.27868880932747,-3.60272485083233,-0.926760892337184,-6.11868114639692,-3.24295061331672,-0.367220080236513,-6.78070521882097,-3.66809995227079,-0.555494685720605
"Greater Sand-Plover",NA,NA,NA,NA,NA,NA,NA,NA,NA,NA,NA,NA,NA,NA,NA,NA,NA,NA,NA,NA,NA,NA,NA,NA,NA,NA,NA,NA,NA,NA
"Kentish Plover",-6.17470629357783,-4.67324458386582,-3.1717828741538,-11.5810508416078,-9.03545696860958,-6.48986309561132,-5.62841499066913,-4.29300436331913,-2.95759373596913,-5.66598132777252,-4.36900522580168,-3.07202912383084,-5.68664005238222,-4.426281035359,-3.16592201833578,-5.55054569888268,-4.31831951926674,-3.08609333965081,-5.60346159158989,-4.33981463060419,-3.07616766961848,-5.59679569751918,-4.28943517628837,-2.98207465505757,-6.00754550694964,-4.69714402835932,-3.386742549769,-6.12172502129225,-4.64791416355507,-3.17410330581789
"Greater Painted-Snipe",-2.70243044078698,-0.624657396143812,1.45311564849935,-5.89917637763683,-1.94547669646817,2.00822298470049,-3.54641866284948,-1.72651628436053,0.093386094128411,-3.22424084379027,-1.38146248889265,0.461315866004974,-3.10505294862989,-1.2779646946967,0.549123559236493,-3.13129456657878,-1.31318504916884,0.504924468241106,-3.15632063287833,-1.33339718270007,0.489526267478182,-3.23580300103377,-1.38916373920627,0.457475522621233,-3.43985015227064,-1.47075968886763,0.49833077453539,-3.10597410530203,-0.797765913625502,1.51044227805102
"Pheasant-tailed Jacana",-3.02059038342048,-1.54953232851406,-0.0784742736076407,-3.80359839298795,-1.01207893002976,1.77944053292842,-2.81902777629794,-1.4838024531199,-0.148577129941868,-2.67724185174658,-1.35547791821391,-0.0337139846812449,-2.68210327493934,-1.43868120021402,-0.195259125488691,-2.57632709133597,-1.31118775672169,-0.0460484221074058,-2.53870648769118,-1.24869329484192,0.0413198980073382,-2.92648138919425,-1.62708173757636,-0.327682085958468,-3.2137257122855,-1.89889584926417,-0.584065986242835,-2.82860152110113,-1.3133065384851,0.201988444130928
"Bronze-winged Jacana",-0.60664271283816,1.37982191003623,3.36628653291061,-1.41871045032995,2.077892380886,5.57449521210194,-1.1426736752393,0.514966053266723,2.17260578177275,-0.910733921223401,0.772576504641718,2.45588693050684,-0.875630253626603,0.75892526313009,2.39348077988678,-0.794278938763864,0.826956577786131,2.44819209433613,-0.788273407038942,0.863060197058104,2.51439380115515,-1.07413693017852,0.647913670677906,2.36996427153434,-1.2142024092082,0.465649153742299,2.1455007166928,-1.28868152872018,0.599900948044477,2.48848342480913
"Whimbrel",-6.09025121015666,-0.777133946061529,4.5359833180336,-11.8207618536453,-1.85657985608163,8.10760214148207,-5.84010658224737,-0.910610435998165,4.01888571025104,-5.72717212367283,-1.17509246518561,3.37698719330162,-5.62920045896079,-0.979011452635415,3.67117755368996,-5.60600334771844,-1.00159032250205,3.60282270271433,-5.69088316744803,-1.06052362476223,3.56983591792357,-5.77366004623218,-0.914428218827732,3.94480360857671,-6.26084425289418,-1.23940963266721,3.78202498755976,-6.16378901245303,-0.762730958891336,4.63832709467035
"Eurasian Curlew",-8.02915419848361,-5.80805345551499,-3.58695271254637,-13.20065651344,-9.02509718445987,-4.84953785547977,-6.9186812213169,-4.84951161540423,-2.78034200949157,-7.00989894674778,-5.10508454805837,-3.20027014936896,-6.93031048910489,-5.01668820329133,-3.10306591747777,-6.89755816670889,-4.99871865441309,-3.09987914211728,-6.98374081383133,-5.06161307667606,-3.13948533952079,-6.8508954956466,-4.87505502558038,-2.89921455551415,-7.37427848272261,-5.30842019871883,-3.24256191471504,-7.31759050046913,-4.92054969705573,-2.52350889364233
"Bar-tailed Godwit",-9.20596550514155,-4.0714501778372,1.06306514946715,-17.2229280452338,-7.56090802808345,2.10111198906687,-8.1990960149356,-2.75036662145533,2.69836277202494,-8.43275680037379,-3.72656113343275,0.979634533508296,-8.18213283478614,-3.64092584396703,0.900281146852086,-8.2676813362692,-3.64689277978266,0.973895776703869,-8.30135918528421,-3.71313988049651,0.875079424291191,-8.44765857041819,-3.67989488839938,1.08786879361944,-9.07279492151995,-4.2702804440518,0.532234033416343,-9.03340258507972,-2.54297511560931,3.94745235386109
"Black-tailed Godwit",-8.04607830659905,-6.20505733239472,-4.3640363581904,-13.1229480657737,-9.87318000732404,-6.62341194887437,-7.06829712847468,-5.45531916466971,-3.84234120086474,-6.85657364140931,-5.23232356488079,-3.60807348835227,-6.90973253345816,-5.35443228691873,-3.79913204037929,-6.83564132018905,-5.28614699211885,-3.73665266404865,-6.8989330073095,-5.32289506410806,-3.74685712090663,-6.82999335543872,-5.19827203606651,-3.56655071669431,-7.37572579465885,-5.74731428205705,-4.11890276945524,-7.15724797462272,-5.19716981909701,-3.23709166357131
"Asian Dowitcher",NA,NA,NA,NA,NA,NA,NA,NA,NA,NA,NA,NA,NA,NA,NA,NA,NA,NA,NA,NA,NA,NA,NA,NA,NA,NA,NA,NA,NA,NA
"Long-billed Dowitcher",NA,NA,NA,NA,NA,NA,NA,NA,NA,NA,NA,NA,NA,NA,NA,NA,NA,NA,NA,NA,NA,NA,NA,NA,NA,NA,NA,NA,NA,NA
"Jack Snipe",NA,NA,NA,NA,NA,NA,NA,NA,NA,NA,NA,NA,NA,NA,NA,NA,NA,NA,NA,NA,NA,NA,NA,NA,NA,NA,NA,NA,NA,NA
"Eurasian Woodcock",NA,NA,NA,NA,NA,NA,NA,NA,NA,NA,NA,NA,NA,NA,NA,NA,NA,NA,NA,NA,NA,NA,NA,NA,NA,NA,NA,NA,NA,NA
"Solitary Snipe",NA,NA,NA,NA,NA,NA,NA,NA,NA,NA,NA,NA,NA,NA,NA,NA,NA,NA,NA,NA,NA,NA,NA,NA,NA,NA,NA,NA,NA,NA
"Wood Snipe",NA,NA,NA,NA,NA,NA,NA,NA,NA,NA,NA,NA,NA,NA,NA,NA,NA,NA,NA,NA,NA,NA,NA,NA,NA,NA,NA,NA,NA,NA
"Great Snipe",NA,NA,NA,NA,NA,NA,NA,NA,NA,NA,NA,NA,NA,NA,NA,NA,NA,NA,NA,NA,NA,NA,NA,NA,NA,NA,NA,NA,NA,NA
"Swinhoe's Snipe",NA,NA,NA,NA,NA,NA,NA,NA,NA,NA,NA,NA,NA,NA,NA,NA,NA,NA,NA,NA,NA,NA,NA,NA,NA,NA,NA,NA,NA,NA
"Pin-tailed Snipe",-145.983240507156,12.6577040389499,171.298648585056,-647.615337805029,35.5324612103812,718.680260225791,-40417.6259422227,76.8615885216877,40571.3491192661,-173.000118400308,8.31956451424524,189.639247428798,-5797.05686289011,26.3482335037322,5849.75332989758,-292.998143377012,10.1784323390833,313.355008055179,-2129267.07080293,406.004364390919,2130079.07953171,-117.63232137722,7.35087697016439,132.334075317548,-213.00373413887,8.09905387973687,229.201841898344,-125508.522234047,95.3578754956475,125699.237985038
"Common Snipe",-6.00668066435072,-3.09263324031347,-0.178585816276226,-9.92700572761018,-4.32121591421217,1.28457389918585,-5.57561158669574,-2.95140299622721,-0.327194405758678,-5.38069820023464,-2.84365910370362,-0.306620007172601,-5.35170598191577,-2.98155682495244,-0.611407667989115,-5.37632188903263,-2.90610394239024,-0.435885995747848,-5.23683037352172,-2.72252394147138,-0.208217509421034,-5.39852810341117,-2.81752707289765,-0.236526042384123,-5.98898742376253,-3.5000455217338,-1.01110361970506,-6.24643790203408,-3.40146633929994,-0.556494776565796
"Red Phalarope",NA,NA,NA,NA,NA,NA,NA,NA,NA,NA,NA,NA,NA,NA,NA,NA,NA,NA,NA,NA,NA,NA,NA,NA,NA,NA,NA,NA,NA,NA
"Red-necked Phalarope",NA,NA,NA,NA,NA,NA,NA,NA,NA,NA,NA,NA,NA,NA,NA,NA,NA,NA,NA,NA,NA,NA,NA,NA,NA,NA,NA,NA,NA,NA
"Terek Sandpiper",-8.67214353014124,-5.11614544017762,-1.560147350214,-16.4003072718308,-10.2708640639083,-4.14142085598583,-8.12513050021565,-4.96671991867489,-1.80830933713413,-8.1686544194689,-5.23181047952104,-2.29496653957317,-8.08781041712478,-5.12469630819076,-2.16158219925675,-8.01167266876956,-5.0769604523188,-2.14224823586804,-8.03236841405443,-5.07098040999238,-2.10959240593033,-8.18241194743709,-5.17776994830849,-2.17312794917989,-8.4344960166629,-5.20650629341701,-1.97851657017111,-8.93389152040833,-5.26508869975607,-1.5962858791038
"Common Sandpiper",-3.37572543831331,-2.51314822608755,-1.6505710138618,-6.9139548015614,-5.36602359915799,-3.81809239675458,-3.51398768033134,-2.74985757067059,-1.98572746100983,-3.4364737155228,-2.67728849335142,-1.91810327118005,-3.43019794311726,-2.69764398729178,-1.9650900314663,-3.40979075235361,-2.68173486833692,-1.95367898432023,-3.34496894453035,-2.60812397343096,-1.87127900233157,-3.39226973976296,-2.62522309372684,-1.85817644769072,-3.73500251119457,-2.95227653459545,-2.16955055799634,-3.68376722775698,-2.78950774842562,-1.89524826909427
"Green Sandpiper",-1.50848657845458,-0.351612545065379,0.805261488323822,-0.980926495188647,1.26403643335796,3.50899936190456,-0.783809875074382,0.347096921110478,1.47800371729534,-0.771472374688754,0.315211170003232,1.40189471469522,-0.801646005202897,0.257011229636326,1.31566846447555,-0.80430741679447,0.251085515825714,1.3064784484459,-0.653505447334736,0.403350435469024,1.46020631827278,-0.731157206967024,0.377639018348497,1.48643524366402,-1.14547439473421,-0.0532033884316462,1.03906761787091,-1.01587622040902,0.242195373974451,1.50026696835792
"Gray-tailed Tattler",NA,NA,NA,NA,NA,NA,NA,NA,NA,NA,NA,NA,NA,NA,NA,NA,NA,NA,NA,NA,NA,NA,NA,NA,NA,NA,NA,NA,NA,NA
"Marsh Sandpiper",-6.76620430780207,-5.31743699939342,-3.86866969098477,-10.4623430311606,-7.75405344245306,-5.04576385374548,-5.67358299881013,-4.31876749961259,-2.96395200041506,-5.60042050928517,-4.27226011689127,-2.94409972449736,-5.64872785696514,-4.37418491988843,-3.09964198281172,-5.54715474962162,-4.28503048178323,-3.02290621394484,-5.58801530881154,-4.3018691514453,-3.01572299407906,-5.57018676280493,-4.24731955058506,-2.9244523383652,-5.98109981798703,-4.60526227252946,-3.22942472707189,-5.97028599475399,-4.48795336130839,-3.0056207278628
"Wood Sandpiper",-2.66948612143688,-1.51268561033584,-0.355885099234799,-2.96003963117875,-0.868872953038013,1.22229372510272,-2.04034098609075,-0.956233078824851,0.127874828441051,-2.19782205267961,-1.17193239553388,-0.146042738388148,-2.14037255056305,-1.14683022057122,-0.153287890579385,-2.07646907366869,-1.08018173536247,-0.0838943970562452,-1.93396132735352,-0.914901662416426,0.10415800252067,-2.09507373654023,-1.0507866959579,-0.00649965537556008,-2.73566334300274,-1.72085361022725,-0.706043877451765,-2.41876633447357,-1.26436271405321,-0.109959093632855
"Common Redshank",-6.1582056414926,-4.35120762831885,-2.5442096151451,-10.4009411762311,-7.19128184050693,-3.98162250478278,-5.12254098742544,-3.36147680785111,-1.60041262827679,-5.19471835724132,-3.54243965264644,-1.89016094805155,-5.20114892469151,-3.60538599821395,-2.00962307173638,-5.20835025955657,-3.63211762135771,-2.05588498315885,-5.08562782918473,-3.46692184491078,-1.84821586063683,-5.14985262125533,-3.49123421018855,-1.83261579912176,-5.35316156152305,-3.58916702139355,-1.82517248126405,-5.65879590329157,-3.71836169567713,-1.77792748806268
"Nordmann's Greenshank",NA,NA,NA,NA,NA,NA,NA,NA,NA,NA,NA,NA,NA,NA,NA,NA,NA,NA,NA,NA,NA,NA,NA,NA,NA,NA,NA,NA,NA,NA
"Spotted Redshank",-7.28524515118316,-4.76200171045562,-2.23875826972807,-14.1059863970995,-9.60589168510747,-5.10579697311548,-6.95737351679463,-4.61587826891385,-2.27438302103306,-7.03761128222739,-4.82504895394803,-2.61248662566866,-6.93504267778962,-4.84057625757597,-2.74610983736233,-6.83078030618436,-4.72479346234838,-2.6188066185124,-6.91922838369339,-4.75436244130254,-2.58949649891169,-7.05608999313802,-4.78521837131779,-2.51434674949756,-7.51079671130148,-5.18987917540479,-2.86896163950811,-7.80461262083881,-5.35062610912636,-2.8966395974139
"Common Greenshank",-4.74320791344265,-3.48708935614002,-2.23097079883738,-7.77785520515693,-5.5453372901275,-3.31281937509808,-4.13003165808821,-2.98667555606588,-1.84331945404356,-4.19167751205335,-3.11442829374534,-2.03717907543733,-4.14138213342271,-3.06678994683967,-1.99219776025663,-4.08539813055148,-3.03002531893103,-1.97465250731058,-3.94453740761574,-2.8871070858026,-1.82967676398945,-4.13672873315037,-3.01421943467087,-1.89171013619137,-4.55591451851018,-3.43133925833979,-2.3067639981694,-4.43256139107297,-3.19356521204707,-1.95456903302116
"Ruddy Turnstone",-10.3909263591307,-5.37878093889007,-0.36663551864949,-19.0457993266919,-10.9197614540215,-2.79372358135103,-9.55147426675118,-5.40937539064314,-1.2672765145351,-9.54873679129509,-5.59936484532375,-1.64999289935241,-9.48304929524393,-5.5318619396402,-1.58067458403647,-9.28806085586545,-5.3823533005915,-1.47664574531756,-9.44255649036543,-5.44181191763252,-1.44106734489962,-9.74357467786552,-5.85245501987058,-1.96133536187565,-9.88952489679686,-5.71646338416496,-1.54340187153306,-10.7116794190339,-5.59761126166453,-0.48354310429515
"Great Knot",-9.04152761301741,1.9082360637328,12.857999740483,-21.4379955272153,-0.965368341188126,19.507258844839,-9.9049459571451,-0.189695519661265,9.52555491782257,-10.211083440907,0.61585551049711,11.4427944619012,-9.66856926119966,0.544834989961187,10.758239241122,-9.47027023760829,0.49449812365564,10.4592664849196,-10.046541965966,-0.495497421241926,9.05554712348214,-10.081123247435,0.347275542117764,10.7756743316706,-10.2194366794907,-0.316464060857261,9.5865085577762,-12.0580098292625,4.31379571880056,20.6856012668636
"Red Knot",NA,NA,NA,NA,NA,NA,NA,NA,NA,NA,NA,NA,NA,NA,NA,NA,NA,NA,NA,NA,NA,NA,NA,NA,NA,NA,NA,NA,NA,NA
"Ruff",-6.65065945034495,-4.58927039301476,-2.52788133568458,-11.2557980465,-7.64508823706271,-4.03437842762539,-6.23348669591394,-4.48836459859687,-2.7432425012798,-6.03307622367156,-4.26545960909759,-2.49784299452362,-5.99502314688256,-4.27727506004787,-2.55952697321317,-5.9666281857568,-4.25048718229734,-2.53434617883787,-6.05160068988995,-4.32898469810378,-2.60636870631762,-6.07332212986505,-4.29947739904982,-2.52563266823458,-6.24853461143761,-4.38596430735007,-2.52339400326252,-6.2810149153652,-4.17739891760382,-2.07378291984244
"Broad-billed Sandpiper",-13.2323318563337,-2.48408267211134,8.26416651211101,-23.0345914315401,-5.01623425675424,13.0021229180316,-11.270644260015,-1.71240074594334,7.8458427681283,-10.9228430039169,-1.16280395883157,8.59723508625381,-11.0588505848423,-1.55839920411567,7.94205217661095,-10.631796454133,-1.71024471579093,7.21130702255112,-10.9173823380986,-1.72062983455454,7.47612266898951,-11.0059015162646,-2.06614760334394,6.87360630957675,-11.9101378810082,-1.14531155747729,9.61951476605359,-11.9898615675613,-0.579887062260648,10.83008744304
"Sharp-tailed Sandpiper",NA,NA,NA,NA,NA,NA,NA,NA,NA,NA,NA,NA,NA,NA,NA,NA,NA,NA,NA,NA,NA,NA,NA,NA,NA,NA,NA,NA,NA,NA
"Curlew Sandpiper",-8.25543580045139,-5.40477412902681,-2.55411245760222,-13.8318309378302,-8.64094400546939,-3.45005707310863,-7.23960984411466,-4.65639115425599,-2.07317246439732,-7.02388156279409,-4.41621995666849,-1.80855835054288,-7.05560661525655,-4.57329744323277,-2.090988271209,-6.97878341243797,-4.513035618124,-2.04728782381003,-7.16334368327173,-4.75324683434825,-2.34314998542476,-7.25508555358915,-4.77156791509393,-2.28805027659871,-7.2331509250913,-4.43723540541945,-1.6413198857476,-7.31011939096213,-4.01759174158248,-0.725064092202841
"Temminck's Stint",-4.58585179193911,-1.48460428303602,1.61664322586708,-3.86765398033638,2.65315391412117,9.17396180857872,-3.1701522740905,-0.18269799993558,2.80475627421934,-3.22067029783904,-0.354430458734691,2.51180938036966,-3.15310027782356,-0.316774247477375,2.51955178286881,-3.10338673847863,-0.271260016617961,2.56086670524271,-2.97608629461297,-0.0962933214668518,2.78349965167927,-3.23036834454678,-0.282666450533172,2.66503544348043,-3.5529425298813,-0.571001779357972,2.41093897116536,-3.86288709062427,-0.488835026384837,2.8852170378546
"Long-toed Stint",NA,NA,NA,NA,NA,NA,NA,NA,NA,NA,NA,NA,NA,NA,NA,NA,NA,NA,NA,NA,NA,NA,NA,NA,NA,NA,NA,NA,NA,NA
"Red-necked Stint",NA,NA,NA,NA,NA,NA,NA,NA,NA,NA,NA,NA,NA,NA,NA,NA,NA,NA,NA,NA,NA,NA,NA,NA,NA,NA,NA,NA,NA,NA
"Spoon-billed Sandpiper",NA,NA,NA,NA,NA,NA,NA,NA,NA,NA,NA,NA,NA,NA,NA,NA,NA,NA,NA,NA,NA,NA,NA,NA,NA,NA,NA,NA,NA,NA
"Buff-breasted Sandpiper",NA,NA,NA,NA,NA,NA,NA,NA,NA,NA,NA,NA,NA,NA,NA,NA,NA,NA,NA,NA,NA,NA,NA,NA,NA,NA,NA,NA,NA,NA
"Sanderling",-8.61535831032212,-4.10359279548378,0.408172719354566,-16.4811256879813,-8.35100786143195,-0.22089003488257,-8.29751937779542,-4.38296560821574,-0.468411838636064,-8.08896877758194,-4.24532655988218,-0.40168434218243,-8.08726562968011,-4.10617330393716,-0.125080978194206,-7.89804591997412,-4.07066512131636,-0.243284322658597,-8.01121770767068,-4.14348193555363,-0.275746163436579,-8.33058515722232,-4.44347640996195,-0.556367662701574,-8.13667960825141,-3.70151310364748,0.733653400956441,-8.73708741703316,-3.91879016350947,0.899507090014223
"Dunlin",-9.52467546023965,-5.79565795534219,-2.06664045044473,-15.3570713773741,-8.10365103295075,-0.85023068852741,-8.32518505579901,-4.93077150630584,-1.53635795681268,-8.11914113733951,-4.6264382138924,-1.13373529044528,-8.06205545556439,-4.78020982678478,-1.49836419800517,-7.98796479541366,-4.71100939451805,-1.43405399362245,-8.07475659696954,-4.86457123521195,-1.65438587345435,-8.2025135701463,-4.84925268172121,-1.49599179329613,-8.4642312203846,-4.79178009666718,-1.11932897294977,-8.73725571946382,-4.53677405624779,-0.336292393031772
"Little Stint",-6.05488162933692,-4.59475603815317,-3.13463044696941,-8.15224271366343,-5.35327991404875,-2.55431711443406,-5.04118061178214,-3.67036434708766,-2.29954808239319,-4.77795480819969,-3.38165445947609,-1.98535411075248,-4.85718878184566,-3.53284072796063,-2.20849267407561,-4.80100138546227,-3.47857141354482,-2.15614144162738,-4.8612625443364,-3.5282620737591,-2.1952616031818,-4.92404416147187,-3.56031897239467,-2.19659378331746,-5.08701632170014,-3.68729530543041,-2.28757428916068,-4.95253260024791,-3.28788937535533,-1.62324615046275
"Pectoral Sandpiper",NA,NA,NA,NA,NA,NA,NA,NA,NA,NA,NA,NA,NA,NA,NA,NA,NA,NA,NA,NA,NA,NA,NA,NA,NA,NA,NA,NA,NA,NA
"Yellow-legged Buttonquail",-44.0016235538739,-5.68608405714988,32.6294554395741,-477.918436592288,2.45072559681393,482.819887785916,-172.616633918628,-1.47131022360872,169.674013471411,-50.2426904660654,-4.27220398084227,41.6982825043808,-31.1816349620755,-5.29749179283263,20.5866513764103,-100.151613829003,-4.22647282274959,91.698668183504,-104.073590938218,-4.41015703855035,95.2532768611176,-65.5445180466711,-4.25810549231451,57.028307062042,-40.8580184293167,-4.5198145368504,31.8183893556159,-148.124829706152,-3.17451888831513,141.775791929522
"Barred Buttonquail",NA,NA,NA,NA,NA,NA,NA,NA,NA,NA,NA,NA,NA,NA,NA,NA,NA,NA,NA,NA,NA,NA,NA,NA,NA,NA,NA,NA,NA,NA
"Small Buttonquail",NA,NA,NA,NA,NA,NA,NA,NA,NA,NA,NA,NA,NA,NA,NA,NA,NA,NA,NA,NA,NA,NA,NA,NA,NA,NA,NA,NA,NA,NA
"Crab-Plover",NA,NA,NA,NA,NA,NA,NA,NA,NA,NA,NA,NA,NA,NA,NA,NA,NA,NA,NA,NA,NA,NA,NA,NA,NA,NA,NA,NA,NA,NA
"Jerdon's Courser",NA,NA,NA,NA,NA,NA,NA,NA,NA,NA,NA,NA,NA,NA,NA,NA,NA,NA,NA,NA,NA,NA,NA,NA,NA,NA,NA,NA,NA,NA
"Cream-colored Courser",NA,NA,NA,NA,NA,NA,NA,NA,NA,NA,NA,NA,NA,NA,NA,NA,NA,NA,NA,NA,NA,NA,NA,NA,NA,NA,NA,NA,NA,NA
"Indian Courser",-8.40915276748015,-6.87040414116223,-5.3316555148443,-13.6629302661073,-10.6249769697025,-7.58702367329767,-7.05318664762405,-5.40456607230756,-3.75594549699107,-7.01289948723496,-5.43537599097738,-3.8578524947198,-7.02457292736367,-5.50024650127496,-3.97592007518624,-7.01488924376168,-5.515529292791,-4.01616934182032,-7.01846895714153,-5.53217146851598,-4.04587397989043,-6.89430603259089,-5.34173109461875,-3.78915615664662,-7.07336637623203,-5.3842679167852,-3.69516945733836,-6.92098940358288,-4.9306259534855,-2.94026250338812
"Small Pratincole",-2.55620660453326,-0.413810312062703,1.72858598040785,-5.9454361493344,-2.16345334491553,1.61852945950334,-2.94515842636514,-1.09476589140813,0.755626643548882,-2.59824425195895,-0.67729328012322,1.24365769171251,-2.74502896188449,-0.943713480360329,0.857602001163827,-2.66146997711831,-0.865661357670967,0.930147261776371,-2.65326955380114,-0.835072652755549,0.983124248290043,-2.7553002343341,-0.856522530149133,1.04225517403583,-3.24811478521293,-1.36654899423469,0.515016796743559,-3.07321613866376,-0.911947205344426,1.2493217279749
"Oriental Pratincole",-4.74655049616729,0.372061251449738,5.49067299906676,-8.99545634878345,0.927477273268879,10.8504108953212,-4.37428566527657,0.638241295848547,5.65076825697366,-4.23179778737605,0.808635540839286,5.84906886905462,-4.16682462254343,0.657699108159677,5.48222283886278,-4.06584694224418,0.617380064154282,5.30060707055274,-4.04623710036126,0.713037190520036,5.47231148140133,-4.10031056379394,0.812840074721601,5.72599071323714,-4.69870503028249,0.286824048666815,5.27235312761612,-4.89784209616782,0.427966122996266,5.75377434216035
"Collared Pratincole",NA,NA,NA,NA,NA,NA,NA,NA,NA,NA,NA,NA,NA,NA,NA,NA,NA,NA,NA,NA,NA,NA,NA,NA,NA,NA,NA,NA,NA,NA
"Long-tailed Jaeger",NA,NA,NA,NA,NA,NA,NA,NA,NA,NA,NA,NA,NA,NA,NA,NA,NA,NA,NA,NA,NA,NA,NA,NA,NA,NA,NA,NA,NA,NA
"Parasitic Jaeger",NA,NA,NA,NA,NA,NA,NA,NA,NA,NA,NA,NA,NA,NA,NA,NA,NA,NA,NA,NA,NA,NA,NA,NA,NA,NA,NA,NA,NA,NA
"Pomarine Jaeger",NA,NA,NA,NA,NA,NA,NA,NA,NA,NA,NA,NA,NA,NA,NA,NA,NA,NA,NA,NA,NA,NA,NA,NA,NA,NA,NA,NA,NA,NA
"Brown Skua",NA,NA,NA,NA,NA,NA,NA,NA,NA,NA,NA,NA,NA,NA,NA,NA,NA,NA,NA,NA,NA,NA,NA,NA,NA,NA,NA,NA,NA,NA
"South Polar Skua",NA,NA,NA,NA,NA,NA,NA,NA,NA,NA,NA,NA,NA,NA,NA,NA,NA,NA,NA,NA,NA,NA,NA,NA,NA,NA,NA,NA,NA,NA
"Little Gull",NA,NA,NA,NA,NA,NA,NA,NA,NA,NA,NA,NA,NA,NA,NA,NA,NA,NA,NA,NA,NA,NA,NA,NA,NA,NA,NA,NA,NA,NA
"Black-legged Kittiwake",NA,NA,NA,NA,NA,NA,NA,NA,NA,NA,NA,NA,NA,NA,NA,NA,NA,NA,NA,NA,NA,NA,NA,NA,NA,NA,NA,NA,NA,NA
"Sabine's Gull",NA,NA,NA,NA,NA,NA,NA,NA,NA,NA,NA,NA,NA,NA,NA,NA,NA,NA,NA,NA,NA,NA,NA,NA,NA,NA,NA,NA,NA,NA
"Slender-billed Gull",-9.70521383459416,-4.577215618137,0.550782598320167,-17.2669777827789,-7.71783739259102,1.83130299759683,-8.78116441275776,-4.23157837826091,0.318007656235936,-8.71090586710824,-4.06264702002103,0.585611827066188,-8.64469660024176,-4.27484829017128,0.0950000198991896,-8.10293792820109,-3.89490527094716,0.313127386306766,-8.82125723653447,-4.5088277361343,-0.196398235734135,-8.23924726518927,-3.41464901022775,1.40994924473378,-9.16488624602921,-4.55329356118044,0.058299123668327,-10.0471680290782,-5.74253696422541,-1.43790589937258
"Black-headed Gull",-6.54466642100652,-3.13247295762008,0.279720505766362,-15.5654091466411,-10.5082525743727,-5.45109600210428,-7.24526381405923,-4.34548790289823,-1.44571199173723,-7.10836966045103,-4.31638498597901,-1.52440031150699,-7.11099176221021,-4.42249138393002,-1.73399100564983,-6.99525906833508,-4.32782158408124,-1.66038409982741,-7.06569420952077,-4.36853058354736,-1.67136695757395,-7.0662367162366,-4.22258708078752,-1.37893744533844,-7.66183913582326,-4.78585321177352,-1.90986728772378,-7.98060759864592,-4.77788428913408,-1.57516097962224
"Brown-headed Gull",-5.24278638359297,-3.15571367974359,-1.0686409758942,-12.0400242872967,-8.95400372847972,-5.86798316966273,-5.56947744619196,-3.872010025572,-2.17454260495205,-5.57521387225513,-3.94405664130194,-2.31289941034875,-5.53640109534706,-3.9136956195776,-2.29099014380813,-5.46497624119821,-3.86535473514422,-2.26573322909022,-5.5595854047174,-3.95629430774699,-2.35300321077658,-5.50880300133304,-3.80710446836141,-2.10540593538978,-5.74787583783373,-3.99531739520524,-2.24275895257675,-6.09726020125866,-4.12895963160749,-2.16065906195632
"Laughing Gull",NA,NA,NA,NA,NA,NA,NA,NA,NA,NA,NA,NA,NA,NA,NA,NA,NA,NA,NA,NA,NA,NA,NA,NA,NA,NA,NA,NA,NA,NA
"Franklin's Gull",NA,NA,NA,NA,NA,NA,NA,NA,NA,NA,NA,NA,NA,NA,NA,NA,NA,NA,NA,NA,NA,NA,NA,NA,NA,NA,NA,NA,NA,NA
"Pallas's Gull",-5.84930023763394,-3.18383476201104,-0.518369286388148,-11.8205384731565,-7.39236396225685,-2.96418945135717,-5.89611298746707,-3.55648513504994,-1.21685728263282,-5.67910706718764,-3.33529576498539,-0.991484462783155,-5.65639605037722,-3.37511078534626,-1.09382552031531,-5.66031378380158,-3.4042562543952,-1.14819872498882,-5.85626557761728,-3.60552509103664,-1.354784604456,-5.81385170699859,-3.50204685539548,-1.19024200379238,-5.81169168395155,-3.32785458271306,-0.844017481474578,-5.52086172385252,-2.61762544238659,0.285610839079336
"Sooty Gull",NA,NA,NA,NA,NA,NA,NA,NA,NA,NA,NA,NA,NA,NA,NA,NA,NA,NA,NA,NA,NA,NA,NA,NA,NA,NA,NA,NA,NA,NA
"White-eyed Gull",NA,NA,NA,NA,NA,NA,NA,NA,NA,NA,NA,NA,NA,NA,NA,NA,NA,NA,NA,NA,NA,NA,NA,NA,NA,NA,NA,NA,NA,NA
"Common Gull",NA,NA,NA,NA,NA,NA,NA,NA,NA,NA,NA,NA,NA,NA,NA,NA,NA,NA,NA,NA,NA,NA,NA,NA,NA,NA,NA,NA,NA,NA
"Caspian Gull",NA,NA,NA,NA,NA,NA,NA,NA,NA,NA,NA,NA,NA,NA,NA,NA,NA,NA,NA,NA,NA,NA,NA,NA,NA,NA,NA,NA,NA,NA
"Mongolian Gull",NA,NA,NA,NA,NA,NA,NA,NA,NA,NA,NA,NA,NA,NA,NA,NA,NA,NA,NA,NA,NA,NA,NA,NA,NA,NA,NA,NA,NA,NA
"Lesser Black-backed Gull",-2.64917106055229,2.13848994435638,6.92615094926505,-7.60309910724851,0.587918764253025,8.77893663575456,-3.31340926032522,0.828341785298516,4.97009283092226,-3.05850476995303,1.18577075334349,5.43004627664001,-2.91742886990186,1.25551948647557,5.428467842853,-3.01527717983849,1.14613825416867,5.30755368817584,-3.36932639005818,0.705305565652867,4.77993752136391,-3.00685205230553,1.29008474300862,5.58702153832278,-2.75501330001731,1.95692466396455,6.66886262794642,-3.13379965312632,1.84470249299118,6.82320463910868
"Indian Skimmer",NA,NA,NA,NA,NA,NA,NA,NA,NA,NA,NA,NA,NA,NA,NA,NA,NA,NA,NA,NA,NA,NA,NA,NA,NA,NA,NA,NA,NA,NA
"White Tern",NA,NA,NA,NA,NA,NA,NA,NA,NA,NA,NA,NA,NA,NA,NA,NA,NA,NA,NA,NA,NA,NA,NA,NA,NA,NA,NA,NA,NA,NA
"Brown Noddy",NA,NA,NA,NA,NA,NA,NA,NA,NA,NA,NA,NA,NA,NA,NA,NA,NA,NA,NA,NA,NA,NA,NA,NA,NA,NA,NA,NA,NA,NA
"Lesser Noddy",NA,NA,NA,NA,NA,NA,NA,NA,NA,NA,NA,NA,NA,NA,NA,NA,NA,NA,NA,NA,NA,NA,NA,NA,NA,NA,NA,NA,NA,NA
"Black Noddy",NA,NA,NA,NA,NA,NA,NA,NA,NA,NA,NA,NA,NA,NA,NA,NA,NA,NA,NA,NA,NA,NA,NA,NA,NA,NA,NA,NA,NA,NA
"Sooty Tern",NA,NA,NA,NA,NA,NA,NA,NA,NA,NA,NA,NA,NA,NA,NA,NA,NA,NA,NA,NA,NA,NA,NA,NA,NA,NA,NA,NA,NA,NA
"Bridled Tern",NA,NA,NA,NA,NA,NA,NA,NA,NA,NA,NA,NA,NA,NA,NA,NA,NA,NA,NA,NA,NA,NA,NA,NA,NA,NA,NA,NA,NA,NA
"Little Tern",-4.04045133246942,-0.933039591453481,2.17437214956246,-6.42832791363716,-0.404565559775737,5.61919679408568,-3.40308327010425,-0.415313140191231,2.57245698972179,-3.5172591908805,-0.673673976896617,2.16991123708726,-3.51663102819452,-0.885957118664952,1.74471679086462,-3.3138707270333,-0.643701344757333,2.02646803751864,-3.49625750182554,-0.750216274410371,1.9958249530048,-3.62452575879477,-0.777746289643896,2.06903317950698,-4.30969242584561,-1.59312079578807,1.12345083426948,-4.15902672829892,-0.90907612241665,2.34087448346562
"Saunders's Tern",NA,NA,NA,NA,NA,NA,NA,NA,NA,NA,NA,NA,NA,NA,NA,NA,NA,NA,NA,NA,NA,NA,NA,NA,NA,NA,NA,NA,NA,NA
"Gull-billed Tern",-8.17918435671809,-5.89243660557809,-3.60568885443809,-14.0041709180015,-9.83527591821825,-5.66638091843501,-7.21175736151544,-5.14860049751707,-3.0854436335187,-7.22762878712748,-5.2822859697761,-3.33694315242472,-7.19396747771814,-5.31245083473086,-3.43093419174357,-7.06970862388295,-5.19652728769453,-3.32334595150611,-7.10819901883256,-5.19714799957148,-3.28609698031039,-7.00761879166302,-4.99104322837265,-2.97446766508229,-7.2918342393463,-5.11074128804576,-2.92964833674522,-8.52089427409231,-6.60406710672466,-4.687239939357
"Caspian Tern",-6.99821590572255,-3.13433556899762,0.729544767727315,-12.6515914956763,-5.69894011937781,1.25371125692071,-6.01070795459496,-2.42156692548319,1.16757410362858,-5.99762598551426,-2.51040099734023,0.976823990833806,-6.00806539177951,-2.67291186531302,0.662241661153463,-5.93159455209311,-2.63541650693588,0.660761538221352,-6.15035004323071,-2.82093215246479,0.508485738301129,-5.90125928339825,-2.23905658290815,1.42314611758196,-6.15123844682355,-2.59839873373314,0.954440979357283,-6.89364987996998,-2.9664386622425,0.960772555484976
"Whiskered Tern",-5.78262563964762,-4.31710040092323,-2.85157516219884,-9.18858983832373,-6.61528249324111,-4.0419751481585,-4.95013586815384,-3.62900382679077,-2.3078717854277,-4.96300039835441,-3.67921398340455,-2.39542756845469,-4.97844829923257,-3.76701424266715,-2.55558018610173,-4.93026789980314,-3.69977292799239,-2.46927795618164,-4.90784417573962,-3.65528819412753,-2.40273221251544,-4.75492910689575,-3.47474930137093,-2.19456949584611,-5.31301701842954,-3.99091782938727,-2.668818640345,-5.72585347093422,-4.34846498611486,-2.97107650129551
"Black Tern",NA,NA,NA,NA,NA,NA,NA,NA,NA,NA,NA,NA,NA,NA,NA,NA,NA,NA,NA,NA,NA,NA,NA,NA,NA,NA,NA,NA,NA,NA
"White-winged Tern",NA,NA,NA,NA,NA,NA,NA,NA,NA,NA,NA,NA,NA,NA,NA,NA,NA,NA,NA,NA,NA,NA,NA,NA,NA,NA,NA,NA,NA,NA
"River Tern",-0.163708705654755,1.86828950132686,3.90028770830847,-2.3812891885522,1.06854942174067,4.51838803203354,-1.30257686625984,0.437734132058123,2.17804513037609,-1.06642033807018,0.67839874340198,2.42321782487414,-1.0549770403043,0.619267048331514,2.29351113696732,-0.94585650087047,0.725083455704182,2.39602341227883,-1.13720569553675,0.569878455413102,2.27696260636296,-0.744205077888649,1.03231359537032,2.8088322686293,-1.88519663334239,-0.214649708422466,1.45589721649746,-1.31441101166108,0.663447364624367,2.64130574090982
"Arctic Tern",NA,NA,NA,NA,NA,NA,NA,NA,NA,NA,NA,NA,NA,NA,NA,NA,NA,NA,NA,NA,NA,NA,NA,NA,NA,NA,NA,NA,NA,NA
"Common Tern",-6.62792265764035,-1.25219633408844,4.12352998946347,-12.3849451054439,-1.93926653866168,8.50641202812056,-6.65778759997555,-1.94386347573268,2.77006064851019,-6.46816005087942,-1.95674054746636,2.55467895594671,-6.33662010515606,-1.91645094405265,2.50371821705077,-6.25802071500808,-1.81559735461884,2.6268260057704,-6.11444649100852,-1.54947401995804,3.01549845109243,-6.38630216076318,-1.5769965015547,3.23230915765378,-6.89424563382278,-1.96242926274549,2.9693871083318,-8.01131131051418,-3.74400024883251,0.523310812849155
"White-cheeked Tern",NA,NA,NA,NA,NA,NA,NA,NA,NA,NA,NA,NA,NA,NA,NA,NA,NA,NA,NA,NA,NA,NA,NA,NA,NA,NA,NA,NA,NA,NA
"Black-naped Tern",NA,NA,NA,NA,NA,NA,NA,NA,NA,NA,NA,NA,NA,NA,NA,NA,NA,NA,NA,NA,NA,NA,NA,NA,NA,NA,NA,NA,NA,NA
"Roseate Tern",NA,NA,NA,NA,NA,NA,NA,NA,NA,NA,NA,NA,NA,NA,NA,NA,NA,NA,NA,NA,NA,NA,NA,NA,NA,NA,NA,NA,NA,NA
"Black-bellied Tern",-9.93024370635993,-4.64966240076952,0.630918904820886,-15.6927876888987,-4.61782349029913,6.45714070830047,-8.31102873034837,-2.98437889005859,2.34227095023119,-7.50764166623422,-1.01024036473839,5.48716093675745,-7.92953067172356,-2.23426000251606,3.46101066669144,-7.74586726783252,-2.31721245749014,3.11144235285223,-7.71972209400921,-2.21575243171815,3.28821723057291,-7.94292616445028,-2.38119719518432,3.18053177408165,-8.01731646932134,-1.85572201213229,4.30587244505676,-8.16996869711617,-1.04373939206694,6.08248991298229
"Sandwich Tern",-10.8959765302606,-1.86168548307609,7.1726055641084,-23.6219351329291,-13.2297349872624,-2.83753484159575,-11.812080538537,-5.27877888927013,1.25452275999669,-11.256618575713,-5.9492732988448,-0.641928021976636,-11.6506901296801,-5.58917069076025,0.47234874815962,-11.2983345916615,-5.54177905819887,0.214776475263712,-11.1471840236654,-5.18380262831368,0.779578767038086,-11.2431700070265,-4.55490787314105,2.13335426074437,-12.5761658908415,-7.15369323600023,-1.73122058115899,-13.1234150222886,-6.36993945229539,0.383536117697832
"Lesser Crested Tern",-3.90509043440921,2.11669305156222,8.13847653753366,-8.75202879515332,1.96988121734419,12.6917912298417,-3.66641856734251,2.29314659788792,8.25271176311835,-3.66137160335025,1.60357928782872,6.8685301790077,-3.40774947793455,2.18226960657806,7.77228869109066,-3.41905818382191,1.88547562092365,7.19000942566921,-3.43437616755729,2.01155202124535,7.457480210048,-3.40287911075043,2.2168146848955,7.83650848054143,-4.23870935699376,1.15932653554109,6.55736242807594,-4.40106767677951,2.17385342792396,8.74877453262743
"Great Crested Tern",-4.1837884897382,6.34553546892953,16.8748594275973,-9.02878034526098,10.3995284715041,29.8278372882692,-4.11977278400665,6.94446353041555,18.0086998448377,-3.77363592861539,5.30951899258708,14.3926739137896,-3.400844969611,6.23833584656587,15.8775166627427,-3.34721115140813,5.84569124055916,15.0385936325265,-3.39208881685605,6.12591776368754,15.6439243442311,-3.78530426969453,6.13403613881089,16.0533765473163,-4.2368704571984,5.55620353287166,15.3492775229417,-4.89201672386627,4.78550785252149,14.4630324289093
"White-tailed Tropicbird",NA,NA,NA,NA,NA,NA,NA,NA,NA,NA,NA,NA,NA,NA,NA,NA,NA,NA,NA,NA,NA,NA,NA,NA,NA,NA,NA,NA,NA,NA
"Red-billed Tropicbird",NA,NA,NA,NA,NA,NA,NA,NA,NA,NA,NA,NA,NA,NA,NA,NA,NA,NA,NA,NA,NA,NA,NA,NA,NA,NA,NA,NA,NA,NA
"Red-tailed Tropicbird",NA,NA,NA,NA,NA,NA,NA,NA,NA,NA,NA,NA,NA,NA,NA,NA,NA,NA,NA,NA,NA,NA,NA,NA,NA,NA,NA,NA,NA,NA
"Red-throated Loon",NA,NA,NA,NA,NA,NA,NA,NA,NA,NA,NA,NA,NA,NA,NA,NA,NA,NA,NA,NA,NA,NA,NA,NA,NA,NA,NA,NA,NA,NA
"Arctic Loon",NA,NA,NA,NA,NA,NA,NA,NA,NA,NA,NA,NA,NA,NA,NA,NA,NA,NA,NA,NA,NA,NA,NA,NA,NA,NA,NA,NA,NA,NA
"Light-mantled Albatross",NA,NA,NA,NA,NA,NA,NA,NA,NA,NA,NA,NA,NA,NA,NA,NA,NA,NA,NA,NA,NA,NA,NA,NA,NA,NA,NA,NA,NA,NA
"Wilson's Storm-Petrel",NA,NA,NA,NA,NA,NA,NA,NA,NA,NA,NA,NA,NA,NA,NA,NA,NA,NA,NA,NA,NA,NA,NA,NA,NA,NA,NA,NA,NA,NA
"White-faced Storm-Petrel",NA,NA,NA,NA,NA,NA,NA,NA,NA,NA,NA,NA,NA,NA,NA,NA,NA,NA,NA,NA,NA,NA,NA,NA,NA,NA,NA,NA,NA,NA
"Black-bellied Storm-Petrel",NA,NA,NA,NA,NA,NA,NA,NA,NA,NA,NA,NA,NA,NA,NA,NA,NA,NA,NA,NA,NA,NA,NA,NA,NA,NA,NA,NA,NA,NA
"Swinhoe's Storm-Petrel",NA,NA,NA,NA,NA,NA,NA,NA,NA,NA,NA,NA,NA,NA,NA,NA,NA,NA,NA,NA,NA,NA,NA,NA,NA,NA,NA,NA,NA,NA
"Pintado Petrel",NA,NA,NA,NA,NA,NA,NA,NA,NA,NA,NA,NA,NA,NA,NA,NA,NA,NA,NA,NA,NA,NA,NA,NA,NA,NA,NA,NA,NA,NA
"Barau's Petrel",NA,NA,NA,NA,NA,NA,NA,NA,NA,NA,NA,NA,NA,NA,NA,NA,NA,NA,NA,NA,NA,NA,NA,NA,NA,NA,NA,NA,NA,NA
"Jouanin's Petrel",NA,NA,NA,NA,NA,NA,NA,NA,NA,NA,NA,NA,NA,NA,NA,NA,NA,NA,NA,NA,NA,NA,NA,NA,NA,NA,NA,NA,NA,NA
"Streaked Shearwater",NA,NA,NA,NA,NA,NA,NA,NA,NA,NA,NA,NA,NA,NA,NA,NA,NA,NA,NA,NA,NA,NA,NA,NA,NA,NA,NA,NA,NA,NA
"Cory's Shearwater",NA,NA,NA,NA,NA,NA,NA,NA,NA,NA,NA,NA,NA,NA,NA,NA,NA,NA,NA,NA,NA,NA,NA,NA,NA,NA,NA,NA,NA,NA
"Flesh-footed Shearwater",NA,NA,NA,NA,NA,NA,NA,NA,NA,NA,NA,NA,NA,NA,NA,NA,NA,NA,NA,NA,NA,NA,NA,NA,NA,NA,NA,NA,NA,NA
"Wedge-tailed Shearwater",NA,NA,NA,NA,NA,NA,NA,NA,NA,NA,NA,NA,NA,NA,NA,NA,NA,NA,NA,NA,NA,NA,NA,NA,NA,NA,NA,NA,NA,NA
"Sooty Shearwater",NA,NA,NA,NA,NA,NA,NA,NA,NA,NA,NA,NA,NA,NA,NA,NA,NA,NA,NA,NA,NA,NA,NA,NA,NA,NA,NA,NA,NA,NA
"Short-tailed Shearwater",NA,NA,NA,NA,NA,NA,NA,NA,NA,NA,NA,NA,NA,NA,NA,NA,NA,NA,NA,NA,NA,NA,NA,NA,NA,NA,NA,NA,NA,NA
"Tropical Shearwater",NA,NA,NA,NA,NA,NA,NA,NA,NA,NA,NA,NA,NA,NA,NA,NA,NA,NA,NA,NA,NA,NA,NA,NA,NA,NA,NA,NA,NA,NA
"Persian Shearwater",NA,NA,NA,NA,NA,NA,NA,NA,NA,NA,NA,NA,NA,NA,NA,NA,NA,NA,NA,NA,NA,NA,NA,NA,NA,NA,NA,NA,NA,NA
"Asian Openbill",-1.09404416503728,0.122308475931198,1.33866111689967,-3.17724479539669,-0.962449537937393,1.2523457195219,-1.70856962956983,-0.611996967470061,0.484575694629706,-1.63931459149328,-0.586884133496086,0.465546324501113,-1.61416611612238,-0.578517474499539,0.4571311671233,-1.53526982838276,-0.50309382915267,0.529082170077422,-1.52307431365153,-0.465681791246178,0.59171073115917,-1.65673776121687,-0.576169143373122,0.504399474470623,-1.96688302741952,-0.896909506581693,0.173064014256136,-2.00614276778223,-0.800030471174334,0.406081825433565
"African Openbill",NA,NA,NA,NA,NA,NA,NA,NA,NA,NA,NA,NA,NA,NA,NA,NA,NA,NA,NA,NA,NA,NA,NA,NA,NA,NA,NA,NA,NA,NA
"Black Stork",-8.89551590554506,-4.8831008653169,-0.870685825088743,-14.3587643530364,-6.07919320311197,2.20037794681248,-7.15935999693239,-2.67921693861311,1.80092611970616,-7.09567533216505,-2.75874554736237,1.5781842374403,-7.15155956319778,-2.99444292796102,1.16267370727573,-7.06563190659634,-3.03758860902388,0.990454688548575,-7.08745156943909,-3.03795688847528,1.01153779248853,-7.26303539553598,-3.13161710232427,0.999801190887439,-7.19955762014365,-2.68531043438244,1.82893675137876,-7.46760859096179,-2.12622663055029,3.21515532986121
"Asian Woolly-necked Stork",-3.39662561492082,-1.04631063716358,1.30400434059366,-7.74418630288242,-3.76465647577344,0.214873351335539,-4.00429006109001,-2.02415238495447,-0.0440147088189351,-3.63236963811095,-1.63447014495704,0.363429348196868,-3.70651318941511,-1.79315017831125,0.1202128327926,-3.68803128675253,-1.75498807843957,0.178055129873396,-3.65559683235101,-1.70439644957689,0.246803933197225,-3.74926452833374,-1.72441397533177,0.300436577670208,-4.19078344040202,-2.18280490534279,-0.174826370283554,-3.99577342051861,-1.70469064376769,0.586392132983218
"White Stork",NA,NA,NA,NA,NA,NA,NA,NA,NA,NA,NA,NA,NA,NA,NA,NA,NA,NA,NA,NA,NA,NA,NA,NA,NA,NA,NA,NA,NA,NA
"Black-necked Stork",-4.89268123985334,0.069120096434834,5.03092143272301,-10.1086398792411,-1.69918343714631,6.71027300494847,-4.69388233505787,-0.302421636524533,4.0890390620088,-4.80249039948833,-0.785702807007846,3.23108478547264,-4.70638507582659,-0.559505946785442,3.5873731822557,-4.41672163388968,-0.457519394848908,3.50168284419186,-4.74409040892074,-0.624654805244675,3.49478079843139,-4.55409052551153,-0.260936293181584,4.03221793914836,-5.71089116527102,-1.70485636708785,2.30117843109532,-5.33640383999702,-0.736836075825269,3.86273168834648
"Lesser Adjutant",-5.99204516568734,-2.49686000597641,0.998325153734518,-11.228978576557,-5.40796440860165,0.413049759353693,-5.63079454483364,-2.69977707376876,0.231240397296118,-5.66780324267967,-2.83292043053789,0.0019623816038834,-5.58286947853861,-2.79709237691469,-0.0113152752907735,-5.52019630889089,-2.72828327422139,0.0636297604481202,-5.52998748680687,-2.70252518497592,0.124937116855027,-5.84385503849313,-3.0297709845431,-0.215686930593072,-6.07432206299738,-3.07313877188037,-0.0719554807633593,-6.04813171768764,-2.66614005102633,0.715851615634985
"Greater Adjutant",NA,NA,NA,NA,NA,NA,NA,NA,NA,NA,NA,NA,NA,NA,NA,NA,NA,NA,NA,NA,NA,NA,NA,NA,NA,NA,NA,NA,NA,NA
"Painted Stork",-2.75292698997884,-1.42054061997338,-0.088154249967916,-5.4032383740309,-3.06836745149312,-0.733496528955345,-2.67098224473378,-1.50738794590729,-0.343793647080805,-2.63800520883667,-1.49586216728838,-0.353719125740092,-2.67871008288158,-1.56728914801124,-0.455868213140906,-2.58325631013062,-1.49048293119085,-0.397709552251088,-2.59460951156319,-1.47746966297861,-0.360329814394038,-2.61318197091172,-1.45646439834122,-0.299746825770713,-3.1095405209013,-1.98725042145108,-0.864960322000853,-3.03380229539004,-1.70117853259378,-0.368554769797518
"Lesser Frigatebird",NA,NA,NA,NA,NA,NA,NA,NA,NA,NA,NA,NA,NA,NA,NA,NA,NA,NA,NA,NA,NA,NA,NA,NA,NA,NA,NA,NA,NA,NA
"Great Frigatebird",NA,NA,NA,NA,NA,NA,NA,NA,NA,NA,NA,NA,NA,NA,NA,NA,NA,NA,NA,NA,NA,NA,NA,NA,NA,NA,NA,NA,NA,NA
"Christmas Island Frigatebird",NA,NA,NA,NA,NA,NA,NA,NA,NA,NA,NA,NA,NA,NA,NA,NA,NA,NA,NA,NA,NA,NA,NA,NA,NA,NA,NA,NA,NA,NA
"Red-footed Booby",NA,NA,NA,NA,NA,NA,NA,NA,NA,NA,NA,NA,NA,NA,NA,NA,NA,NA,NA,NA,NA,NA,NA,NA,NA,NA,NA,NA,NA,NA
"Brown Booby",NA,NA,NA,NA,NA,NA,NA,NA,NA,NA,NA,NA,NA,NA,NA,NA,NA,NA,NA,NA,NA,NA,NA,NA,NA,NA,NA,NA,NA,NA
"Masked Booby",NA,NA,NA,NA,NA,NA,NA,NA,NA,NA,NA,NA,NA,NA,NA,NA,NA,NA,NA,NA,NA,NA,NA,NA,NA,NA,NA,NA,NA,NA
"Oriental Darter",1.33693367277145,3.16961386368557,5.00229405459969,0.628951194279122,3.83220395567909,7.03545671707906,0.83847337076794,2.54063703928244,4.24280070779694,0.537544189622718,2.12281003250998,3.70807587539724,0.571116243654086,2.12254357887623,3.67397091409837,0.714715601883296,2.25054023532235,3.78636486876141,0.79667470376637,2.38066376156617,3.96465281936597,0.556415757019695,2.18755356694191,3.81869137686413,-0.130893193638622,1.51796038005848,3.16681395375558,-0.00510064220073048,1.68019275047903,3.36548614315879
"Little Cormorant",0.213132199641838,1.02554472437986,1.83795724911789,0.0464279253618054,1.4855692204727,2.92471051558359,-0.11420600821847,0.613484230749304,1.34117446971708,-0.0751667144950441,0.617736514598753,1.31063974369255,-0.0151729940716673,0.667080346748121,1.34933368756791,0.0256727025464852,0.70744396060226,1.38921521865804,-0.0285769780525459,0.662393712906475,1.3533644038655,-0.144024547365502,0.566464013088028,1.27695257354156,-0.261493077632561,0.465802483391089,1.19309804441474,0.0690846970897399,0.86021096067207,1.6513372242544
"Great Cormorant",-0.281540323571921,1.10122499383101,2.48399031123394,-1.61546365068243,0.944293271924241,3.50405019453091,-0.531221822626933,0.753079059752134,2.0373799421312,-0.602995702749653,0.633841383745282,1.87067847024022,-0.523796243116911,0.700777087032824,1.92535041718256,-0.495354525282748,0.708486073605121,1.91232667249299,-0.456943260726762,0.770236894552429,1.99741704983162,-0.457935284435604,0.815704847959463,2.08934498035453,-0.971760718365037,0.272025013301141,1.51581074496732,-0.940747339335911,0.489480196117369,1.91970773157065
"Indian Cormorant",-0.494405133029928,0.652071268375789,1.7985476697815,-3.57302547602195,-1.55713360733474,0.458758261352462,-1.71230232618287,-0.687265733734507,0.337770858713861,-1.68549316548213,-0.689089328418782,0.307314508644561,-1.5861115287623,-0.593965701006724,0.398180126748855,-1.50354364357131,-0.530457744317087,0.44262815493714,-1.51643246406138,-0.522513500052342,0.471405463956697,-1.48297671240031,-0.458860566613921,0.565255579172473,-1.987051095714,-0.963393563616077,0.0602639684818462,-2.22831003250162,-1.10485851301645,0.0185930064687185
"Great White Pelican",-9.13340753344092,-6.33236505394463,-3.53132257444834,-14.2067427355952,-9.13079637398963,-4.05485001238404,-7.89666951555497,-5.46545132269095,-3.03423312982694,-7.18268364370774,-4.35432262276276,-1.52596160181779,-7.51230692676471,-4.95035149318889,-2.38839605961307,-7.16634406665434,-4.69353887266032,-2.2207336786663,-7.75400730158356,-5.32893004375953,-2.9038527859355,-7.17662062655801,-4.47159852049824,-1.76657641443847,-7.62724224892059,-4.83657002814804,-2.04589780737548,-7.85589070331123,-4.75733004524756,-1.6587693871839
"Spot-billed Pelican",-8.28145938233741,-6.16865233194312,-4.05584528154883,-14.964858136919,-11.3461708457545,-7.72748355459002,-6.99396847856145,-4.95756222328545,-2.92115596800946,-7.1695344827157,-5.22943835937482,-3.28934223603395,-7.20145153352811,-5.33147933821278,-3.46150714289744,-7.13275522151637,-5.2866022851057,-3.44044934869504,-7.1359356863353,-5.26313055692608,-3.39032542751687,-7.22980381688368,-5.2846074378967,-3.33941105890973,-7.27402046421055,-5.14983119734083,-3.02564193047111,-7.52912249081326,-5.32845869257398,-3.12779489433469
"Dalmatian Pelican",-10.5371439645428,-6.39725749075342,-2.25737101696405,-18.0132192250101,-10.6533023902955,-3.29338555558089,-9.45282178525731,-5.95733745096075,-2.46185311666418,-9.23595526604251,-5.52554543017054,-1.81513559429858,-9.16083491252356,-5.76071074032618,-2.3605865681288,-8.95955533993068,-5.56176207109627,-2.16396880226185,-9.28104485323604,-5.93729995240716,-2.59355505157828,-9.28244366083348,-5.64251053157008,-2.00257740230669,-9.74558118687992,-6.04913188661847,-2.35268258635702,-10.1895686310013,-5.85267306773635,-1.51577750447135
"Eurasian Bittern",NA,NA,NA,NA,NA,NA,NA,NA,NA,NA,NA,NA,NA,NA,NA,NA,NA,NA,NA,NA,NA,NA,NA,NA,NA,NA,NA,NA,NA,NA
"Black Bittern",NA,NA,NA,NA,NA,NA,NA,NA,NA,NA,NA,NA,NA,NA,NA,NA,NA,NA,NA,NA,NA,NA,NA,NA,NA,NA,NA,NA,NA,NA
"Cinnamon Bittern",NA,NA,NA,NA,NA,NA,NA,NA,NA,NA,NA,NA,NA,NA,NA,NA,NA,NA,NA,NA,NA,NA,NA,NA,NA,NA,NA,NA,NA,NA
"Little Bittern",NA,NA,NA,NA,NA,NA,NA,NA,NA,NA,NA,NA,NA,NA,NA,NA,NA,NA,NA,NA,NA,NA,NA,NA,NA,NA,NA,NA,NA,NA
"Yellow Bittern",-3.67410413735799,-1.46735812495289,0.739387887452205,-5.47604652261879,-1.19207254080333,3.09190144101213,-3.0379138033238,-0.927863562196308,1.18218667893119,-3.04189831962568,-0.984548330262293,1.07280165910109,-3.02824128380682,-1.07393193394148,0.880377415923856,-3.04463771037422,-1.05766296822381,0.929311773926606,-3.00024015279842,-1.00271556723694,0.994809018324545,-3.03198892502898,-0.981609371638698,1.06877018175158,-3.18482884488008,-0.977286023782809,1.23025679731446,-3.47431636235694,-1.17156535306847,1.13118565622001
"Black-crowned Night Heron",0.00173418502736467,1.18592297627038,2.37011176751339,-1.47436266106157,0.615472544380316,2.7053077498222,-0.362012478404363,0.768107310600502,1.89822709960537,-0.406076816851551,0.65415307905862,1.71438297496879,-0.35688101417765,0.699215866643253,1.75531274746416,-0.321049745006493,0.718279725188573,1.75760919538364,-0.431326748472166,0.617815425424159,1.66695759932048,-0.439193288351782,0.654359189629552,1.74791166761089,-0.46610984723139,0.652255214125413,1.77062027548221,-0.456846334438024,0.78621272929043,2.02927179301888
"Malayan Night Heron",NA,NA,NA,NA,NA,NA,NA,NA,NA,NA,NA,NA,NA,NA,NA,NA,NA,NA,NA,NA,NA,NA,NA,NA,NA,NA,NA,NA,NA,NA
"Pacific Reef-Heron",NA,NA,NA,NA,NA,NA,NA,NA,NA,NA,NA,NA,NA,NA,NA,NA,NA,NA,NA,NA,NA,NA,NA,NA,NA,NA,NA,NA,NA,NA
"Chinese Egret",NA,NA,NA,NA,NA,NA,NA,NA,NA,NA,NA,NA,NA,NA,NA,NA,NA,NA,NA,NA,NA,NA,NA,NA,NA,NA,NA,NA,NA,NA
"Little Egret",-0.833829948175221,0.109830722975311,1.05349139412584,-2.25707111608239,-0.601943205498634,1.05318470508512,-1.1781586770172,-0.329086553707629,0.519985569601941,-1.1963798254997,-0.378420088626841,0.439539648246019,-1.17628334018337,-0.378927215334017,0.418428909515338,-1.09479787172251,-0.305875999102705,0.4830458735171,-1.09190084550735,-0.280533411185437,0.530834023136472,-1.04730839781165,-0.217316164297558,0.612676069216536,-1.68754618278109,-0.874423132969742,-0.0613000831583932,-1.50529462558465,-0.585415825527938,0.334462974528777
"Western Reef-Heron",-6.32228599850954,-2.96818890558104,0.385908187347467,-12.9078561621734,-7.18079240640143,-1.45372865062948,-5.84068911256453,-2.68324787198957,0.474193368585376,-5.9737691474177,-3.01148904410974,-0.0492089408017913,-5.9575552742098,-3.14805580467628,-0.338556335142764,-5.84368519992736,-3.01776133392673,-0.191837467926105,-6.04207304367226,-3.20649157423673,-0.370910104801186,-6.03253412654405,-3.05429404418052,-0.0760539618169838,-6.48014325266946,-3.42136744060552,-0.362591628541582,-6.56406983436292,-3.13892790839807,0.286214017566777
"White-eared Night Heron",NA,NA,NA,NA,NA,NA,NA,NA,NA,NA,NA,NA,NA,NA,NA,NA,NA,NA,NA,NA,NA,NA,NA,NA,NA,NA,NA,NA,NA,NA
"Striated Heron",-2.67121485150494,-0.747812697166727,1.17558945717148,-4.03380221448308,-0.467076909830359,3.09964839482236,-2.26368959055108,-0.454891590030211,1.35390641049066,-2.26616187053357,-0.465738626332181,1.33468461786921,-2.30329438819397,-0.661750036442134,0.979794315309708,-2.23307487169454,-0.538221542844123,1.15663178600629,-2.27847994340674,-0.567897669164101,1.14268460507854,-2.47040846070043,-0.723382030941955,1.02364439881653,-2.59521071637518,-0.783271963295338,1.0286667897845,-2.56008147799237,-0.577344198281563,1.40539308142925
"Indian Pond-Heron",-0.558289496141881,0.247166622954118,1.05262274205012,-1.62282838977273,-0.193662905312243,1.23550257914824,-1.13200957843117,-0.42298824349583,0.286033091439507,-1.00950331426694,-0.316696523432243,0.376110267402452,-0.960345234189314,-0.281208327968774,0.397928578251765,-0.917075746594074,-0.234415815657408,0.448244115279258,-0.937535486355142,-0.250817741256155,0.435900003842831,-1.07763777269352,-0.366300557907465,0.345036656878591,-1.15166429143467,-0.424254196590307,0.303155898254056,-1.09164783444106,-0.279900206233321,0.531847421974421
"Chinese Pond-Heron",NA,NA,NA,NA,NA,NA,NA,NA,NA,NA,NA,NA,NA,NA,NA,NA,NA,NA,NA,NA,NA,NA,NA,NA,NA,NA,NA,NA,NA,NA
"Javan Pond-Heron",NA,NA,NA,NA,NA,NA,NA,NA,NA,NA,NA,NA,NA,NA,NA,NA,NA,NA,NA,NA,NA,NA,NA,NA,NA,NA,NA,NA,NA,NA
"Eastern Cattle-Egret",-3.08887071196037,-2.47413979816333,-1.85940888436629,-4.93142546086907,-3.85080059266642,-2.77017572446377,-2.6366487654467,-2.05385978171323,-1.47107079797976,-2.61700829031876,-2.05514426115799,-1.49328023199723,-2.57842114653659,-2.02407777869582,-1.46973441085506,-2.60190370885985,-2.05177375329036,-1.50164379772087,-2.71118693959264,-2.17251895736147,-1.6338509751303,-2.82391541949675,-2.26897106093531,-1.71402670237387,-2.36992348162209,-1.76623970444452,-1.16255592726695,-2.13154926176645,-1.46920368881766,-0.806858115868875
"Great Egret",-0.547580287105854,0.50929301609907,1.56616631930399,-2.22873474511767,-0.392605643723712,1.44352345767024,-0.948719707343398,0.0282476183355625,1.00521494401452,-1.0180949382627,-0.104885712536387,0.808323513189923,-1.00311046768602,-0.117662668418656,0.767785130848704,-0.919434770712153,-0.0287558324312969,0.861923105849559,-0.952313997388665,-0.044597013529681,0.863119970329303,-0.989231049862864,-0.0574166861206415,0.874397677621581,-1.66209887797093,-0.797559472450278,0.0669799330703749,-0.847782503808409,0.230945807774309,1.30967411935703
"Medium Egret",-2.58912553849924,-1.88093758602251,-1.17274963354578,-5.7352707437746,-4.46166817532186,-3.18806560686911,-2.59658083685032,-1.93366279821031,-1.2707447595703,-2.58149970686465,-1.94120497559419,-1.30091024432372,-2.58011550290049,-1.95555068353184,-1.33098586416319,-2.58283602038607,-1.96026124612725,-1.33768647186844,-2.6070862283544,-1.98200952109812,-1.35693281384184,-2.77385544121438,-2.15377953047411,-1.53370361973384,-2.51102389044569,-1.84349208168061,-1.17596027291553,-2.45594313455804,-1.68806574800905,-0.920188361460063
"Gray Heron",-1.85361918322925,-0.755559815594141,0.34249955204097,-3.15742155991451,-1.23395267533566,0.689516209243204,-1.67483731169213,-0.686882217226168,0.301072877239792,-1.61506419576879,-0.656104926884686,0.302854341999419,-1.70485284625326,-0.775583118458693,0.153686609335877,-1.5954688730445,-0.682670127905493,0.230128617233513,-1.64925985795412,-0.70134745280899,0.246564952336139,-1.66030783566712,-0.694361629369989,0.271584576927139,-2.12838557111817,-1.16632366095076,-0.204261750783349,-1.92309738680049,-0.829769949250471,0.263557488299552
"Purple Heron",-1.34136356437386,1.34773409044393,4.03683174526172,-3.69058795653429,0.901812048091421,5.49421205271713,-1.92012236350676,0.412084656710851,2.74429167692846,-1.81335125789451,0.413820308995723,2.64099187588596,-1.73129645113597,0.475663179562194,2.68262281026036,-1.67575306810272,0.536780320894021,2.74931370989076,-1.71378287323998,0.542543623519076,2.79887012027814,-1.92187380772074,0.363686163068671,2.64924613385809,-2.18871845075248,0.0840907228713572,2.35689989649519,-1.97765055940277,0.654636185777778,3.28692293095833
"White-bellied Heron",NA,NA,NA,NA,NA,NA,NA,NA,NA,NA,NA,NA,NA,NA,NA,NA,NA,NA,NA,NA,NA,NA,NA,NA,NA,NA,NA,NA,NA,NA
"Goliath Heron",NA,NA,NA,NA,NA,NA,NA,NA,NA,NA,NA,NA,NA,NA,NA,NA,NA,NA,NA,NA,NA,NA,NA,NA,NA,NA,NA,NA,NA,NA
"Glossy Ibis",NA,NA,NA,NA,NA,NA,NA,NA,NA,NA,NA,NA,NA,NA,NA,NA,NA,NA,NA,NA,NA,NA,NA,NA,NA,NA,NA,NA,NA,NA
"Black-headed Ibis",-0.0576313814915212,2.39335805146016,4.84434748441185,-0.151281737645501,4.08169413741192,8.31467001246933,-0.498638099587523,1.56244887262626,3.62353584484005,-0.269044948789178,1.74255843598677,3.75416182076271,-0.238276720138733,1.75118116814011,3.74063905641896,-0.175064902901544,1.81564925404995,3.80636341100144,-0.128966533717573,1.90819767857118,3.94536189085994,-0.425671344733196,1.63826824448486,3.70220783370292,-0.790925630730499,1.27472651252832,3.34037865578714,-0.496798400647342,1.81968087374543,4.13616014813819
"Red-naped Ibis",-0.449703565341306,1.23230211559413,2.91430779652957,-2.07507999337098,0.881930973920638,3.83894194121226,-0.889805412070721,0.617756501265733,2.12531841460219,-0.739124872162023,0.728587144422677,2.19629916100738,-0.735050948121136,0.718096795979316,2.17124454007977,-0.739145220209836,0.702944809342439,2.14503483889471,-0.636592688221387,0.818298331719704,2.2731893516608,-0.734809731399759,0.781237463449658,2.29728465829907,-0.980782462659921,0.533138569515225,2.04705960169037,-1.16113260519062,0.477281935769615,2.11569647672985
"Eurasian Spoonbill",-6.35261500094777,-4.76847584417811,-3.18433668740845,-10.3578902717199,-7.43799124504497,-4.51809221837002,-5.75754741549155,-4.29514823752105,-2.83274905955056,-5.62303073249888,-4.18474772711318,-2.74646472172747,-5.65565930641041,-4.30479314167937,-2.95392697694833,-5.46378315827,-4.13039455421123,-2.79700595015245,-5.56657915204765,-4.18169413195854,-2.79680911186943,-5.50091240913859,-4.04654221180784,-2.59217201447709,-6.39915073558049,-5.03253959474014,-3.66592845389979,-6.20250166728378,-4.6423204274731,-3.08213918766242
"Osprey",-6.36234489362285,-4.84800377131279,-3.33366264900273,-11.0375546878166,-8.25491461416103,-5.47227454050547,-5.59474844521543,-4.14346448980143,-2.69218053438742,-5.544987046754,-4.12477517976834,-2.70456331278269,-5.58256819681783,-4.23612416055535,-2.88968012429286,-5.5971562155293,-4.25115316145548,-2.90515010738166,-5.52759374787046,-4.17182193853606,-2.81605012920165,-5.52383610149846,-4.11381258067419,-2.70378905984993,-5.89401048939326,-4.4096952764131,-2.92538006343293,-5.83072530243387,-4.16023548893537,-2.48974567543687
"Black-winged Kite",-4.84123325217291,-4.05501942985976,-3.26880560754661,-8.69947398276329,-7.33549645658459,-5.9715189304059,-4.67796207243044,-3.99931488311661,-3.32066769380279,-4.56291871014485,-3.88488177172741,-3.20684483330996,-4.52614118887739,-3.88298813372305,-3.2398350785687,-4.59772547239321,-3.95020254418091,-3.30267961596861,-4.6764770416441,-4.02491897770441,-3.37336091376473,-4.58293653816072,-3.88598962181157,-3.18904270546241,-4.48925617346487,-3.7744201638738,-3.05958415428273,-4.4859046732573,-3.65794978072152,-2.82999488818574
"Bearded Vulture",-8.9144322876868,-3.35511288780072,2.20420651208537,-16.5210547556685,-7.11330978245384,2.2944351907608,-8.01891730378485,-3.01809834179192,1.98272062020101,-8.13338361691321,-3.6934730452956,0.746437526322006,-8.01619078783444,-3.60908375486143,0.798023278111591,-7.82408948152687,-3.45085520490898,0.922379071708916,-7.87063773335381,-3.31917712233863,1.23228348867655,-8.21306829616874,-3.56976620821415,1.07353587974043,-8.71384496041029,-3.97389447202632,0.766056016357644,-9.27718081562984,-4.50724480678956,0.262691202050721
"Egyptian Vulture",-5.94075903651084,-3.9457351893805,-1.95071134225015,-12.3556264232948,-8.94865096532812,-5.54167550736143,-6.36374457925825,-4.66525300408201,-2.96676142890576,-6.12555292010572,-4.42341624484371,-2.7212795695817,-6.0735740684825,-4.40705888496797,-2.74054370145343,-6.08031569133538,-4.4302079097264,-2.78010012811742,-6.14168737266992,-4.48582483194475,-2.82996229121957,-6.1836285144475,-4.47849383204451,-2.77335914964151,-6.26714460178809,-4.3973283863312,-2.5275121708743,-6.3650353698973,-4.29574886629405,-2.2264623626908
"European Honey-buzzard",NA,NA,NA,NA,NA,NA,NA,NA,NA,NA,NA,NA,NA,NA,NA,NA,NA,NA,NA,NA,NA,NA,NA,NA,NA,NA,NA,NA,NA,NA
"Oriental Honey-buzzard",-1.71750947763312,-0.76601163241994,0.185486212793237,-3.52566981507571,-1.84967093808872,-0.173672061101733,-1.68946513286621,-0.811369849162642,0.0667254345409275,-1.61944270744295,-0.756024159850915,0.107394387741116,-1.53733351246338,-0.690197283616061,0.156938945231254,-1.60307607156462,-0.769163509644992,0.0647490522746403,-1.6427391827922,-0.800870663275406,0.0409978562413847,-1.71414314864955,-0.865628691993772,-0.0171142353379955,-1.34380187644316,-0.420359737563978,0.503082401315203,-1.30713192660366,-0.284452241299309,0.738227444005042
"Jerdon's Baza",-8.87991781985114,-2.97535339997199,2.92921101990716,-16.7833892751997,-7.01156072422087,2.76026782675797,-8.82518354792737,-4.46949267405449,-0.113801800181609,-8.45807050894882,-3.75070725388903,0.956656001170761,-8.3545955271783,-3.91907319360774,0.516449139962818,-8.16038350229748,-3.76485723303836,0.630669036220766,-8.3963594889014,-3.92445072737521,0.54745803415097,-8.69664092523604,-4.18398506232026,0.328670800595527,-8.63850823697232,-3.57902320856626,1.4804618198398,-9.64239062923874,-4.74712167954369,0.148147270151357
"Black Baza",-7.66953822323539,-0.301980647580863,7.06557692807367,-15.0296803678575,-0.927313672709154,13.1750530224392,-7.26928401017417,0.405556420465334,8.08039685110484,-7.04341444187122,-0.227807318220634,6.58779980542995,-6.98147016217423,-0.316585523518267,6.3482991151377,-6.91157043854966,-0.233051323613535,6.44546779132259,-7.03941769075239,-0.333639338300539,6.37213901415131,-7.39617125187329,-0.666323046154769,6.06352515956375,-7.34279463612705,0.419578472611861,8.18195158135077,-8.21234721285427,-0.511259764950744,7.18982768295278
"Red-headed Vulture",-7.93451299185073,-4.70661670660039,-1.47872042135006,-15.6170263928071,-10.082183547082,-4.54734070135685,-7.76591355843382,-4.98906403294591,-2.212214507458,-7.58964903267695,-4.92672658829815,-2.26380414391936,-7.60002190382387,-4.94238095417636,-2.28474000452886,-7.36062232773955,-4.77032442058411,-2.18002651342868,-7.6733871411289,-5.04340695276111,-2.41342676439333,-7.51089399704031,-4.73604133894237,-1.96118868084442,-7.77684923872238,-4.85177345774655,-1.92669767677072,-8.53945946084689,-5.57396232352635,-2.60846518620581
"Cinereous Vulture",-5.76603815859188,1.08769450575072,7.94142717009332,-12.8540689946098,0.43719087325505,13.7284507411199,-6.01885962194694,0.540332151289752,7.09952392452644,-5.87556858622259,0.661245631753644,7.19805984972988,-5.75381682393308,0.362088616918549,6.47799405777018,-5.6246771623492,0.441538698189548,6.50775455872829,-5.60447089715958,0.635904426186205,6.87627974953199,-5.93983099451406,0.45811150198729,6.85605399848864,-6.35538510518888,0.357842631827677,7.07107036884423,-6.98513288349731,-0.526405381576511,5.93232212034428
"White-rumped Vulture",-4.84273711124885,-1.76577427412673,1.3111885629954,-11.1901931259913,-6.17520637813803,-1.16021963028474,-5.93071494942674,-3.46726459749204,-1.00381424555735,-5.47470953385556,-2.83889103363934,-0.203072533423109,-5.481931383892,-2.975605895383,-0.469280406874012,-5.41697727203666,-2.92815210657091,-0.43932694110516,-5.35224425528108,-2.81093057558628,-0.269616895891475,-5.82822991205134,-3.38228966430869,-0.936349416566037,-5.555240237089,-2.77527004210551,0.00470015287798109,-6.31271766058173,-3.33391435618949,-0.35511105179725
"Indian Vulture",-9.5156769579567,-7.35062705400551,-5.18557715005432,-17.5934479232052,-13.8587143925684,-10.1239808619316,-9.27186022920399,-7.493708771246,-5.71555731328801,-9.09428036659443,-7.35609489923218,-5.61790943186993,-9.05292867994946,-7.32404150879,-5.59515433763054,-8.88853183166221,-7.17996293789048,-5.47139404411874,-8.93424749500373,-7.15922016569326,-5.38419283638279,-9.1047032163972,-7.29363711367404,-5.48257101095089,-9.24826622691768,-7.29683581155164,-5.3454053961856,-10.1672433227843,-8.19940147181446,-6.23155962084464
"Slender-billed Vulture",NA,NA,NA,NA,NA,NA,NA,NA,NA,NA,NA,NA,NA,NA,NA,NA,NA,NA,NA,NA,NA,NA,NA,NA,NA,NA,NA,NA,NA,NA
"Himalayan Griffon",-5.40503430570593,-2.11772510939023,1.16958408692547,-9.53632791166439,-3.27363851784418,2.98905087597604,-4.88196947279532,-1.7622501364901,1.35746919981513,-4.85020459852576,-1.85353044714449,1.14314370423677,-4.75934881000338,-1.74228501977882,1.27477877044574,-4.77745538635613,-1.8023022135339,1.17285095928833,-4.74577916984857,-1.78707671056952,1.17162574870953,-4.82633453576907,-1.77994252109756,1.26644949357395,-4.95582684724621,-1.65763788696956,1.64055107330709,-5.20049996061237,-1.60165626064968,1.997187439313
"Eurasian Griffon",-10.0865375283678,-3.25051545941402,3.58550660953973,-19.2634814005268,-8.16315110015982,2.93717920020718,-9.71838497749021,-4.71752312698586,0.283338723518496,-9.44647628303322,-4.27789407298602,0.890688137061174,-9.3192163897441,-4.32561657635437,0.667983237035372,-9.34919513625845,-4.3019831472709,0.745228841716645,-9.48707215605717,-4.46290569658897,0.561260762879235,-9.53604845590966,-4.44716074180495,0.641726972299757,-9.90408087186235,-4.23424616052371,1.43558855081493,-10.7213208067568,-4.48193524640092,1.75745031395497
"Nicobar Serpent-Eagle",NA,NA,NA,NA,NA,NA,NA,NA,NA,NA,NA,NA,NA,NA,NA,NA,NA,NA,NA,NA,NA,NA,NA,NA,NA,NA,NA,NA,NA,NA
"Crested Serpent-Eagle",-2.27700178041044,-0.819687781190359,0.637626218029727,-5.72143656498349,-3.1937647552116,-0.666092945439716,-2.77267933822752,-1.4960314971361,-0.21938365604468,-2.60782811634522,-1.35421029109621,-0.100592465847187,-2.58277923559495,-1.34479999150232,-0.106820747409693,-2.56650736881847,-1.33753847764456,-0.108569586470657,-2.64168800652612,-1.39452189628834,-0.147355786050554,-2.7277100400914,-1.47407184216791,-0.220433644244419,-2.58003938562588,-1.23338421330927,0.113270959007347,-2.76363164977709,-1.35074650591552,0.062138637946042
"Andaman Serpent-Eagle",-8.83462865753876,-4.9148393902859,-0.99505012303304,-17.3416574766515,-9.34757868887819,-1.35349990110492,-8.68222968487717,-4.75704156239819,-0.831853439919197,-8.57846463122621,-4.88079043708456,-1.18311624294291,-8.47691605854169,-4.88618688926792,-1.29545771999415,-8.30482481216547,-4.7887411956001,-1.27265757903472,-8.23518051655237,-4.59950545109099,-0.963830385629613,-8.38220856569093,-4.58090343419024,-0.779598302689555,-9.06161954162676,-5.2741147880644,-1.48661003450205,-9.74358726463609,-5.7576305088513,-1.7716737530665
"Short-toed Snake-Eagle",-6.2891717634143,-5.08861320739617,-3.88805465137804,-11.0530687131819,-8.9301980727706,-6.80732743235931,-6.03806890005303,-5.02293842589571,-4.00780795173838,-5.79736787669336,-4.75570050018861,-3.71403312368386,-5.78942047514304,-4.77200778130935,-3.75459508747567,-5.80239603182289,-4.79671655068685,-3.79103706955081,-5.84933481754264,-4.83480161666868,-3.82026841579473,-5.76579974747226,-4.70799369236178,-3.6501876372513,-5.91104103084294,-4.82403812160897,-3.73703521237499,-5.88955187483223,-4.62814112911293,-3.36673038339364
"Legge's Hawk-Eagle",NA,NA,NA,NA,NA,NA,NA,NA,NA,NA,NA,NA,NA,NA,NA,NA,NA,NA,NA,NA,NA,NA,NA,NA,NA,NA,NA,NA,NA,NA
"Mountain Hawk-Eagle",-6.24330167677883,-1.69033406809164,2.86263354059554,-9.81459130822892,-0.773325140723779,8.26794102678136,-5.18497779213637,-1.08523583119599,3.0145061297444,-5.05580202129945,-1.0052049925219,3.04539203625566,-5.00325941205416,-1.13812753882954,2.72700433439509,-5.03941526869346,-1.11076762955533,2.81788000958279,-5.08520768510586,-1.11382736478596,2.85755295553394,-5.12128355225346,-1.0502373188231,3.02080891460726,-5.50443627370056,-1.30208266939123,2.90027093491811,-5.51505474453468,-0.747227251667483,4.02060024119971
"Changeable Hawk-Eagle",-2.1848093001408,-0.037265992921736,2.11027731429732,-4.39313210051272,-0.529958269572809,3.3332155613671,-2.09418829789625,-0.0589531807115347,1.97628193647318,-1.98903209918595,-0.0639354182237631,1.86116126273842,-1.97818081508841,-0.0972897316774898,1.78360135173343,-1.97134888262379,-0.0965234824456636,1.77830191773246,-2.05657634067524,-0.179290499222323,1.6979953422306,-2.03908275236228,-0.0963091571069268,1.84646443814843,-2.03389123317381,0.0422880334645096,2.11846730010283,-2.18527549798538,-0.0082391882885354,2.16879712140831
"Rufous-bellied Eagle",-3.41206505764235,1.06964854150357,5.55136214064948,-9.56251944931579,-1.84528504444917,5.87194936041746,-4.78780520276978,-1.24936965554309,2.28906589168359,-4.44948705466734,-0.790991154982704,2.86750474470194,-4.30092516029756,-0.679938448497551,2.94104826330246,-4.20013072571123,-0.613930209896887,2.97227030591745,-4.54611426929789,-0.963328218908403,2.61945783148109,-4.72327962225852,-1.20233161109598,2.31861640006657,-4.43172147638078,-0.399749351606562,3.63222277316766,-4.74017488324446,-0.352851200543179,4.0344724821581
"Black Eagle",-3.74920211911964,-1.4265013987442,0.896199321631237,-6.86974937720896,-2.611964826418,1.64581972437296,-4.04962683417679,-2.10171356331786,-0.15380029245893,-3.82365533629087,-1.8599109172646,0.103833501761677,-3.70832575891483,-1.75835270107776,0.191620356759317,-3.70638227508198,-1.75791490629697,0.190552462488031,-3.94690510635687,-2.02437005421478,-0.101835002072692,-3.6428775453601,-1.5817695410001,0.479338463359902,-3.85577813376482,-1.73717694156272,0.381424250639373,-4.02904654143792,-1.69681768981559,0.635411161806735
"Indian Spotted Eagle",-5.3233611887518,-2.61585715951559,0.091646869720619,-10.6996208639909,-6.01812742602701,-1.33663398806308,-5.27213790896614,-2.89723359589869,-0.522329282831242,-5.03980602414365,-2.65177245337892,-0.263738882614196,-4.98132853154065,-2.61407198342876,-0.246815435316878,-4.98925981649903,-2.66881744669364,-0.348375076888247,-4.94925081186689,-2.60896711356693,-0.268683415266962,-5.15711022576978,-2.74665480859314,-0.336199391416496,-5.03365993440102,-2.40725083787752,0.219158258645969,-5.36698504609401,-2.57527123699059,0.216442572112819
"Greater Spotted Eagle",-3.00364020384829,-0.740446182456979,1.52274783893433,-4.44288732380815,0.094660538851907,4.63220840151197,-2.65637125786162,-0.537278074381987,1.58181510909764,-2.46503417110861,-0.346147431305757,1.7727393084971,-2.37103535264771,-0.286617678171573,1.79779999630457,-2.30451491016417,-0.282338978481097,1.73983695320198,-2.35218177846831,-0.295137679021618,1.76190642042507,-2.6478554149742,-0.578397537385485,1.49106034020323,-2.63535804823923,-0.448455466237405,1.73844711576442,-2.70134598144064,-0.179880998079459,2.34158398528172
"Booted Eagle",-4.11686155705335,-2.72968652943138,-1.34251150180941,-6.51311119624298,-3.88756544402543,-1.26201969180788,-3.51347589746943,-2.2085112113464,-0.903546525223361,-3.3619512937066,-2.08367680380498,-0.805402313903351,-3.37128045242267,-2.11375045067854,-0.856220448934403,-3.41639256086971,-2.17711691115243,-0.937841261435146,-3.36541959001271,-2.11150414927333,-0.85758870853396,-3.43066221649801,-2.12937905547875,-0.828095894459479,-3.18366899906216,-1.79103049360717,-0.398391988152193,-3.6259795176957,-2.16382581858636,-0.701672119477024
"Tawny Eagle",-10.0948219829312,-6.66113717453144,-3.22745236613172,-15.6015833946046,-8.68691340470771,-1.77224341481085,-8.66603440401524,-5.47458784162328,-2.28314127923133,-8.52481528775126,-5.47096225622032,-2.41710922468939,-8.50278785930718,-5.42211000375501,-2.34143214820284,-8.35510578753508,-5.33735789515154,-2.31961000276801,-8.29128522664516,-5.16020405010646,-2.02912287356776,-8.90540035963923,-5.94484550435831,-2.98429064907739,-8.81054308848382,-5.60233380016403,-2.39412451184424,-8.94932978136215,-4.90597672610216,-0.862623670842164
"Steppe Eagle",-13.3855358762669,-0.449007635142769,12.4875206059814,-29.8994607826593,-0.699174545213905,28.5011116922315,-12.8783984234115,-0.507238956841844,11.8639205097278,-14.1187847313287,-0.538915223759928,13.0409542838088,-12.1921372954805,-0.344120563738665,11.5038961680032,-12.0045083802174,-0.499306093870401,11.0058961924766,-12.4890247950849,-0.549767935330853,11.3894889244232,-12.5049441856854,-0.818525069348224,10.867894046989,-12.6100592169732,-0.481472512890752,11.6471141911917,-14.9303701559958,0.601246456784245,16.1328630695643
"Imperial Eagle",-6.13587898966794,-0.332635960344176,5.47060706897959,-10.470735521559,1.17486402811888,12.8204635777967,-5.33018091912011,0.0167255397074025,5.36363199853491,-4.96863230919047,0.838802701582173,6.64623771235481,-4.96643429390701,0.638170987635141,6.24277626917729,-5.02336202909375,0.429627719476526,5.8826174680468,-4.79878781036523,0.671154364362359,6.14109653908995,-5.204616533221,0.335694946211233,5.87600642564347,-5.25593344989619,0.524482063797167,6.30489757749053,-5.4136952085796,1.53488599709475,8.48346720276911
"Golden Eagle",-8.99973186595953,-4.47551963726598,0.0486925914275638,-18.8382803230519,-12.2671030010933,-5.6959256791347,-9.18165050080433,-5.27407110812838,-1.36649171545242,-9.08540650083971,-5.57646855306453,-2.06753060528935,-8.99377520542053,-5.53959339530738,-2.08541158519422,-8.87842974028024,-5.44952295734842,-2.0206161744166,-8.87781678310481,-5.32551348902685,-1.77321019494888,-9.27582276243997,-5.70288907838529,-2.12995539433061,-9.65471328848395,-6.06144349016351,-2.46817369184308,-10.0561349262925,-5.69354825694018,-1.33096158758783
"Bonelli's Eagle",-4.35958107281158,-2.73518645118743,-1.11079182956328,-7.90330844606077,-4.96322772032899,-2.02314699459722,-4.11267160462892,-2.66452731212536,-1.2163830196218,-3.90092197676585,-2.43445613037954,-0.967990283993233,-3.88500199638673,-2.45178814461405,-1.01857429284136,-3.94662195989151,-2.53914160326082,-1.13166124663013,-3.97481256416139,-2.57335068576651,-1.17188880737162,-3.88956273610421,-2.43926113846325,-0.988959540822287,-3.83711667819233,-2.26068925214185,-0.684261826091368,-3.84457058057171,-2.07465605774624,-0.304741534920774
"White-eyed Buzzard",-5.76732995861863,-4.54878365173961,-3.33023734486058,-10.3261722867151,-8.12458762914552,-5.92300297157593,-5.44958139323396,-4.35611856239718,-3.26265573156041,-5.26392626393863,-4.14470898872503,-3.02549171351142,-5.27483317129262,-4.21537262248993,-3.15591207368724,-5.29914189444966,-4.22513950928924,-3.15113712412882,-5.46078862187286,-4.43723311737462,-3.41367761287639,-5.40621479441007,-4.30017608687543,-3.19413737934079,-5.28414668109891,-4.0947555830888,-2.9053644850787,-5.14274119341206,-3.8019597460432,-2.46117829867435
"Rufous-winged Buzzard",NA,NA,NA,NA,NA,NA,NA,NA,NA,NA,NA,NA,NA,NA,NA,NA,NA,NA,NA,NA,NA,NA,NA,NA,NA,NA,NA,NA,NA,NA
"Gray-faced Buzzard",NA,NA,NA,NA,NA,NA,NA,NA,NA,NA,NA,NA,NA,NA,NA,NA,NA,NA,NA,NA,NA,NA,NA,NA,NA,NA,NA,NA,NA,NA
"Western Marsh Harrier",-6.30732337055527,-4.53906517534782,-2.77080698014036,-11.6324743385801,-8.41988170721671,-5.2072890758533,-5.53954121588988,-3.82831627306202,-2.11709133023417,-5.56239383672638,-3.90959287539429,-2.2567919140622,-5.5903252567814,-3.98368555206059,-2.37704584733979,-5.51541742488775,-3.93603909307968,-2.35666076127162,-5.52834726933768,-3.93755729594793,-2.34676732255819,-5.67383963722036,-4.02283334844505,-2.37182705966975,-5.50104966820413,-3.69997462295541,-1.89889957770669,-6.01011994996573,-4.14852501937158,-2.28693008877742
"Eastern Marsh Harrier",NA,NA,NA,NA,NA,NA,NA,NA,NA,NA,NA,NA,NA,NA,NA,NA,NA,NA,NA,NA,NA,NA,NA,NA,NA,NA,NA,NA,NA,NA
"Hen Harrier",-8.61252535640812,-4.48775273952382,-0.362980122639518,-13.9226912837387,-3.94841366611458,6.0258639515095,-7.15756617144125,-2.56948376555034,2.01859864034057,-7.15479075705911,-2.87531969117116,1.40415137471678,-7.14227464576424,-2.88969240517535,1.36288983541354,-7.0193006663004,-2.90194552484581,1.21540961660878,-6.85921103693744,-2.63485756110866,1.58949591472012,-6.79669355788568,-2.35895381222498,2.07878593343573,-7.48813718311727,-3.05467060419396,1.37879597472935,-8.21069881412431,-3.7270212340591,0.756656346006118
"Pallid Harrier",-9.77335001008608,-5.84677301301447,-1.92019601594286,-16.6195360455871,-9.61195030690335,-2.60436456821961,-8.54810896077893,-4.94924023536643,-1.35037150995393,-8.42734231044765,-5.00269076896133,-1.57803922747501,-8.40224734914424,-5.02169263306488,-1.64113791698552,-8.41364717552386,-5.07264036218859,-1.73163354885332,-8.38419522215998,-5.06841359730472,-1.75263197244945,-8.56769635730461,-5.09923824246738,-1.63078012763015,-8.61612066791624,-4.65888565538558,-0.701650642854919,-9.06978736674062,-4.86833363940921,-0.666879912077806
"Pied Harrier",-6.1853995373615,0.0170672309119315,6.21953399918536,-15.3658294658797,-3.0469351201032,9.27195922567325,-7.52863871745294,-1.87569406926638,3.77725057892019,-7.19256656720123,-1.3428447090289,4.50687714914344,-7.06175831106787,-1.34196684010666,4.37782463085455,-7.05974849983643,-1.45379836182284,4.15215177619074,-6.6300605170193,-0.882651876667033,4.86475676368523,-7.34198025668888,-1.45617512129211,4.42963001410466,-7.56821777540348,-1.59706158142498,4.37409461255352,-8.34891495509731,-1.91559362738266,4.51772770033199
"Montagu's Harrier",-11.7378278677775,-4.90821482295416,1.92139822186921,-20.4613417798413,-6.37331863135554,7.71470451713021,-10.1664999295895,-3.61049907769908,2.94550177419135,-10.1870405074353,-3.82394069531915,2.53915911679697,-10.0446354738567,-3.86120575467023,2.32222396451619,-9.93386371465846,-3.84159345307043,2.2506768085176,-10.0568315702771,-3.88165284637025,2.29352587753659,-10.1981964879758,-3.77178185274889,2.65463278247796,-10.4530989883646,-3.53125947455506,3.3905800392545,-11.3491476163137,-4.24590672250125,2.85733417131115
"Crested Goshawk",-3.73416416893742,-0.109600572998168,3.51496302294108,-7.99044553543328,-1.35933780386871,5.27176992769585,-3.94083769161204,-0.684158419121272,2.57252085336949,-3.66897193228546,-0.529048485831541,2.61087496062238,-3.57638556470261,-0.369918976205142,2.83654761229233,-3.59199563257298,-0.464983412459407,2.66202880765416,-3.66125988850015,-0.498723682106881,2.66381252428639,-3.80103525565562,-0.523382240932223,2.75427077379117,-3.59903709564291,-0.255904120843885,3.08722885395514,-4.02936474477734,-0.208023085979044,3.61331857281925
"Shikra",-1.43729048923171,-0.752529611427411,-0.0677687336231081,-2.87950873793063,-1.64372960159978,-0.407950465268924,-1.38095919585361,-0.764413068495606,-0.147866941137605,-1.40856894172015,-0.811562065653855,-0.214555189587559,-1.37268104022506,-0.781132543766138,-0.189584047307218,-1.38129640308833,-0.795792744903636,-0.210289086718941,-1.38539166317453,-0.793562389210887,-0.201733115247242,-1.40407284484128,-0.798913063052856,-0.193753281264432,-1.40850476996682,-0.764950111432584,-0.121395452898344,-1.39084099185704,-0.683552535074983,0.0237359217070767
"Nicobar Sparrowhawk",NA,NA,NA,NA,NA,NA,NA,NA,NA,NA,NA,NA,NA,NA,NA,NA,NA,NA,NA,NA,NA,NA,NA,NA,NA,NA,NA,NA,NA,NA
"Levant Sparrowhawk",NA,NA,NA,NA,NA,NA,NA,NA,NA,NA,NA,NA,NA,NA,NA,NA,NA,NA,NA,NA,NA,NA,NA,NA,NA,NA,NA,NA,NA,NA
"Chinese Sparrowhawk",NA,NA,NA,NA,NA,NA,NA,NA,NA,NA,NA,NA,NA,NA,NA,NA,NA,NA,NA,NA,NA,NA,NA,NA,NA,NA,NA,NA,NA,NA
"Japanese Sparrowhawk",NA,NA,NA,NA,NA,NA,NA,NA,NA,NA,NA,NA,NA,NA,NA,NA,NA,NA,NA,NA,NA,NA,NA,NA,NA,NA,NA,NA,NA,NA
"Besra",NA,NA,NA,NA,NA,NA,NA,NA,NA,NA,NA,NA,NA,NA,NA,NA,NA,NA,NA,NA,NA,NA,NA,NA,NA,NA,NA,NA,NA,NA
"Eurasian Sparrowhawk",-4.84567659643553,-1.82406964023768,1.19753731596017,-7.8185981188846,-2.42459066580093,2.96941678728275,-4.31496342640008,-1.5821011680405,1.15076109031909,-4.13818694700401,-1.5043845444635,1.129417858077,-4.03868896412493,-1.38556385966402,1.26756124479688,-4.17283709634263,-1.57930895555816,1.01421918522631,-3.99300556777041,-1.34045875957592,1.31208804861857,-4.29199795671019,-1.62279214755908,1.04641366159204,-4.07247519510376,-1.14293160845792,1.78661197818792,-3.95261110869036,-0.605827146656596,2.74095681537717
"Eurasian Goshawk",NA,NA,NA,NA,NA,NA,NA,NA,NA,NA,NA,NA,NA,NA,NA,NA,NA,NA,NA,NA,NA,NA,NA,NA,NA,NA,NA,NA,NA,NA
"Red Kite",NA,NA,NA,NA,NA,NA,NA,NA,NA,NA,NA,NA,NA,NA,NA,NA,NA,NA,NA,NA,NA,NA,NA,NA,NA,NA,NA,NA,NA,NA
"Black Kite",-2.44508212019177,-1.54539997479517,-0.645717829398582,-5.43167488956327,-3.85740829480987,-2.28314170005647,-2.57238803734932,-1.7723494446029,-0.972310851856475,-2.55183373652999,-1.77409833603538,-0.996362935540777,-2.55901970930024,-1.79536385801362,-1.031708006727,-2.51311219219562,-1.75957089616741,-1.00602960013921,-2.52174007480801,-1.75164198417799,-0.981543893547968,-2.63034991657544,-1.84951210414202,-1.06867429170861,-2.67256491336803,-1.82546941902788,-0.978373924687738,-2.81551633055124,-1.94186223859874,-1.06820814664623
"Brahminy Kite",-1.94462671505809,1.00979510631384,3.96421692768577,-4.93989174856865,-0.127907395851095,4.68407695686646,-2.27149411116728,0.221604537897338,2.71470318696195,-2.11159710139643,0.325583308361428,2.76276371811929,-2.05508784456747,0.370435798441761,2.79595944145099,-2.05024824907102,0.351734085347704,2.75371641976643,-2.11880036012463,0.280375152616756,2.67955066535814,-2.15557665909414,0.319780921190948,2.79513850147604,-2.17367533918137,0.473115839394277,3.11990701796993,-2.59933322431874,0.26628392394498,3.1319010722087
"Pallas's Fish-Eagle",-9.0143303754189,-2.04072634660909,4.93287768220072,-19.4544827264393,-8.31365042893984,2.82718186855961,-9.28148616786676,-3.0337599846608,3.21396619854515,-9.10817740155411,-3.571968557178,1.96424028719811,-9.03822890086856,-3.45109263594155,2.13604362898547,-8.83179043747563,-3.33519684829906,2.16139674087752,-8.84884544696792,-3.19944555549664,2.44995433597465,-9.49397110991165,-4.01439323231131,1.46518464528903,-9.77408040199297,-3.72497979317581,2.32412081564135,-10.209498854463,-3.44610746382389,3.31728392681525
"White-tailed Eagle",NA,NA,NA,NA,NA,NA,NA,NA,NA,NA,NA,NA,NA,NA,NA,NA,NA,NA,NA,NA,NA,NA,NA,NA,NA,NA,NA,NA,NA,NA
"White-bellied Sea-Eagle",-7.56605344417073,-0.495876748289202,6.57429994759233,-13.961090395253,-2.4136857990739,9.13371879710517,-6.80120678380602,-0.959561632124762,4.88208351955649,-6.64315945326943,-0.916325871796638,4.81050770967616,-6.60579394730591,-0.880229870013458,4.84533420727899,-6.5758025006716,-0.937735606529246,4.70033128761311,-6.68223726474744,-0.996694880034523,4.68884750467839,-6.76524421262594,-0.875466603452481,5.01431100572097,-7.06336963315785,-0.571768713425819,5.91983220630621,-7.54584437355417,-0.997448600193315,5.55094717316755
"Lesser Fish-Eagle",-5.26581854823764,-0.149253752753238,4.96731104273117,-12.7462746805415,-4.40494260139158,3.93638947775834,-6.4418634562913,-2.38470625858839,1.67245093911452,-6.13331005425185,-2.13486010087009,1.86358985251167,-6.01054827151246,-1.9745445594812,2.06145915255006,-5.84980860770761,-1.88708512512336,2.0756383574609,-5.86309365091696,-1.79792552657384,2.26724259776929,-6.65794128780595,-2.83874534798581,0.980450591834338,-6.73234399850518,-2.51762717990211,1.69708963870097,-6.49387581865482,-1.23844820271896,4.0169794132169
"Gray-headed Fish-Eagle",-6.8614177088551,-1.22462198581328,4.41217373722853,-13.6710013680481,-4.50417189688962,4.66265757426885,-6.46502332960706,-1.59360814667516,3.27780703625673,-6.52249953518741,-2.03776618518446,2.4469671648185,-6.37356285578907,-1.98862264433136,2.39631756712634,-6.3999472315723,-1.93437700894194,2.53119321368842,-6.52400928211367,-2.01684791647132,2.49031344917103,-6.76546026087533,-2.27467996093194,2.21610033901146,-6.97673146642145,-2.28149433362988,2.41374279916169,-6.88502643387711,-1.19461534976803,4.49579573434105
"Rough-legged Hawk",NA,NA,NA,NA,NA,NA,NA,NA,NA,NA,NA,NA,NA,NA,NA,NA,NA,NA,NA,NA,NA,NA,NA,NA,NA,NA,NA,NA,NA,NA
"Common Buzzard",-6.01310329612282,-2.62826410827225,0.75657507957832,-9.57293657225579,-2.68656247368166,4.19981162489248,-4.43260911616759,-0.810432943678355,2.81174322881088,-4.7477332581149,-1.41472591884725,1.91828142042041,-4.71828273280098,-1.50271293058685,1.71285687162729,-4.76322162747748,-1.53993807783611,1.68334547180526,-4.70255681871453,-1.43915431393719,1.82424819084016,-4.9625230889223,-1.56242922612096,1.83766463668039,-4.55273365062538,-0.864747848175783,2.82323795427381,-5.21966978414637,-1.61571754281499,1.98823469851639
"Himalayan Buzzard",NA,NA,NA,NA,NA,NA,NA,NA,NA,NA,NA,NA,NA,NA,NA,NA,NA,NA,NA,NA,NA,NA,NA,NA,NA,NA,NA,NA,NA,NA
"Long-legged Buzzard",-11.1546809677112,-7.75915591479961,-4.36363086188798,-18.9824532142112,-13.0035540968242,-7.02465497943725,-9.42662553719873,-5.87956578633659,-2.33250603547444,-9.46368403114678,-5.9626101027892,-2.46153617443161,-9.44420074225409,-6.22842165507728,-3.01264256790046,-9.37621482377663,-6.22244205345812,-3.0686692831396,-9.41247496825919,-6.31203009655326,-3.21158522484732,-9.44773426661065,-6.06743237717444,-2.68713048773824,-9.65134761442993,-5.91943802713299,-2.18752843983606,-10.1914806883219,-5.90005807239431,-1.60863545646669
"Upland Buzzard",NA,NA,NA,NA,NA,NA,NA,NA,NA,NA,NA,NA,NA,NA,NA,NA,NA,NA,NA,NA,NA,NA,NA,NA,NA,NA,NA,NA,NA,NA
"Australasian Grass-Owl",NA,NA,NA,NA,NA,NA,NA,NA,NA,NA,NA,NA,NA,NA,NA,NA,NA,NA,NA,NA,NA,NA,NA,NA,NA,NA,NA,NA,NA,NA
"Eastern Barn Owl",NA,NA,NA,NA,NA,NA,NA,NA,NA,NA,NA,NA,NA,NA,NA,NA,NA,NA,NA,NA,NA,NA,NA,NA,NA,NA,NA,NA,NA,NA
"Andaman Masked-Owl",NA,NA,NA,NA,NA,NA,NA,NA,NA,NA,NA,NA,NA,NA,NA,NA,NA,NA,NA,NA,NA,NA,NA,NA,NA,NA,NA,NA,NA,NA
"Oriental Bay-Owl",NA,NA,NA,NA,NA,NA,NA,NA,NA,NA,NA,NA,NA,NA,NA,NA,NA,NA,NA,NA,NA,NA,NA,NA,NA,NA,NA,NA,NA,NA
"Sri Lanka Bay-Owl",NA,NA,NA,NA,NA,NA,NA,NA,NA,NA,NA,NA,NA,NA,NA,NA,NA,NA,NA,NA,NA,NA,NA,NA,NA,NA,NA,NA,NA,NA
"Andaman Scops-Owl",NA,NA,NA,NA,NA,NA,NA,NA,NA,NA,NA,NA,NA,NA,NA,NA,NA,NA,NA,NA,NA,NA,NA,NA,NA,NA,NA,NA,NA,NA
"Mountain Scops-Owl",NA,NA,NA,NA,NA,NA,NA,NA,NA,NA,NA,NA,NA,NA,NA,NA,NA,NA,NA,NA,NA,NA,NA,NA,NA,NA,NA,NA,NA,NA
"Indian Scops-Owl",NA,NA,NA,NA,NA,NA,NA,NA,NA,NA,NA,NA,NA,NA,NA,NA,NA,NA,NA,NA,NA,NA,NA,NA,NA,NA,NA,NA,NA,NA
"Collared Scops-Owl",NA,NA,NA,NA,NA,NA,NA,NA,NA,NA,NA,NA,NA,NA,NA,NA,NA,NA,NA,NA,NA,NA,NA,NA,NA,NA,NA,NA,NA,NA
"Nicobar Scops-Owl",NA,NA,NA,NA,NA,NA,NA,NA,NA,NA,NA,NA,NA,NA,NA,NA,NA,NA,NA,NA,NA,NA,NA,NA,NA,NA,NA,NA,NA,NA
"Eurasian Scops-Owl",NA,NA,NA,NA,NA,NA,NA,NA,NA,NA,NA,NA,NA,NA,NA,NA,NA,NA,NA,NA,NA,NA,NA,NA,NA,NA,NA,NA,NA,NA
"Pallid Scops-Owl",NA,NA,NA,NA,NA,NA,NA,NA,NA,NA,NA,NA,NA,NA,NA,NA,NA,NA,NA,NA,NA,NA,NA,NA,NA,NA,NA,NA,NA,NA
"Oriental Scops-Owl",NA,NA,NA,NA,NA,NA,NA,NA,NA,NA,NA,NA,NA,NA,NA,NA,NA,NA,NA,NA,NA,NA,NA,NA,NA,NA,NA,NA,NA,NA
"Rock Eagle-Owl",NA,NA,NA,NA,NA,NA,NA,NA,NA,NA,NA,NA,NA,NA,NA,NA,NA,NA,NA,NA,NA,NA,NA,NA,NA,NA,NA,NA,NA,NA
"Eurasian Eagle-Owl",NA,NA,NA,NA,NA,NA,NA,NA,NA,NA,NA,NA,NA,NA,NA,NA,NA,NA,NA,NA,NA,NA,NA,NA,NA,NA,NA,NA,NA,NA
"Buffy Fish-Owl",NA,NA,NA,NA,NA,NA,NA,NA,NA,NA,NA,NA,NA,NA,NA,NA,NA,NA,NA,NA,NA,NA,NA,NA,NA,NA,NA,NA,NA,NA
"Brown Fish-Owl",-5.49177835272973,-3.6948202538214,-1.89786215491306,-9.67622940476861,-6.24037670040585,-2.80452399604308,-5.25965175091144,-3.59479663676889,-1.92994152262634,-5.22602511811797,-3.70099472892663,-2.1759643397353,-5.08934301729845,-3.50093852587876,-1.91253403445906,-5.09557121746877,-3.53501496602979,-1.97445871459081,-5.21553087427987,-3.67642570647432,-2.13732053866876,-5.04748512514548,-3.39940976880479,-1.75133441246409,-5.16674515061632,-3.38733220669602,-1.60791926277571,-5.39950265823118,-3.53379603955997,-1.66808942088876
"Tawny Fish-Owl",NA,NA,NA,NA,NA,NA,NA,NA,NA,NA,NA,NA,NA,NA,NA,NA,NA,NA,NA,NA,NA,NA,NA,NA,NA,NA,NA,NA,NA,NA
"Dusky Eagle-Owl",NA,NA,NA,NA,NA,NA,NA,NA,NA,NA,NA,NA,NA,NA,NA,NA,NA,NA,NA,NA,NA,NA,NA,NA,NA,NA,NA,NA,NA,NA
"Spot-bellied Eagle-Owl",NA,NA,NA,NA,NA,NA,NA,NA,NA,NA,NA,NA,NA,NA,NA,NA,NA,NA,NA,NA,NA,NA,NA,NA,NA,NA,NA,NA,NA,NA
"Asian Barred Owlet",-2.77045855452279,-0.135679153096093,2.4991002483306,-4.01562031513168,1.01866373312511,6.05294778138191,-1.65026773501474,0.9246676011915,3.49960293739774,-1.85680981599034,0.600662487302584,3.05813479059551,-1.82646715983635,0.637205509624125,3.1008781790846,-1.79764644510274,0.605157704620395,3.00796185434353,-1.91599642787499,0.533444736430408,2.9828859007358,-1.89243768868322,0.57336965847948,3.03917700564218,-1.92263530122367,0.643972514943663,3.21058033111099,-2.03455546032174,0.866483398600038,3.76752225752181
"Jungle Owlet",0.0136649994197788,2.58999383679907,5.16632267417836,2.12775884145089,7.47989431530411,12.8320297891573,1.15458425574777,3.85722929166546,6.55987432758314,1.08056551752121,3.61426169387142,6.14795787022164,1.13975670361357,3.66027439366742,6.18079208372126,1.08045816000452,3.58977542435104,6.09909268869757,1.00962090944529,3.52392087444424,6.03822083944319,1.2609116343419,3.85854424693415,6.4561768595264,0.974635820045963,3.68561331944495,6.39659081884393,1.07943650332263,3.95264008538765,6.82584366745266
"Collared Owlet",NA,NA,NA,NA,NA,NA,NA,NA,NA,NA,NA,NA,NA,NA,NA,NA,NA,NA,NA,NA,NA,NA,NA,NA,NA,NA,NA,NA,NA,NA
"Spotted Owlet",NA,NA,NA,NA,NA,NA,NA,NA,NA,NA,NA,NA,NA,NA,NA,NA,NA,NA,NA,NA,NA,NA,NA,NA,NA,NA,NA,NA,NA,NA
"Little Owl",NA,NA,NA,NA,NA,NA,NA,NA,NA,NA,NA,NA,NA,NA,NA,NA,NA,NA,NA,NA,NA,NA,NA,NA,NA,NA,NA,NA,NA,NA
"Forest Owlet",-11.3067628460578,-1.6023108153363,8.10214121538517,-19.5965921558464,-5.70768185466186,8.18122844652273,-10.0205791024611,-1.61117205232519,6.79823499781075,-10.0318228606253,-2.12657642981148,5.77867000100228,-9.56151495419153,-2.28375191102201,4.9940111321475,-9.41343334611593,-1.99352960190856,5.42637414229882,-10.2480224245267,-3.38021414951512,3.48759412549643,-10.1727748503858,-2.64042405245502,4.89192674547575,-10.5639278478692,-3.10671053130327,4.35050678526265,-11.3919528382887,1.55089494564448,14.4937427295777
"Mottled Wood-Owl",NA,NA,NA,NA,NA,NA,NA,NA,NA,NA,NA,NA,NA,NA,NA,NA,NA,NA,NA,NA,NA,NA,NA,NA,NA,NA,NA,NA,NA,NA
"Brown Wood-Owl",NA,NA,NA,NA,NA,NA,NA,NA,NA,NA,NA,NA,NA,NA,NA,NA,NA,NA,NA,NA,NA,NA,NA,NA,NA,NA,NA,NA,NA,NA
"Tawny Owl",NA,NA,NA,NA,NA,NA,NA,NA,NA,NA,NA,NA,NA,NA,NA,NA,NA,NA,NA,NA,NA,NA,NA,NA,NA,NA,NA,NA,NA,NA
"Himalayan Owl",NA,NA,NA,NA,NA,NA,NA,NA,NA,NA,NA,NA,NA,NA,NA,NA,NA,NA,NA,NA,NA,NA,NA,NA,NA,NA,NA,NA,NA,NA
"Long-eared Owl",NA,NA,NA,NA,NA,NA,NA,NA,NA,NA,NA,NA,NA,NA,NA,NA,NA,NA,NA,NA,NA,NA,NA,NA,NA,NA,NA,NA,NA,NA
"Short-eared Owl",-10.9580750669304,-8.34959642942487,-5.74111779191937,-18.1664347855765,-12.4447274476822,-6.72302010978793,-8.38876242945754,-4.83696188181467,-1.2851613341718,-8.99233818090933,-5.8272236277497,-2.66210907459006,-8.85238194066415,-6.02404287897881,-3.19570381729346,-8.86931962656401,-5.9963369266694,-3.1233542267748,-8.96949721524185,-6.13012185778357,-3.29074650032529,-8.97432140029997,-6.06048892174267,-3.14665644318538,-9.03481469508252,-5.67305139143369,-2.31128808778486,-9.45156140445751,-5.75470420686281,-2.05784700926811
"Boreal Owl",NA,NA,NA,NA,NA,NA,NA,NA,NA,NA,NA,NA,NA,NA,NA,NA,NA,NA,NA,NA,NA,NA,NA,NA,NA,NA,NA,NA,NA,NA
"Andaman Boobook",NA,NA,NA,NA,NA,NA,NA,NA,NA,NA,NA,NA,NA,NA,NA,NA,NA,NA,NA,NA,NA,NA,NA,NA,NA,NA,NA,NA,NA,NA
"Brown Boobook",NA,NA,NA,NA,NA,NA,NA,NA,NA,NA,NA,NA,NA,NA,NA,NA,NA,NA,NA,NA,NA,NA,NA,NA,NA,NA,NA,NA,NA,NA
"Hume's Boobook",NA,NA,NA,NA,NA,NA,NA,NA,NA,NA,NA,NA,NA,NA,NA,NA,NA,NA,NA,NA,NA,NA,NA,NA,NA,NA,NA,NA,NA,NA
"Malabar Trogon",-5.07565393573223,-0.605323599964786,3.86500673580266,-8.64341667852222,-0.311043653002962,8.02132937251629,-4.52602441891994,-0.523470815241459,3.47908278843702,-4.2848140691545,-0.314532851107401,3.6557483669397,-4.24268596864243,-0.33684406959415,3.56899782945413,-4.26035472726733,-0.392410322184852,3.47553408289763,-4.22597131002699,-0.298519892104815,3.62893152581736,-4.43351975628811,-0.392383817152616,3.64875212198288,-4.62228003495837,-0.471222792291608,3.67983445037515,-4.64126745568311,-0.0290526427553545,4.5831621701724
"Red-headed Trogon",NA,NA,NA,NA,NA,NA,NA,NA,NA,NA,NA,NA,NA,NA,NA,NA,NA,NA,NA,NA,NA,NA,NA,NA,NA,NA,NA,NA,NA,NA
"Ward's Trogon",NA,NA,NA,NA,NA,NA,NA,NA,NA,NA,NA,NA,NA,NA,NA,NA,NA,NA,NA,NA,NA,NA,NA,NA,NA,NA,NA,NA,NA,NA
"Eurasian Hoopoe",-3.42544582560927,-2.53147127418829,-1.63749672276732,-6.06777621165642,-4.5066877887838,-2.94559936591119,-3.11960136566233,-2.2646421592255,-1.40968295278867,-2.93153840201955,-2.09799142670642,-1.26444445139329,-2.99041403672927,-2.19012103276376,-1.38982802879825,-3.06511418417958,-2.29635673403839,-1.5275992838972,-3.00083720056738,-2.19710007730621,-1.39336295404504,-2.75663697306156,-1.93455635691062,-1.11247574075968,-2.9762787454229,-2.1057372484224,-1.23519575142191,-3.0626458956441,-2.08926002130001,-1.11587414695593
"Great Hornbill",-6.69938534079854,-0.338650624359045,6.02208409208045,-12.6153481512241,-1.0242160317324,10.5669160877593,-6.13890033856758,-0.670711334913955,4.79747766873967,-6.08954968150294,-1.01070062707637,4.06814842735019,-5.96846058411835,-1.02475887604782,3.91894283202271,-5.92351833108364,-0.909745382941284,4.10402756520107,-5.77264782137207,-0.65814650889352,4.45635480358503,-6.13433991512447,-0.904661115889196,4.32501768334608,-6.76458973709673,-1.25868922973051,4.24721127763572,-7.43876986295079,-2.01488355675293,3.40900274944494
"Brown Hornbill",NA,NA,NA,NA,NA,NA,NA,NA,NA,NA,NA,NA,NA,NA,NA,NA,NA,NA,NA,NA,NA,NA,NA,NA,NA,NA,NA,NA,NA,NA
"Indian Gray Hornbill",0.335865040746204,2.3351502513077,4.33443546186919,-0.466380987677111,3.20114206320436,6.86866511408584,-0.0458614361014211,1.76536439622544,3.5765902285523,-0.077469142283868,1.65502271960204,3.38751458148794,-0.0358104180434138,1.66270050004893,3.36121141814128,-0.0110658621118445,1.72077874011892,3.45262334234969,0.0210417508814755,1.77227896514053,3.52351617939959,-0.103949511762972,1.65734459443837,3.41863870063971,-0.209415536018311,1.62253062732319,3.45447679066469,-0.424188897963554,1.56433325878721,3.55285541553797
"Malabar Gray Hornbill",-5.73004110410387,2.92992558379796,11.5898922716998,-12.7342481675429,2.95134262070316,18.6369334089492,-5.71428906606962,2.40762951563644,10.5295480973425,-5.36963917532519,2.12728338930999,9.62420595394518,-5.36149339586439,2.28651110883734,9.93451561353907,-5.33060827490485,2.18917665384034,9.70896158258553,-5.51244296608469,2.13386015151989,9.78016326912446,-5.61553147266379,2.21098822776614,10.0375079281961,-5.94181750922197,2.22862261655681,10.3990627423356,-6.45183042387838,2.69220766194936,11.8362457477771
"Malabar Pied-Hornbill",-3.43952814602894,1.38160078336523,6.2027297127594,-6.19563609855982,2.71427896581876,11.6241940301973,-3.06557010743029,1.37153997683822,5.80865006110673,-2.88728241776029,1.45006230820185,5.787407034164,-2.82966258668363,1.49691003550287,5.82348265768937,-2.86991623896986,1.43340221953087,5.73672067803161,-3.03911763862712,1.29744958780087,5.63401681422886,-3.11500194518866,1.30092249909926,5.71684694338717,-2.71935249866626,2.14072453433076,7.00080156732779,-3.13139691704586,1.86030901245104,6.85201494194794
"Oriental Pied-Hornbill",-4.42837970548846,-0.476462372864572,3.47545495975932,-8.4639542392857,-0.951754905301726,6.56044442868225,-4.17100577658728,-0.4425695292264,3.28586671813448,-4.18842110630227,-0.61145574342689,2.96550961944849,-4.09219122960617,-0.587386214793048,2.91741880002007,-4.01420836628909,-0.527100013531895,2.9600083392253,-4.23363675868603,-0.734675612619798,2.76428553344644,-4.25242974727845,-0.573317901481664,3.10579394431512,-4.5383780477962,-0.803446112267646,2.93148582326091,-4.40426168506107,-0.160097167393077,4.08406735027491
"Rufous-necked Hornbill",NA,NA,NA,NA,NA,NA,NA,NA,NA,NA,NA,NA,NA,NA,NA,NA,NA,NA,NA,NA,NA,NA,NA,NA,NA,NA,NA,NA,NA,NA
"Wreathed Hornbill",NA,NA,NA,NA,NA,NA,NA,NA,NA,NA,NA,NA,NA,NA,NA,NA,NA,NA,NA,NA,NA,NA,NA,NA,NA,NA,NA,NA,NA,NA
"Narcondam Hornbill",NA,NA,NA,NA,NA,NA,NA,NA,NA,NA,NA,NA,NA,NA,NA,NA,NA,NA,NA,NA,NA,NA,NA,NA,NA,NA,NA,NA,NA,NA
"Blyth's Kingfisher",NA,NA,NA,NA,NA,NA,NA,NA,NA,NA,NA,NA,NA,NA,NA,NA,NA,NA,NA,NA,NA,NA,NA,NA,NA,NA,NA,NA,NA,NA
"Common Kingfisher",-1.21084097227796,0.683533502328654,2.57790797693527,-2.80781192276175,0.401358885016554,3.61052969279486,-1.56473096247608,0.0588862866613078,1.68250353579869,-1.47286021019084,0.11771557110006,1.70829135239096,-1.45890252623202,0.0710119247991391,1.6009263758303,-1.41594569502893,0.136474560217412,1.68889481546375,-1.37904881235197,0.18805680378938,1.75516241993073,-1.47685232810275,0.145118580309854,1.76708948872246,-1.89804104102078,-0.251742486464443,1.3945560680919,-1.79305557722084,0.0318779705614904,1.85681151834382
"Blue-eared Kingfisher",-6.83133031140094,-1.97227498727001,2.88678033686093,-13.3589028849904,-4.1230427315118,5.11281742196683,-6.35275647542219,-1.52433700423329,3.30408246695561,-6.0454827063064,-1.37625770148104,3.29296730334432,-6.09259429358289,-1.48703534936618,3.11852359485052,-6.06517046420507,-1.57788175312121,2.90940695796264,-6.11081829775977,-1.66989792817006,2.77102244141965,-6.12764273442305,-1.53852124653232,3.05060024135841,-6.33400902544091,-1.12122131719575,4.09156639104942,-6.70572362638825,-1.12208414211906,4.46155534215012
"Black-backed Dwarf-Kingfisher",-9.65901187399847,-4.70304297236276,0.252925929272951,-16.848674710501,-8.1326262355339,0.583422239433213,-8.58257464499974,-3.83239438558724,0.917785873825258,-8.31100812924839,-3.38603721086957,1.53893370750924,-8.38742669715604,-3.71251640029974,0.962393896556557,-8.06932764513838,-3.63171249111567,0.80590266290705,-8.32295349187546,-3.73153594660065,0.859881598674165,-8.29264978154897,-3.69458136709434,0.903487047360279,-8.27054598653367,-2.9349224840197,2.40070101849426,-9.20633671241889,-4.15357169435166,0.899193323715574
"Rufous-backed Dwarf-Kingfisher",NA,NA,NA,NA,NA,NA,NA,NA,NA,NA,NA,NA,NA,NA,NA,NA,NA,NA,NA,NA,NA,NA,NA,NA,NA,NA,NA,NA,NA,NA
"Brown-winged Kingfisher",NA,NA,NA,NA,NA,NA,NA,NA,NA,NA,NA,NA,NA,NA,NA,NA,NA,NA,NA,NA,NA,NA,NA,NA,NA,NA,NA,NA,NA,NA
"Stork-billed Kingfisher",-0.2685869528993,2.63281965001192,5.53422625292313,-0.92497888601228,4.29582396639986,9.51662681881199,-0.645993142226308,1.87661461372805,4.39922236968241,-0.465117448427006,2.00959494587818,4.48430734018336,-0.321392220564878,2.17983179267203,4.68105580590894,-0.334832938118411,2.15267530776244,4.64018355364329,-0.50411476134127,2.00525095957576,4.51461668049279,-0.477484539945009,2.09498117444878,4.66744688884257,-0.467417813100572,2.26603508877994,4.99948799066045,-0.486973333839064,2.4281836028175,5.34334053947407
"Ruddy Kingfisher",NA,NA,NA,NA,NA,NA,NA,NA,NA,NA,NA,NA,NA,NA,NA,NA,NA,NA,NA,NA,NA,NA,NA,NA,NA,NA,NA,NA,NA,NA
"White-throated Kingfisher",1.17420393397386,1.93926258333868,2.7043212327035,1.60524803619814,3.01294921365947,4.42065039112079,0.674938012541905,1.36258277674452,2.05022754094713,0.777061563818327,1.44030273473714,2.10354390565595,0.792811321585619,1.44270363161057,2.09259594163553,0.832282193735564,1.49467795455323,2.1570737153709,0.747470763966001,1.41049858257876,2.07352640119151,0.759385847178589,1.43323344492651,2.10708104267443,0.706325423328002,1.4137696558533,2.12121388837861,0.779929595405085,1.54244293319216,2.30495627097924
"Black-capped Kingfisher",-10.1000445673756,-6.74741977594359,-3.39479498451154,-16.8301590730166,-10.2689867640249,-3.70781445503315,-8.83291957364295,-5.59962879044346,-2.36633800724397,-8.79918187777768,-5.90012156194078,-3.00106124610387,-8.70462096622949,-5.76443691972536,-2.82425287322123,-8.78091779520312,-5.87138851890722,-2.96185924261132,-8.67731978540404,-5.7339206153532,-2.79052144530235,-8.91635204348598,-5.87445955458233,-2.83256706567867,-8.95654733478422,-5.6582175547605,-2.35988777473678,-9.36132399529357,-5.60802390315054,-1.85472381100751
"Collared Kingfisher",NA,NA,NA,NA,NA,NA,NA,NA,NA,NA,NA,NA,NA,NA,NA,NA,NA,NA,NA,NA,NA,NA,NA,NA,NA,NA,NA,NA,NA,NA
"Crested Kingfisher",-6.61308122039162,-3.35810991700373,-0.103138613615835,-11.7911956099649,-5.32690248392593,1.13739064211306,-5.80922283517386,-2.5877915407724,0.633639753629053,-5.8914989200556,-2.89642549486645,0.0986479303226986,-5.79145199839008,-2.87905291891238,0.0333461605653191,-5.84422293292329,-2.9184335239924,0.00735588493849759,-5.80563453080251,-2.8500603664591,0.105513797884316,-5.76530358614523,-2.64844033710454,0.46842291193615,-5.90883814567951,-2.61218771115553,0.684462723368451,-6.7067306844931,-3.36805897055491,-0.0293872566167277
"Pied Kingfisher",-2.76354368872019,-1.80674259071451,-0.849941492708837,-6.70356995395056,-4.99623769813701,-3.28890544232345,-3.39935134144955,-2.52437424093939,-1.64939714042923,-3.37858846481956,-2.53527505144788,-1.69196163807621,-3.33270869938328,-2.52438808503149,-1.71606747067971,-3.27184549997554,-2.45448201480354,-1.63711852963154,-3.2321094800576,-2.40999861887442,-1.58788775769124,-3.34034505024928,-2.47288621929874,-1.60542738834819,-3.80342156493291,-2.94042407423555,-2.07742658353819,-3.71175974241134,-2.75493706082867,-1.798114379246
"Blue-bearded Bee-eater",-3.479532857845,-0.29714877740144,2.88523530304212,-6.55676216219423,-0.793477896324376,4.96980636954548,-3.20662615753829,-0.282473641090996,2.6416788753563,-2.94845798231694,-0.0218853956679417,2.90468719098106,-3.05786854696459,-0.303634791069926,2.45059896482474,-2.95729363777053,-0.208611707548414,2.54007022267371,-3.22689695154099,-0.473432264902505,2.28003242173598,-3.07351878860413,-0.24355198376495,2.58641482107423,-3.37445908641933,-0.369338804541504,2.63578147733632,-3.30308947239581,0.0465029945122006,3.39609546142021
"Asian Green Bee-eater",-0.938109352751829,-0.060662031495929,0.816785289759971,-1.76975174195268,-0.248841113973041,1.2720695140066,-0.794016984435088,0.0183611262328369,0.830739236900762,-0.736898217120374,0.0476164897464922,0.832131196613358,-0.732636941814489,0.0418517971817279,0.816340536177945,-0.784478493356624,-0.0265241775994486,0.731430138157727,-0.828782148033687,-0.0620904128628849,0.704601322307917,-0.396072456845756,0.391688539868948,1.17944953658365,-0.628248258917427,0.21896957271337,1.06618740434417,-0.995015254837136,-0.139220263629883,0.71657472757737
"Blue-throated Bee-eater",NA,NA,NA,NA,NA,NA,NA,NA,NA,NA,NA,NA,NA,NA,NA,NA,NA,NA,NA,NA,NA,NA,NA,NA,NA,NA,NA,NA,NA,NA
"Blue-cheeked Bee-eater",-5.94289940048984,0.159640044891214,6.26217949027227,-12.7476453273144,-1.94316768134684,8.86130996462069,-6.58020827003109,-1.42562955750073,3.72894915502963,-6.36833584574564,-1.37820725755208,3.61192133064148,-6.15237230265728,-1.3201948189687,3.51198266471987,-6.26313789905122,-1.26187812267946,3.73938165369231,-6.4512983197491,-1.48017442642263,3.49094946690384,-6.2484056805241,-0.895666473428252,4.4570727336676,-6.94588882208728,-1.94320623108332,3.05947635992065,-7.11591397987872,-0.891062132154884,5.33378971556895
"Blue-tailed Bee-eater",3.81880559566933,6.3193287346602,8.81985187365107,6.49152431428401,11.0355981976848,15.5796720810855,2.86201278162246,5.06633105274335,7.27064932386423,3.1531582810146,5.29256947861804,7.43198067622149,3.28047613727204,5.39018042242338,7.49988470757472,3.33043889837236,5.49998838725626,7.66953787614015,3.24869847935107,5.43693169940149,7.62516491945191,3.08005452947546,5.28632563253646,7.49259673559746,3.17835773347332,5.54504748155673,7.91173722964015,3.41396821371575,5.89218440513748,8.37040059655921
"European Bee-eater",NA,NA,NA,NA,NA,NA,NA,NA,NA,NA,NA,NA,NA,NA,NA,NA,NA,NA,NA,NA,NA,NA,NA,NA,NA,NA,NA,NA,NA,NA
"Chestnut-headed Bee-eater",-2.62311650857084,0.789202281468421,4.20152107150768,-5.5768729167978,0.642369034863198,6.8616109865242,-2.65290297470087,0.532382265143268,3.71766750498741,-2.44063932934326,0.55183938129726,3.54431809193778,-2.44955297952543,0.554885200102996,3.55932337973142,-2.4858079002247,0.512566971059054,3.5109418423428,-2.56454594184733,0.465734482835471,3.49601490751827,-2.49955629108927,0.627572196378013,3.75470068384529,-2.53900963617406,0.821704245679436,4.18241812753293,-2.83072381885663,0.720182786361726,4.27108939158009
"European Roller",-7.95520739154516,-3.70554238033776,0.54412263086964,-13.5299568968208,-5.78501924273852,1.95991841134375,-7.13149431324777,-3.18512298582543,0.761248341596902,-6.67530040205842,-2.52570198496214,1.62389643213413,-6.73448556948067,-2.95888241670591,0.816720736068846,-6.79838440826304,-2.95194594629254,0.894492515677964,-7.41331564405124,-3.92085259357306,-0.428389543094878,-6.26922492157625,-2.01021221628014,2.24880048901596,-7.07751295377054,-2.86497021799851,1.34757251777352,-6.91119604713094,-1.97099205408099,2.96921193896896
"Indian Roller",-4.69245158254667,-3.84421751046924,-2.99598343839182,-8.50685574225693,-7.06335625897203,-5.61985677568713,-4.63228724533246,-3.92512884729258,-3.2179704492527,-4.42288341651026,-3.69530161467111,-2.96771981283197,-4.4318025928256,-3.73627305359478,-3.04074351436395,-4.46631186244145,-3.76970787362648,-3.07310388481151,-4.48037818592249,-3.78009599560045,-3.07981380527841,-4.477218047815,-3.74437947959077,-3.01154091136655,-4.51955412190976,-3.75047675574738,-2.981399389585,-4.45762924186753,-3.58200900611681,-2.7063887703661
"Indochinese Roller",-5.47344315355859,-0.71134614268385,4.0507508681909,-10.4015745988471,-1.88734954943195,6.62687549998315,-4.94227817435871,-0.459199436173781,4.02387930201115,-5.05623894732246,-0.901203175685471,3.25383259595152,-4.9267221752037,-0.920969742730336,3.08478268974303,-4.94665001336587,-0.869165097308326,3.20831981874922,-4.99618926074119,-0.900082276230843,3.1960247082795,-5.16898383659019,-0.968004928781547,3.2329739790271,-5.26954093483014,-0.728486724349496,3.81256748613115,-5.6996550673111,-0.90440627730694,3.89084251269722
"Dollarbird",-4.79692622891005,1.24456764058591,7.28606151008187,-10.170365073037,0.382653803450929,10.9356726799389,-4.94156009235875,0.262562382460206,5.46668485727916,-4.74555079946466,0.303960967184495,5.35347273383365,-4.69542693010096,0.257202883741988,5.20983269758493,-4.36675817583131,0.41897099967862,5.20470017518855,-4.75053862393337,0.230706532881893,5.21195168969715,-5.03442089399518,0.0170649888073004,5.06855087160978,-5.02002865001881,0.169740076206116,5.35950880243104,-5.78822464917519,-0.509581817976475,4.76906101322224
"Malabar Barbet",-6.79933998012595,4.87645166932005,16.5522433187661,-14.8402744111,8.22823383285794,31.2967420768158,-6.4158319458556,4.56233371070443,15.5404993672645,-6.37635721512843,4.48539402919099,15.3471452735104,-6.19068901481628,4.81399245164565,15.8186739181076,-6.05098859673428,4.58721299774476,15.2254145922238,-6.2968217187034,4.62618148007536,15.5491846788541,-6.88344970096277,3.71350112243025,14.3104519458233,-7.11100888230618,3.97556819445764,15.0621452712215,-8.45454047037371,7.7388196106103,23.9321796915943
"Coppersmith Barbet",-0.778734023082933,0.202383419042198,1.18350086116733,-1.27267313585196,0.466017773353229,2.20470868255842,-0.0661268916575223,0.866729866355615,1.79958662436875,-0.359202308757898,0.526179876334597,1.41156206142709,-0.349325405252058,0.522740075192731,1.39480555563752,-0.377538995548534,0.48968987814233,1.35691875183319,-0.251996396517826,0.615210189522653,1.48241677556313,-0.312725093747947,0.590354704037254,1.49343450182245,-0.426203268693869,0.511194566780711,1.44859240225529,-0.6016704464082,0.402888264198486,1.40744697480517
"Blue-eared Barbet",NA,NA,NA,NA,NA,NA,NA,NA,NA,NA,NA,NA,NA,NA,NA,NA,NA,NA,NA,NA,NA,NA,NA,NA,NA,NA,NA,NA,NA,NA
"Great Barbet",0.319464908051103,6.05859840117305,11.797731894295,0.0724481177783858,11.4195315705664,22.7666150233544,-0.330673267538373,4.77756722163104,9.88580771080046,-0.18028385101493,4.68942092106282,9.55912569314057,0.0268274490301126,4.93574788829051,9.84466832755091,0.073129628623442,5.04549130970932,10.0178529907952,0.0081000378067122,5.05968452855349,10.1112690193003,-0.0581947659753412,5.12599192389927,10.3101786137739,-0.34717114900575,5.01418892518309,10.3755489993719,-1.2108350296071,4.09580623824719,9.40244750610148
"Lineated Barbet",-3.17202512081981,0.784616854993377,4.74125883080656,-4.15151602911811,4.07242155439809,12.2963591379143,-2.61647396709176,1.29750753974909,5.21148904658995,-2.52948064443095,1.06624229578737,4.66196523600568,-2.45944414726377,1.11725825481312,4.69396065689001,-2.31574596111401,1.25097385109276,4.81769366329952,-2.60609751054442,1.01920172237336,4.64450095529114,-2.82452525928985,0.82966975080272,4.48386476089529,-2.69032782246083,1.26661482434089,5.22355747114262,-2.97487171434154,1.19269542471076,5.36026256376306
"Brown-headed Barbet",NA,NA,NA,NA,NA,NA,NA,NA,NA,NA,NA,NA,NA,NA,NA,NA,NA,NA,NA,NA,NA,NA,NA,NA,NA,NA,NA,NA,NA,NA
"White-cheeked Barbet",-5.20218001454165,2.50467668834198,10.2115333912256,-9.16295139920097,5.92540573616975,21.0137628715405,-4.35120567304813,3.11348186280024,10.5781693986486,-4.28694647780476,2.87872073967979,10.0443879571643,-4.17238382533444,2.87328557576887,9.91895497687218,-4.13160059157415,2.82129932717121,9.77419924591658,-4.13242523459007,2.97140011389574,10.0752254623815,-4.3710029907661,2.90169056958622,10.1743841299385,-4.97259220268865,2.41987034136371,9.81233288541607,-5.17154520525035,3.09039813780122,11.3523414808528
"Golden-throated Barbet",NA,NA,NA,NA,NA,NA,NA,NA,NA,NA,NA,NA,NA,NA,NA,NA,NA,NA,NA,NA,NA,NA,NA,NA,NA,NA,NA,NA,NA,NA
"Blue-throated Barbet",-1.29408528770799,2.16478510907477,5.62365550585753,-3.04985796284943,3.52712358681317,10.1041051364758,-1.72277544930878,1.37752842779414,4.47783230489707,-1.48501571384492,1.58746563379517,4.65994698143526,-1.44468245643603,1.53516936567741,4.51502118779086,-1.40608459066358,1.58857117981165,4.58322695028688,-1.38402134419663,1.67692209167945,4.73786552755552,-1.56143767635218,1.53354762089935,4.62853291815088,-1.79900001207898,1.4462843370833,4.69156868624558,-2.13593872137358,1.22433566104204,4.58461004345765
"Yellow-rumped Honeyguide",NA,NA,NA,NA,NA,NA,NA,NA,NA,NA,NA,NA,NA,NA,NA,NA,NA,NA,NA,NA,NA,NA,NA,NA,NA,NA,NA,NA,NA,NA
"Eurasian Wryneck",-4.69763373439883,-1.85670994631925,0.984213841760323,-6.17504566989332,-0.0316596765681314,6.11172631675706,-3.47143149224236,-0.519973031366989,2.43148542950838,-3.7416744784772,-1.06527032570817,1.61113382706086,-3.62596270672011,-0.975257883648232,1.67544693942365,-3.51275045871986,-0.874548250030928,1.763653958658,-3.4486352990015,-0.738561890231088,1.97151151853933,-4.10988886128962,-1.53531640294034,1.03925605540893,-3.8636610800351,-0.976920008323099,1.9098210633889,-4.0383198593479,-0.883798381881472,2.27072309558496
"Speckled Piculet",-3.1988570823425,1.98958506454662,7.17802721143575,-5.99619204265264,3.17720321264498,12.3505984679426,-3.06213395216029,1.59918322110381,6.2605003943679,-2.87610559456378,1.65004907181027,6.17620373818431,-2.8760482714105,1.55216210303678,5.98037247748405,-2.82949192584347,1.63212688555774,6.09374569695895,-3.01050623636441,1.45951116374923,5.92952856386287,-2.98044730098138,1.6487373834777,6.27792206793678,-3.48416423702579,1.16864531139862,5.82145485982302,-3.30001550239027,2.38074876697138,8.06151303633304
"White-browed Piculet",NA,NA,NA,NA,NA,NA,NA,NA,NA,NA,NA,NA,NA,NA,NA,NA,NA,NA,NA,NA,NA,NA,NA,NA,NA,NA,NA,NA,NA,NA
"Heart-spotted Woodpecker",-4.49497366108973,0.0530401320165846,4.60105392512289,-8.27873422587463,-0.144248673854413,7.99023687816581,-4.00346303009135,0.192350406416024,4.3881638429234,-3.80570643555459,0.310591319084921,4.42688907372443,-3.74946428518612,0.358166825477708,4.46579793614154,-3.77888429615543,0.271806563635482,4.32249742342639,-3.96855480546897,0.035270707713784,4.03909622089654,-4.10936473468906,-0.00156384461858398,4.10623704545189,-3.83052121475279,0.672633148467818,5.17578751168842,-3.78329275376496,1.41550676333696,6.61430628043888
"Brown-capped Pygmy Woodpecker",-2.01495290963557,0.459500570814151,2.93395405126387,-4.04359689848227,0.584298823191013,5.2121945448643,-2.20583014947566,0.102930906377022,2.4116919622297,-2.09085585313354,0.13398893646907,2.35883372607168,-1.85561828559911,0.417093414205973,2.68980511401105,-1.87978444959469,0.351099201433747,2.58198285246219,-2.15821112296076,0.0411716510677187,2.2405544250962,-2.2341854141432,0.00690251759587642,2.24799044933495,-1.85959504567162,0.598731324451676,3.05705769457497,-1.50152263442352,1.31372053639036,4.12896370720425
"Gray-capped Pygmy Woodpecker",-2.8011546155274,0.886173688745425,4.57350199301825,-3.83130788409496,3.48304562085275,10.7973991258005,-2.47266947757029,0.907933260429482,4.28853599842926,-2.42407916454305,0.788151596538156,4.00038235761936,-2.31971085963947,0.88889767855626,4.09750621675199,-2.12078790000836,0.999972291292552,4.12073248259347,-2.2259007539345,1.01062619436059,4.24715314265569,-2.58597664351023,0.710301212729575,4.00657906896939,-2.9600557313158,0.301261139481991,3.56257801027978,-2.98587282851722,0.686392613056241,4.3586580546297
"Yellow-crowned Woodpecker",-5.01883981153841,-3.41314564856834,-1.80745148559828,-7.31530377119893,-3.97299235221802,-0.630680933237103,-4.30661593163999,-2.61946219104071,-0.932308450441439,-4.21666435233361,-2.61625703367658,-1.01584971501954,-4.16358651874173,-2.60701363873221,-1.0504407587227,-4.15895872850479,-2.60081473714878,-1.04267074579276,-4.30415582407811,-2.77219077534902,-1.24022572661992,-4.28274489152128,-2.69853389781862,-1.11432290411596,-4.19403284149264,-2.48060807840534,-0.767183315318046,-4.10095665881407,-2.1880016773388,-0.275046695863537
"Brown-fronted Woodpecker",-6.26026809623366,0.32106909119877,6.9024062786312,-11.7485363397732,0.229716886583529,12.2079701129402,-5.43063548074302,0.875933720696621,7.18250292213626,-5.44480819516186,0.403938728974278,6.25268565311042,-5.35406530973093,0.436221727412422,6.22650876455578,-5.27963607773042,0.427437644689977,6.13451136711037,-5.35161089573875,0.407251972147391,6.16611484003353,-5.68429493141859,0.231110608871611,6.14651614916182,-5.60946394065606,0.668295898893373,6.94605573844281,-6.26986462211563,0.433476872666928,7.13681836744948
"Rufous-bellied Woodpecker",-6.44515955440368,1.98044236780395,10.4060442900116,-10.9166902763695,8.05565764997248,27.0280055763145,-5.36259759016666,3.41765227372575,12.1979021376182,-5.15626601680435,2.74636613287746,10.6489982825593,-4.91732799708055,2.65234365138032,10.2220152998412,-5.01150901827603,2.81573772479867,10.6429844678734,-4.88651042928895,3.14002490075201,11.166560230793,-5.76416401666565,2.02704931007998,9.81826263682562,-5.81275955603121,2.43194017171166,10.6766398994545,-6.35326747132524,3.43882377181064,13.2309150149465
"Fulvous-breasted Woodpecker",-3.23683164814688,-0.865308082888739,1.50621548236941,-7.59688354311705,-3.9380983184914,-0.279313093865751,-3.62589071715334,-1.54471247773572,0.536465761681912,-3.51120240265388,-1.52932340727631,0.452555588101261,-3.41147320549038,-1.44043617216708,0.530600861156219,-3.32100415672484,-1.41301386814948,0.494976420425891,-3.37609836626928,-1.42143009569668,0.533238174875922,-3.67704282320127,-1.70435540876097,0.268332005679342,-3.88137662311296,-1.91879933067715,0.0437779617586658,-3.50469070961719,-1.01189250999429,1.48090568962861
"Freckle-breasted Woodpecker",NA,NA,NA,NA,NA,NA,NA,NA,NA,NA,NA,NA,NA,NA,NA,NA,NA,NA,NA,NA,NA,NA,NA,NA,NA,NA,NA,NA,NA,NA
"Stripe-breasted Woodpecker",NA,NA,NA,NA,NA,NA,NA,NA,NA,NA,NA,NA,NA,NA,NA,NA,NA,NA,NA,NA,NA,NA,NA,NA,NA,NA,NA,NA,NA,NA
"Darjeeling Woodpecker",NA,NA,NA,NA,NA,NA,NA,NA,NA,NA,NA,NA,NA,NA,NA,NA,NA,NA,NA,NA,NA,NA,NA,NA,NA,NA,NA,NA,NA,NA
"Great Spotted Woodpecker",NA,NA,NA,NA,NA,NA,NA,NA,NA,NA,NA,NA,NA,NA,NA,NA,NA,NA,NA,NA,NA,NA,NA,NA,NA,NA,NA,NA,NA,NA
"Himalayan Woodpecker",-7.82017447152189,-0.126570006335948,7.56703445885,-12.3363238482326,1.94425679156158,16.2248374313558,-6.50349840114468,0.77819887000224,8.05989614114916,-6.18113990158794,0.543672734311216,7.26848537021037,-6.07378906576649,0.433798933090251,6.94138693194699,-5.9923534200195,0.490905644500924,6.97416470902135,-6.02528955935722,0.645934743895099,7.31715904714741,-6.74631408961438,-0.0789576456835784,6.58839879824722,-6.68401154612096,0.496489499623926,7.67699054536881,-7.19992972641994,0.682919305573477,8.5657683375669
"Sind Woodpecker",NA,NA,NA,NA,NA,NA,NA,NA,NA,NA,NA,NA,NA,NA,NA,NA,NA,NA,NA,NA,NA,NA,NA,NA,NA,NA,NA,NA,NA,NA
"Crimson-naped Woodpecker",NA,NA,NA,NA,NA,NA,NA,NA,NA,NA,NA,NA,NA,NA,NA,NA,NA,NA,NA,NA,NA,NA,NA,NA,NA,NA,NA,NA,NA,NA
"Bay Woodpecker",NA,NA,NA,NA,NA,NA,NA,NA,NA,NA,NA,NA,NA,NA,NA,NA,NA,NA,NA,NA,NA,NA,NA,NA,NA,NA,NA,NA,NA,NA
"Greater Flameback",-1.84489419527599,1.68099278814285,5.20687977156168,-3.29038476300746,2.88231614789581,9.05501705879908,-0.876412693131089,2.44626583573001,5.7689443645911,-0.978224232058363,2.28276531709193,5.54375486624223,-0.896270094550249,2.29395785442393,5.48418580339811,-0.990969277732409,2.16561549510831,5.32220026794903,-1.0552040879391,2.10436991656633,5.26394392107177,-1.34087933269267,1.82607395225939,4.99302723721146,-0.703172808588565,2.92828910718484,6.55975102295825,-0.891775470928385,2.96586623053249,6.82350793199336
"Malabar Flameback",NA,NA,NA,NA,NA,NA,NA,NA,NA,NA,NA,NA,NA,NA,NA,NA,NA,NA,NA,NA,NA,NA,NA,NA,NA,NA,NA,NA,NA,NA
"White-naped Woodpecker",-2.07673504432389,1.42543072860628,4.92759650153645,-3.35390759359664,3.33506229494134,10.0240321834793,-1.5944488691333,1.9400463224858,5.47454151410489,-1.47517534416013,1.91976548455275,5.31470631326563,-1.42481629677735,1.92814963210512,5.28111556098759,-1.38782780227314,1.91735342649989,5.22253465527292,-1.74733426194872,1.51160434667803,4.77054295530478,-1.83748770180561,1.45929623385757,4.75608016952074,-1.44101416613052,2.2221236871461,5.88526154042272,-0.838204894520209,3.4425793197068,7.7233635339338
"Rufous Woodpecker",-0.688562159844193,1.75320306472653,4.19496828929725,-1.78066890426054,2.53663113464198,6.85393117354449,-0.928423595497083,1.30875212978485,3.54592785506678,-0.991684066052199,1.1128055968031,3.21729525965841,-0.898739684946555,1.1401106091517,3.17896090324995,-0.802633464819675,1.27706548019923,3.35676442521814,-1.08432779505356,0.997471898215325,3.07927159148421,-1.1534122949692,1.00536392233474,3.16414013963869,-1.33235863289232,0.792138744736692,2.91663612236571,-0.471241006716524,2.08234687563139,4.6359347579793
"Pale-headed Woodpecker",NA,NA,NA,NA,NA,NA,NA,NA,NA,NA,NA,NA,NA,NA,NA,NA,NA,NA,NA,NA,NA,NA,NA,NA,NA,NA,NA,NA,NA,NA
"Himalayan Flameback",NA,NA,NA,NA,NA,NA,NA,NA,NA,NA,NA,NA,NA,NA,NA,NA,NA,NA,NA,NA,NA,NA,NA,NA,NA,NA,NA,NA,NA,NA
"Common Flameback",NA,NA,NA,NA,NA,NA,NA,NA,NA,NA,NA,NA,NA,NA,NA,NA,NA,NA,NA,NA,NA,NA,NA,NA,NA,NA,NA,NA,NA,NA
"Black-rumped Flameback",-0.897424119145165,0.90862720959448,2.71467853833412,-0.642327179311224,2.60080290930889,5.84393299792901,-0.456222398815616,1.18509236438621,2.82640712758803,-0.516090230930561,1.07513754556338,2.66636532205733,-0.411996888156781,1.15431825909756,2.72063340635189,-0.420700506350146,1.14635950311958,2.7134195125893,-0.536124313475201,1.03941226083858,2.61494883515237,-0.493848403552514,1.12120488482323,2.73625817319898,-0.477011934747718,1.2340390881644,2.94509011107652,-0.405613992974532,1.42226121253558,3.25013641804569
"Lesser Yellownape",-1.091188796649,2.15694693166427,5.40508265997754,-2.62748915489042,3.18241150651699,8.9923121679244,-0.87984419979739,2.19636659125131,5.2725773823,-0.705972446542498,2.29577421587283,5.29752087828817,-0.844515829727169,2.03413009506623,4.91277601985963,-0.81525459406851,2.04940087962395,4.9140563533164,-0.756683088616685,2.13882793175606,5.0343389521288,-0.826822256593123,2.16770524792408,5.16223275244129,-0.995266405812808,2.1362543115187,5.26777502885021,-1.5793382023903,1.6035318393841,4.78640188115851
"Streak-throated Woodpecker",-2.15191825355442,1.50083339227284,5.15358503810011,-7.04850167350084,-0.82487573588546,5.39875020172992,-3.79436080725473,-0.849496002448665,2.0953688023574,-3.48897818737693,-0.536436677000788,2.41610483337535,-3.3405989292599,-0.434413006848288,2.47177291556332,-3.20430993549031,-0.307507958215734,2.58929401905884,-3.5025539093461,-0.600304756779844,2.30194439578641,-3.56008658941056,-0.461489468362143,2.63710765268627,-3.89687837652963,-0.885559719091577,2.12575893834647,-3.84876569991306,-0.355120861636195,3.13852397664067
"Scaly-bellied Woodpecker",-7.03102815702979,-2.21514700130265,2.6007341544245,-11.9843801616349,-2.01872798123101,7.9469241991729,-5.93557992158058,-1.08340691772505,3.76876608613047,-5.90488553745394,-1.17766358630683,3.54955836484028,-5.86599675322584,-1.30199015176893,3.26201644968798,-5.94268048493171,-1.38234222248703,3.17799603995764,-5.84989791226604,-1.2443917817806,3.36111434870485,-5.90879882894805,-1.05421713632852,3.80036455629102,-6.26036674049865,-1.47609124172057,3.30818425705752,-6.43927535022527,-0.790908251469447,4.85745884728638
"Gray-headed Woodpecker",-0.418233907326243,3.47931903799928,7.37687198332481,2.40089512564558,10.7582235764767,19.1155520273078,0.534247095211329,4.55230285129232,8.57035860737332,0.658350327957501,4.45028620501651,8.24222208207552,0.718495784706999,4.42866053607196,8.13882528743692,0.756256229444092,4.51398347326389,8.27171071708369,0.539582149543377,4.32672546880745,8.11386878807152,0.458067355487886,4.30301879678782,8.14797023808775,0.643173826967365,4.57361570533988,8.50405758371239,0.811592199492289,5.37211922777722,9.93264625606216
"Greater Yellownape",-3.1314069188259,1.76477883530759,6.66096458944109,-3.08042368597116,7.62435628620578,18.3291362583827,-2.05137525647438,2.96142643590688,7.97422812828815,-1.91833126712073,2.91678831754291,7.75190790220656,-1.92640893115301,2.59339267741943,7.11319428599188,-1.83902056026579,2.76696465859907,7.37294987746392,-1.9958925437365,2.68593981271651,7.36777216916951,-2.16249728157732,2.67268678366976,7.50787084891684,-2.33644680443534,2.5461954670368,7.42883773850893,-2.59798509421871,2.859640309877,8.31726571397271
"Great Slaty Woodpecker",NA,NA,NA,NA,NA,NA,NA,NA,NA,NA,NA,NA,NA,NA,NA,NA,NA,NA,NA,NA,NA,NA,NA,NA,NA,NA,NA,NA,NA,NA
"White-bellied Woodpecker",-5.47091690768847,0.871963171036074,7.21484324976061,-13.1271326739856,-0.727168618853667,11.6727954362783,-6.65038480382616,-1.19821682229872,4.25395115922872,-6.13897243137193,-0.171060889220002,5.79685065293192,-6.06540332097339,-0.323838387145335,5.41772654668272,-6.02943733885657,-0.369368151856747,5.29070103514307,-5.98351337046705,-0.274740565493463,5.43403223948012,-6.3043982879045,-0.615015752524122,5.07436678285626,-6.57740965732344,-0.413280246314891,5.75084916469366,-7.05744179615756,-0.0356291020721016,6.98618359201336
"Andaman Woodpecker",-5.65348399727244,2.09555103341139,9.84458606409521,-15.119205308681,0.0392316054956473,15.1976685196723,-7.6573361570485,0.126284220225702,7.90990459749991,-7.24833465869218,-0.379625750867417,6.48908315695735,-6.79627712462895,-0.351868804068962,6.09253951649102,-6.60483454233264,0.0541946608033872,6.71322386393942,-7.38587716694081,-0.852294778103632,5.68128761073355,-7.43120642800937,-0.745242223466618,5.94072198107613,-7.7822369063185,-0.68578829363588,6.41066031904674,-8.11891219182166,0.801022805822207,9.72095780346608
"Pied Falconet",NA,NA,NA,NA,NA,NA,NA,NA,NA,NA,NA,NA,NA,NA,NA,NA,NA,NA,NA,NA,NA,NA,NA,NA,NA,NA,NA,NA,NA,NA
"Collared Falconet",NA,NA,NA,NA,NA,NA,NA,NA,NA,NA,NA,NA,NA,NA,NA,NA,NA,NA,NA,NA,NA,NA,NA,NA,NA,NA,NA,NA,NA,NA
"Lesser Kestrel",NA,NA,NA,NA,NA,NA,NA,NA,NA,NA,NA,NA,NA,NA,NA,NA,NA,NA,NA,NA,NA,NA,NA,NA,NA,NA,NA,NA,NA,NA
"Eurasian Kestrel",-7.39197474982313,-6.54727868381108,-5.70258261779903,-13.6020964417069,-12.1394673785129,-10.676838315319,-7.17763360605497,-6.45310745447336,-5.72858130289175,-6.97912207506389,-6.24651168464421,-5.51390129422453,-6.97844532528858,-6.29006656760396,-5.60168780991934,-6.9462807347399,-6.24733944389451,-5.54839815304911,-6.92703420778091,-6.21577551590487,-5.50451682402883,-7.005056774789,-6.26593440007897,-5.52681202536893,-7.24349447323691,-6.48203407770123,-5.72057368216556,-7.5678312888211,-6.72845420132817,-5.88907711383524
"Red-necked Falcon",-6.869902265092,-4.84227823479709,-2.81465420450219,-11.236667690331,-7.34497775915547,-3.45328782797993,-6.24756636525,-4.45335942097578,-2.65915247670155,-6.0994704623362,-4.31739739487731,-2.53532432741842,-6.0073242062924,-4.21419253605219,-2.42106086581199,-6.01418948269278,-4.25842392513102,-2.50265836756926,-5.91544314937266,-4.14276443722712,-2.37008572508158,-5.84025769457567,-3.98065829753086,-2.12105890048605,-6.28299745355124,-4.36579750299732,-2.4485975524434,-6.43811370092703,-4.23189571105247,-2.02567772117791
"Red-footed Falcon",NA,NA,NA,NA,NA,NA,NA,NA,NA,NA,NA,NA,NA,NA,NA,NA,NA,NA,NA,NA,NA,NA,NA,NA,NA,NA,NA,NA,NA,NA
"Amur Falcon",-11.689451391324,-8.47891858289724,-5.26838577447045,-16.8162943184707,-9.43371814534435,-2.05114197221803,-9.727693153569,-6.46781508127491,-3.20793700898081,-9.63423045176109,-6.39895691793313,-3.16368338410518,-9.47262052728027,-6.32545101431907,-3.17828150135786,-9.8095093395059,-6.71705163746381,-3.62459393542172,-9.7360309220782,-6.64433433203384,-3.55263774198949,-9.62815388782167,-6.29162616383634,-2.95509843985102,-9.60939725914113,-5.8524859589024,-2.09557465866368,-10.0210980281801,-5.63618788799421,-1.25127774780835
"Merlin",NA,NA,NA,NA,NA,NA,NA,NA,NA,NA,NA,NA,NA,NA,NA,NA,NA,NA,NA,NA,NA,NA,NA,NA,NA,NA,NA,NA,NA,NA
"Eurasian Hobby",-7.88754503213137,-3.6473064689632,0.592932094204961,-13.7971489125628,-5.37834641377919,3.04045608500446,-7.63147226146352,-3.93036128865239,-0.229250315841261,-7.31622905312231,-3.5598046872291,0.196619678664098,-7.10917774549435,-3.54352825628004,0.0221212329342713,-7.31673189061132,-3.66363839460289,-0.0105448985944623,-7.4713690181565,-3.87233931576062,-0.273309613364742,-7.62747336590659,-3.99479942632956,-0.362125486752534,-7.37501353382813,-3.22221440053713,0.930584732753872,-7.42419680386321,-2.43017873655288,2.56383933075745
"Oriental Hobby",NA,NA,NA,NA,NA,NA,NA,NA,NA,NA,NA,NA,NA,NA,NA,NA,NA,NA,NA,NA,NA,NA,NA,NA,NA,NA,NA,NA,NA,NA
"Laggar Falcon",-10.9819402884377,-7.78516234641904,-4.58838440440036,-20.4023695278291,-13.9472985453535,-7.49222756287795,-10.1908146549503,-6.92381587106535,-3.65681708718035,-10.1228024694976,-6.73196772006131,-3.34113297062504,-9.99989451914618,-6.87970865919521,-3.75952279924424,-10.112586291871,-7.08468696633068,-4.05678764079039,-9.93752173393068,-6.74990437465259,-3.5622870153745,-10.0754441543496,-6.76260481973897,-3.44976548512836,-10.2535476645747,-6.45031641045581,-2.64708515633688,-10.9480271284745,-7.08068449332583,-3.21334185817713
"Saker Falcon",NA,NA,NA,NA,NA,NA,NA,NA,NA,NA,NA,NA,NA,NA,NA,NA,NA,NA,NA,NA,NA,NA,NA,NA,NA,NA,NA,NA,NA,NA
"Peregrine Falcon",-3.37499254461231,-1.73197826859351,-0.0889639925747086,-6.57056352007557,-3.49856024587599,-0.426556971676402,-3.16109393344423,-1.54373688782956,0.0736201577851106,-3.01053597343758,-1.40262133577967,0.205293301878246,-2.92214541712024,-1.35280408030239,0.21653725651545,-3.05888827721926,-1.52603638518138,0.00681550685651344,-2.88020897858137,-1.32555606153976,0.229096855501846,-2.97323434733476,-1.38080139564501,0.211631556044739,-3.12239508985418,-1.47272150729376,0.176952075266664,-2.59841909204733,-0.675543619622453,1.24733185280242
"Alexandrine Parakeet",NA,NA,NA,NA,NA,NA,NA,NA,NA,NA,NA,NA,NA,NA,NA,NA,NA,NA,NA,NA,NA,NA,NA,NA,NA,NA,NA,NA,NA,NA
"Rose-ringed Parakeet",0.916401941368451,2.27364907480389,3.63089620823933,1.84627204562384,4.4666805127006,7.08708897977737,0.955435027803528,2.28465742691967,3.61387982603582,0.960919029823995,2.2295974235845,3.498275817345,1.05966357567846,2.3120019349624,3.56434029424634,1.02814651295097,2.27776612482645,3.52738573670193,1.00939492386575,2.2758642619877,3.54233360010964,1.05036834978267,2.33544629920609,3.62052424862952,1.01193263294014,2.37641375812333,3.74089488330652,0.724456056072552,2.15100031925827,3.57754458244399
"Slaty-headed Parakeet",-5.65781445110424,0.84792198950592,7.35365843011608,-8.56602763416758,5.05031470736766,18.6666570489029,-5.32277186198085,0.225240291896909,5.77325244577467,-4.78598879678025,0.994813530195549,6.77561585717135,-4.73689129575225,0.905836091948061,6.54856347964837,-4.59824359717782,1.00410516171332,6.60645392060445,-4.84902060239247,0.827856405693321,6.50473341377912,-5.08500470728079,0.738800387142705,6.56260548156621,-5.36920429061732,0.650416105202787,6.67003650102289,-5.6354598771513,1.11366722148221,7.86279432011573
"Gray-headed Parakeet",NA,NA,NA,NA,NA,NA,NA,NA,NA,NA,NA,NA,NA,NA,NA,NA,NA,NA,NA,NA,NA,NA,NA,NA,NA,NA,NA,NA,NA,NA
"Plum-headed Parakeet",-0.196529157795842,1.59513854125202,3.38680624029988,1.01529514004812,4.58234304481653,8.14939094958495,0.345954365969952,2.08537791690844,3.82480146784693,0.234953457157127,1.87443398652911,3.5139145159011,0.308979219862838,1.94250096296252,3.57602270606221,0.333606228554149,1.9623526507889,3.59109907302366,0.310196915082471,1.95450342031559,3.5988099255487,0.15943417965059,1.85270112371134,3.54596806777209,0.295253743628964,2.08483611808327,3.87441849253759,-0.0967810747134148,1.77392957769372,3.64464023010086
"Blossom-headed Parakeet",NA,NA,NA,NA,NA,NA,NA,NA,NA,NA,NA,NA,NA,NA,NA,NA,NA,NA,NA,NA,NA,NA,NA,NA,NA,NA,NA,NA,NA,NA
"Malabar Parakeet",-7.23736808722412,1.49912863758379,10.2356253623917,-13.0244759752502,3.99360282341458,21.0116816220794,-6.0724734234096,2.2641426180836,10.6007586595768,-6.07292004638803,2.0136199732864,10.1001599929608,-5.91811546707567,2.13359808959923,10.1853116462741,-5.75397698016273,2.02085525248442,9.79568748513157,-5.97607258870715,1.99897139655033,9.9740153818078,-6.32816987987,1.63948748932189,9.60714485851378,-6.62899727754561,2.07915657200355,10.7873104215527,-6.9890264063115,2.74528465681742,12.4795957199463
"Derbyan Parakeet",NA,NA,NA,NA,NA,NA,NA,NA,NA,NA,NA,NA,NA,NA,NA,NA,NA,NA,NA,NA,NA,NA,NA,NA,NA,NA,NA,NA,NA,NA
"Red-breasted Parakeet",-4.69145056780057,1.45590484697978,7.60326026176014,-8.98616981075059,1.56738478921132,12.1209393891732,-4.1855619764057,1.39759339651913,6.98074876944396,-4.16821645346723,1.01660070640439,6.201417866276,-4.05978757893129,1.15355214987518,6.36689187868165,-3.9385479578088,1.1185434179475,6.1756347937038,-3.99982755321787,1.2205754149991,6.44097838321606,-4.17951856552924,1.13139449852898,6.4423075625872,-4.55797110484961,0.979407669487879,6.51678644382537,-5.32118720449253,0.569419436589396,6.46002607767132
"Nicobar Parakeet",NA,NA,NA,NA,NA,NA,NA,NA,NA,NA,NA,NA,NA,NA,NA,NA,NA,NA,NA,NA,NA,NA,NA,NA,NA,NA,NA,NA,NA,NA
"Long-tailed Parakeet",NA,NA,NA,NA,NA,NA,NA,NA,NA,NA,NA,NA,NA,NA,NA,NA,NA,NA,NA,NA,NA,NA,NA,NA,NA,NA,NA,NA,NA,NA
"Vernal Hanging-Parrot",-3.38633238639382,3.87227868914393,11.1308897646817,-5.07434089659318,9.12600177198336,23.3263444405599,-2.02267470499456,4.98486477928352,11.9924042635616,-1.71366276480239,4.9661766478406,11.6460160604836,-1.85661260055881,4.82480167652039,11.5062159535996,-1.86032618335796,4.71174761608207,11.2838214155221,-1.97669470147393,4.74380296199567,11.4643006254653,-2.03871200689242,4.85442552154183,11.7475630499761,-2.53700460102258,4.84541469739456,12.2278339958117,-2.49929724498301,4.78105084555363,12.0613989360903
"Long-tailed Broadbill",NA,NA,NA,NA,NA,NA,NA,NA,NA,NA,NA,NA,NA,NA,NA,NA,NA,NA,NA,NA,NA,NA,NA,NA,NA,NA,NA,NA,NA,NA
"Gray-lored Broadbill",NA,NA,NA,NA,NA,NA,NA,NA,NA,NA,NA,NA,NA,NA,NA,NA,NA,NA,NA,NA,NA,NA,NA,NA,NA,NA,NA,NA,NA,NA
"Blue-naped Pitta",NA,NA,NA,NA,NA,NA,NA,NA,NA,NA,NA,NA,NA,NA,NA,NA,NA,NA,NA,NA,NA,NA,NA,NA,NA,NA,NA,NA,NA,NA
"Blue Pitta",NA,NA,NA,NA,NA,NA,NA,NA,NA,NA,NA,NA,NA,NA,NA,NA,NA,NA,NA,NA,NA,NA,NA,NA,NA,NA,NA,NA,NA,NA
"Indian Pitta",-1.08239875821788,1.42161433133192,3.92562742088172,-0.425627329435161,4.55627142091434,9.53817017126383,-0.94435570467452,1.38353803261324,3.71143176990099,-0.779144365012549,1.50217424763552,3.78349286028359,-0.767822079659942,1.45306555537023,3.67395319040041,-0.692559356384846,1.54545690253295,3.78347316145075,-0.696644410425982,1.57008204077664,3.83680849197927,-0.961913593116227,1.33871828998139,3.63935017307901,-1.13024469886112,1.29768694217574,3.7256185832126,-0.981172448917664,1.59800726428531,4.17718697748829
"Blue-winged Pitta",NA,NA,NA,NA,NA,NA,NA,NA,NA,NA,NA,NA,NA,NA,NA,NA,NA,NA,NA,NA,NA,NA,NA,NA,NA,NA,NA,NA,NA,NA
"Nicobar Hooded Pitta",NA,NA,NA,NA,NA,NA,NA,NA,NA,NA,NA,NA,NA,NA,NA,NA,NA,NA,NA,NA,NA,NA,NA,NA,NA,NA,NA,NA,NA,NA
"Western Hooded Pitta",NA,NA,NA,NA,NA,NA,NA,NA,NA,NA,NA,NA,NA,NA,NA,NA,NA,NA,NA,NA,NA,NA,NA,NA,NA,NA,NA,NA,NA,NA
"Mangrove Pitta",NA,NA,NA,NA,NA,NA,NA,NA,NA,NA,NA,NA,NA,NA,NA,NA,NA,NA,NA,NA,NA,NA,NA,NA,NA,NA,NA,NA,NA,NA
"White-bellied Minivet",-5.21509031692953,-2.08289709876336,1.04929611940281,-9.10833697744422,-3.20548899137078,2.69735899470266,-3.65880523298744,-0.132316620627089,3.39417199173326,-3.75488637585556,-0.395656632535115,2.96357311078533,-3.86376951107134,-0.625905392268891,2.61195872653355,-3.83150041605186,-0.711674630241779,2.4081511555683,-3.93272574832484,-0.806053196350392,2.32061935562406,-4.07961856546328,-0.909594191424633,2.26043018261402,-3.72318604688892,-0.290803086113519,3.14157987466188,-3.778085155484,0.242588084207937,4.26326132389987
"Small Minivet",0.128766037138037,1.69856255074481,3.26835906435157,-0.301294738251507,2.64331978358932,5.58793430543016,0.272175929345296,1.73939799891439,3.20662006848349,0.107113918889324,1.51496568587912,2.92281745286892,0.168452846314593,1.55347073215363,2.93848861799267,0.178842844550675,1.56062763807956,2.94241243160845,0.186272100256977,1.59433051726626,3.00238893427554,-0.00492859609844043,1.4354478392166,2.87582427453163,0.0452660289833238,1.52297861793152,3.00069120687971,0.0599966533182816,1.69666382104899,3.3333309887797
"Gray-chinned Minivet",NA,NA,NA,NA,NA,NA,NA,NA,NA,NA,NA,NA,NA,NA,NA,NA,NA,NA,NA,NA,NA,NA,NA,NA,NA,NA,NA,NA,NA,NA
"Short-billed Minivet",-5.34897298516375,2.74974924554457,10.8484714762529,-11.3261191725276,2.91364756805218,17.1534143086319,-4.81608230698308,3.3508676159756,11.5178175389343,-4.78231048036262,2.87202320579308,10.5263568919488,-4.65329284280971,2.66248692565097,9.97826669411166,-4.620055180599,2.66440853965153,9.94887225990205,-4.72785330419781,2.60025598430866,9.92836527281513,-5.15614380737986,1.8885974418239,8.93333869102766,-5.16133563246778,2.68799159895327,10.5373188303743,-5.37942889672128,4.43287481908275,14.2451785348868
"Long-tailed Minivet",-3.35957940695233,-0.286983381529253,2.78561264389383,-8.09174469384994,-2.89007570449413,2.31159328486168,-3.94159927303355,-1.22603272908819,1.48953381485718,-3.70469233844991,-1.04990504681788,1.60488224481415,-3.66158236437249,-1.12992178328782,1.40173879779684,-3.64528837404345,-1.09161474205913,1.46205888992518,-3.7891715625703,-1.25199433240412,1.28518289776205,-3.76440520464625,-1.07160535186357,1.6211945009191,-3.7675447368412,-0.970959425547762,1.82562588574567,-4.26783975355969,-1.25041673097194,1.76700629161581
"Orange Minivet",-5.17515277020493,0.058437999645239,5.29202876949541,-10.8114114206017,-1.02994191647972,8.75152758764226,-5.42405901478901,-0.529396236281292,4.36526654222642,-5.21402195860089,-0.655901906788441,3.90221814502401,-5.09562828412215,-0.43963255578497,4.21636317255221,-5.06757837056927,-0.455574089027082,4.15643019251511,-5.24433864669744,-0.597371292207041,4.04959606228336,-5.47459985056672,-0.857125267002036,3.76034931656265,-5.37745034079859,-0.0745517400658365,5.22834686066692,-5.78342163021194,-0.150463409051993,5.48249481210796
"Scarlet Minivet",-3.00516648360572,-0.345406402051464,2.31435367950279,-5.15712260356466,-0.100398011617652,4.95632658032935,-2.64375380851507,-0.121593345580074,2.40056711735492,-2.745065082925,-0.381754373920451,1.9815563350841,-2.56909229103807,-0.192306643573313,2.18447900389145,-2.56333569488449,-0.205570127707639,2.15219543946921,-2.612646418859,-0.262019307127183,2.08860780460463,-2.66259994992391,-0.274653895963854,2.1132921579962,-2.95196721202185,-0.397332451268704,2.15730230948444,-2.79367630200023,0.105244864101038,3.00416603020231
"Ashy Minivet",NA,NA,NA,NA,NA,NA,NA,NA,NA,NA,NA,NA,NA,NA,NA,NA,NA,NA,NA,NA,NA,NA,NA,NA,NA,NA,NA,NA,NA,NA
"Brown-rumped Minivet",NA,NA,NA,NA,NA,NA,NA,NA,NA,NA,NA,NA,NA,NA,NA,NA,NA,NA,NA,NA,NA,NA,NA,NA,NA,NA,NA,NA,NA,NA
"Rosy Minivet",-7.21695670748338,-1.46156269063379,4.2938313262158,-12.8451046549528,-2.06360418684091,8.71789628127102,-6.75476768217785,-1.51025128664163,3.7342651088946,-6.85347595441315,-2.23756376455247,2.37834842530821,-6.49200887656819,-2.15629977256941,2.17940933142937,-6.47716771069335,-1.85232859062295,2.77251052944745,-6.9608829039865,-2.42213330451867,2.11661629494916,-7.08786271395751,-2.50084299801836,2.08617671792078,-7.37139861740854,-2.32905166744039,2.71329528252777,-7.6183792252969,-1.85414671651711,3.91008579226267
"Indian Cuckooshrike",-2.52052048257286,-0.694136006674175,1.13224846922451,-3.69220180621154,-0.167030120003375,3.35814156620479,-2.11602593491511,-0.383839069833644,1.34834779524782,-2.22970569465252,-0.597490165915403,1.03472536282172,-2.13021948053709,-0.538515838401125,1.05318780373484,-2.09789803393785,-0.485900694288924,1.12609664536,-2.16210104961011,-0.544634612651091,1.07283182430793,-2.29722964179343,-0.650590549129243,0.996048543534944,-2.52583286756767,-0.839478777417803,0.846875312732061,-1.96740258881848,0.0478651579324056,2.0631329046833
"Oriental Cuckooshrike",NA,NA,NA,NA,NA,NA,NA,NA,NA,NA,NA,NA,NA,NA,NA,NA,NA,NA,NA,NA,NA,NA,NA,NA,NA,NA,NA,NA,NA,NA
"Andaman Cuckooshrike",-11.5197325465483,2.56107053346797,16.6418736134842,-25.5050532750946,-7.05613856247596,11.3927761501427,-13.3494342985952,-1.99095026610753,9.36753376638011,-12.4329871039319,-2.57462076767723,7.28374556857747,-12.1090205680482,-2.45550542856928,7.19800971090961,-11.9055564026962,-2.2689855555546,7.36758529158704,-12.3762794284472,-2.49283118062598,7.39061706719528,-12.4451885756696,-2.47093338708597,7.5033218014977,-13.2223939851421,-3.47813361889847,6.26612674734515,-14.7221502735055,-2.57515363323855,9.57184300702841
"Pied Triller",NA,NA,NA,NA,NA,NA,NA,NA,NA,NA,NA,NA,NA,NA,NA,NA,NA,NA,NA,NA,NA,NA,NA,NA,NA,NA,NA,NA,NA,NA
"Black-winged Cuckooshrike",-4.63790530769989,-0.887967360154042,2.8619705873918,-7.73766098532893,-0.675052871802464,6.387555241724,-4.73605611963968,-1.59972023956212,1.53661564051544,-4.40876850645498,-1.25188341370141,1.90500167905215,-4.27625009082076,-1.12441818755251,2.02741371571574,-4.17744723639695,-1.0633137719104,2.05081969257614,-4.57238493272788,-1.4702660426214,1.63185284748508,-4.56130406588068,-1.42554879318412,1.71020647951244,-4.24217325530055,-0.59287710011234,3.05641905507587,-4.81880000246215,-1.08518714242893,2.6484257176043
"Black-headed Cuckooshrike",-1.43836850629839,0.456735691899335,2.35183989009706,-3.3015399798716,0.0935653096576621,3.48867059918693,-1.49984654204864,0.237850234942283,1.9755470119332,-1.2818401292428,0.428303814264421,2.13844775777165,-1.43185718411306,0.182235670830412,1.79632852577389,-1.38832964244377,0.242969549668934,1.87426874178164,-1.38395109997889,0.27106467980304,1.92608045958497,-1.58710131123251,0.113668140110964,1.81443759145444,-1.35175013704283,0.450182366846717,2.25211487073626,-1.87282492750481,-0.0239369342290919,1.82495105904663
"Black-headed Shrike-Babbler",NA,NA,NA,NA,NA,NA,NA,NA,NA,NA,NA,NA,NA,NA,NA,NA,NA,NA,NA,NA,NA,NA,NA,NA,NA,NA,NA,NA,NA,NA
"White-browed Shrike-Babbler",NA,NA,NA,NA,NA,NA,NA,NA,NA,NA,NA,NA,NA,NA,NA,NA,NA,NA,NA,NA,NA,NA,NA,NA,NA,NA,NA,NA,NA,NA
"Green Shrike-Babbler",-9.17746307741434,0.525280715145208,10.2280245077048,-17.07731443486,0.888536608305469,18.8543876514709,-8.54107603897252,0.53059990195833,9.60227584288918,-8.23477366961249,0.234781340747057,8.7043363511066,-7.84630842667148,-0.0306292066205822,7.78505001343031,-7.90525515002414,0.156394762308435,8.21804467464101,-8.05562553726996,0.0835573172551484,8.22274017178026,-8.48943716759481,-0.239025260793343,8.01138664600813,-9.12655443736373,0.43147158342425,9.98949760421223,-9.02291587243937,-0.305844369455494,8.41122713352839
"Black-eared Shrike-Babbler",NA,NA,NA,NA,NA,NA,NA,NA,NA,NA,NA,NA,NA,NA,NA,NA,NA,NA,NA,NA,NA,NA,NA,NA,NA,NA,NA,NA,NA,NA
"Clicking Shrike-Babbler",NA,NA,NA,NA,NA,NA,NA,NA,NA,NA,NA,NA,NA,NA,NA,NA,NA,NA,NA,NA,NA,NA,NA,NA,NA,NA,NA,NA,NA,NA
"White-bellied Erpornis",NA,NA,NA,NA,NA,NA,NA,NA,NA,NA,NA,NA,NA,NA,NA,NA,NA,NA,NA,NA,NA,NA,NA,NA,NA,NA,NA,NA,NA,NA
"Mangrove Whistler",NA,NA,NA,NA,NA,NA,NA,NA,NA,NA,NA,NA,NA,NA,NA,NA,NA,NA,NA,NA,NA,NA,NA,NA,NA,NA,NA,NA,NA,NA
"Eurasian Golden Oriole",NA,NA,NA,NA,NA,NA,NA,NA,NA,NA,NA,NA,NA,NA,NA,NA,NA,NA,NA,NA,NA,NA,NA,NA,NA,NA,NA,NA,NA,NA
"Indian Golden Oriole",-1.39455416395277,-0.447311359859377,0.499931444234019,-2.78840503528601,-1.06496073783203,0.658483559621948,-1.13733149688558,-0.242534481778935,0.652262533327713,-1.07125197834729,-0.210187603492381,0.650876771362531,-1.11533474545014,-0.272804231968675,0.569726281512793,-1.14849083470782,-0.317689406989366,0.513112020729089,-1.22691707705971,-0.377973419230966,0.470970238597779,-1.24086131246696,-0.384651153454455,0.471559005558055,-0.947422769425474,-0.0275099176945124,0.89240293403645,-0.742392304723521,0.302311131081012,1.34701456688554
"Black-naped Oriole",-3.75585365669634,0.456933034151706,4.66971972499975,-8.29609683773031,-0.869656481894255,6.5567838739418,-4.06006804509159,-0.447938591947172,3.16419086119724,-3.91310703234063,-0.361605372002078,3.18989628833648,-3.8090312980771,-0.342575852669022,3.12387959273905,-3.75250951418226,-0.266059073595084,3.22039136699209,-4.06356693311663,-0.541790256919588,2.97998641927745,-4.23409596048695,-0.708012334938468,2.81807129061001,-3.97455841903776,-0.125684690536791,3.72318903796418,-4.12577792479043,0.1460046883966,4.41778730158363
"Slender-billed Oriole",NA,NA,NA,NA,NA,NA,NA,NA,NA,NA,NA,NA,NA,NA,NA,NA,NA,NA,NA,NA,NA,NA,NA,NA,NA,NA,NA,NA,NA,NA
"Black-hooded Oriole",-1.17592241048965,1.83302088268554,4.84196417586073,-2.20379734868834,3.47704193917999,9.15788122704831,-1.14486028144747,1.58580468386883,4.31646964918513,-1.05837605349901,1.51928822299648,4.09695249949197,-0.99685192133132,1.59735772230945,4.19156736595022,-0.981136672583122,1.62334094154609,4.22781855567531,-1.08204704206255,1.53852232819758,4.15909169845771,-1.08324615171938,1.65383381427802,4.39091378027542,-1.29394282320071,1.47185669163355,4.2376562064678,-1.30227389459189,1.7058961867435,4.71406626807889
"Maroon Oriole",-3.17442888635997,2.35817250637329,7.89077389910656,-5.69304186926601,4.6451201214923,14.9832821122506,-3.26871763167672,1.62129857913782,6.51131478995236,-2.62820397765246,2.31848103375454,7.26516604516155,-2.69909829445312,2.08929779971634,6.8776938938858,-2.68832490058365,2.11211438570295,6.91255367198956,-2.62312580594352,2.27503760956196,7.17320102506744,-3.33291554739979,1.35104378653697,6.03500312047372,-3.01112294910868,2.23278360103237,7.47669015117341,-2.93221832404194,2.87181621733968,8.67585075872131
"Ashy Woodswallow",-2.224144109799,1.08610572071776,4.39635555123452,-5.65831696413711,0.0523407406308042,5.76299844539871,-2.80189194226608,0.0899345416190572,2.98176102550419,-2.6915534763108,0.0570394159283348,2.80563230816747,-2.54911587041312,0.187195938382216,2.92350774717755,-2.56358209437536,0.194933213405413,2.95344852118619,-2.68987447589777,0.0852669335846889,2.86040834306715,-2.58316368745171,0.26727400346368,3.11771169437907,-2.78759227932321,0.145568147309626,3.07872857394247,-2.99843036596091,0.18883431014622,3.37609898625335
"White-breasted Woodswallow",NA,NA,NA,NA,NA,NA,NA,NA,NA,NA,NA,NA,NA,NA,NA,NA,NA,NA,NA,NA,NA,NA,NA,NA,NA,NA,NA,NA,NA,NA
"Malabar Woodshrike",-5.41232418824945,0.277781121431212,5.96788643111187,-9.69505239868216,0.259768264915391,10.2145889285129,-5.17785577973994,-0.371805998630272,4.4342437824794,-4.75399289140941,0.277698367710319,5.30938962683005,-4.71341380085396,0.101360480469305,4.91613476179257,-4.64199664658504,0.101865780793039,4.84572820817112,-4.71558666272339,0.0695632642177093,4.85471319115881,-5.00467884119845,-0.097960162259057,4.80875851668033,-5.35130490105123,-0.172270677894431,5.00676354526236,-5.19369420304549,0.530741183229988,6.25517656950547
"Large Woodshrike",-6.86514736437337,-2.61658170852469,1.631983947324,-12.8167852437518,-4.60604114748671,3.60470294877838,-5.96042939362225,-1.64010537637613,2.68021864086999,-6.09446110751529,-2.084899290591,1.92466252633329,-6.01536965036924,-1.9208087304923,2.17375218938465,-5.9228630164459,-1.98716559984558,1.94853181675474,-6.06725279236103,-2.12175868046361,1.82373543143382,-5.97372675893022,-1.88643009191335,2.20086657510352,-6.17861709301629,-1.88950912614418,2.39959884072793,-6.52133000847206,-1.49490364860786,3.53152271125633
"Common Woodshrike",-0.981348347295014,1.47911277235259,3.93957389200019,-2.06722851227496,2.41504133914709,6.89731119056914,-1.05613706951514,1.15069168295177,3.35752043541867,-0.994988107253921,1.16509664831358,3.32518140388109,-1.00143954707541,1.08128878681404,3.16401712070349,-0.958782578408276,1.15496744406023,3.26871746652873,-1.0670415667661,1.07301929007044,3.21308014690699,-0.908851455604067,1.24404137011436,3.39693419583279,-1.01059408438114,1.31282142948998,3.6362369433611,-1.702812980386,0.649560112081972,3.00193320454994
"Bar-winged Flycatcher-shrike",-0.692146957524097,2.82185516964146,6.33585729680702,-2.49340021169916,3.95027069160202,10.3939415949032,-1.32972623079432,1.87972732962925,5.08918089005283,-1.07765781784634,2.01820905972773,5.11407593730181,-0.905588865242123,2.24011203603993,5.38581293732199,-0.922610757642768,2.21201011441279,5.34663098646834,-1.18487342939973,1.92959283445171,5.04405909830314,-1.43079506230463,1.71042178608297,4.85163863447057,-0.911178943078976,2.50052296652984,5.91222487613866,-0.440020712495116,3.52376501668824,7.48755074587159
"Common Iora",1.36608417503859,2.78255793405809,4.19903169307759,2.44007392448922,5.00523750284792,7.57040108120662,1.71278531985815,3.03188761386286,4.35098990786757,1.43583982781142,2.71193317010287,3.98802651239433,1.63338558660077,2.90847663078825,4.18356767497572,1.60379131664327,2.87548680162094,4.14718228659861,1.38223109126042,2.64130800111386,3.9003849109673,1.37648635341066,2.65383548459456,3.93118461577846,1.58384184850235,2.96054686454043,4.33725188057852,2.36555125014108,3.92251499762156,5.47947874510205
"White-tailed Iora",NA,NA,NA,NA,NA,NA,NA,NA,NA,NA,NA,NA,NA,NA,NA,NA,NA,NA,NA,NA,NA,NA,NA,NA,NA,NA,NA,NA,NA,NA
"White-throated Fantail",-1.20731122458054,2.62451288994643,6.45633700447339,-1.99422302942399,5.08068158541572,12.1555862002554,-0.929546723686828,2.60736481744001,6.14427635856685,-0.700849157571676,2.70677546814447,6.11440009386061,-0.879637376404547,2.37371884741383,5.62707507123221,-0.783936137474548,2.53254914537247,5.84903442821949,-0.889640214144716,2.49481562048715,5.87927145511901,-1.09141040677922,2.31746949765834,5.72634940209591,-1.18403337494227,2.30384335993776,5.79172009481779,-1.22630386277458,2.58212986252958,6.39056358783374
"Spot-breasted Fantail",NA,NA,NA,NA,NA,NA,NA,NA,NA,NA,NA,NA,NA,NA,NA,NA,NA,NA,NA,NA,NA,NA,NA,NA,NA,NA,NA,NA,NA,NA
"White-browed Fantail",-4.23432451165327,-1.8295350186683,0.575254474316669,-7.77140296314631,-3.46383056917,0.843741824806321,-3.82205008139371,-1.69235025048645,0.437349580420817,-3.65630923525594,-1.48898726066485,0.678334713926231,-3.72004655798463,-1.63331568410643,0.453415189771764,-3.65701635172887,-1.59347266371091,0.470071024307054,-3.77315359731502,-1.71152190913769,0.350109779039645,-3.88566642118568,-1.7614211452182,0.36282413074929,-3.8210498673825,-1.54229653485451,0.736456797673485,-3.93260277749167,-1.41073092339961,1.11114093069245
"Black Drongo",-0.220946861960435,0.512444871516283,1.245836604993,-1.08129693338387,0.164947538314014,1.4111920100119,-0.505667323229183,0.130063307012623,0.765793937254428,-0.430025595029852,0.206246475205082,0.842518545440016,-0.423122274567443,0.187710494402803,0.798543263373049,-0.413588507178447,0.202637342238866,0.818863191656179,-0.467930012826643,0.149734525406019,0.767399063638682,-0.4965079710642,0.13896254414887,0.77443305936194,-0.461140185797558,0.196260597450421,0.8536613806984,-0.375763750140143,0.370718644909257,1.11720103995866
"Ashy Drongo",-1.58801908250374,-0.270473758337611,1.04707156582851,-1.63399413548313,0.903863992434455,3.44172212035204,-1.08203800665251,0.199581887656696,1.4812017819659,-0.783644147877162,0.489047368463448,1.76173888480406,-0.868160321744383,0.363345451592807,1.59485122493,-0.899579445492666,0.323276909852743,1.54613326519815,-1.02973351976104,0.196097747371114,1.42192901450327,-1.08452417748486,0.170938093454251,1.42640036439336,-0.721356648363471,0.644581112579638,2.01051887352275,-0.316940313742404,1.17416604591174,2.66527240556589
"White-bellied Drongo",-3.99373816897668,-1.94194465985141,0.109848849273868,-6.84283838557385,-2.96314412490341,0.916550135767034,-4.08629865070329,-2.30480900142461,-0.52331935214593,-3.84798253315568,-2.06752870221507,-0.287074871274466,-3.76208065901991,-2.00372805112785,-0.245375443235795,-3.7432522558282,-1.98278475709731,-0.222317258366417,-3.89380185383515,-2.1152170806476,-0.336632307460053,-3.96867594688615,-2.17722071585917,-0.385765484832201,-3.91692033980729,-2.05430689833134,-0.191693456855392,-3.81506039495796,-1.66272926623215,0.489601862493654
"Crow-billed Drongo",NA,NA,NA,NA,NA,NA,NA,NA,NA,NA,NA,NA,NA,NA,NA,NA,NA,NA,NA,NA,NA,NA,NA,NA,NA,NA,NA,NA,NA,NA
"Bronzed Drongo",-1.93198705307514,1.34874726408326,4.62948158124165,-2.32855825690145,3.80460974279351,9.93777774248846,-1.45044033381082,1.51420409588352,4.47884852557786,-1.24530019067058,1.63578321889091,4.51686662845241,-1.21393986967184,1.67271546151797,4.55937079270778,-1.22133481011917,1.64122517259478,4.50378515530873,-1.35413200494466,1.5173877096754,4.38890742429546,-1.33397425507351,1.65278694225311,4.63954813957973,-1.02216310180242,2.18909761382224,5.4003583294469,-1.84490903293982,1.31898471984829,4.4828784726364
"Lesser Racket-tailed Drongo",-6.98817602848434,-2.95859762514568,1.07098077819298,-13.0348749534724,-6.08242271470631,0.870029524059737,-6.79421438447531,-3.49526805063597,-0.196321716796625,-6.60156530739802,-3.23115787854757,0.139249550302879,-6.53243518289831,-3.22196418343666,0.088506816024994,-6.43223082259555,-3.16904849110175,0.0941338403920389,-6.57627284690196,-3.30666196315311,-0.0370510794042644,-6.72414407800605,-3.32832875946202,0.0674865590820053,-6.87255343749128,-3.28461445607413,0.303324525343011,-7.19538545360605,-3.15991582700762,0.875553799590821
"Hair-crested Drongo",-4.45397663845944,-1.77121449499431,0.911547648470822,-8.34399799520583,-3.77525283639145,0.79349232242292,-4.14853019045669,-1.74524135806411,0.65804747432846,-3.98421325239916,-1.64050300706186,0.703207238275441,-4.02877815827078,-1.77277661229522,0.483224933680332,-3.96162386956221,-1.7155478982459,0.530528073070405,-4.09028102035239,-1.83689703593154,0.416486948489312,-4.09088848252862,-1.81338797238715,0.464112537754329,-4.4288571658027,-1.9544107815428,0.520035602717092,-4.21184946994937,-1.41221977594289,1.38740991806359
"Andaman Drongo",-4.69945711228806,-1.12853615536393,2.4423848015602,-10.2722632491185,-3.35268667910576,3.56688989090696,-5.18255310913135,-1.66387448567763,1.85480413777608,-5.22991772048213,-2.09588905807212,1.03813960433788,-5.02465601399581,-1.98398195539485,1.05669210320611,-4.85416166962683,-1.77196768608425,1.31022629745833,-5.25242621410728,-2.17916093615605,0.894104341795176,-5.3752928293118,-2.21852656640078,0.938239696510243,-5.38317915515937,-1.96963049339401,1.44391816837134,-5.83872986329138,-2.19056263274968,1.45760459779203
"Greater Racket-tailed Drongo",-2.86602246474608,-0.0966864236696955,2.67264961740669,-4.80849361153676,0.333967735809513,5.47642908315578,-2.12743873356778,0.541243534510737,3.20992580258925,-2.29684067866098,0.21015834610117,2.71715737086332,-2.21064626233254,0.301788337982922,2.81422293829839,-2.2112758766341,0.28585206297232,2.78298000257874,-2.35689728643086,0.141959156977713,2.64081560038628,-2.3864724044443,0.142168109517341,2.67080862347898,-2.45132010346054,0.248065177176328,2.9474504578132,-2.05321444501622,1.06634002418514,4.1858944933865
"Black-naped Monarch",-0.334251991277576,2.11043647786007,4.55512494699772,-1.06104315451206,3.56997139778016,8.20098595007239,-0.62539165726422,1.60171875692472,3.82882917111366,-0.624364783693596,1.49451925516997,3.61340329403353,-0.583151741106542,1.4548685082817,3.49288875766995,-0.484278557709967,1.61191939348399,3.70811734467795,-0.674872597715355,1.42097892673095,3.51683045117725,-0.734881066428904,1.42139288471371,3.57766683585631,-0.895761050670848,1.32673002544152,3.54922110155389,-0.759890422506721,1.74815520229944,4.25620082710561
"Amur Paradise-Flycatcher",NA,NA,NA,NA,NA,NA,NA,NA,NA,NA,NA,NA,NA,NA,NA,NA,NA,NA,NA,NA,NA,NA,NA,NA,NA,NA,NA,NA,NA,NA
"Blyth's Paradise-Flycatcher",NA,NA,NA,NA,NA,NA,NA,NA,NA,NA,NA,NA,NA,NA,NA,NA,NA,NA,NA,NA,NA,NA,NA,NA,NA,NA,NA,NA,NA,NA
"Indian Paradise-Flycatcher",-1.53480330658829,-0.386094843948578,0.762613618691129,-3.00870588130439,-0.941845598595918,1.12501468411255,-1.62797619661943,-0.587118050847559,0.453740094924317,-1.37224004923213,-0.335179517168634,0.701881014894862,-1.46378506066387,-0.469397893907828,0.524989272848217,-1.47799291466197,-0.482792280346483,0.512408353969005,-1.49801595686217,-0.483440269961352,0.531135416939469,-1.43397723678192,-0.383502146469909,0.666972943842099,-1.57442463158722,-0.499740868769604,0.574942894048014,-1.33667635851257,-0.146012889583861,1.04465057934485
"Tiger Shrike",NA,NA,NA,NA,NA,NA,NA,NA,NA,NA,NA,NA,NA,NA,NA,NA,NA,NA,NA,NA,NA,NA,NA,NA,NA,NA,NA,NA,NA,NA
"Red-backed Shrike",NA,NA,NA,NA,NA,NA,NA,NA,NA,NA,NA,NA,NA,NA,NA,NA,NA,NA,NA,NA,NA,NA,NA,NA,NA,NA,NA,NA,NA,NA
"Red-tailed Shrike",NA,NA,NA,NA,NA,NA,NA,NA,NA,NA,NA,NA,NA,NA,NA,NA,NA,NA,NA,NA,NA,NA,NA,NA,NA,NA,NA,NA,NA,NA
"Isabelline Shrike",-8.90035494475254,-4.63959541502765,-0.378835885302762,-16.2574137107055,-8.55823479871135,-0.859055886717222,-8.13583496357174,-4.04461980944432,0.04659534468309,-7.99184129242051,-4.023136903648,-0.0544325148754967,-7.92830428941038,-4.23804765426682,-0.547791019123265,-7.88730446194843,-4.17599770618918,-0.464690950429929,-8.10846736375557,-4.38353362602959,-0.658599888303619,-7.79605162173155,-3.86618790266155,0.0636758164084474,-8.51833721518187,-4.45670423789104,-0.395071260600205,-8.89232301344233,-4.29442543523548,0.303472142971358
"Brown Shrike",-3.91371378535878,0.194703209893684,4.30312020514615,-6.4431700591929,1.00777767382037,8.45872540683364,-3.4509416068633,0.132996888111888,3.71693538308707,-3.13896036682553,0.376436229731802,3.89183282628914,-3.15990923958478,0.2729267349884,3.70576270956159,-3.23429323167835,0.223928610052193,3.68215045178274,-3.05730296806781,0.434747809214852,3.92679858649751,-3.38969296541548,0.265763342836264,3.92121965108801,-3.25872038999128,0.569101738468901,4.39692386692908,-3.96981571696684,0.0809504603240516,4.13171663761494
"Burmese Shrike",NA,NA,NA,NA,NA,NA,NA,NA,NA,NA,NA,NA,NA,NA,NA,NA,NA,NA,NA,NA,NA,NA,NA,NA,NA,NA,NA,NA,NA,NA
"Bay-backed Shrike",-2.64507193723096,-1.14509224977526,0.354887437680453,-4.77673500707596,-2.02019709273915,0.736340821597663,-2.36973955795004,-0.955379292958073,0.458980972033891,-2.42144407680362,-1.05907373566632,0.303296605470977,-2.3595565695989,-1.02516761088724,0.309221347824418,-2.40879067722724,-1.09165256070784,0.225485555811562,-2.41005996493822,-1.05826980990603,0.293520345126156,-2.40945802858137,-1.03849785851785,0.332462311545669,-2.32736381796017,-0.852942209865934,0.621479398228303,-2.30731210015477,-0.657643013752172,0.992026072650428
"Long-tailed Shrike",-1.52298287709716,-0.494931286502734,0.533120304091688,-3.08181911802684,-1.22623021414242,0.629358689742007,-1.39924286662459,-0.471622568426459,0.455997729771671,-1.34481296645109,-0.440664683949359,0.463483598552369,-1.37924803306318,-0.486675706945768,0.405896619171648,-1.38713280279817,-0.506005856159264,0.375121090479642,-1.36266923939318,-0.470980600375227,0.420708038642724,-1.38384300342873,-0.465704771541437,0.452433460345856,-1.46502583167994,-0.476514796551009,0.511996238577921,-1.46100961983191,-0.384489682063557,0.692030255704795
"Gray-backed Shrike",-4.47023211540439,0.962995480807645,6.39622307701968,-9.17676269811109,0.621037614842777,10.4188379277966,-4.70979566673623,-0.105057178827328,4.49968130908157,-4.36150398506199,0.306982339039195,4.97546866314038,-4.32615969718816,0.212248826263791,4.75065734971574,-4.24990832558365,0.273141714866639,4.79619175531693,-4.46593226542866,0.101940111843788,4.66981248911624,-4.62034352852575,0.0854277748626502,4.79119907825105,-4.46471994735612,0.575711254410851,5.61614245617782,-5.13171129621108,-0.101260665125356,4.92918996596037
"Great Gray Shrike",-7.19994876082983,-4.93033247610973,-2.66071619138962,-15.0625783828923,-11.2211837091871,-7.37978903548179,-7.37782265021981,-5.3398853270105,-3.30194800380118,-7.39247892980206,-5.49727793596255,-3.60207694212305,-7.22914138985436,-5.40954430228468,-3.589947214715,-7.32784793216436,-5.45707276036577,-3.58629758856718,-7.47047378497458,-5.61582225362939,-3.76117072228421,-7.45600860602771,-5.4918850168372,-3.5277614276467,-7.85398247931012,-5.8949543043875,-3.93592612946487,-7.43498446762549,-4.93208617676311,-2.42918788590072
"Lesser Gray Shrike",NA,NA,NA,NA,NA,NA,NA,NA,NA,NA,NA,NA,NA,NA,NA,NA,NA,NA,NA,NA,NA,NA,NA,NA,NA,NA,NA,NA,NA,NA
"Giant Shrike",NA,NA,NA,NA,NA,NA,NA,NA,NA,NA,NA,NA,NA,NA,NA,NA,NA,NA,NA,NA,NA,NA,NA,NA,NA,NA,NA,NA,NA,NA
"Masked Shrike",NA,NA,NA,NA,NA,NA,NA,NA,NA,NA,NA,NA,NA,NA,NA,NA,NA,NA,NA,NA,NA,NA,NA,NA,NA,NA,NA,NA,NA,NA
"Woodchat Shrike",NA,NA,NA,NA,NA,NA,NA,NA,NA,NA,NA,NA,NA,NA,NA,NA,NA,NA,NA,NA,NA,NA,NA,NA,NA,NA,NA,NA,NA,NA
"Eurasian Jay",-6.76793582017304,-1.18336125539677,4.4012133093795,-11.4389602120566,-0.989094404688519,9.46077140267959,-6.18828195198286,-1.38314177052094,3.42199841094099,-5.90095077819462,-1.22489709824191,3.45115658171079,-5.83173888314133,-1.19948269752448,3.43277348809238,-5.82405812484377,-1.1909352777221,3.44218756939957,-5.87696631518686,-1.21791422174192,3.44113787170301,-6.11981365797278,-1.15982956752416,3.80015452292446,-6.03951228015485,-0.801502974457596,4.43650633123965,-6.85981187321372,-1.78990364284126,3.2800045875312
"Black-headed Jay",-7.05466173787849,0.838722263724926,8.73210626532834,-11.2685835193196,4.01109939735512,19.2907823140298,-5.95167970848518,0.999969424839705,7.95161855816459,-5.54855585611209,1.27316166190909,8.09487917993027,-5.45900436649047,1.42270624709374,8.30441686067796,-5.62848105075671,1.22918753463767,8.08685612003204,-5.57560532382785,1.28872145818176,8.15304824019137,-5.69992254221881,1.73900783771884,9.17793821765648,-5.59383977675572,2.03543919525826,9.66471816727224,-6.58664341408373,1.16145322168973,8.90954985746318
"Yellow-billed Blue-Magpie",-6.90854458660492,-0.428984970751421,6.05057464510208,-11.4368724205659,0.851320672256108,13.1395137650782,-5.62423840272183,0.298819845972543,6.22187809466691,-5.37276523478709,0.540397601839554,6.45356043846619,-5.34408418946236,0.532914522510781,6.40991323448393,-5.34376774611294,0.405559686353582,6.1548871188201,-5.52937039945383,0.27611626906644,6.08160293758671,-5.73401928311512,0.103059554003994,5.94013839112311,-5.54696546392928,0.862354433861348,7.27167433165198,-5.90565320180449,1.45340153790195,8.81245627760839
"Red-billed Blue-Magpie",-6.9526627237147,-0.307146973205867,6.33836877730297,-12.6971421059882,-0.66355806324887,11.3700259794905,-6.58746888782099,-0.793208642948682,5.00105160192363,-6.16983559803041,-0.512650882569403,5.14453383289161,-6.14543332312125,-0.692692300404638,4.76004872231197,-6.19705736582165,-0.647360547613245,4.90233627059516,-6.22450998820771,-0.730906420408899,4.76269714738991,-6.23626548814832,-0.44170030323837,5.35286488167158,-6.83762240044348,-0.811941199849045,5.21374000074539,-7.34980605986245,-0.600477295986032,6.14885146789039
"Common Green-Magpie",NA,NA,NA,NA,NA,NA,NA,NA,NA,NA,NA,NA,NA,NA,NA,NA,NA,NA,NA,NA,NA,NA,NA,NA,NA,NA,NA,NA,NA,NA
"Rufous Treepie",-1.5923625904529,-0.68213729584712,0.228087998758665,-3.04397252520698,-1.3589542971324,0.326063930942177,-1.55916897752933,-0.718874037028215,0.121420903472903,-1.55300402105507,-0.742135662311435,0.0687326964321978,-1.52371310367169,-0.727236155587279,0.069240792497132,-1.52932044813929,-0.731454250993444,0.0664119461524054,-1.54902494509991,-0.751051955076199,0.0469210349475117,-1.54135724057049,-0.713666709662678,0.11402382124513,-1.58239709112975,-0.694681831555638,0.193033428018472,-1.58009030038092,-0.650705331713873,0.278679636953172
"Gray Treepie",-1.18036818131235,3.44277232925596,8.06591283982427,-0.926452629538407,8.28238410201822,17.4912208335749,-0.891791438060283,3.56352180586668,8.01883504979365,-0.5459416259358,3.86762918890367,8.28120000374313,-0.47144855386821,3.8248433702235,8.1211352943152,-0.449504590739511,3.77870689656791,8.00691838387533,-0.578069263364581,3.68949112935622,7.95705152207701,-0.511991244912176,4.09659794308912,8.70518713109041,-1.00590143397555,3.55299384730038,8.11188912857632,-1.06608357821735,3.58265445518076,8.23139248857888
"White-bellied Treepie",-7.58320893545911,1.58012775906359,10.7434644535863,-14.2107312655836,2.2437502235437,18.698231712671,-6.56457590395585,1.50176914547326,9.56811419490237,-6.40512417319755,1.61981248264807,9.64474913849369,-6.41277554039828,1.53867944372513,9.49013442784855,-6.05818814391405,1.49687639238783,9.05194092868972,-6.285622085814,1.62089538466988,9.52741285515375,-7.01213392723275,0.628550651956613,8.26923523114598,-6.96946827707067,1.4301928362569,9.82985394958447,-7.24580572952507,1.76732185243642,10.7804494343979
"Collared Treepie",NA,NA,NA,NA,NA,NA,NA,NA,NA,NA,NA,NA,NA,NA,NA,NA,NA,NA,NA,NA,NA,NA,NA,NA,NA,NA,NA,NA,NA,NA
"Andaman Treepie",-7.92561922908586,-1.3460888661489,5.23344149678806,-17.7371528708371,-6.28916987852905,5.15881311377895,-8.6857667462616,-1.56312954695048,5.55950765236063,-8.44420641228969,-2.13306406059302,4.17807829110366,-8.06788360429034,-2.51901514327914,3.02985331773207,-7.89663910804533,-2.21025803142517,3.47612304519499,-8.2793774358803,-2.51221630725866,3.25494482136298,-8.52656663170762,-2.64934417548057,3.22787828074648,-9.03628181296564,-3.27960319673708,2.47707541949148,-9.47439706210188,-2.13407111526828,5.20625483156532
"Black-rumped Magpie",NA,NA,NA,NA,NA,NA,NA,NA,NA,NA,NA,NA,NA,NA,NA,NA,NA,NA,NA,NA,NA,NA,NA,NA,NA,NA,NA,NA,NA,NA
"Eurasian Magpie",NA,NA,NA,NA,NA,NA,NA,NA,NA,NA,NA,NA,NA,NA,NA,NA,NA,NA,NA,NA,NA,NA,NA,NA,NA,NA,NA,NA,NA,NA
"Southern Nutcracker",-11.2962510560525,-2.17351045649223,6.94923014306805,-20.5649879142916,-0.925964861330065,18.7130581916315,-10.1914697422464,-0.881527640815075,8.42841446061626,-9.56427410362212,-1.03555587958704,7.49316234444803,-9.59393179459672,-1.10763592135464,7.37865995188743,-9.64641059511531,-1.22066427526346,7.20508204458839,-9.66586893329101,-1.20558157779024,7.25470577771052,-10.0535406223006,-0.996992241667412,8.05955613896573,-10.22495201442,-1.00651413084031,8.21192375273938,-11.0226607206925,-0.32165728610222,10.3793461484881
"Kashmir Nutcracker",NA,NA,NA,NA,NA,NA,NA,NA,NA,NA,NA,NA,NA,NA,NA,NA,NA,NA,NA,NA,NA,NA,NA,NA,NA,NA,NA,NA,NA,NA
"Red-billed Chough",NA,NA,NA,NA,NA,NA,NA,NA,NA,NA,NA,NA,NA,NA,NA,NA,NA,NA,NA,NA,NA,NA,NA,NA,NA,NA,NA,NA,NA,NA
"Yellow-billed Chough",-10.7888263936867,-4.36517688219978,2.05847262928716,-21.0273313264231,-9.82125510426241,1.38482111789827,-10.245465070146,-4.55967754712319,1.12610997589961,-10.0993866098505,-4.70084883992213,0.69768893000623,-10.0017521887934,-4.75549162072188,0.49076894734958,-9.8448521002253,-4.626575218581,0.591701663063305,-9.94980020336277,-4.6393050725212,0.671190058320359,-10.201523304837,-4.77206111611438,0.657401072608267,-10.7203042927875,-4.95562831508769,0.809047662612125,-11.3740625108845,-5.11100976687549,1.15204297713351
"Eurasian Jackdaw",NA,NA,NA,NA,NA,NA,NA,NA,NA,NA,NA,NA,NA,NA,NA,NA,NA,NA,NA,NA,NA,NA,NA,NA,NA,NA,NA,NA,NA,NA
"House Crow",-2.9382235723669,-2.25205001932063,-1.56587646627435,-5.464163485704,-4.28939713041826,-3.11463077513253,-2.64617745508093,-2.02732905590107,-1.40848065672121,-2.63775664871565,-2.04345393276707,-1.44915121681849,-2.6522908934114,-2.0698715253788,-1.4874521573462,-2.6359756863676,-2.05845472051561,-1.48093375466363,-2.60886506515233,-2.0208128260747,-1.43276058699708,-2.69448630189662,-2.0976658011052,-1.50084530031379,-2.72547220304306,-2.08849713913152,-1.45152207521998,-2.8279270391957,-2.12927580939077,-1.43062457958585
"Rook",NA,NA,NA,NA,NA,NA,NA,NA,NA,NA,NA,NA,NA,NA,NA,NA,NA,NA,NA,NA,NA,NA,NA,NA,NA,NA,NA,NA,NA,NA
"Carrion Crow",NA,NA,NA,NA,NA,NA,NA,NA,NA,NA,NA,NA,NA,NA,NA,NA,NA,NA,NA,NA,NA,NA,NA,NA,NA,NA,NA,NA,NA,NA
"Hooded Crow",NA,NA,NA,NA,NA,NA,NA,NA,NA,NA,NA,NA,NA,NA,NA,NA,NA,NA,NA,NA,NA,NA,NA,NA,NA,NA,NA,NA,NA,NA
"Large-billed Crow",-2.9064794552108,-2.06781023577557,-1.22914101634034,-5.09098491093268,-3.57516026158017,-2.05933561222766,-2.42082047560183,-1.63442524228784,-0.848030008973855,-2.45438516586756,-1.69365414657977,-0.93292312729197,-2.4216674851649,-1.68155698024655,-0.9414464753282,-2.44616062787104,-1.70723718114715,-0.968313734423261,-2.47925510238208,-1.72824596800078,-0.977236833619468,-2.52188535984993,-1.76062015154086,-0.999354943231781,-2.36501552670335,-1.557560678809,-0.75010583091465,-2.40469112831716,-1.50180871049007,-0.598926292662981
"Pied Crow",NA,NA,NA,NA,NA,NA,NA,NA,NA,NA,NA,NA,NA,NA,NA,NA,NA,NA,NA,NA,NA,NA,NA,NA,NA,NA,NA,NA,NA,NA
"Common Raven",-9.39011542834887,-5.62185695485989,-1.85359848137092,-18.1065388577949,-11.3173775572739,-4.52821625675292,-9.21770236869613,-6.02425144885776,-2.8308005290194,-9.01287808430807,-5.71326278357047,-2.41364748283287,-8.92156988860791,-5.77260652681115,-2.6236431650144,-8.89091399947545,-5.72461862677671,-2.55832325407798,-9.04782280342581,-5.92388583269802,-2.79994886197024,-8.95709661055422,-5.6509434280115,-2.34479024546877,-9.42027886372083,-5.96701156090633,-2.51374425809183,-9.8394638885422,-5.82199506680487,-1.80452624506753
"Yellow-bellied Fairy-Fantail",-5.72995756833215,-0.675272479709044,4.37941260891406,-10.8929500289108,-2.21069813880681,6.47155375129719,-5.33422201969239,-1.06841364742059,3.19739472485121,-4.98892372742862,-0.668966049148169,3.65099162913228,-5.08650561410207,-1.06418882381453,2.95812796647302,-5.15094680527745,-1.04280318274037,3.06534043979672,-4.96494489111554,-0.789369097244879,3.38620669662578,-4.99372380148004,-0.636697405808777,3.72032898986248,-5.68953028368057,-1.2125707746044,3.26438873447178,-6.21880437883622,-1.68579883327642,2.84720671228338
"Gray-headed Canary-Flycatcher",-2.43283024542766,-0.288007046101547,1.85681615322457,-6.14101890204018,-2.35234580181076,1.43632729841865,-3.06284560093786,-1.20084508371413,0.661155433509603,-2.60158031796021,-0.671534108129995,1.25851210170022,-2.76411371459013,-0.952716788148677,0.858680138292774,-2.76419926666611,-0.927087433247711,0.910024400170685,-2.74918075061952,-0.900145359955146,0.948890030709232,-2.75312879028265,-0.844435469034157,1.06425785221434,-2.98337759116489,-1.0035572001912,0.976263190782483,-3.15729406146943,-0.979868498809819,1.19755706384979
"Fire-capped Tit",NA,NA,NA,NA,NA,NA,NA,NA,NA,NA,NA,NA,NA,NA,NA,NA,NA,NA,NA,NA,NA,NA,NA,NA,NA,NA,NA,NA,NA,NA
"Yellow-browed Tit",-7.7421105019075,0.443325088110415,8.62876067812833,-12.5399758870616,7.40642565340213,27.3528271938658,-5.91524150145335,2.67323422955663,11.2617099605666,-5.92030645640775,2.12641213917183,10.1731307347514,-5.74685479035394,1.96066867043346,9.66819213122085,-5.72065476865708,2.08552472122066,9.8917042110984,-5.81884678129851,2.17412504455059,10.1670968703997,-6.38376375584729,1.56968768603618,9.52313912791965,-6.22939139299464,2.36674371436863,10.9628788217319,-6.88923299438985,2.01959373794133,10.9284204702725
"Sultan Tit",-6.27000051262015,-1.00529776367974,4.25940498526067,-11.5573590976468,-1.72527976392366,8.10679956979944,-5.93431295557893,-0.893957082408027,4.14639879076288,-5.55557891745368,-0.604774170696506,4.34603057606067,-5.50290688942647,-0.60085515878913,4.30119657184821,-5.44229602226697,-0.712406542527748,4.01748293721147,-5.38740116586649,-0.5844194007205,4.21856236442549,-5.58538522122414,-0.754384819079146,4.07661558306585,-5.75915185027616,-0.509168279471923,4.74081529133232,-6.35738956322768,-0.731915096994515,4.89355936923865
"Coal Tit",-7.39748399343322,-1.71997573840598,3.95753251662126,-11.6222792007092,0.573626945666186,12.7695330920416,-6.65495067067107,-1.49552388850324,3.66390289366459,-6.31817730338957,-0.998839390856858,4.32049852167586,-6.17313611162159,-1.35324174709092,3.46665261743975,-6.14978818494404,-1.18545916293551,3.77886985907303,-6.15162855248074,-1.08398040171243,3.98366774905589,-6.448014553326,-1.25927127298177,3.92947200736245,-6.85422529459539,-1.39062482226711,4.07297565006117,-7.48460582209011,-2.16350268109142,3.15760045990728
"Rufous-naped Tit",-7.24483815804799,8.67525138910497,24.5953409362579,-15.993284018195,14.2062693204596,44.4058226591142,-7.5419952863488,3.46945175140945,14.4808987891677,-7.20260930230309,3.99496969286539,15.1925486880339,-6.8705684408363,4.33192937884817,15.5344271985326,-6.93075078977587,4.7567044957971,16.4441597813701,-6.91590511485182,5.08056974265757,17.0770446001669,-7.92776312160974,2.55611973287876,13.0400025873673,-8.04130849864328,4.43791345877134,16.917135416186,-8.83421046342481,5.96901394800887,20.7722383594425
"Rufous-vented Tit",NA,NA,NA,NA,NA,NA,NA,NA,NA,NA,NA,NA,NA,NA,NA,NA,NA,NA,NA,NA,NA,NA,NA,NA,NA,NA,NA,NA,NA,NA
"Gray-crested Tit",-11.9418547205758,0.930111847397646,13.8020784153711,-21.864083086652,-4.2548910724929,13.3543009416662,-10.8859008009734,-1.20024105087128,8.48541869923081,-10.3591471431294,-1.95237868335352,6.45438977642237,-10.1294304178721,-1.83162723010313,6.4661759576658,-9.89513221991235,-1.61161640435714,6.67189941119808,-10.1363828706728,-1.46435032858205,7.20768221350868,-10.921785411788,-2.30722216692762,6.30734107793273,-11.2956507862806,-2.28457614420149,6.72649849787758,-12.024850125562,-2.57066434214831,6.88352144126535
"Azure Tit",NA,NA,NA,NA,NA,NA,NA,NA,NA,NA,NA,NA,NA,NA,NA,NA,NA,NA,NA,NA,NA,NA,NA,NA,NA,NA,NA,NA,NA,NA
"Ground Tit",NA,NA,NA,NA,NA,NA,NA,NA,NA,NA,NA,NA,NA,NA,NA,NA,NA,NA,NA,NA,NA,NA,NA,NA,NA,NA,NA,NA,NA,NA
"Green-backed Tit",-4.08952765103848,1.31017548504297,6.70987862112443,-8.73282155799403,1.97841421349612,12.6896499849863,-4.29292120206714,0.554197506274191,5.40131621461552,-4.056517994329,0.703041520110362,5.46260103454972,-3.92818718530587,0.806046836530171,5.54028085836621,-4.00924251025411,0.784451708711845,5.5781459276778,-4.11797003728217,0.665170844544024,5.44831172637022,-4.20691641792707,0.731368947590232,5.66965431310754,-4.15798099623077,1.03570122878858,6.22938345380794,-4.3100027377882,1.19301912860501,6.69604099499823
"Asian Tit",-0.685283057707185,1.09918354497505,2.88365014765728,-1.67888464106966,1.68208819225607,5.0430610255818,-0.507006114324775,1.24850862161558,3.00402335755594,-0.647859239756893,1.00305454240068,2.65396832455826,-0.592592139459234,1.02720931851557,2.64701077649037,-0.584948442240066,1.04050230621226,2.66595305466459,-0.624630690015507,1.01792227951413,2.66047524904376,-0.711927961629528,0.956628426786493,2.62518481520251,-0.915322654072869,0.796363915260585,2.50805048459404,-0.274794833306967,1.70617805105485,3.68715093541667
"White-naped Tit",NA,NA,NA,NA,NA,NA,NA,NA,NA,NA,NA,NA,NA,NA,NA,NA,NA,NA,NA,NA,NA,NA,NA,NA,NA,NA,NA,NA,NA,NA
"Himalayan Black-lored Tit",-4.23121706600476,3.86347372120238,11.9581645084095,-11.1625918040734,2.93971301046857,17.0420178250106,-5.03914105060408,2.17283517973447,9.38481141007303,-5.10516668265545,1.58976672114523,8.28470012494591,-4.80115578307583,1.89644073293948,8.59403724895478,-4.83799573884827,1.9531951083889,8.74438595562608,-4.91847935716033,1.99952405247288,8.9175274621061,-5.00927537227635,1.77601435719529,8.56130408666692,-5.66729888504053,1.61579527627962,8.89888943759976,-6.0285334782066,2.04268759132786,10.1139086608623
"Indian Yellow Tit",-3.92460773209225,-1.19625257294688,1.53210258619848,-6.17174407358116,-0.935329111324607,4.30108585093194,-3.44658040356809,-0.983869316448024,1.47884177067204,-3.27742939969273,-0.809207244268858,1.65901491115502,-3.26658015840576,-0.859186896966356,1.54820636447305,-3.22506569777771,-0.832036991669851,1.56099171443801,-3.40524979084372,-1.00356901695969,1.39811175692433,-3.37104213204939,-0.915856423502612,1.53932928504416,-3.27266573171333,-0.673860221817491,1.92494528807835,-3.6170136195639,-0.707470076740938,2.20207346608202
"Yellow-cheeked Tit",NA,NA,NA,NA,NA,NA,NA,NA,NA,NA,NA,NA,NA,NA,NA,NA,NA,NA,NA,NA,NA,NA,NA,NA,NA,NA,NA,NA,NA,NA
"White-crowned Penduline-Tit",NA,NA,NA,NA,NA,NA,NA,NA,NA,NA,NA,NA,NA,NA,NA,NA,NA,NA,NA,NA,NA,NA,NA,NA,NA,NA,NA,NA,NA,NA
"Greater Hoopoe-Lark",NA,NA,NA,NA,NA,NA,NA,NA,NA,NA,NA,NA,NA,NA,NA,NA,NA,NA,NA,NA,NA,NA,NA,NA,NA,NA,NA,NA,NA,NA
"Rufous-tailed Lark",-5.96077818916632,-4.55457577018497,-3.14837335120361,-10.9443799245365,-8.51619182869568,-6.08800373285489,-5.26330979790689,-3.97080539279763,-2.67830098768837,-5.39525644548639,-4.18585876686016,-2.97646108823394,-5.34323557113955,-4.14192877469877,-2.94062197825799,-5.37435339375298,-4.19343675043832,-3.01252010712365,-5.26420485990089,-4.04911085358064,-2.83401684726038,-5.35287821852186,-4.12562709764323,-2.8983759767646,-5.42482148352165,-4.11221781724205,-2.79961415096245,-5.56158882961259,-4.08470616635006,-2.60782350308752
"Desert Lark",NA,NA,NA,NA,NA,NA,NA,NA,NA,NA,NA,NA,NA,NA,NA,NA,NA,NA,NA,NA,NA,NA,NA,NA,NA,NA,NA,NA,NA,NA
"Black-crowned Sparrow-Lark",NA,NA,NA,NA,NA,NA,NA,NA,NA,NA,NA,NA,NA,NA,NA,NA,NA,NA,NA,NA,NA,NA,NA,NA,NA,NA,NA,NA,NA,NA
"Ashy-crowned Sparrow-Lark",-5.00323612459969,-3.88705782900156,-2.77087953340344,-8.6839862899287,-6.64361540695898,-4.60324452398927,-4.04472920394741,-2.95513179741631,-1.86553439088522,-4.2354776316618,-3.1882389367907,-2.14100024191961,-4.19022313760857,-3.16762746450861,-2.14503179140865,-4.21113791325029,-3.19588475284844,-2.18063159244658,-4.15528476341053,-3.12743371133293,-2.09958265925532,-4.24577198881286,-3.16758163339671,-2.08939127798056,-4.25379237722121,-3.12353459827374,-1.99327681932628,-4.17350888216413,-2.97251758719553,-1.77152629222694
"Singing Bushlark",NA,NA,NA,NA,NA,NA,NA,NA,NA,NA,NA,NA,NA,NA,NA,NA,NA,NA,NA,NA,NA,NA,NA,NA,NA,NA,NA,NA,NA,NA
"Bengal Bushlark",-4.24022595913941,-0.828810512633075,2.58260493387326,-7.4083266371724,-1.22332517098268,4.96167629520703,-3.52471258802537,-0.296354643654927,2.93200330071552,-3.59585572255454,-0.629452682871115,2.33695035681231,-3.50881280362988,-0.512482242540361,2.48384831854916,-3.50102965772887,-0.551392338889107,2.39824497995065,-3.5428077867836,-0.573532493227962,2.39574280032768,-3.47520416803148,-0.33206761220923,2.81106894361302,-3.99291547858218,-0.753446784514169,2.48602190955384,-3.80809833340065,-0.398828661303031,3.01044101079458
"Jerdon's Bushlark",-0.255626478402308,3.56436397177078,7.38435442194387,-1.12651985974218,5.70248019219782,12.5314802441378,-0.382445139568558,2.94394455091722,6.270334241403,-0.692977276695842,2.42915159199495,5.55128046068575,-0.387132021967575,2.81617730750704,6.01948663698165,-0.409168635500902,2.7894143054856,5.9879972464721,-0.317430267525578,2.92194658452945,6.16132343658448,-0.420131863325366,2.93143039746503,6.28299265825543,-0.519079007862735,2.9690074884012,6.45709398466514,-1.41321260133267,1.832562754271,5.07833810987468
"Indian Bushlark",NA,NA,NA,NA,NA,NA,NA,NA,NA,NA,NA,NA,NA,NA,NA,NA,NA,NA,NA,NA,NA,NA,NA,NA,NA,NA,NA,NA,NA,NA
"Horned Lark",NA,NA,NA,NA,NA,NA,NA,NA,NA,NA,NA,NA,NA,NA,NA,NA,NA,NA,NA,NA,NA,NA,NA,NA,NA,NA,NA,NA,NA,NA
"Greater Short-toed Lark",-8.63486462067246,-6.25043416022875,-3.86600369978505,-8.80739751928654,-2.46028532544886,3.88682686838883,-4.82222331983656,-1.36618421118219,2.08985489747218,-5.51619294455972,-2.47849230894801,0.559208326663707,-5.5903149878593,-2.67277182432207,0.244771339215166,-5.52500388214026,-2.7021679331868,0.120668015766671,-5.13872474150991,-2.21690093239319,0.704922876723528,-5.34117325484045,-2.3191607722277,0.702851710385039,-5.5855672284558,-2.47391939151141,0.637728445432984,-6.3772347893188,-3.19787238919914,-0.0185099890794884
"Mongolian Short-toed Lark",NA,NA,NA,NA,NA,NA,NA,NA,NA,NA,NA,NA,NA,NA,NA,NA,NA,NA,NA,NA,NA,NA,NA,NA,NA,NA,NA,NA,NA,NA
"Hume's Lark",NA,NA,NA,NA,NA,NA,NA,NA,NA,NA,NA,NA,NA,NA,NA,NA,NA,NA,NA,NA,NA,NA,NA,NA,NA,NA,NA,NA,NA,NA
"Bimaculated Lark",NA,NA,NA,NA,NA,NA,NA,NA,NA,NA,NA,NA,NA,NA,NA,NA,NA,NA,NA,NA,NA,NA,NA,NA,NA,NA,NA,NA,NA,NA
"Tibetan Lark",NA,NA,NA,NA,NA,NA,NA,NA,NA,NA,NA,NA,NA,NA,NA,NA,NA,NA,NA,NA,NA,NA,NA,NA,NA,NA,NA,NA,NA,NA
"Turkestan Short-toed Lark",NA,NA,NA,NA,NA,NA,NA,NA,NA,NA,NA,NA,NA,NA,NA,NA,NA,NA,NA,NA,NA,NA,NA,NA,NA,NA,NA,NA,NA,NA
"Sand Lark",NA,NA,NA,NA,NA,NA,NA,NA,NA,NA,NA,NA,NA,NA,NA,NA,NA,NA,NA,NA,NA,NA,NA,NA,NA,NA,NA,NA,NA,NA
"Eurasian Skylark",NA,NA,NA,NA,NA,NA,NA,NA,NA,NA,NA,NA,NA,NA,NA,NA,NA,NA,NA,NA,NA,NA,NA,NA,NA,NA,NA,NA,NA,NA
"Oriental Skylark",-5.72086309093447,-4.39882377489286,-3.07678445885125,-10.5464341628845,-8.1400607427647,-5.73368732264491,-5.55508596720127,-4.38210873229657,-3.20913149739187,-5.39755387780909,-4.25698406335293,-3.11641424889676,-5.39559636815123,-4.27318081359019,-3.15076525902916,-5.35991012358954,-4.24966313654236,-3.13941614949517,-5.29613577758407,-4.16287963255967,-3.02962348753527,-5.25350589391219,-4.09438359685299,-2.93526129979379,-5.57521011493749,-4.34303609089994,-3.1108620668624,-6.04069106666151,-4.76390803709204,-3.48712500752257
"Crested Lark",-5.42136357090954,-3.29246870070194,-1.16357383049434,-10.08615454224,-6.34154996678761,-2.5969453913352,-4.78830258614274,-2.7109471871685,-0.633591788194248,-4.7311716894105,-2.71922108572766,-0.707270482044809,-4.784469240711,-2.86782352678352,-0.951177812856041,-4.87295173204841,-2.97642085447109,-1.07988997689376,-4.86603652570983,-2.9517358606182,-1.03743519552657,-4.68621676313423,-2.6555463460973,-0.624875929060379,-4.60961970920807,-2.43472989005466,-0.259840070901245,-5.11320989846444,-2.85868411296057,-0.604158327456688
"Malabar Lark",-7.65080137162989,-4.4908900375484,-1.33097870346691,-12.9235458157742,-7.13555296490533,-1.34756011403644,-6.58407007269683,-3.64615964516004,-0.708249217623242,-6.54991797398645,-3.68722094892309,-0.824523923859731,-6.52075522305446,-3.72592076986337,-0.931086316672291,-6.51014761036123,-3.76005183101047,-1.00995605165972,-6.56114338743925,-3.7758554599185,-0.990567532397746,-6.51681287794907,-3.58326869011052,-0.649724502271977,-6.63744018367077,-3.60576183857257,-0.57408349347436,-7.00435306411883,-3.64349783686225,-0.282642609605671
"Tawny Lark",-5.52688627164259,-2.56038310766244,0.406120056317708,-9.11190631937787,-3.60790378070785,1.89609875796218,-4.72681054786838,-2.07855769321785,0.569695161432676,-4.93178723746418,-2.51278073172057,-0.0937742259769521,-4.74083264622156,-2.22788450854798,0.285063629125597,-4.74199654596223,-2.26269207497822,0.216612396005797,-4.72728557811349,-2.2234893588101,0.280306860493297,-4.92962026181464,-2.33952337929034,0.250573503233956,-4.77763156180375,-2.03695739175743,0.703716778288901,-5.43385758342512,-2.43730219038998,0.559253202645174
"Common Tailorbird",5.50545311086785,6.53958864451659,7.57372417816533,10.6981991838978,12.6288931891931,14.5595871944885,5.7609103865067,6.76657194446757,7.77223350242844,5.40376408978069,6.35397394554641,7.30418380131212,5.66026912168839,6.6142275650246,7.56818600836081,5.59387627125882,6.5418465921338,7.48981691300879,5.63298080263997,6.59410800799351,7.55523521334705,5.94235860064732,6.91740909983044,7.89245959901356,5.72374181564543,6.73265099837245,7.74156018109947,4.53075873705897,5.51648028965019,6.5022018422414
"Dark-necked Tailorbird",NA,NA,NA,NA,NA,NA,NA,NA,NA,NA,NA,NA,NA,NA,NA,NA,NA,NA,NA,NA,NA,NA,NA,NA,NA,NA,NA,NA,NA,NA
"Himalayan Prinia",-2.30221157363269,7.38471617640493,17.0716439264426,-7.46857585315834,11.1730963899932,29.8147686331447,-3.28369316437267,5.40535205427305,14.0943972729188,-3.03014955543615,5.48400768627831,13.9981649279928,-2.69951808829455,5.33714135602139,13.3738008003373,-2.78800133915084,5.58419760930672,13.9563965577643,-2.85983765204178,5.60892386982982,14.0776853917014,-3.1207280354424,5.7375213324877,14.5957707004178,-3.19273189184357,5.69415529778295,14.5810424874095,-3.99817603931849,4.58155658179041,13.1612892028993
"Black-throated Prinia",NA,NA,NA,NA,NA,NA,NA,NA,NA,NA,NA,NA,NA,NA,NA,NA,NA,NA,NA,NA,NA,NA,NA,NA,NA,NA,NA,NA,NA,NA
"Rufous-crowned Prinia",NA,NA,NA,NA,NA,NA,NA,NA,NA,NA,NA,NA,NA,NA,NA,NA,NA,NA,NA,NA,NA,NA,NA,NA,NA,NA,NA,NA,NA,NA
"Hill Prinia",NA,NA,NA,NA,NA,NA,NA,NA,NA,NA,NA,NA,NA,NA,NA,NA,NA,NA,NA,NA,NA,NA,NA,NA,NA,NA,NA,NA,NA,NA
"Gray-crowned Prinia",-27.362242974847,15.2452856738197,57.8528143224864,-574.51581287543,19.9127379774037,614.341288830237,-3882.60691783149,35.0995246932724,3952.80596721804,-336.639672488156,20.9332991289215,378.506270745999,-57.9939218147788,13.5604721171149,85.1148660490086,-348.956045489278,17.716084866462,384.388215222202,-1922.14971168587,22.2968373077911,1966.74338630145,-184.929388077058,11.6217827753787,208.172953627816,-36.4370173946901,14.2478741081633,64.9327656110168,-51813.104200488,221.586479432743,52256.2771593535
"Rufous-fronted Prinia",NA,NA,NA,NA,NA,NA,NA,NA,NA,NA,NA,NA,NA,NA,NA,NA,NA,NA,NA,NA,NA,NA,NA,NA,NA,NA,NA,NA,NA,NA
"Rufescent Prinia",NA,NA,NA,NA,NA,NA,NA,NA,NA,NA,NA,NA,NA,NA,NA,NA,NA,NA,NA,NA,NA,NA,NA,NA,NA,NA,NA,NA,NA,NA
"Gray-breasted Prinia",NA,NA,NA,NA,NA,NA,NA,NA,NA,NA,NA,NA,NA,NA,NA,NA,NA,NA,NA,NA,NA,NA,NA,NA,NA,NA,NA,NA,NA,NA
"Delicate Prinia",NA,NA,NA,NA,NA,NA,NA,NA,NA,NA,NA,NA,NA,NA,NA,NA,NA,NA,NA,NA,NA,NA,NA,NA,NA,NA,NA,NA,NA,NA
"Jungle Prinia",NA,NA,NA,NA,NA,NA,NA,NA,NA,NA,NA,NA,NA,NA,NA,NA,NA,NA,NA,NA,NA,NA,NA,NA,NA,NA,NA,NA,NA,NA
"Yellow-bellied Prinia",NA,NA,NA,NA,NA,NA,NA,NA,NA,NA,NA,NA,NA,NA,NA,NA,NA,NA,NA,NA,NA,NA,NA,NA,NA,NA,NA,NA,NA,NA
"Ashy Prinia",1.15474804561502,3.0975856697722,5.04042329392938,2.3508987662469,5.89919411644088,9.44748946663485,1.5121803672255,3.37594844827035,5.2397165293152,1.31926855731906,3.06369948199463,4.80813040667021,1.58066328613458,3.35898647726191,5.13730966838923,1.46026761377406,3.21950094576682,4.97873427775957,1.43024172658394,3.20208844046964,4.97393515435535,1.65479365617734,3.47825733400273,5.30172101182812,1.68688453581314,3.64602164135663,5.60515874690013,1.01737918460919,2.9660612449759,4.9147433053426
"Plain Prinia",-1.04243696289737,0.160712396770039,1.36386175643745,-1.6388856964096,0.52070829239738,2.68030228120436,-0.362188708065473,0.788490384802419,1.93916947767031,-0.526718875638971,0.579009656420672,1.68473818848032,-0.392223383205982,0.706300932970326,1.80482524914663,-0.511134938453242,0.568249692593923,1.64763432364109,-0.583852275131085,0.507998785293775,1.59984984571864,-0.45222810041701,0.6803485413674,1.81292518315181,0.0145118634173822,1.22809531672886,2.44167877004033,-0.307488442579859,0.953094674003777,2.21367779058741
"Zitting Cisticola",NA,NA,NA,NA,NA,NA,NA,NA,NA,NA,NA,NA,NA,NA,NA,NA,NA,NA,NA,NA,NA,NA,NA,NA,NA,NA,NA,NA,NA,NA
"Golden-headed Cisticola",-9.27311169719617,0.854130127679924,10.981371952556,-18.0020975345483,-0.266054927633203,17.4699876792819,-9.19509694430713,2.13535046049235,13.4657978652918,-8.5766352998211,0.338260885579952,9.253157070981,-8.14767101450752,0.231588019162609,8.61084705283274,-8.23804849394304,0.49409981570239,9.22624812534782,-8.54905410148364,0.253324148298908,9.05570239808145,-8.76190896179248,-0.277321175562251,8.20726661066798,-9.29739479368133,0.731256777285448,10.7599083482522,-9.75260900846736,0.85642040421108,11.4654498168895
"Thick-billed Warbler",-0.865014519499575,6.45787138445949,13.7807572884185,-3.2238282631261,10.4773864907579,24.1786012446418,-1.92384150698851,4.14144074649727,10.2067229999831,-1.53746346457327,4.93540584995004,11.4082751644733,-1.41702570414855,4.52342301160144,10.4638717273514,-1.44298381050696,4.9192146979201,11.2814132063472,-1.48584501152469,4.86666294032583,11.2191708921764,-2.1317613332459,3.87834328460053,9.88844790244695,-1.80734078366223,5.12785926124233,12.0630593061469,-1.66927139666224,6.41959672048251,14.5084648376273
"Booted Warbler",-2.16549513542523,0.179626700664133,2.5247485367535,0.426538241470358,5.43868251989299,10.4508267983156,-0.454816029963271,2.01312214938266,4.48106032872859,-0.136895102956318,2.26265098987253,4.66219708270138,-0.506344322544624,1.76246685364392,4.03127802983247,-0.447541687437049,1.84369422013465,4.13493012770634,-0.273531449159358,2.05174248569897,4.3770164205573,-0.981552254146295,1.28876133972647,3.55907493359924,-0.396953284237446,2.12552113133729,4.64799554691204,-0.528531801993636,2.14920871184449,4.82694922568261
"Sykes's Warbler",NA,NA,NA,NA,NA,NA,NA,NA,NA,NA,NA,NA,NA,NA,NA,NA,NA,NA,NA,NA,NA,NA,NA,NA,NA,NA,NA,NA,NA,NA
"Black-browed Reed Warbler",NA,NA,NA,NA,NA,NA,NA,NA,NA,NA,NA,NA,NA,NA,NA,NA,NA,NA,NA,NA,NA,NA,NA,NA,NA,NA,NA,NA,NA,NA
"Moustached Warbler",NA,NA,NA,NA,NA,NA,NA,NA,NA,NA,NA,NA,NA,NA,NA,NA,NA,NA,NA,NA,NA,NA,NA,NA,NA,NA,NA,NA,NA,NA
"Sedge Warbler",NA,NA,NA,NA,NA,NA,NA,NA,NA,NA,NA,NA,NA,NA,NA,NA,NA,NA,NA,NA,NA,NA,NA,NA,NA,NA,NA,NA,NA,NA
"Paddyfield Warbler",-12.3725829679493,-2.40349678572669,7.56558939649592,-23.0858167483593,-2.9376061706461,17.2106044070671,-11.009266346646,-0.89419202738917,9.22088229186769,-10.4257973394425,-1.84523622253826,6.73532489436594,-10.3037736135158,-1.86745640111565,6.5688608112845,-10.5552351067574,-1.90869771755565,6.73783967164607,-10.4677488550916,-1.61300467981721,7.24173949545718,-10.8251347121908,-1.71975219374145,7.38563032470789,-11.6218191057769,-0.965061455236797,9.69169619530329,-10.8235006055033,-3.02470194003308,4.77409672543712
"Blunt-winged Warbler",NA,NA,NA,NA,NA,NA,NA,NA,NA,NA,NA,NA,NA,NA,NA,NA,NA,NA,NA,NA,NA,NA,NA,NA,NA,NA,NA,NA,NA,NA
"Blyth's Reed Warbler",-4.08499169305844,-2.00542193426831,0.0741478245218223,-4.09144559541763,-0.0449268141136238,4.00159196719039,-3.24215224158093,-1.33441261834477,0.57332700489139,-2.65069671198343,-0.624384173166456,1.40192836565051,-2.90362557065841,-1.08915550701089,0.725314556636627,-2.98750289919767,-1.09720350449831,0.793095890201047,-2.73543405485819,-0.814289725626428,1.10685460360533,-3.20646275691678,-1.30167123233081,0.603120292255153,-3.13441559829757,-1.10196976888444,0.930476060528688,-2.65572283388458,-0.29050942340771,2.07470398706916
"Large-billed Reed Warbler",NA,NA,NA,NA,NA,NA,NA,NA,NA,NA,NA,NA,NA,NA,NA,NA,NA,NA,NA,NA,NA,NA,NA,NA,NA,NA,NA,NA,NA,NA
"Great Reed Warbler",NA,NA,NA,NA,NA,NA,NA,NA,NA,NA,NA,NA,NA,NA,NA,NA,NA,NA,NA,NA,NA,NA,NA,NA,NA,NA,NA,NA,NA,NA
"Oriental Reed Warbler",NA,NA,NA,NA,NA,NA,NA,NA,NA,NA,NA,NA,NA,NA,NA,NA,NA,NA,NA,NA,NA,NA,NA,NA,NA,NA,NA,NA,NA,NA
"Clamorous Reed Warbler",-3.46659000210519,-1.96203285333233,-0.457475704559467,-5.17747637360911,-2.21861783670771,0.740240700193684,-2.59784209393331,-1.09166790497872,0.414506283975884,-2.52306713719562,-1.03816485720059,0.446737422794437,-2.64344676423835,-1.2353341134382,0.172778537361955,-2.71293479865039,-1.31563656647591,0.0816616656985643,-2.56261747680139,-1.12234904591234,0.317919384976709,-2.71842276469748,-1.26003863763132,0.198345489434848,-2.41515003660331,-0.830062498643337,0.755025039316635,-2.73412564751974,-1.03929939524412,0.655526857031494
"Pallas's Grasshopper Warbler",NA,NA,NA,NA,NA,NA,NA,NA,NA,NA,NA,NA,NA,NA,NA,NA,NA,NA,NA,NA,NA,NA,NA,NA,NA,NA,NA,NA,NA,NA
"Lanceolated Warbler",NA,NA,NA,NA,NA,NA,NA,NA,NA,NA,NA,NA,NA,NA,NA,NA,NA,NA,NA,NA,NA,NA,NA,NA,NA,NA,NA,NA,NA,NA
"Brown Bush Warbler",NA,NA,NA,NA,NA,NA,NA,NA,NA,NA,NA,NA,NA,NA,NA,NA,NA,NA,NA,NA,NA,NA,NA,NA,NA,NA,NA,NA,NA,NA
"Common Grasshopper Warbler",NA,NA,NA,NA,NA,NA,NA,NA,NA,NA,NA,NA,NA,NA,NA,NA,NA,NA,NA,NA,NA,NA,NA,NA,NA,NA,NA,NA,NA,NA
"Long-billed Bush Warbler",NA,NA,NA,NA,NA,NA,NA,NA,NA,NA,NA,NA,NA,NA,NA,NA,NA,NA,NA,NA,NA,NA,NA,NA,NA,NA,NA,NA,NA,NA
"Chinese Bush Warbler",NA,NA,NA,NA,NA,NA,NA,NA,NA,NA,NA,NA,NA,NA,NA,NA,NA,NA,NA,NA,NA,NA,NA,NA,NA,NA,NA,NA,NA,NA
"Baikal Bush Warbler",NA,NA,NA,NA,NA,NA,NA,NA,NA,NA,NA,NA,NA,NA,NA,NA,NA,NA,NA,NA,NA,NA,NA,NA,NA,NA,NA,NA,NA,NA
"West Himalayan Bush Warbler",NA,NA,NA,NA,NA,NA,NA,NA,NA,NA,NA,NA,NA,NA,NA,NA,NA,NA,NA,NA,NA,NA,NA,NA,NA,NA,NA,NA,NA,NA
"Spotted Bush Warbler",NA,NA,NA,NA,NA,NA,NA,NA,NA,NA,NA,NA,NA,NA,NA,NA,NA,NA,NA,NA,NA,NA,NA,NA,NA,NA,NA,NA,NA,NA
"Russet Bush Warbler",NA,NA,NA,NA,NA,NA,NA,NA,NA,NA,NA,NA,NA,NA,NA,NA,NA,NA,NA,NA,NA,NA,NA,NA,NA,NA,NA,NA,NA,NA
"Broad-tailed Grassbird",NA,NA,NA,NA,NA,NA,NA,NA,NA,NA,NA,NA,NA,NA,NA,NA,NA,NA,NA,NA,NA,NA,NA,NA,NA,NA,NA,NA,NA,NA
"Bristled Grassbird",NA,NA,NA,NA,NA,NA,NA,NA,NA,NA,NA,NA,NA,NA,NA,NA,NA,NA,NA,NA,NA,NA,NA,NA,NA,NA,NA,NA,NA,NA
"Striated Grassbird",NA,NA,NA,NA,NA,NA,NA,NA,NA,NA,NA,NA,NA,NA,NA,NA,NA,NA,NA,NA,NA,NA,NA,NA,NA,NA,NA,NA,NA,NA
"Scaly-breasted Cupwing",-3.23995300826577,3.9400270945862,11.1200071974382,-7.25783995937561,6.06415925103543,19.3861584614465,-1.87035337805637,7.11495435868506,16.1002620954265,-2.73855189481617,4.17147214218674,11.0814961791897,-2.44633983847991,4.1847335348197,10.8158069081193,-2.71403333756788,4.42530336489795,11.5646400673638,-2.42772761952151,4.67575939423414,11.7792464079898,-2.76002566133234,4.50935480946551,11.7787352802634,-2.85233375563055,4.67361743854966,12.1995686327299,-3.18032335532198,5.49869013754687,14.1777036304157
"Immaculate Cupwing",NA,NA,NA,NA,NA,NA,NA,NA,NA,NA,NA,NA,NA,NA,NA,NA,NA,NA,NA,NA,NA,NA,NA,NA,NA,NA,NA,NA,NA,NA
"Pygmy Cupwing",NA,NA,NA,NA,NA,NA,NA,NA,NA,NA,NA,NA,NA,NA,NA,NA,NA,NA,NA,NA,NA,NA,NA,NA,NA,NA,NA,NA,NA,NA
"Gray-throated Martin",NA,NA,NA,NA,NA,NA,NA,NA,NA,NA,NA,NA,NA,NA,NA,NA,NA,NA,NA,NA,NA,NA,NA,NA,NA,NA,NA,NA,NA,NA
"Bank Swallow",NA,NA,NA,NA,NA,NA,NA,NA,NA,NA,NA,NA,NA,NA,NA,NA,NA,NA,NA,NA,NA,NA,NA,NA,NA,NA,NA,NA,NA,NA
"Pale Martin",NA,NA,NA,NA,NA,NA,NA,NA,NA,NA,NA,NA,NA,NA,NA,NA,NA,NA,NA,NA,NA,NA,NA,NA,NA,NA,NA,NA,NA,NA
"Eurasian Crag-Martin",-9.69516506954809,-3.64253079815897,2.41010347323014,-17.5737564374129,-6.91942172378288,3.73491298984717,-9.09947390705161,-3.61499198360832,1.86948993983498,-8.693705937555,-3.17174284086447,2.35022025582605,-8.60806743149716,-3.59035388264675,1.42735966620365,-8.45284237603648,-3.43193982018176,1.58896273567297,-8.56034358962042,-3.34922175556789,1.86190007848465,-8.81492163617872,-3.54983352126378,1.71525459365115,-9.09403869792117,-3.81611432041068,1.46181005709981,-9.96704133505329,-4.11201955299831,1.74300222905667
"Dusky Crag-Martin",-0.50698157908058,1.11101486184219,2.72901130276495,1.22134360116044,4.42041188733639,7.61948017351233,0.95881120327257,2.61806968718356,4.27732817109456,1.0420524911042,2.69628877569719,4.35052506029019,0.946520881580178,2.55449979531848,4.16247870905678,0.846292464754522,2.42719604247519,4.00809962019586,0.770722573638799,2.35033013830709,3.92993770297539,0.719100995490978,2.3338741343642,3.94864727323742,1.14757108322083,2.89711347579921,4.64665586837758,1.19362441808499,3.07982297472037,4.96602153135575
"Hill Swallow",NA,NA,NA,NA,NA,NA,NA,NA,NA,NA,NA,NA,NA,NA,NA,NA,NA,NA,NA,NA,NA,NA,NA,NA,NA,NA,NA,NA,NA,NA
"Pacific Swallow",NA,NA,NA,NA,NA,NA,NA,NA,NA,NA,NA,NA,NA,NA,NA,NA,NA,NA,NA,NA,NA,NA,NA,NA,NA,NA,NA,NA,NA,NA
"Barn Swallow",-3.98959849972627,-3.20135742171364,-2.41311634370101,-6.5934754975437,-5.23941442788885,-3.885353358234,-4.05389318261869,-3.38298358266177,-2.71207398270486,-3.81641128076253,-3.13296058093462,-2.44950988110671,-3.81972870616497,-3.185000227627,-2.55027174908903,-3.82699778621958,-3.16600693751057,-2.50501608880156,-3.79173222704586,-3.1250837557621,-2.45843528447834,-3.96059175991101,-3.28253915324458,-2.60448654657814,-3.69973303281378,-2.97507003809036,-2.25040704336693,-4.36213928395699,-3.61098014144677,-2.85982099893655
"Wire-tailed Swallow",-0.398539701471146,2.54120327366047,5.48094624879208,-0.75798596051298,4.88988615129118,10.5377582630953,-0.393492447339743,2.28934875832476,4.97218996398927,-0.272623216208017,2.39503201708299,5.062687250374,-0.21635321213748,2.39786289687902,5.01207900589552,-0.227162469185156,2.38579021926466,4.99874290771447,-0.197901594236265,2.45682936835765,5.11156033095156,-0.307782569416418,2.38734255964468,5.08246768870578,-0.365639540380127,2.51167473068063,5.38898900174139,-0.853253202528155,2.08826280500322,5.02977881253458
"Western House-Martin",NA,NA,NA,NA,NA,NA,NA,NA,NA,NA,NA,NA,NA,NA,NA,NA,NA,NA,NA,NA,NA,NA,NA,NA,NA,NA,NA,NA,NA,NA
"Siberian House-Martin",NA,NA,NA,NA,NA,NA,NA,NA,NA,NA,NA,NA,NA,NA,NA,NA,NA,NA,NA,NA,NA,NA,NA,NA,NA,NA,NA,NA,NA,NA
"Asian House-Martin",NA,NA,NA,NA,NA,NA,NA,NA,NA,NA,NA,NA,NA,NA,NA,NA,NA,NA,NA,NA,NA,NA,NA,NA,NA,NA,NA,NA,NA,NA
"Nepal House-Martin",-7.14552731622863,-2.1882861406911,2.76895503484644,-12.6109568932611,-2.449687858846,7.71158117556905,-6.51136844445631,-1.65750104842772,3.19636634760087,-6.37884793254946,-1.49445392062252,3.38994009130442,-6.30845378875356,-1.56654806919865,3.17535765035625,-6.27416214052924,-1.61848958323882,3.03718297405159,-6.33180590522831,-1.73448859258179,2.86282872006474,-6.01311876489034,-0.973500608890858,4.06611754710863,-6.66998804253298,-1.59624933328486,3.47748937596326,-7.22713406111534,-1.87608028626977,3.47497348857579
"European Red-rumped Swallow",NA,NA,NA,NA,NA,NA,NA,NA,NA,NA,NA,NA,NA,NA,NA,NA,NA,NA,NA,NA,NA,NA,NA,NA,NA,NA,NA,NA,NA,NA
"Eastern Red-rumped Swallow",-1.41191416377841,-0.192862367320683,1.02618942913705,-0.324463334705203,1.95366011659603,4.23178356789727,-1.26822346678708,-0.169326183795728,0.929571099195625,-0.827584251159073,0.290523733854499,1.40863171886807,-0.979044711072329,0.0641668058942152,1.10737832286076,-0.913134197615945,0.162034021369956,1.23720224035586,-0.926992046631782,0.163129085566045,1.25325021776387,-1.19014304187537,-0.102034939717265,0.986073162440838,-1.3346958720983,-0.225146976010999,0.884401920076307,-0.648795754825164,0.632269003598347,1.91333376202186
"Streak-throated Swallow",-2.59616418854826,-0.833071313534217,0.930021561479825,-1.72442162448699,1.92904401950404,5.58250966349508,-1.62620155549621,0.148856258468821,1.92391407243385,-1.47644098932089,0.280751414052715,2.03794381742632,-1.64699843819642,-0.044272579567998,1.55845327906042,-1.62531408212135,0.0284351456584515,1.68218437343825,-1.30319432894325,0.360869018257601,2.02493236545845,-1.7201269941663,-0.018762770010136,1.68260145414603,-1.95771902961616,-0.183177537708715,1.59136395419873,-2.0659688275014,-0.179765643881443,1.70643753973852
"White-throated Bulbul",NA,NA,NA,NA,NA,NA,NA,NA,NA,NA,NA,NA,NA,NA,NA,NA,NA,NA,NA,NA,NA,NA,NA,NA,NA,NA,NA,NA,NA,NA
"Striated Bulbul",NA,NA,NA,NA,NA,NA,NA,NA,NA,NA,NA,NA,NA,NA,NA,NA,NA,NA,NA,NA,NA,NA,NA,NA,NA,NA,NA,NA,NA,NA
"Cachar Bulbul",NA,NA,NA,NA,NA,NA,NA,NA,NA,NA,NA,NA,NA,NA,NA,NA,NA,NA,NA,NA,NA,NA,NA,NA,NA,NA,NA,NA,NA,NA
"Gray-eyed Bulbul",NA,NA,NA,NA,NA,NA,NA,NA,NA,NA,NA,NA,NA,NA,NA,NA,NA,NA,NA,NA,NA,NA,NA,NA,NA,NA,NA,NA,NA,NA
"Ashy Bulbul",NA,NA,NA,NA,NA,NA,NA,NA,NA,NA,NA,NA,NA,NA,NA,NA,NA,NA,NA,NA,NA,NA,NA,NA,NA,NA,NA,NA,NA,NA
"Yellow-browed Bulbul",-6.81688573193448,0.198839657723959,7.2145650473824,-12.9178977320981,-0.869038653265805,11.1798204255665,-6.39557835995063,0.0015587637877271,6.39869588752609,-6.15933035730904,0.12531658665589,6.40996353062082,-5.9650971921106,-0.0279247565986346,5.90924767891333,-6.00080335996568,-0.0593935969726279,5.88201616602043,-6.05720910028448,-0.0264193188441165,6.00437046259625,-6.38383779737147,-0.325648585358852,5.73254062665376,-6.50469453404282,-0.101281734309022,6.30213106542478,-6.75792719462358,0.870204236677032,8.49833566797764
"Mountain Bulbul",-6.33583848314149,-0.17501146488137,5.98581555337875,-11.9406700996915,-0.35429203372273,11.232086032246,-6.38256864580271,-1.00056718238524,4.38143428103222,-6.12786189024813,-0.89273325891924,4.34239537240965,-5.9579760217699,-0.797745405069012,4.36248521163188,-5.90310398822211,-0.740197623096626,4.42270874202886,-5.99941632165855,-0.805149277573387,4.38911776651177,-6.27048092388977,-0.8124377343222,4.64560545524537,-6.4354881283322,-0.976636691310463,4.48221474571128,-7.03763946338063,-0.953316210829434,5.13100704172176
"Nicobar Bulbul",NA,NA,NA,NA,NA,NA,NA,NA,NA,NA,NA,NA,NA,NA,NA,NA,NA,NA,NA,NA,NA,NA,NA,NA,NA,NA,NA,NA,NA,NA
"Black Bulbul",-3.13450785465504,0.661799000680738,4.45810585601652,-6.97414477544773,-0.480915381310383,6.01231401282696,-3.46676106748092,-0.131849932072108,3.2030612033367,-3.2738534913649,-0.0909981428198818,3.09185720572514,-3.20493584263991,-0.0708347084747102,3.06326642569049,-3.20488376882172,-0.0507687154807523,3.10334633786021,-3.30241438477345,-0.130525422950897,3.04136353887165,-3.22180028834077,0.056588673028737,3.33497763439825,-3.54277458591991,-0.0630229724439103,3.41672864103209,-3.81827936780821,-0.254669032833763,3.30894130214069
"Square-tailed Bulbul",-3.68129778540305,2.53603119191796,8.75336016923898,-7.14202430439374,3.84518479875923,14.8323939019122,-3.05940279853827,2.74851138254553,8.55642556362934,-2.37811904748096,3.82919154945159,10.0365021463841,-2.68036039232099,2.95849908869299,8.59735856970697,-2.8361073696122,2.98760924814562,8.81132586590344,-3.0495543375241,2.65627828879028,8.36211091510467,-3.26779578563782,2.61914379793423,8.50608338150629,-2.39804397046834,4.1908076877484,10.7796593459651,-2.64836211020055,5.1225763140842,12.8935147383689
"Gray-headed Bulbul",-6.22172780742182,1.85749610775728,9.93672002293637,-11.31612148805,3.23878559248509,17.7936926730202,-5.47225008382625,1.53054810885866,8.53334630154357,-5.28257809314065,1.52004224556792,8.32266258427648,-5.24242124482961,1.48955337229379,8.2215279894172,-5.25381617253501,1.48229869170449,8.21841355594398,-5.25591580749948,1.65477508265186,8.5654659728032,-5.63834113808157,1.42989064192979,8.49812242194115,-5.73124901986748,1.93179504911951,9.59483911810651,-6.09530920380091,0.766436227162901,7.62818165812671
"Black-headed Bulbul",NA,NA,NA,NA,NA,NA,NA,NA,NA,NA,NA,NA,NA,NA,NA,NA,NA,NA,NA,NA,NA,NA,NA,NA,NA,NA,NA,NA,NA,NA
"Andaman Bulbul",-3.30607827424915,2.66360242116602,8.63328311658118,-10.457355411595,0.349798431289658,11.1569522741743,-5.12384167245129,0.462532461353227,6.04890659515775,-5.02232150801056,-0.0850463855882189,4.85222873683412,-4.80270854398981,0.181806694494246,5.1663219329783,-4.53701875643311,0.415488399339104,5.36799555511132,-4.92317539335281,0.0958432227980528,5.11486183894891,-5.25016165911021,-0.291141237751501,4.66787918360721,-5.21787959277712,0.459552287775148,6.13698416832742,-6.05952977587043,-0.420912438549135,5.21770489877216
"Black-crested Bulbul",-5.2491400397433,-2.11347326492891,1.02219350988548,-9.2586963004899,-3.49021859160578,2.27825911727834,-4.63236950498109,-1.73454875832459,1.1632719883319,-4.24256204512356,-1.34804557311787,1.54647089888783,-4.35719915753078,-1.56766579567198,1.22186756618682,-4.43858547576556,-1.67537574723843,1.08783398128869,-4.31023588224725,-1.55846030401792,1.1933152742114,-4.4175678919241,-1.55999554870968,1.29757679450474,-4.57395919802508,-1.44248950820466,1.68898018161576,-4.5555115342707,-1.0121009840066,2.5313095662575
"Flame-throated Bulbul",-7.60496642366895,1.2625652142271,10.1300968521231,-15.407859545252,0.613016545303874,16.6338926358598,-7.36899930470406,0.591361567563111,8.55172243983029,-6.87824723589651,0.59463635413577,8.06751994416805,-6.87214816985883,0.645493434199618,8.16313503825807,-6.89498518617555,0.595513269687089,8.08601172554973,-7.06590996610985,0.495372104951816,8.05665417601348,-7.55202119419552,0.37134552137448,8.29471223694448,-7.73428633734485,0.766622704986783,9.26753174731842,-7.51257786226486,1.52581431384288,10.5642064899506
"Crested Finchbill",NA,NA,NA,NA,NA,NA,NA,NA,NA,NA,NA,NA,NA,NA,NA,NA,NA,NA,NA,NA,NA,NA,NA,NA,NA,NA,NA,NA,NA,NA
"White-browed Bulbul",1.55500140118342,4.49419945539112,7.43339750959882,3.04533649189093,8.47051490134111,13.8956933107913,1.80872830240468,4.54082338151509,7.27291846062551,1.6731504683828,4.25933695197406,6.84552343556532,1.80996001092505,4.39772468686145,6.98548936279785,1.79744888434407,4.38268835394683,6.96792782354959,1.79020133996529,4.4209728570185,7.0517443740717,1.71108084945421,4.40610254025543,7.10112423105665,1.64787291739926,4.55245531312287,7.45703770884648,1.32296089822825,4.00566727935763,6.688373660487
"Flavescent Bulbul",NA,NA,NA,NA,NA,NA,NA,NA,NA,NA,NA,NA,NA,NA,NA,NA,NA,NA,NA,NA,NA,NA,NA,NA,NA,NA,NA,NA,NA,NA
"Yellow-throated Bulbul",-9.61524792685473,-4.01053257162766,1.59418278359941,-14.7748705332474,-1.99454533252031,10.7857798682067,-7.83716319131175,-2.04275627667203,3.75165063796769,-7.83277766516037,-2.13991946613578,3.5529387328888,-7.66987436975272,-2.39183671656869,2.88620093661534,-7.51878851392303,-2.25143964395829,3.01590922600645,-7.61517018037558,-2.20951160555805,3.19614696925948,-7.8765536011158,-2.36761390858127,3.14132578395325,-8.36246927216802,-2.61271173657849,3.13704579901105,-8.71351037599268,-2.59915839465658,3.51519358667952
"Red-whiskered Bulbul",0.294502084579099,2.68807158163512,5.08164107869113,0.598951814260858,4.90392337693941,9.20889493961795,0.544634103429435,2.75628384144199,4.96793357945454,0.405232484659782,2.49387260447403,4.58251272428827,0.480643288814238,2.54220390100822,4.6037645132022,0.500989088045606,2.56733411748476,4.63367914692392,0.475902245988892,2.55469803389252,4.63349382179614,0.45910973604781,2.65562905776792,4.85214837948802,0.195333728634869,2.43089700342165,4.66646027820844,0.0959779516614838,2.41734829864127,4.73871864562105
"Red-vented Bulbul",1.42193035566715,1.9853749680582,2.54881958044925,3.18853401047177,4.23475744100137,5.28098087153097,1.6644511958098,2.20683346643476,2.74921573705972,1.6425566528089,2.1663972489385,2.69023784506811,1.74732453418793,2.26120070658509,2.77507687898226,1.68543494457874,2.19199535953269,2.69855577448665,1.65858442089817,2.17575076852342,2.69291711614867,1.68817003548875,2.21492388007226,2.74167772465578,1.88795257920331,2.44741528466962,3.00687799013594,1.77535290385056,2.37837587246107,2.98139884107157
"White-eared Bulbul",-3.57724189699887,1.07689065922182,5.73102321544251,-7.16397851730279,1.00361767012735,9.17121385755749,-3.28017732164476,0.845853205689701,4.97188373302417,-3.01416681067045,1.11246718111622,5.23910117290288,-3.03223873926221,1.06311236161751,5.15846346249723,-3.08338604514042,0.949459746287406,4.98230553771523,-3.02271451707467,1.05156699816617,5.12584851340701,-3.31021215149256,0.790874059068907,4.89196026963037,-3.13226507725497,1.37587814918562,5.8840213756262,-3.41854959693833,1.27531012337224,5.96916984368281
"Himalayan Bulbul",-6.03725386410357,0.0113545863790115,6.05996303686159,-10.9284575274767,-0.677774709374822,9.57290810872704,-5.4391914019591,-0.0297760291514569,5.37963934365618,-5.28145785110734,-0.148880213345569,4.9836974244162,-5.19774762578123,-0.143015148014959,4.91171732975131,-5.16105017026361,-0.140900182842786,4.87924980457804,-5.36548441753325,-0.277136958476155,4.81121050058094,-5.38996418898232,-0.0393412962143056,5.3112815965537,-5.65188808000943,-0.199289726592276,5.25330862682488,-5.91207393744748,0.0201788774917865,5.95243169243106
"Wood Warbler",NA,NA,NA,NA,NA,NA,NA,NA,NA,NA,NA,NA,NA,NA,NA,NA,NA,NA,NA,NA,NA,NA,NA,NA,NA,NA,NA,NA,NA,NA
"Ashy-throated Warbler",-5.39801067869477,4.92956688016463,15.257144439024,-8.98135350773053,14.0387409759555,37.0588354596415,-3.72521191859096,6.39182374072416,16.5088594000393,-3.60422936055607,6.44222099223791,16.4886713450319,-3.49541278291215,5.58256127527333,14.6605353334588,-3.48950922242877,5.93271464825664,15.3549385189421,-3.68595058866737,5.98356222629216,15.6530750412517,-4.15474897427552,5.39301087187401,14.9407707180235,-4.47001767022427,5.81689124891885,16.103800168062,-4.78089248280436,6.37431681639856,17.5295261156015
"Buff-barred Warbler",-1.34523157204651,7.97648180782269,17.2981951876919,-2.35382023485418,16.2843543040252,34.9225288429046,-0.934992104934418,8.4117274234524,17.7584469518392,-0.781051863192205,7.80968972722538,16.400431317643,-0.700145360410119,7.53358352791606,15.7673124162422,-0.667652586471718,7.86694777224652,16.4015481309648,-0.651401790436143,8.05620186201088,16.7638055144579,-0.914949951336142,7.9753476669303,16.8656452851967,-1.28987552596966,7.82778627173437,16.9454480694384,-2.09851267454166,7.00900349645525,16.1165196674522
"Yellow-browed Warbler",NA,NA,NA,NA,NA,NA,NA,NA,NA,NA,NA,NA,NA,NA,NA,NA,NA,NA,NA,NA,NA,NA,NA,NA,NA,NA,NA,NA,NA,NA
"Hume's Warbler",NA,NA,NA,NA,NA,NA,NA,NA,NA,NA,NA,NA,NA,NA,NA,NA,NA,NA,NA,NA,NA,NA,NA,NA,NA,NA,NA,NA,NA,NA
"Brooks's Leaf Warbler",NA,NA,NA,NA,NA,NA,NA,NA,NA,NA,NA,NA,NA,NA,NA,NA,NA,NA,NA,NA,NA,NA,NA,NA,NA,NA,NA,NA,NA,NA
"Chinese Leaf Warbler",NA,NA,NA,NA,NA,NA,NA,NA,NA,NA,NA,NA,NA,NA,NA,NA,NA,NA,NA,NA,NA,NA,NA,NA,NA,NA,NA,NA,NA,NA
"Pallas's Leaf Warbler",NA,NA,NA,NA,NA,NA,NA,NA,NA,NA,NA,NA,NA,NA,NA,NA,NA,NA,NA,NA,NA,NA,NA,NA,NA,NA,NA,NA,NA,NA
"Lemon-rumped Warbler",-2.90122266142244,3.90796511007604,10.7171528815745,-4.74863507099179,7.82982065265313,20.4082763762981,-2.1187799174135,4.28121181524704,10.6812035479076,-2.20423010487385,3.6037362380508,9.41170258097545,-2.0399061829326,3.81363630032871,9.66717878359003,-2.17579879240178,3.85270843683904,9.88121566607986,-1.96367719839957,4.1143571979472,10.192391594294,-2.46655610319775,3.71225038086184,9.89105686492144,-2.40953205100774,3.70071685815706,9.81096576732186,-2.53065215656733,4.90076140676177,12.3321749700909
"Sichuan Leaf Warbler",NA,NA,NA,NA,NA,NA,NA,NA,NA,NA,NA,NA,NA,NA,NA,NA,NA,NA,NA,NA,NA,NA,NA,NA,NA,NA,NA,NA,NA,NA
"Tytler's Leaf Warbler",-12.5509146937144,-4.84642481832833,2.85806505705772,-23.4274810444704,-7.02727785561154,9.37292533324735,-11.3317469048504,-4.37045661400629,2.59083367683779,-11.2752677226028,-4.45363199712907,2.36800372834469,-10.878374422805,-4.53262781652063,1.81311878976378,-11.2046769891131,-4.66827910235202,1.8681187844091,-10.8706264975583,-4.06504991990471,2.74052665774888,-11.3066727711867,-4.40030421104181,2.50606434910304,-11.8145074477548,-4.62655949481199,2.56138845813082,-12.536963323756,-5.38916428710895,1.75863474953814
"Sulphur-bellied Warbler",-5.90855091745883,-3.88901776435123,-1.86948461124363,-11.1328099215644,-7.54320716653295,-3.95360441150145,-5.59439952706675,-3.75161004981103,-1.90882057255531,-5.63163845959271,-3.85331662344701,-2.0749947873013,-5.52037820833556,-3.84612226250039,-2.17186631666523,-5.66012272891294,-3.96407822457365,-2.26803372023437,-5.49725876282622,-3.75877982623399,-2.02030088964176,-5.77370096070457,-4.0035246030436,-2.23334824538263,-5.46208222638961,-3.52216847673909,-1.58225472708857,-6.04700630152084,-3.99207468944004,-1.93714307735925
"Tickell's Leaf Warbler",-5.21947388524106,-1.74443677463164,1.73060033597778,-9.46521484222086,-2.96979981836634,3.52561520548817,-4.72769322800078,-1.50412464724443,1.71944393351192,-4.48715785153824,-1.24832378035544,1.99051029082736,-4.55340521597298,-1.44289312124187,1.66761897348923,-4.54564685487495,-1.45063577656383,1.64437530174728,-4.66157843505322,-1.5419212470419,1.57773594096943,-4.55125892910835,-1.28235158990234,1.98655574930366,-4.52479826424156,-1.11801373307258,2.28877079809639,-5.13109212321126,-1.63455376113272,1.86198460094581
"Dusky Warbler",NA,NA,NA,NA,NA,NA,NA,NA,NA,NA,NA,NA,NA,NA,NA,NA,NA,NA,NA,NA,NA,NA,NA,NA,NA,NA,NA,NA,NA,NA
"Smoky Warbler",NA,NA,NA,NA,NA,NA,NA,NA,NA,NA,NA,NA,NA,NA,NA,NA,NA,NA,NA,NA,NA,NA,NA,NA,NA,NA,NA,NA,NA,NA
"Plain Leaf Warbler",NA,NA,NA,NA,NA,NA,NA,NA,NA,NA,NA,NA,NA,NA,NA,NA,NA,NA,NA,NA,NA,NA,NA,NA,NA,NA,NA,NA,NA,NA
"Buff-throated Warbler",NA,NA,NA,NA,NA,NA,NA,NA,NA,NA,NA,NA,NA,NA,NA,NA,NA,NA,NA,NA,NA,NA,NA,NA,NA,NA,NA,NA,NA,NA
"Willow Warbler",NA,NA,NA,NA,NA,NA,NA,NA,NA,NA,NA,NA,NA,NA,NA,NA,NA,NA,NA,NA,NA,NA,NA,NA,NA,NA,NA,NA,NA,NA
"Mountain Chiffchaff",NA,NA,NA,NA,NA,NA,NA,NA,NA,NA,NA,NA,NA,NA,NA,NA,NA,NA,NA,NA,NA,NA,NA,NA,NA,NA,NA,NA,NA,NA
"Common Chiffchaff",-1946.47246931135,44.3056541611572,2035.08377763367,-891.368098065721,72.428178155758,1036.22445437724,-1244.16632604822,38.2176879245817,1320.60170189738,-26112.2485941535,71.8787807576285,26256.0061556688,-2042.14530590997,40.1516188529549,2122.44854361588,-995.315028084555,35.435098835365,1066.18522575529,-1724.22760804475,33.237465447728,1790.7025389402,-389.260201673475,28.4203712702287,446.100944213933,-1042.39678453126,36.8233597998836,1116.04350413103,-1924349.72825258,369.210715569957,1925088.14968372
"White-spectacled Warbler",NA,NA,NA,NA,NA,NA,NA,NA,NA,NA,NA,NA,NA,NA,NA,NA,NA,NA,NA,NA,NA,NA,NA,NA,NA,NA,NA,NA,NA,NA
"Gray-cheeked Warbler",NA,NA,NA,NA,NA,NA,NA,NA,NA,NA,NA,NA,NA,NA,NA,NA,NA,NA,NA,NA,NA,NA,NA,NA,NA,NA,NA,NA,NA,NA
"Green-crowned Warbler",NA,NA,NA,NA,NA,NA,NA,NA,NA,NA,NA,NA,NA,NA,NA,NA,NA,NA,NA,NA,NA,NA,NA,NA,NA,NA,NA,NA,NA,NA
"Gray-crowned Warbler",NA,NA,NA,NA,NA,NA,NA,NA,NA,NA,NA,NA,NA,NA,NA,NA,NA,NA,NA,NA,NA,NA,NA,NA,NA,NA,NA,NA,NA,NA
"Whistler's Warbler",NA,NA,NA,NA,NA,NA,NA,NA,NA,NA,NA,NA,NA,NA,NA,NA,NA,NA,NA,NA,NA,NA,NA,NA,NA,NA,NA,NA,NA,NA
"Bianchi's Warbler",NA,NA,NA,NA,NA,NA,NA,NA,NA,NA,NA,NA,NA,NA,NA,NA,NA,NA,NA,NA,NA,NA,NA,NA,NA,NA,NA,NA,NA,NA
"Green Warbler",NA,NA,NA,NA,NA,NA,NA,NA,NA,NA,NA,NA,NA,NA,NA,NA,NA,NA,NA,NA,NA,NA,NA,NA,NA,NA,NA,NA,NA,NA
"Greenish Warbler",0.882362321165598,2.59673830063086,4.31111428009613,3.48183759271948,6.8613583148387,10.2408790369579,1.52811607226891,3.18858650826297,4.84905694425704,1.94963969931403,3.61074286919688,5.27184603907973,1.53772934300027,3.12111475249513,4.70450016199,1.55883339149395,3.14574680886254,4.73266022623113,1.96511135267618,3.5430924572427,5.12107356180922,1.90338011195282,3.5640317774175,5.22468344288217,1.34574274956008,3.05122026869367,4.75669778782725,0.179349192677988,1.77374897498907,3.36814875730016
"Two-barred Warbler",NA,NA,NA,NA,NA,NA,NA,NA,NA,NA,NA,NA,NA,NA,NA,NA,NA,NA,NA,NA,NA,NA,NA,NA,NA,NA,NA,NA,NA,NA
"Large-billed Leaf Warbler",2.96541397033314,14.6728483414873,26.3802827126415,1.56702223098684,22.2917987982865,43.0165753655862,1.24951476954049,10.5257828348308,19.8020509001212,3.20926604493043,13.6505112732899,24.0917565016494,2.49685630927758,11.772846090974,21.0488358726705,2.45037697600124,12.5461169527828,22.6418569295644,2.73599184449348,12.8516675039849,22.9673431634763,1.28432502945318,11.1211770704602,20.9580291114671,2.35342407797888,14.1407037143808,25.9279833507828,1.94953503160366,11.7688813446197,21.5882276576356
"Pale-legged Leaf Warbler",NA,NA,NA,NA,NA,NA,NA,NA,NA,NA,NA,NA,NA,NA,NA,NA,NA,NA,NA,NA,NA,NA,NA,NA,NA,NA,NA,NA,NA,NA
"Sakhalin Leaf Warbler",NA,NA,NA,NA,NA,NA,NA,NA,NA,NA,NA,NA,NA,NA,NA,NA,NA,NA,NA,NA,NA,NA,NA,NA,NA,NA,NA,NA,NA,NA
"Arctic Warbler",NA,NA,NA,NA,NA,NA,NA,NA,NA,NA,NA,NA,NA,NA,NA,NA,NA,NA,NA,NA,NA,NA,NA,NA,NA,NA,NA,NA,NA,NA
"Chestnut-crowned Warbler",NA,NA,NA,NA,NA,NA,NA,NA,NA,NA,NA,NA,NA,NA,NA,NA,NA,NA,NA,NA,NA,NA,NA,NA,NA,NA,NA,NA,NA,NA
"Yellow-vented Warbler",-6.0459971132836,0.813819384376662,7.67363588203692,-12.5524876043154,-0.262563951434102,12.0273597014472,-6.16111564106971,0.00875085056103606,6.17861734219178,-5.87046462809129,-0.123147855489331,5.62416891711262,-5.7994978305928,0.187137113762122,6.17377205811705,-5.66974194892596,0.123665645966005,5.91707324085797,-6.16631815065453,-0.473806851072508,5.21870444850952,-5.50374958722061,0.682006328747499,6.86776224471561,-6.42865238280866,-0.417122311385266,5.59440776003813,-6.39225375355018,1.20608844829006,8.80443065013029
"Western Crowned Warbler",-5.76511274389157,-2.25948741459288,1.24613791470581,-8.75165895364693,-1.71303649849681,5.32558595665331,-5.01204783769613,-1.57265035092405,1.86674713584802,-4.66677672113146,-1.26187102950366,2.14303466212414,-4.56715761435129,-1.1450612342355,2.2770351458803,-4.74248624243777,-1.39809866058139,1.94628892127499,-4.64028466229228,-1.25056033876508,2.13916398476213,-4.79241274303159,-1.41508830138087,1.96223614026985,-4.44852272971007,-0.697984989895132,3.05255274991981,-4.47261345057412,-0.154339242149354,4.16393496627542
"Blyth's Leaf Warbler",NA,NA,NA,NA,NA,NA,NA,NA,NA,NA,NA,NA,NA,NA,NA,NA,NA,NA,NA,NA,NA,NA,NA,NA,NA,NA,NA,NA,NA,NA
"Claudia's Leaf Warbler",NA,NA,NA,NA,NA,NA,NA,NA,NA,NA,NA,NA,NA,NA,NA,NA,NA,NA,NA,NA,NA,NA,NA,NA,NA,NA,NA,NA,NA,NA
"Gray-hooded Warbler",-2.23870184312044,3.04000761809548,8.3187170793114,-7.35960330107846,1.77814908803175,10.915901477142,-3.53949747127629,0.834023818173011,5.20754510762231,-3.4205611946247,0.839904409564253,5.10037001375321,-3.2059591266834,1.10832031707033,5.42259976082405,-3.17324863058694,1.114605106273,5.40245884313294,-3.22966580404195,1.17490713036852,5.57948006477899,-3.31732688881374,1.07558899259353,5.46850487400079,-3.77169007730439,1.16486008004285,6.10141023739009,-4.14936285768139,0.283617045109765,4.71659694790092
"Pale-footed Bush Warbler",-187.022604342914,8.39301475102528,203.808633844965,-9362.45934698172,12.8447403983913,9388.14882777851,-174.726664289556,-3.13555514965959,168.455553990237,-10545.8945828048,17.3959463509799,10580.6864755067,-744.108828548508,1.03839990268296,746.185628353874,-247.613514044823,-1.14067887515082,245.332156294522,-1714140.57929695,234.17505546838,1714608.92940789,-2152184.0617005,371.287400998936,2152926.6365025,-1241.86923150517,0.638270930563746,1243.1457733663,-1384.67435860308,1.16584071326186,1387.0060400296
"Asian Stubtail",NA,NA,NA,NA,NA,NA,NA,NA,NA,NA,NA,NA,NA,NA,NA,NA,NA,NA,NA,NA,NA,NA,NA,NA,NA,NA,NA,NA,NA,NA
"Gray-bellied Tesia",NA,NA,NA,NA,NA,NA,NA,NA,NA,NA,NA,NA,NA,NA,NA,NA,NA,NA,NA,NA,NA,NA,NA,NA,NA,NA,NA,NA,NA,NA
"Slaty-bellied Tesia",NA,NA,NA,NA,NA,NA,NA,NA,NA,NA,NA,NA,NA,NA,NA,NA,NA,NA,NA,NA,NA,NA,NA,NA,NA,NA,NA,NA,NA,NA
"Chestnut-crowned Bush Warbler",NA,NA,NA,NA,NA,NA,NA,NA,NA,NA,NA,NA,NA,NA,NA,NA,NA,NA,NA,NA,NA,NA,NA,NA,NA,NA,NA,NA,NA,NA
"Gray-sided Bush Warbler",NA,NA,NA,NA,NA,NA,NA,NA,NA,NA,NA,NA,NA,NA,NA,NA,NA,NA,NA,NA,NA,NA,NA,NA,NA,NA,NA,NA,NA,NA
"Chestnut-headed Tesia",-1.97766398482308,9.25187860900257,20.4814212028282,-11.4909826481786,3.5844506624949,18.6598839731684,-5.48044365046429,2.21418048658616,9.90880462363661,-5.04144958768416,3.13144581495952,11.3043412176032,-4.66201917404728,2.63438910672974,9.93079738750675,-5.01350304412793,2.96196334569381,10.9374297355155,-4.5474573033802,3.52866001362221,11.6047773306246,-5.11800814426204,2.99180050982237,11.1016091639068,-5.78891520082059,1.90535053488258,9.59961627058576,-6.41570706969237,2.54767085981389,11.5110487893202
"Cetti's Warbler",NA,NA,NA,NA,NA,NA,NA,NA,NA,NA,NA,NA,NA,NA,NA,NA,NA,NA,NA,NA,NA,NA,NA,NA,NA,NA,NA,NA,NA,NA
"Yellow-bellied Warbler",NA,NA,NA,NA,NA,NA,NA,NA,NA,NA,NA,NA,NA,NA,NA,NA,NA,NA,NA,NA,NA,NA,NA,NA,NA,NA,NA,NA,NA,NA
"Rufous-faced Warbler",NA,NA,NA,NA,NA,NA,NA,NA,NA,NA,NA,NA,NA,NA,NA,NA,NA,NA,NA,NA,NA,NA,NA,NA,NA,NA,NA,NA,NA,NA
"Black-faced Warbler",-4.90744490405567,3.8335341241097,12.5745131522751,-9.22010901133628,7.96727592222056,25.1546608557774,-3.86800737221308,4.95682853298954,13.7816644381922,-3.88818385772619,4.25926201150447,12.4067078807351,-3.66637008219664,4.63005641732374,12.9264829168441,-3.81329529860507,4.41437775382255,12.6420508062502,-3.68418247859185,4.61051430152794,12.9052110816477,-4.39032404997324,4.03088642227132,12.4520968945159,-3.98481026115902,4.78975395045537,13.5643181620698,-4.26715983314122,5.65114118672785,15.5694422065969
"Mountain Tailorbird",NA,NA,NA,NA,NA,NA,NA,NA,NA,NA,NA,NA,NA,NA,NA,NA,NA,NA,NA,NA,NA,NA,NA,NA,NA,NA,NA,NA,NA,NA
"Broad-billed Warbler",NA,NA,NA,NA,NA,NA,NA,NA,NA,NA,NA,NA,NA,NA,NA,NA,NA,NA,NA,NA,NA,NA,NA,NA,NA,NA,NA,NA,NA,NA
"Manchurian Bush Warbler",NA,NA,NA,NA,NA,NA,NA,NA,NA,NA,NA,NA,NA,NA,NA,NA,NA,NA,NA,NA,NA,NA,NA,NA,NA,NA,NA,NA,NA,NA
"Brownish-flanked Bush Warbler",NA,NA,NA,NA,NA,NA,NA,NA,NA,NA,NA,NA,NA,NA,NA,NA,NA,NA,NA,NA,NA,NA,NA,NA,NA,NA,NA,NA,NA,NA
"Hume's Bush Warbler",NA,NA,NA,NA,NA,NA,NA,NA,NA,NA,NA,NA,NA,NA,NA,NA,NA,NA,NA,NA,NA,NA,NA,NA,NA,NA,NA,NA,NA,NA
"Aberrant Bush Warbler",NA,NA,NA,NA,NA,NA,NA,NA,NA,NA,NA,NA,NA,NA,NA,NA,NA,NA,NA,NA,NA,NA,NA,NA,NA,NA,NA,NA,NA,NA
"White-browed Tit-Warbler",NA,NA,NA,NA,NA,NA,NA,NA,NA,NA,NA,NA,NA,NA,NA,NA,NA,NA,NA,NA,NA,NA,NA,NA,NA,NA,NA,NA,NA,NA
"Crested Tit-Warbler",NA,NA,NA,NA,NA,NA,NA,NA,NA,NA,NA,NA,NA,NA,NA,NA,NA,NA,NA,NA,NA,NA,NA,NA,NA,NA,NA,NA,NA,NA
"White-cheeked Tit",NA,NA,NA,NA,NA,NA,NA,NA,NA,NA,NA,NA,NA,NA,NA,NA,NA,NA,NA,NA,NA,NA,NA,NA,NA,NA,NA,NA,NA,NA
"Black-throated Tit",-4.99526982657086,1.47640350692927,7.94807684042941,-8.28392774491112,3.78604661159607,15.8560209681033,-4.14210803519461,1.88709414992768,7.91629633504997,-4.28320152453079,1.21682427498583,6.71685007450245,-4.11139626622203,1.49459657938717,7.10058942499636,-4.09305621626602,1.50637752853875,7.10581127334352,-4.10261497660947,1.60345558229174,7.30952614119295,-4.50240929212425,1.16956953329834,6.84154835872093,-4.46693276402572,1.47304781498289,7.4130283939915,-5.02418407180556,1.81044460355971,8.64507327892498
"White-throated Tit",NA,NA,NA,NA,NA,NA,NA,NA,NA,NA,NA,NA,NA,NA,NA,NA,NA,NA,NA,NA,NA,NA,NA,NA,NA,NA,NA,NA,NA,NA
"Black-browed Tit",NA,NA,NA,NA,NA,NA,NA,NA,NA,NA,NA,NA,NA,NA,NA,NA,NA,NA,NA,NA,NA,NA,NA,NA,NA,NA,NA,NA,NA,NA
"Eurasian Blackcap",NA,NA,NA,NA,NA,NA,NA,NA,NA,NA,NA,NA,NA,NA,NA,NA,NA,NA,NA,NA,NA,NA,NA,NA,NA,NA,NA,NA,NA,NA
"Garden Warbler",NA,NA,NA,NA,NA,NA,NA,NA,NA,NA,NA,NA,NA,NA,NA,NA,NA,NA,NA,NA,NA,NA,NA,NA,NA,NA,NA,NA,NA,NA
"Barred Warbler",NA,NA,NA,NA,NA,NA,NA,NA,NA,NA,NA,NA,NA,NA,NA,NA,NA,NA,NA,NA,NA,NA,NA,NA,NA,NA,NA,NA,NA,NA
"Lesser Whitethroat",-1.39104683229513,0.860456625947317,3.11196008418976,1.94414641242998,6.91526689877338,11.8863873851168,0.430172394344603,2.77710009521962,5.12402779609464,0.443862965967831,2.70053293267056,4.95720289937329,0.429609024806164,2.6678389158977,4.90606880698925,0.346202944596037,2.57553273961831,4.80486253464059,0.428494951082915,2.66688372758489,4.90527250408687,0.419702529750148,2.69884380041592,4.9779850710817,0.513149520146327,2.89674320949657,5.2803368988468,0.182628920994583,2.7372270280993,5.29182513520402
"Eastern Orphean Warbler",NA,NA,NA,NA,NA,NA,NA,NA,NA,NA,NA,NA,NA,NA,NA,NA,NA,NA,NA,NA,NA,NA,NA,NA,NA,NA,NA,NA,NA,NA
"Asian Desert Warbler",NA,NA,NA,NA,NA,NA,NA,NA,NA,NA,NA,NA,NA,NA,NA,NA,NA,NA,NA,NA,NA,NA,NA,NA,NA,NA,NA,NA,NA,NA
"Menetries's Warbler",NA,NA,NA,NA,NA,NA,NA,NA,NA,NA,NA,NA,NA,NA,NA,NA,NA,NA,NA,NA,NA,NA,NA,NA,NA,NA,NA,NA,NA,NA
"Greater Whitethroat",NA,NA,NA,NA,NA,NA,NA,NA,NA,NA,NA,NA,NA,NA,NA,NA,NA,NA,NA,NA,NA,NA,NA,NA,NA,NA,NA,NA,NA,NA
"Fire-tailed Myzornis",NA,NA,NA,NA,NA,NA,NA,NA,NA,NA,NA,NA,NA,NA,NA,NA,NA,NA,NA,NA,NA,NA,NA,NA,NA,NA,NA,NA,NA,NA
"Golden-breasted Fulvetta",NA,NA,NA,NA,NA,NA,NA,NA,NA,NA,NA,NA,NA,NA,NA,NA,NA,NA,NA,NA,NA,NA,NA,NA,NA,NA,NA,NA,NA,NA
"Yellow-eyed Babbler",NA,NA,NA,NA,NA,NA,NA,NA,NA,NA,NA,NA,NA,NA,NA,NA,NA,NA,NA,NA,NA,NA,NA,NA,NA,NA,NA,NA,NA,NA
"Jerdon's Babbler",NA,NA,NA,NA,NA,NA,NA,NA,NA,NA,NA,NA,NA,NA,NA,NA,NA,NA,NA,NA,NA,NA,NA,NA,NA,NA,NA,NA,NA,NA
"Brown-throated Fulvetta",NA,NA,NA,NA,NA,NA,NA,NA,NA,NA,NA,NA,NA,NA,NA,NA,NA,NA,NA,NA,NA,NA,NA,NA,NA,NA,NA,NA,NA,NA
"White-browed Fulvetta",NA,NA,NA,NA,NA,NA,NA,NA,NA,NA,NA,NA,NA,NA,NA,NA,NA,NA,NA,NA,NA,NA,NA,NA,NA,NA,NA,NA,NA,NA
"Manipur Fulvetta",NA,NA,NA,NA,NA,NA,NA,NA,NA,NA,NA,NA,NA,NA,NA,NA,NA,NA,NA,NA,NA,NA,NA,NA,NA,NA,NA,NA,NA,NA
"Black-breasted Parrotbill",-11.7631266806427,-5.26532560382784,1.23247547298701,-19.8808755754947,-7.05031018680233,5.7802552018901,-9.79570606121296,-3.21932783353689,3.35705039413918,-9.69112273702353,-3.09835994890113,3.49440283922127,-9.50156555759875,-3.62371338776993,2.25413878205888,-9.60964051507391,-3.65471340613108,2.30021370281175,-10.0348531937387,-4.37628782099385,1.28227755175095,-9.78710182937492,-3.33272322446588,3.12165538044315,-9.7877467948376,-2.18329960956115,5.42114757571529,-10.5039695346213,-3.25759723237338,3.98877506987457
"Spot-breasted Parrotbill",NA,NA,NA,NA,NA,NA,NA,NA,NA,NA,NA,NA,NA,NA,NA,NA,NA,NA,NA,NA,NA,NA,NA,NA,NA,NA,NA,NA,NA,NA
"Great Parrotbill",NA,NA,NA,NA,NA,NA,NA,NA,NA,NA,NA,NA,NA,NA,NA,NA,NA,NA,NA,NA,NA,NA,NA,NA,NA,NA,NA,NA,NA,NA
"Brown Parrotbill",NA,NA,NA,NA,NA,NA,NA,NA,NA,NA,NA,NA,NA,NA,NA,NA,NA,NA,NA,NA,NA,NA,NA,NA,NA,NA,NA,NA,NA,NA
"Gray-headed Parrotbill",NA,NA,NA,NA,NA,NA,NA,NA,NA,NA,NA,NA,NA,NA,NA,NA,NA,NA,NA,NA,NA,NA,NA,NA,NA,NA,NA,NA,NA,NA
"White-breasted Parrotbill",NA,NA,NA,NA,NA,NA,NA,NA,NA,NA,NA,NA,NA,NA,NA,NA,NA,NA,NA,NA,NA,NA,NA,NA,NA,NA,NA,NA,NA,NA
"Rufous-headed Parrotbill",NA,NA,NA,NA,NA,NA,NA,NA,NA,NA,NA,NA,NA,NA,NA,NA,NA,NA,NA,NA,NA,NA,NA,NA,NA,NA,NA,NA,NA,NA
"Fulvous Parrotbill",NA,NA,NA,NA,NA,NA,NA,NA,NA,NA,NA,NA,NA,NA,NA,NA,NA,NA,NA,NA,NA,NA,NA,NA,NA,NA,NA,NA,NA,NA
"Black-throated Parrotbill",NA,NA,NA,NA,NA,NA,NA,NA,NA,NA,NA,NA,NA,NA,NA,NA,NA,NA,NA,NA,NA,NA,NA,NA,NA,NA,NA,NA,NA,NA
"Pale-billed Parrotbill",-43.0808746579175,3.60287613262434,50.2866269231662,-74.4320030373863,15.0507190566334,104.533441150653,-27.68247329419,5.25711920399495,38.1967117021799,-59.8522749837737,7.37247493498338,74.5972248537405,-23.5754350468072,6.96305586083432,37.5015467684759,-45.9939967824331,7.00111950652347,59.9962357954801,-23.3634266830166,6.23028216308438,35.8239910091854,-21.8292932011242,6.88298487635279,35.5952629538298,-41.5041296709247,11.2919130122689,64.0879556954625,-739.653039050994,17.0467048959363,773.746448842867
"Striated Yuhina",NA,NA,NA,NA,NA,NA,NA,NA,NA,NA,NA,NA,NA,NA,NA,NA,NA,NA,NA,NA,NA,NA,NA,NA,NA,NA,NA,NA,NA,NA
"Black-chinned Yuhina",NA,NA,NA,NA,NA,NA,NA,NA,NA,NA,NA,NA,NA,NA,NA,NA,NA,NA,NA,NA,NA,NA,NA,NA,NA,NA,NA,NA,NA,NA
"Whiskered Yuhina",-4.12386224432858,1.27878840671996,6.68143905776849,-7.00119403842164,3.43794676909761,13.8770875766169,-3.97615703996739,0.958715873277377,5.89358878652215,-3.75797223001249,1.19208465966202,6.14214154933653,-3.62111419442496,1.12377126773051,5.86865672988598,-3.54022608791506,1.18047758092464,5.90118124976434,-3.55813882365593,1.2569981673797,6.07213515841534,-3.80521666595894,1.05643262241617,5.91808191079129,-4.093189632833,1.04144703643427,6.17608370570154,-4.65057061585653,0.646957109764567,5.94448483538567
"White-naped Yuhina",NA,NA,NA,NA,NA,NA,NA,NA,NA,NA,NA,NA,NA,NA,NA,NA,NA,NA,NA,NA,NA,NA,NA,NA,NA,NA,NA,NA,NA,NA
"Stripe-throated Yuhina",-8.85009355103693,-3.32531057003559,2.19947241096576,-17.3942547486051,-9.23917909699838,-1.0841034453917,-8.44941539746056,-3.60796988189897,1.23347563366263,-8.1851295593842,-3.3773966417207,1.43033627594281,-8.2093364344373,-3.66441022745133,0.880515979534648,-8.16853646184422,-3.69689421662553,0.774748028593157,-7.99854980267432,-3.41986519022326,1.1588194222278,-8.35680965489872,-3.74002494988886,0.876759755120993,-8.36400493390312,-3.20791867286749,1.94816758816813,-9.20430479829787,-4.07772298276356,1.04885883277075
"Rufous-vented Yuhina",NA,NA,NA,NA,NA,NA,NA,NA,NA,NA,NA,NA,NA,NA,NA,NA,NA,NA,NA,NA,NA,NA,NA,NA,NA,NA,NA,NA,NA,NA
"Chestnut-flanked White-eye",NA,NA,NA,NA,NA,NA,NA,NA,NA,NA,NA,NA,NA,NA,NA,NA,NA,NA,NA,NA,NA,NA,NA,NA,NA,NA,NA,NA,NA,NA
"Indian White-eye",0.879363783892165,2.31642244668521,3.75348110947825,1.90984710774413,4.6314104822751,7.35297385680608,1.09545877890593,2.422348037873,3.74923729684008,1.12624342719613,2.42173478458375,3.71722614197138,1.04270874479417,2.30097121490122,3.55923368500827,1.07222667560607,2.33129023185584,3.59035378810561,1.15848810302318,2.4277073187602,3.69692653449723,1.16433783525653,2.48121168547003,3.79808553568354,0.885972093283137,2.26623918333579,3.64650627338844,0.417585702620271,1.76390290064907,3.11022009867786
"Chestnut-capped Babbler",NA,NA,NA,NA,NA,NA,NA,NA,NA,NA,NA,NA,NA,NA,NA,NA,NA,NA,NA,NA,NA,NA,NA,NA,NA,NA,NA,NA,NA,NA
"Tawny-bellied Babbler",-2.56684494196733,-0.843823814083668,0.879197313799993,-3.44791899940108,0.0861447484218298,3.62020849624474,-1.70070147343149,0.0953775985315149,1.89145667049452,-1.85514236577281,-0.191819757021668,1.47150285172948,-1.81699774760395,-0.185553660727564,1.44589042614882,-1.80482243504139,-0.180216246143662,1.44438994275406,-1.88207343406761,-0.253747716837555,1.3745780003925,-1.89673484166106,-0.179948723038559,1.53683739558394,-1.7681861324503,0.0130103173302649,1.79420676711083,-2.00880915069331,-0.0778664391486218,1.85307627239607
"Dark-fronted Babbler",-7.48094853278569,-0.172703732661419,7.13554106746285,-16.6903956143302,-4.33691901144847,8.01655759143323,-8.21250021204586,-2.36197774216725,3.48854472771137,-7.97781179357381,-2.01587198568492,3.94606782220397,-7.75372452062706,-2.07378756114844,3.60614939833017,-7.8453370065712,-2.02260460381284,3.80012779894551,-7.88691578525427,-2.04154707318839,3.80382163887749,-8.39345989005161,-2.55400080975259,3.28545827054642,-8.54560917051379,-2.1377484364043,4.2701122977052,-8.86688431918713,-1.52594408680093,5.81499614558528
"Pin-striped Tit-Babbler",NA,NA,NA,NA,NA,NA,NA,NA,NA,NA,NA,NA,NA,NA,NA,NA,NA,NA,NA,NA,NA,NA,NA,NA,NA,NA,NA,NA,NA,NA
"Golden Babbler",NA,NA,NA,NA,NA,NA,NA,NA,NA,NA,NA,NA,NA,NA,NA,NA,NA,NA,NA,NA,NA,NA,NA,NA,NA,NA,NA,NA,NA,NA
"Black-chinned Babbler",-3.86378173190164,2.72990896101319,9.32359965392802,-9.64158229464157,1.35674647131627,12.3550752372741,-4.14284468197185,1.6418128810737,7.42647044411926,-4.05503043075856,1.48318862988602,7.02140769053061,-3.96206922575134,1.51662584555651,6.99532091686435,-4.02462970617911,1.50103532936078,7.02670036490067,-3.98418203425058,1.53836495978561,7.06091195382181,-4.37677965789392,1.30830506333105,6.99338978455603,-4.44037454910733,1.56348055043413,7.5673356499756,-4.53567102926197,2.04592271064544,8.62751645055285
"Rufous-capped Babbler",NA,NA,NA,NA,NA,NA,NA,NA,NA,NA,NA,NA,NA,NA,NA,NA,NA,NA,NA,NA,NA,NA,NA,NA,NA,NA,NA,NA,NA,NA
"Rufous-fronted Babbler",NA,NA,NA,NA,NA,NA,NA,NA,NA,NA,NA,NA,NA,NA,NA,NA,NA,NA,NA,NA,NA,NA,NA,NA,NA,NA,NA,NA,NA,NA
"Rufous-throated Wren-Babbler",-11.7754194801957,3.2382178777899,18.2518552357755,-50.0442647738629,29.9715340805267,109.987332934916,-16.2129306473604,10.6002128470714,37.4133563415032,-11.4948005655933,7.54421514436955,26.5832308543324,-10.9790908475465,7.85467164508202,26.6884341377106,-12.3777315924614,8.22832334389445,28.8343782802503,-13.2578983156316,8.54661474307367,30.3511278017789,-10.7377334053035,5.18810993564147,21.1139532765864,-15.0447585248188,10.0378235804714,35.1204056857616,-22.9904326800028,13.2092858751503,49.4090044303034
"Mishmi Wren-Babbler",NA,NA,NA,NA,NA,NA,NA,NA,NA,NA,NA,NA,NA,NA,NA,NA,NA,NA,NA,NA,NA,NA,NA,NA,NA,NA,NA,NA,NA,NA
"Bar-winged Wren-Babbler",NA,NA,NA,NA,NA,NA,NA,NA,NA,NA,NA,NA,NA,NA,NA,NA,NA,NA,NA,NA,NA,NA,NA,NA,NA,NA,NA,NA,NA,NA
"Naga Wren-Babbler",NA,NA,NA,NA,NA,NA,NA,NA,NA,NA,NA,NA,NA,NA,NA,NA,NA,NA,NA,NA,NA,NA,NA,NA,NA,NA,NA,NA,NA,NA
"Chin Hills Wren-Babbler",NA,NA,NA,NA,NA,NA,NA,NA,NA,NA,NA,NA,NA,NA,NA,NA,NA,NA,NA,NA,NA,NA,NA,NA,NA,NA,NA,NA,NA,NA
"Tawny-breasted Wren-Babbler",NA,NA,NA,NA,NA,NA,NA,NA,NA,NA,NA,NA,NA,NA,NA,NA,NA,NA,NA,NA,NA,NA,NA,NA,NA,NA,NA,NA,NA,NA
"Black-crowned Scimitar-Babbler",NA,NA,NA,NA,NA,NA,NA,NA,NA,NA,NA,NA,NA,NA,NA,NA,NA,NA,NA,NA,NA,NA,NA,NA,NA,NA,NA,NA,NA,NA
"Brown-crowned Scimitar-Babbler",NA,NA,NA,NA,NA,NA,NA,NA,NA,NA,NA,NA,NA,NA,NA,NA,NA,NA,NA,NA,NA,NA,NA,NA,NA,NA,NA,NA,NA,NA
"Red-billed Scimitar-Babbler",NA,NA,NA,NA,NA,NA,NA,NA,NA,NA,NA,NA,NA,NA,NA,NA,NA,NA,NA,NA,NA,NA,NA,NA,NA,NA,NA,NA,NA,NA
"Slender-billed Scimitar-Babbler",NA,NA,NA,NA,NA,NA,NA,NA,NA,NA,NA,NA,NA,NA,NA,NA,NA,NA,NA,NA,NA,NA,NA,NA,NA,NA,NA,NA,NA,NA
"Streak-breasted Scimitar-Babbler",-3.39570814833261,6.64388022410469,16.683468596542,-7.94915952826854,10.8359825594513,29.6211246471711,-3.80114700476318,5.46058897756906,14.7223249599013,-3.448176598286,4.64398433426358,12.7361452668132,-3.21934246872805,5.42242861382561,14.0641996963793,-3.29000855635324,5.37996482182119,14.0499381999956,-3.30741674482998,5.46572261928455,14.2388619833991,-3.7697068064269,5.06925235870816,13.9082115238432,-4.25327310098264,4.74013287647337,13.7335388539294,-4.3716734197418,6.59164678372631,17.5549669871944
"White-browed Scimitar-Babbler",-3.72086846704686,2.13255582987317,7.98598012679319,-10.475891110646,-0.687477479108849,9.10093615242826,-5.62827700622895,-1.10124087589434,3.42579525444026,-5.24586884901039,-0.796622316465437,3.65262421607951,-4.94578930953134,-0.190349488686505,4.56509033215833,-5.05590701106518,-0.357085540559239,4.34173592994671,-5.11267461946963,-0.434236916736393,4.24420078599685,-5.48946694890948,-0.922319388258253,3.64482817239297,-5.11391611004333,-0.0240295184133586,5.06585707321662,-5.12272994484501,0.982886970718912,7.08850388628284
"Indian Scimitar-Babbler",0.619065171125602,5.9206223216081,11.2221794720906,-1.11719116269121,7.74773698822125,16.6126651391337,-0.0043013730745578,4.42860074653192,8.8615028661384,0.711759955959245,5.40570766915506,10.0996553823509,0.454430264119162,4.80834528322659,9.16226030233402,0.441724915544604,4.89259586878896,9.34346682203332,0.446866902258933,4.98905781916287,9.5312487360668,0.103546536269704,4.58996108133318,9.07637562639666,-0.114975044054902,4.31819895602883,8.75137295611257,0.619535383328854,6.19359693174883,11.7676584801688
"Large Scimitar-Babbler",NA,NA,NA,NA,NA,NA,NA,NA,NA,NA,NA,NA,NA,NA,NA,NA,NA,NA,NA,NA,NA,NA,NA,NA,NA,NA,NA,NA,NA,NA
"Rusty-cheeked Scimitar-Babbler",-3.24768433889879,3.13322547284542,9.51413528458963,-6.81426116352148,4.86533053830557,16.5449222401326,-3.48254916852995,2.37804775047624,8.23864466948243,-3.10636521185342,2.59709805804541,8.30056132794423,-2.92368404994619,2.87593721932333,8.67555848859285,-3.05386753496532,2.65562915805064,8.36512585106661,-2.98057491630548,2.77339527965191,8.52736547560931,-2.95614835419463,3.0492604504557,9.05466925510602,-3.43632670944509,3.1241659995063,9.68465870845769,-3.61976865808386,2.40970933495729,8.43918732799845
"Spot-breasted Scimitar-Babbler",NA,NA,NA,NA,NA,NA,NA,NA,NA,NA,NA,NA,NA,NA,NA,NA,NA,NA,NA,NA,NA,NA,NA,NA,NA,NA,NA,NA,NA,NA
"Gray-throated Babbler",NA,NA,NA,NA,NA,NA,NA,NA,NA,NA,NA,NA,NA,NA,NA,NA,NA,NA,NA,NA,NA,NA,NA,NA,NA,NA,NA,NA,NA,NA
"Sikkim Wedge-billed Babbler",NA,NA,NA,NA,NA,NA,NA,NA,NA,NA,NA,NA,NA,NA,NA,NA,NA,NA,NA,NA,NA,NA,NA,NA,NA,NA,NA,NA,NA,NA
"Cachar Wedge-billed Babbler",NA,NA,NA,NA,NA,NA,NA,NA,NA,NA,NA,NA,NA,NA,NA,NA,NA,NA,NA,NA,NA,NA,NA,NA,NA,NA,NA,NA,NA,NA
"Snowy-throated Babbler",NA,NA,NA,NA,NA,NA,NA,NA,NA,NA,NA,NA,NA,NA,NA,NA,NA,NA,NA,NA,NA,NA,NA,NA,NA,NA,NA,NA,NA,NA
"Indian Grassbird",NA,NA,NA,NA,NA,NA,NA,NA,NA,NA,NA,NA,NA,NA,NA,NA,NA,NA,NA,NA,NA,NA,NA,NA,NA,NA,NA,NA,NA,NA
"White-hooded Babbler",NA,NA,NA,NA,NA,NA,NA,NA,NA,NA,NA,NA,NA,NA,NA,NA,NA,NA,NA,NA,NA,NA,NA,NA,NA,NA,NA,NA,NA,NA
"Yellow-throated Fulvetta",NA,NA,NA,NA,NA,NA,NA,NA,NA,NA,NA,NA,NA,NA,NA,NA,NA,NA,NA,NA,NA,NA,NA,NA,NA,NA,NA,NA,NA,NA
"Rufous-winged Fulvetta",-8.36648396088911,0.286355961845976,8.93919588458106,-15.4223671216612,1.22513410221574,17.8726353260927,-7.74560587121574,1.39102925002228,10.5276643712603,-7.25790092140087,0.48445230190275,8.22680552520637,-7.03056553977337,0.0657967595225396,7.16215905881845,-6.97516511042522,0.404069390940511,7.78330389230625,-7.24385656778084,0.391329436435184,8.02651544065121,-7.78733969714893,-0.430305981685566,6.9267277337778,-7.79340371153697,0.666223243261602,9.12585019806017,-8.64800515265743,-0.504125441567566,7.6397542695223
"Rufous-throated Fulvetta",NA,NA,NA,NA,NA,NA,NA,NA,NA,NA,NA,NA,NA,NA,NA,NA,NA,NA,NA,NA,NA,NA,NA,NA,NA,NA,NA,NA,NA,NA
"Rusty-capped Fulvetta",NA,NA,NA,NA,NA,NA,NA,NA,NA,NA,NA,NA,NA,NA,NA,NA,NA,NA,NA,NA,NA,NA,NA,NA,NA,NA,NA,NA,NA,NA
"Puff-throated Babbler",NA,NA,NA,NA,NA,NA,NA,NA,NA,NA,NA,NA,NA,NA,NA,NA,NA,NA,NA,NA,NA,NA,NA,NA,NA,NA,NA,NA,NA,NA
"Marsh Babbler",-13.2334038532445,-5.51995164481752,2.19350056360948,-24.5399699847865,-12.5491302032283,-0.558290421670199,-12.5321612198385,-4.75173388672011,3.02869344639824,-12.9932369201039,-3.75514698665991,5.48294294678406,-12.0501016909216,-4.82989725051402,2.39030718989354,-12.4972988406833,-5.1595913489085,2.17811614286634,-12.4561962338243,-5.59201312148092,1.2721699908625,-12.3225179472763,-4.31753108912463,3.68745576902706,-12.8737390306502,-3.5009723345616,5.87179436152698,-14.4902528505556,-3.42912547409099,7.63200190237366
"Spot-throated Babbler",NA,NA,NA,NA,NA,NA,NA,NA,NA,NA,NA,NA,NA,NA,NA,NA,NA,NA,NA,NA,NA,NA,NA,NA,NA,NA,NA,NA,NA,NA
"Buff-breasted Babbler",NA,NA,NA,NA,NA,NA,NA,NA,NA,NA,NA,NA,NA,NA,NA,NA,NA,NA,NA,NA,NA,NA,NA,NA,NA,NA,NA,NA,NA,NA
"Rufous-vented Grass Babbler",NA,NA,NA,NA,NA,NA,NA,NA,NA,NA,NA,NA,NA,NA,NA,NA,NA,NA,NA,NA,NA,NA,NA,NA,NA,NA,NA,NA,NA,NA
"Swamp Grass Babbler",NA,NA,NA,NA,NA,NA,NA,NA,NA,NA,NA,NA,NA,NA,NA,NA,NA,NA,NA,NA,NA,NA,NA,NA,NA,NA,NA,NA,NA,NA
"Abbott's Babbler",NA,NA,NA,NA,NA,NA,NA,NA,NA,NA,NA,NA,NA,NA,NA,NA,NA,NA,NA,NA,NA,NA,NA,NA,NA,NA,NA,NA,NA,NA
"Streaked Wren-Babbler",NA,NA,NA,NA,NA,NA,NA,NA,NA,NA,NA,NA,NA,NA,NA,NA,NA,NA,NA,NA,NA,NA,NA,NA,NA,NA,NA,NA,NA,NA
"Eyebrowed Wren-Babbler",NA,NA,NA,NA,NA,NA,NA,NA,NA,NA,NA,NA,NA,NA,NA,NA,NA,NA,NA,NA,NA,NA,NA,NA,NA,NA,NA,NA,NA,NA
"Long-billed Wren-Babbler",NA,NA,NA,NA,NA,NA,NA,NA,NA,NA,NA,NA,NA,NA,NA,NA,NA,NA,NA,NA,NA,NA,NA,NA,NA,NA,NA,NA,NA,NA
"Brown-cheeked Fulvetta",-0.436668662542304,4.16382268279351,8.76431402812933,-1.8145234856531,6.71961298581277,15.2537494572786,-0.120290845089743,4.13785648710237,8.39600381929448,0.0974694272957635,4.4594108575547,8.82135228781364,-0.0722537731594075,4.02043906175689,8.11313189667319,-0.0880228459885561,4.0623389758272,8.21270079764296,-0.0582374492565947,4.19723248623191,8.45270242172042,-0.160132999427216,4.11422163939245,8.38857627821211,-0.697182852012054,3.37834785536917,7.4538785627504,-0.0599550966036055,5.03373482481041,10.1274247462244
"Nepal Fulvetta",NA,NA,NA,NA,NA,NA,NA,NA,NA,NA,NA,NA,NA,NA,NA,NA,NA,NA,NA,NA,NA,NA,NA,NA,NA,NA,NA,NA,NA,NA
"Striated Laughingthrush",-3.81162614757675,6.04839822395634,15.9084225954894,-8.28641763602366,10.7849739982746,29.856365632573,-3.62897366366707,5.01640815785147,13.66178997937,-3.27577048058505,5.13566649925072,13.5471034790865,-3.23198250702002,5.12025836665837,13.4724992403368,-3.09510810015659,5.18583977964401,13.4667876594446,-3.44211585419657,5.02941283996719,13.5009415341309,-3.66514681146694,5.09101973279709,13.8471862770611,-3.72540177982564,5.6339405853283,14.9932829504822,-4.43002888657164,4.41238914326244,13.2548071730965
"Himalayan Cutia",NA,NA,NA,NA,NA,NA,NA,NA,NA,NA,NA,NA,NA,NA,NA,NA,NA,NA,NA,NA,NA,NA,NA,NA,NA,NA,NA,NA,NA,NA
"Scaly Laughingthrush",-8.56172771564279,3.77843117177798,16.1185900591987,-16.9299779695806,7.58348854174709,32.0969550530747,-8.03599837328526,6.27796841315105,20.5919351995874,-7.69958749048423,6.1031705657702,19.9059286220246,-7.10656029554691,4.91021449847148,16.9269892924899,-6.92791613782293,5.02233632820877,16.9725887942405,-7.60696096702125,4.24081125877832,16.0885834845779,-7.66568305556241,5.4062353275656,18.4781537106936,-7.77071964696052,5.874544081212,19.5198078093845,-9.00721687278122,5.73728040623924,20.4817776852597
"Brown-capped Laughingthrush",NA,NA,NA,NA,NA,NA,NA,NA,NA,NA,NA,NA,NA,NA,NA,NA,NA,NA,NA,NA,NA,NA,NA,NA,NA,NA,NA,NA,NA,NA
"Blue-winged Laughingthrush",NA,NA,NA,NA,NA,NA,NA,NA,NA,NA,NA,NA,NA,NA,NA,NA,NA,NA,NA,NA,NA,NA,NA,NA,NA,NA,NA,NA,NA,NA
"Streaked Laughingthrush",-5.78198371567762,1.09299884129176,7.96798139826114,-11.0414238351528,0.954741525468312,12.9509068860894,-5.53037074174713,0.66973345178276,6.86983764531265,-5.2217281239718,0.669391922311268,6.56051196859434,-5.13556827226874,0.862352594090961,6.86027346045066,-5.19743235916086,0.716150104350247,6.62973256786135,-5.11927239274957,0.830904608166732,6.78108160908304,-5.48696389805418,0.596274676193923,6.67951325044202,-5.56175748453365,0.812715307610931,7.18718809975551,-5.97518594596892,1.59742329716255,9.17003254029402
"Bhutan Laughingthrush",NA,NA,NA,NA,NA,NA,NA,NA,NA,NA,NA,NA,NA,NA,NA,NA,NA,NA,NA,NA,NA,NA,NA,NA,NA,NA,NA,NA,NA,NA
"Striped Laughingthrush",NA,NA,NA,NA,NA,NA,NA,NA,NA,NA,NA,NA,NA,NA,NA,NA,NA,NA,NA,NA,NA,NA,NA,NA,NA,NA,NA,NA,NA,NA
"Variegated Laughingthrush",-9.30213147808198,-1.26066991148876,6.78079165510445,-16.1833086285324,1.22226977320775,18.6278481749479,-7.87775613705161,0.456302515667321,8.79036116838625,-7.53989027140456,0.613877665066761,8.76764560153808,-7.40631584444536,-0.1246851761299,7.15694549218556,-7.47757046060742,0.0268108303865465,7.53119212138051,-7.62420261269341,0.0892255222928141,7.80265365727904,-7.98811679561133,-0.322435861314843,7.34324507298164,-8.27473124575499,0.0947799723070621,8.46429119036912,-8.15243307734793,0.486267215587708,9.12496750852335
"Black-faced Laughingthrush",NA,NA,NA,NA,NA,NA,NA,NA,NA,NA,NA,NA,NA,NA,NA,NA,NA,NA,NA,NA,NA,NA,NA,NA,NA,NA,NA,NA,NA,NA
"Elliot's Laughingthrush",NA,NA,NA,NA,NA,NA,NA,NA,NA,NA,NA,NA,NA,NA,NA,NA,NA,NA,NA,NA,NA,NA,NA,NA,NA,NA,NA,NA,NA,NA
"Chestnut-crowned Laughingthrush",-6.21851905220839,3.14056775189066,12.4996545559897,-11.2728380089485,5.77854449064078,22.8299269902301,-5.38192411672675,3.7450596412699,12.8720433992665,-4.93712417080083,3.4714562140971,11.880036598995,-5.03121356308187,3.28129633945764,11.5938062419971,-5.14377849862831,3.2890245141911,11.7218275270105,-5.10124059431238,3.31611492844667,11.7334704512057,-5.39225415821505,3.36840402430669,12.1290622068284,-5.54630181860024,3.66992086576978,12.8861435501398,-6.0364152822279,3.84006296900395,13.7165412202358
"Assam Laughingthrush",NA,NA,NA,NA,NA,NA,NA,NA,NA,NA,NA,NA,NA,NA,NA,NA,NA,NA,NA,NA,NA,NA,NA,NA,NA,NA,NA,NA,NA,NA
"Banasura Laughingthrush",NA,NA,NA,NA,NA,NA,NA,NA,NA,NA,NA,NA,NA,NA,NA,NA,NA,NA,NA,NA,NA,NA,NA,NA,NA,NA,NA,NA,NA,NA
"Nilgiri Laughingthrush",-49.35969773201,12.8124518782166,74.9846014884431,-652.287677237391,25.8420722625813,703.971821762554,-43.5456928297824,10.8078557991779,65.1614044281383,-54.8906819193707,11.5802558178719,78.0511935551145,-48.8698322337951,12.815372476155,74.5005771861051,-129.074633592258,14.4129011738273,157.900435939913,-97.793369232706,13.4039926704204,124.601354573547,-1042.02856890129,25.9584497691893,1093.94546843967,-131.462341905424,15.5157177506524,162.493777406729,-7748.9974854722,52.245067908814,7853.48762128983
"Palani Laughingthrush",-962.165660907428,7.34206863748588,976.849798182399,-116.175426735085,6.48438417883113,129.144195092747,-49.3182747249882,2.7338260454583,54.7859268159048,-31.3538410902733,3.01731736033413,37.3884758109415,-235.045602010651,4.04090050498245,243.127403020615,-71.6696400597757,2.5226927856352,76.7150256310461,-8194.05423419775,26.8532048396403,8247.76064387703,-87.2323486194435,2.94114244120414,93.1146335018518,-23.9888139923093,1.68988892908921,27.3685918504877,-40.5916152417034,4.89493964961498,50.3814945409334
"Ashambu Laughingthrush",NA,NA,NA,NA,NA,NA,NA,NA,NA,NA,NA,NA,NA,NA,NA,NA,NA,NA,NA,NA,NA,NA,NA,NA,NA,NA,NA,NA,NA,NA
"Long-tailed Sibia",NA,NA,NA,NA,NA,NA,NA,NA,NA,NA,NA,NA,NA,NA,NA,NA,NA,NA,NA,NA,NA,NA,NA,NA,NA,NA,NA,NA,NA,NA
"Rufous Sibia",-3.97361224233091,2.99130581392404,9.956223870179,-7.43564219224518,6.11094023380875,19.6575226598627,-3.66373204947355,2.66160924225402,8.98695053398158,-3.09243945416238,3.19054405318131,9.473527560525,-3.0813895481766,3.03718786841987,9.15576528501634,-3.14609959995981,2.97943752377635,9.10497464751252,-3.25020823306652,2.97895287533732,9.20811398374117,-3.33062588495221,2.99937452132297,9.32937492759815,-3.65699489246924,3.23871284992918,10.1344205923276,-4.05503154657494,3.12503673594676,10.3051050184685
"Beautiful Sibia",NA,NA,NA,NA,NA,NA,NA,NA,NA,NA,NA,NA,NA,NA,NA,NA,NA,NA,NA,NA,NA,NA,NA,NA,NA,NA,NA,NA,NA,NA
"Gray Sibia",NA,NA,NA,NA,NA,NA,NA,NA,NA,NA,NA,NA,NA,NA,NA,NA,NA,NA,NA,NA,NA,NA,NA,NA,NA,NA,NA,NA,NA,NA
"Hoary-throated Barwing",NA,NA,NA,NA,NA,NA,NA,NA,NA,NA,NA,NA,NA,NA,NA,NA,NA,NA,NA,NA,NA,NA,NA,NA,NA,NA,NA,NA,NA,NA
"Streak-throated Barwing",NA,NA,NA,NA,NA,NA,NA,NA,NA,NA,NA,NA,NA,NA,NA,NA,NA,NA,NA,NA,NA,NA,NA,NA,NA,NA,NA,NA,NA,NA
"Blue-winged Minla",-2.35272431877997,5.0382328138525,12.429189946485,-7.34533679738227,5.53040680079687,18.406150398976,-2.9394833620188,4.44489916705891,11.8292816961366,-2.98636346110594,3.55589809790486,10.0981596569156,-2.76879658416041,3.64359793463051,10.0559924534214,-2.73873093527339,3.75878555845028,10.256302052174,-2.9223335392156,3.61812334401707,10.1585802272497,-2.90547059841155,3.83651828575412,10.5785071699198,-3.52882432665472,3.24967496735303,10.0281742613608,-3.6219427369327,4.1825400869123,11.9870229107573
"Chestnut-tailed Minla",-6.29717112965538,0.315228843413068,6.92762881648151,-11.2611643662993,0.383170192366315,12.0275047510319,-5.17342270126996,1.31238045907453,7.79818361941902,-5.43223767631383,0.631080497003125,6.69439867032008,-5.27117825766745,0.26670694243589,5.80459214253923,-5.19782116047759,0.483125038887155,6.1640712382519,-5.39790998088588,0.365884530048137,6.12967904098216,-5.66875585714248,0.207202763836256,6.08316138481499,-5.64272360554544,0.516760554417107,6.67624471437966,-6.49775565230636,0.0752136980082702,6.6481830483229
"Rusty-fronted Barwing",NA,NA,NA,NA,NA,NA,NA,NA,NA,NA,NA,NA,NA,NA,NA,NA,NA,NA,NA,NA,NA,NA,NA,NA,NA,NA,NA,NA,NA,NA
"Red-billed Leiothrix",-2.82085398927158,6.23286265171475,15.2865792927011,-8.05127585789936,7.55759217709851,23.1664602120964,-3.71205144020906,3.83601835859476,11.3840881573986,-3.19483520661723,4.04850973440088,11.291854675419,-3.08021196338036,4.14652023601982,11.37325243542,-3.11279580855659,4.20262286959078,11.5180415477381,-3.28712220218233,4.11383758120025,11.5147973645828,-3.36078999980064,4.41452237714858,12.1898347540978,-3.57952314949293,3.87094376561335,11.3214106807196,-4.6664363420997,4.11778555478382,12.9020074516673
"Silver-eared Mesia",NA,NA,NA,NA,NA,NA,NA,NA,NA,NA,NA,NA,NA,NA,NA,NA,NA,NA,NA,NA,NA,NA,NA,NA,NA,NA,NA,NA,NA,NA
"Red-tailed Minla",-4.59798428657013,5.14509828011723,14.8881808468046,-8.76010102527406,11.1977893107968,31.1556796468676,-3.77319530875309,5.25800636168739,14.2892080321279,-3.94725285174115,4.6265880695344,13.20042899081,-3.61840696184523,4.341702351902,12.3018116656492,-3.72184513152284,4.71433597509319,13.1505170817092,-3.7482368913295,4.85269362357124,13.453624138472,-4.0393337152809,4.80948931619658,13.6583123476741,-4.84655639166723,4.08354825678986,13.0136529052469,-4.76997008461567,4.35517215414334,13.4803143929024
"Rufous-backed Sibia",NA,NA,NA,NA,NA,NA,NA,NA,NA,NA,NA,NA,NA,NA,NA,NA,NA,NA,NA,NA,NA,NA,NA,NA,NA,NA,NA,NA,NA,NA
"Bugun Liocichla",NA,NA,NA,NA,NA,NA,NA,NA,NA,NA,NA,NA,NA,NA,NA,NA,NA,NA,NA,NA,NA,NA,NA,NA,NA,NA,NA,NA,NA,NA
"Red-faced Liocichla",-5.83221011456922,6.93084503941334,19.6939001933959,-13.3709796116575,6.63431517530552,26.6396099622686,-6.50452452474298,2.56246010434439,11.6294447334318,-6.18533331519627,4.62786262435608,15.4410585639084,-5.9627747115223,3.93687753636648,13.8365297842553,-5.43369572016863,3.91059874358032,13.2548932073293,-5.73128997134838,4.0982284413133,13.927746853975,-6.5749420338126,2.92666639039419,12.428274814601,-6.78543453382677,3.19273215644081,13.1708988467084,-7.60357418492564,4.22680467784029,16.0571835406062
"Large Gray Babbler",-2.96482122725861,-0.625393320936971,1.71403458538467,-4.90395955959714,-0.708696103953268,3.4865673516906,-2.1543493125936,0.0313856305468935,2.21712057368738,-2.22857164980832,-0.150902249305585,1.92676715119715,-2.24326472806034,-0.17482690256618,1.89361092292798,-2.28679219996318,-0.234310019553617,1.81817216085594,-2.25955790143201,-0.194807437210455,1.8699430270111,-2.15174538588643,-0.0048974307089253,2.14195052446858,-2.18495600550055,0.0926936775864794,2.37034336067351,-2.73537228830094,-0.367493308978661,2.00038567034362
"Slender-billed Babbler",NA,NA,NA,NA,NA,NA,NA,NA,NA,NA,NA,NA,NA,NA,NA,NA,NA,NA,NA,NA,NA,NA,NA,NA,NA,NA,NA,NA,NA,NA
"Rufous Babbler",-5.51288450428858,0.94362032992846,7.4001251641455,-10.7125326252469,0.155371638253517,11.0232759017539,-5.08306117271713,0.408460267959022,5.89998170863518,-4.9577377897184,0.347736487510881,5.65321076474016,-4.86638497199465,0.264214009436242,5.39481299086713,-4.86550254144783,0.323452745990558,5.51240803342895,-5.05202480633465,0.148937899789569,5.34990060591378,-5.19578752266354,0.228874913426375,5.65353734951629,-5.19239476612512,0.701837938426718,6.59607064297856,-5.86831836119801,0.198396513340229,6.26511138787846
"Jungle Babbler",-1.24696022885511,0.858991631991336,2.96494349283778,-2.41829596211667,1.44932845818557,5.31695287848781,-1.00938260185755,0.975896541436667,2.96117568473089,-1.17846840562703,0.683052529228954,2.54457346408494,-1.07048546193922,0.804198999658811,2.67888346125684,-1.05492521337572,0.803126960183575,2.66117913374287,-1.13858979229871,0.742451566001301,2.62349292430131,-1.08806977129023,0.86144731258178,2.81096439645379,-1.20464192432865,0.864369342018376,2.9333806083654,-1.43618302481185,0.62057851562829,2.67734005606843
"Yellow-billed Babbler",-2.7493142785725,-0.120563464889602,2.5081873487933,-4.94464725770493,0.0174361153667458,4.97951948843842,-2.43645740006924,0.0712422477067981,2.57894189548283,-2.50654190574732,-0.169033353316096,2.16847519911513,-2.37833594860225,-0.0315330344180375,2.31526987976617,-2.41035174341883,-0.0664922347550453,2.27736727390874,-2.50869521526719,-0.166454254344896,2.17578670657739,-2.38805533331046,0.059827125456367,2.50770958422319,-2.34473041853831,0.27369636305012,2.89212314463855,-2.80522363018719,-0.146831731106817,2.51156016797356
"Common Babbler",-3.33063917107638,-1.31653679010004,0.697565590876307,-5.41738887376008,-1.72252713178553,1.97233461018903,-2.5059691990256,-0.564242610491201,1.3774839780432,-2.69569861789975,-0.871730511744709,0.952237594410333,-2.59328297997803,-0.77819651667093,1.03688994663617,-2.67669949118088,-0.893061813068554,0.890575865043768,-2.52392899681553,-0.692343581739969,1.13924183333559,-2.63336181311889,-0.776309575597195,1.0807426619245,-2.31563654369115,-0.353034689205336,1.60956716528048,-3.10628365059128,-1.00957562240838,1.08713240577452
"Striated Babbler",-2.80481032702885,2.87926076607924,8.56333185918733,-6.83505994493201,3.25061198241582,13.3362839097636,-3.54772750587719,1.26992455350414,6.08757661288548,-3.53252491156836,0.975682491417033,5.48388989440243,-3.33806445328383,1.13453892899048,5.60714231126479,-3.21853852615463,1.3440184189163,5.90657536398724,-3.49417731284734,1.16054055729825,5.81525842744383,-3.72331350716189,0.818766862502614,5.36084723216712,-3.64534105082985,1.27580976791308,6.19696058665601,-4.35427467592393,0.984010063944136,6.3222948038122
"Spot-breasted Laughingthrush",NA,NA,NA,NA,NA,NA,NA,NA,NA,NA,NA,NA,NA,NA,NA,NA,NA,NA,NA,NA,NA,NA,NA,NA,NA,NA,NA,NA,NA,NA
"Lesser Necklaced Laughingthrush",NA,NA,NA,NA,NA,NA,NA,NA,NA,NA,NA,NA,NA,NA,NA,NA,NA,NA,NA,NA,NA,NA,NA,NA,NA,NA,NA,NA,NA,NA
"White-crested Laughingthrush",NA,NA,NA,NA,NA,NA,NA,NA,NA,NA,NA,NA,NA,NA,NA,NA,NA,NA,NA,NA,NA,NA,NA,NA,NA,NA,NA,NA,NA,NA
"Rufous-chinned Laughingthrush",-3.06141626821207,6.62111563129943,16.3036475308109,-11.1298873513808,3.57031181860426,18.2705109885893,-4.9352443602492,3.19992956741787,11.3351034950849,-4.35464226794206,4.93310777583386,14.2208578196098,-4.11448247853182,3.43532671508783,10.9851359087075,-4.44912278882122,3.7755353746814,12.000193538184,-4.48571336827999,3.69705574672496,11.8798248617299,-4.52064474332769,3.72920559277785,11.9790559288834,-4.77341057597969,3.40200986416139,11.5774303043025,-5.23943651414558,5.75048342376752,16.7404033616806
"Moustached Laughingthrush",NA,NA,NA,NA,NA,NA,NA,NA,NA,NA,NA,NA,NA,NA,NA,NA,NA,NA,NA,NA,NA,NA,NA,NA,NA,NA,NA,NA,NA,NA
"Spotted Laughingthrush",NA,NA,NA,NA,NA,NA,NA,NA,NA,NA,NA,NA,NA,NA,NA,NA,NA,NA,NA,NA,NA,NA,NA,NA,NA,NA,NA,NA,NA,NA
"Wayanad Laughingthrush",NA,NA,NA,NA,NA,NA,NA,NA,NA,NA,NA,NA,NA,NA,NA,NA,NA,NA,NA,NA,NA,NA,NA,NA,NA,NA,NA,NA,NA,NA
"Rufous-vented Laughingthrush",NA,NA,NA,NA,NA,NA,NA,NA,NA,NA,NA,NA,NA,NA,NA,NA,NA,NA,NA,NA,NA,NA,NA,NA,NA,NA,NA,NA,NA,NA
"Yellow-throated Laughingthrush",NA,NA,NA,NA,NA,NA,NA,NA,NA,NA,NA,NA,NA,NA,NA,NA,NA,NA,NA,NA,NA,NA,NA,NA,NA,NA,NA,NA,NA,NA
"Rufous-necked Laughingthrush",NA,NA,NA,NA,NA,NA,NA,NA,NA,NA,NA,NA,NA,NA,NA,NA,NA,NA,NA,NA,NA,NA,NA,NA,NA,NA,NA,NA,NA,NA
"Chestnut-backed Laughingthrush",NA,NA,NA,NA,NA,NA,NA,NA,NA,NA,NA,NA,NA,NA,NA,NA,NA,NA,NA,NA,NA,NA,NA,NA,NA,NA,NA,NA,NA,NA
"White-browed Laughingthrush",NA,NA,NA,NA,NA,NA,NA,NA,NA,NA,NA,NA,NA,NA,NA,NA,NA,NA,NA,NA,NA,NA,NA,NA,NA,NA,NA,NA,NA,NA
"Greater Necklaced Laughingthrush",NA,NA,NA,NA,NA,NA,NA,NA,NA,NA,NA,NA,NA,NA,NA,NA,NA,NA,NA,NA,NA,NA,NA,NA,NA,NA,NA,NA,NA,NA
"Mount Victoria Babax",NA,NA,NA,NA,NA,NA,NA,NA,NA,NA,NA,NA,NA,NA,NA,NA,NA,NA,NA,NA,NA,NA,NA,NA,NA,NA,NA,NA,NA,NA
"White-throated Laughingthrush",-4.55816159308252,4.44524497357261,13.4486515402277,-8.63399272045296,9.63637113479543,27.9067349900438,-4.73565451336444,3.65080061863268,12.0372557506298,-4.0300565112012,4.07728315776145,12.1846228267241,-3.86522609408367,4.17407136677666,12.213368827637,-3.90731613599293,4.21091185135068,12.3291398386943,-4.29657360567923,3.85118817939774,11.9989499644747,-4.4422268570065,3.96567279689006,12.3735724507866,-4.47610639031512,4.3482481979423,13.1726027861997,-4.67988691955751,5.48226651063835,15.6444199408342
"Gray-sided Laughingthrush",NA,NA,NA,NA,NA,NA,NA,NA,NA,NA,NA,NA,NA,NA,NA,NA,NA,NA,NA,NA,NA,NA,NA,NA,NA,NA,NA,NA,NA,NA
"Goldcrest",NA,NA,NA,NA,NA,NA,NA,NA,NA,NA,NA,NA,NA,NA,NA,NA,NA,NA,NA,NA,NA,NA,NA,NA,NA,NA,NA,NA,NA,NA
"Wallcreeper",-7.92893788416741,-4.52283109594264,-1.11672430771786,-13.0162626546192,-6.54566934611995,-0.0750760376206729,-6.53860427743917,-3.07991994803275,0.378764381373665,-6.49814623208668,-3.17625932837437,0.145627575337951,-6.54986940787142,-3.45220885567259,-0.354548303473757,-6.49145089082132,-3.41926365938958,-0.347076427957848,-6.3376873012328,-3.19106133507039,-0.0444353689079802,-6.45911706265035,-3.12005103529835,0.219014992053649,-6.67540722739742,-3.23075696767566,0.213893292046103,-7.62392350887007,-4.3759021600806,-1.12788081129113
"White-cheeked Nuthatch",NA,NA,NA,NA,NA,NA,NA,NA,NA,NA,NA,NA,NA,NA,NA,NA,NA,NA,NA,NA,NA,NA,NA,NA,NA,NA,NA,NA,NA,NA
"Beautiful Nuthatch",NA,NA,NA,NA,NA,NA,NA,NA,NA,NA,NA,NA,NA,NA,NA,NA,NA,NA,NA,NA,NA,NA,NA,NA,NA,NA,NA,NA,NA,NA
"Velvet-fronted Nuthatch",-1.46140464148055,2.11504853145009,5.69150170438072,-3.40759405948445,3.39869520862346,10.2049844767314,-1.9814681653697,1.19412121591498,4.36971059719966,-1.48822649257087,1.77421929708116,5.03666508673319,-1.50486798196445,1.64991014243076,4.80468826682596,-1.48744540911729,1.68349818434815,4.85444177781358,-1.5954522621945,1.57840155232441,4.75225536684333,-2.01414149754132,1.19765501660744,4.4094515307562,-1.80613421322008,1.6699156116825,5.14596543658507,-1.25546433941796,2.60866509166732,6.47279452275259
"Yunnan Nuthatch",NA,NA,NA,NA,NA,NA,NA,NA,NA,NA,NA,NA,NA,NA,NA,NA,NA,NA,NA,NA,NA,NA,NA,NA,NA,NA,NA,NA,NA,NA
"White-tailed Nuthatch",-5.86177047703366,0.439918190303039,6.74160685763974,-10.3512813566921,2.15728235809986,14.6658460728919,-5.46601983745652,0.305312552808293,6.0766449430731,-5.48454717208006,-0.11562586233012,5.25329544741982,-5.28609528644972,-0.0414359644798046,5.20322335749011,-5.18093857489286,0.154430115204051,5.48979880530096,-5.27895287185009,0.173329918103618,5.62561270805732,-5.85225737247162,-0.368353129951762,5.11555111256809,-5.86311688337295,0.183374170307415,6.22986522398778,-6.43537997104194,-0.717417058023415,5.00054585499511
"Indian Nuthatch",-1.83029808874517,3.25403736643469,8.33837282161454,-6.5148075234305,2.33919450903431,11.1931965414991,-3.63670650290974,0.370644603647369,4.37799571020448,-3.00748469102007,1.17166309165104,5.35081087432216,-2.85241423295264,1.35376025089401,5.55993473474066,-2.97114261669078,1.26584824524389,5.50283910717856,-3.02630696646995,1.20467467846984,5.43565632340964,-3.09758714876933,1.09453872257362,5.28666459391656,-3.14472107319151,1.43200442803758,6.00872992926667,-3.01676482603036,2.38112288977612,7.7790106055826
"Chestnut-bellied Nuthatch",-5.61683812551875,-1.63586045868746,2.34511720814384,-9.25545528653354,-1.95456770464452,5.34631987724449,-4.96947107543611,-1.35095312507249,2.26756482529112,-4.78451697340338,-1.18971782997188,2.40508131345962,-4.77599711779658,-1.37805755886214,2.01988200007231,-4.70334464996724,-1.28775313044047,2.12783838908631,-4.76032267915903,-1.28941844634145,2.18148578647613,-5.05469531087048,-1.56160586714198,1.93148357658652,-5.13147147532842,-1.50159120144682,2.12828907243478,-5.43249325592382,-1.21423049511205,3.00403226569973
"Chestnut-vented Nuthatch",NA,NA,NA,NA,NA,NA,NA,NA,NA,NA,NA,NA,NA,NA,NA,NA,NA,NA,NA,NA,NA,NA,NA,NA,NA,NA,NA,NA,NA,NA
"Kashmir Nuthatch",NA,NA,NA,NA,NA,NA,NA,NA,NA,NA,NA,NA,NA,NA,NA,NA,NA,NA,NA,NA,NA,NA,NA,NA,NA,NA,NA,NA,NA,NA
"Hodgson's Treecreeper",NA,NA,NA,NA,NA,NA,NA,NA,NA,NA,NA,NA,NA,NA,NA,NA,NA,NA,NA,NA,NA,NA,NA,NA,NA,NA,NA,NA,NA,NA
"Bar-tailed Treecreeper",-6.57816239909266,-2.17555186863165,2.22705866182936,-11.8109880430723,-3.82631047074722,4.15836710157781,-6.2834184592049,-2.46736123926801,1.34869598066888,-5.97541275530841,-2.14366713258248,1.68807849014346,-5.95673596938861,-2.29872849936197,1.35927897066467,-5.98193619283026,-2.27104776994912,1.43984065293202,-5.92338414549559,-2.1512528133048,1.62087851888599,-6.37679995540935,-2.59340525373904,1.18998944793127,-6.32863644132207,-2.25122677509912,1.82618289112384,-6.55093198985251,-2.1996810133662,2.15156996312012
"Rusty-flanked Treecreeper",NA,NA,NA,NA,NA,NA,NA,NA,NA,NA,NA,NA,NA,NA,NA,NA,NA,NA,NA,NA,NA,NA,NA,NA,NA,NA,NA,NA,NA,NA
"Sikkim Treecreeper",NA,NA,NA,NA,NA,NA,NA,NA,NA,NA,NA,NA,NA,NA,NA,NA,NA,NA,NA,NA,NA,NA,NA,NA,NA,NA,NA,NA,NA,NA
"Hume's Treecreeper",NA,NA,NA,NA,NA,NA,NA,NA,NA,NA,NA,NA,NA,NA,NA,NA,NA,NA,NA,NA,NA,NA,NA,NA,NA,NA,NA,NA,NA,NA
"Indian Spotted Creeper",NA,NA,NA,NA,NA,NA,NA,NA,NA,NA,NA,NA,NA,NA,NA,NA,NA,NA,NA,NA,NA,NA,NA,NA,NA,NA,NA,NA,NA,NA
"Eurasian Wren",-6.77451555957381,-1.02550128671733,4.72351298613914,-13.2569633722709,-3.3143156102986,6.62833215167371,-6.14630813020086,-0.203583302914543,5.73914152437177,-6.06436857871571,-0.468900010430701,5.12656855785431,-6.01254572319666,-1.04088622275291,3.93077327769083,-6.09303229368786,-0.989880672581598,4.11327094852467,-5.79514285253046,-0.518640617349518,4.75786161783143,-6.29904443049064,-0.99475284402772,4.3095387424352,-6.50757147731758,-1.03445671741744,4.4386580424827,-7.24546550480478,-1.33614474991158,4.57317600498162
"Spotted Elachura",NA,NA,NA,NA,NA,NA,NA,NA,NA,NA,NA,NA,NA,NA,NA,NA,NA,NA,NA,NA,NA,NA,NA,NA,NA,NA,NA,NA,NA,NA
"White-throated Dipper",NA,NA,NA,NA,NA,NA,NA,NA,NA,NA,NA,NA,NA,NA,NA,NA,NA,NA,NA,NA,NA,NA,NA,NA,NA,NA,NA,NA,NA,NA
"Brown Dipper",-7.36677505917352,-4.27461036080779,-1.18244566244206,-12.0837328698335,-6.38362656305388,-0.683520256274257,-6.18222219425555,-3.28730522640765,-0.392388258559745,-6.20478123691093,-3.45355737331833,-0.702333509725726,-6.15070061264159,-3.43109530108262,-0.711489989523649,-6.14357721662706,-3.45881913028571,-0.774061043944366,-6.08188300784258,-3.40166429379929,-0.721445579756006,-6.14434217059096,-3.31743589338732,-0.49052961618368,-6.29043716522406,-3.37550664203716,-0.460576118850256,-6.71871297907138,-3.43953348776147,-0.160353996451567
"Asian Glossy Starling",NA,NA,NA,NA,NA,NA,NA,NA,NA,NA,NA,NA,NA,NA,NA,NA,NA,NA,NA,NA,NA,NA,NA,NA,NA,NA,NA,NA,NA,NA
"Golden-crested Myna",NA,NA,NA,NA,NA,NA,NA,NA,NA,NA,NA,NA,NA,NA,NA,NA,NA,NA,NA,NA,NA,NA,NA,NA,NA,NA,NA,NA,NA,NA
"Common Hill Myna",-3.48536357371502,0.108233059450529,3.70182969261608,-6.364132104937,0.678088381229736,7.72030886739647,-3.3205613494684,0.129039150853946,3.57863965117629,-3.11159611654732,0.205098599470875,3.52179331548907,-3.08470808320279,0.107217662600838,3.29914340840446,-3.08065004721556,0.120804043089262,3.32225813339408,-2.97655730815527,0.260477209608973,3.49751172737322,-3.24189036558168,0.0725526542087292,3.38699567399914,-3.180682586925,0.399167487985586,3.97901756289617,-3.88514931722294,-0.372476273830273,3.14019676956239
"Southern Hill Myna",-9.0471895567252,1.74374315041703,12.5346758575593,-17.6133577063955,1.63347360384002,20.8803049140756,-8.61662136681142,1.63848743857787,11.8935962439672,-8.07192406573897,1.7345949310931,11.5411139279252,-7.93486124631431,1.53768084186653,11.0102229300474,-7.84456603752674,1.47595022475953,10.7964664870458,-8.12325515379442,1.30460924028775,10.7324736343699,-8.54980129236715,1.35483007607904,11.2594614445252,-8.96810418842237,1.72804728783338,12.4241987640891,-9.75734174900907,2.1051381079779,13.9676179649649
"European Starling",-8.26087331106247,-5.26077548427291,-2.26067765748335,-13.3533764941757,-7.73222061117062,-2.11106472816556,-7.28906231955749,-4.52061597990655,-1.75216964025561,-6.95816692880573,-4.12653989126777,-1.29491285372981,-6.96119979696352,-4.20165441496285,-1.44210903296218,-7.09245011154191,-4.39209764218967,-1.69174517283742,-7.05828255496331,-4.35761497969364,-1.65694740442398,-6.83124318303766,-3.96200204469987,-1.09276090636207,-7.15111979541089,-4.13561206819649,-1.12010434098208,-6.87995586974063,-3.29684786217637,0.286260145387885
"Rosy Starling",-6.65500872981495,-5.4474442422874,-4.23987975475985,-8.43744687708968,-6.06783239022001,-3.69821790335034,-5.20754953850641,-3.99388612500188,-2.78022271149735,-4.98391839794658,-3.77605375075841,-2.56818910357024,-5.18050279860803,-4.06421509148874,-2.94792738436945,-5.13584709702088,-3.99907787501746,-2.86230865301404,-4.78939465254497,-3.64656033960926,-2.50372602667355,-5.16503125612496,-3.97696602368322,-2.78890079124147,-5.4266296287653,-4.24094198902611,-3.05525434928692,-6.0027374109942,-4.74728809796592,-3.49183878493764
"Daurian Starling",NA,NA,NA,NA,NA,NA,NA,NA,NA,NA,NA,NA,NA,NA,NA,NA,NA,NA,NA,NA,NA,NA,NA,NA,NA,NA,NA,NA,NA,NA
"Chestnut-cheeked Starling",NA,NA,NA,NA,NA,NA,NA,NA,NA,NA,NA,NA,NA,NA,NA,NA,NA,NA,NA,NA,NA,NA,NA,NA,NA,NA,NA,NA,NA,NA
"Indian Pied Starling",-2.97293501132056,-1.4057262520389,0.161482507242767,-4.38299570736626,-1.49205317919721,1.39888934897184,-2.2446106503593,-0.734611726936792,0.775387196485713,-2.05410178498327,-0.596425297673572,0.861251189636123,-2.11212750535539,-0.683169599123286,0.745788307108822,-2.17281219034434,-0.754690263412659,0.66343166351902,-2.22141499342812,-0.797392626509189,0.626629740409746,-2.13933852566222,-0.670676206640663,0.797986112380889,-1.9419311912154,-0.376422869591944,1.18908545203151,-2.097783202555,-0.431820672014391,1.23414185852622
"White-shouldered Starling",NA,NA,NA,NA,NA,NA,NA,NA,NA,NA,NA,NA,NA,NA,NA,NA,NA,NA,NA,NA,NA,NA,NA,NA,NA,NA,NA,NA,NA,NA
"Brahminy Starling",-2.75816755119602,-1.67511469347385,-0.592061835751684,-4.68306487098644,-2.66838362019671,-0.653702369406968,-2.30577360679176,-1.28996438441609,-0.274155162040423,-2.24227347855593,-1.24775033457106,-0.253227190586195,-2.23516501677251,-1.25903023639891,-0.282895456025315,-2.29243505153553,-1.33604257963111,-0.379650107726684,-2.28245251805431,-1.31255876614968,-0.342665014245056,-2.29006804916329,-1.29836139376735,-0.306654738371397,-2.14463628652322,-1.06296025379512,0.0187157789329733,-2.09057987811019,-0.926315324101023,0.237949229908149
"Chestnut-tailed Starling",-1.96340805537927,-0.295594030930482,1.37221999351831,-2.57852303315623,0.689246371616254,3.95701577638874,-1.3821670347157,0.253592423975834,1.88935188266737,-1.16008031004967,0.458164001452659,2.07640831295499,-1.1363543878551,0.456320053198746,2.04899449425259,-1.24690604976891,0.311399173614116,1.86970439699715,-1.27115115438906,0.30671090343689,1.88457296126284,-1.31616011685306,0.278816568499743,1.87379325385255,-0.904407683054485,0.861208951506322,2.62682558606713,-0.660326998904615,1.27968489783214,3.2196967945689
"Malabar Starling",-1.5624383560877,5.30312190559018,12.168682167268,-3.7285168662478,9.41036752081643,22.5492519078807,-1.93059263743071,4.16270236427652,10.2559973659837,-1.45077656860731,4.77153507250888,10.9938467136251,-1.212139282858,5.18071201230335,11.5735633074647,-1.29119496052302,4.92881744737528,11.1488298552736,-1.60908314106402,4.60010463119676,10.8092924034575,-1.54691774869853,4.93076863370088,11.4084550161003,-1.65205696093014,5.18842060476574,12.0288981704616,-1.41560689238195,6.04078212410755,13.4971711405971
"White-headed Starling",-5.91218983298418,-2.03187760036115,1.84843463226188,-15.054055876865,-7.74223785781602,-0.430419838767077,-7.4612076843519,-3.78250535421664,-0.103803024081385,-7.34030085334869,-3.99708017335805,-0.653859493367415,-7.1307138889133,-3.95772400718578,-0.78473412545825,-6.89011632529867,-3.69465433571146,-0.499192346124244,-6.91838641770365,-3.57534918953581,-0.232311961367978,-7.40267119860052,-3.99343317210506,-0.584195145609593,-7.89708879334671,-4.52062551983889,-1.14416224633108,-8.92004129850292,-5.57031777596551,-2.2205942534281
"Red-billed Starling",NA,NA,NA,NA,NA,NA,NA,NA,NA,NA,NA,NA,NA,NA,NA,NA,NA,NA,NA,NA,NA,NA,NA,NA,NA,NA,NA,NA,NA,NA
"White-cheeked Starling",NA,NA,NA,NA,NA,NA,NA,NA,NA,NA,NA,NA,NA,NA,NA,NA,NA,NA,NA,NA,NA,NA,NA,NA,NA,NA,NA,NA,NA,NA
"Common Myna",-1.28224763081071,-0.722826794593771,-0.163405958376834,-2.30083156535113,-1.2951730609677,-0.289514556584272,-1.1251481035336,-0.613370218605418,-0.10159233367724,-1.21863537156809,-0.739305871730415,-0.259976371892739,-1.13138223049799,-0.646930888867324,-0.162479547236655,-1.14373613892408,-0.660418315221889,-0.177100491519697,-1.17610429421733,-0.685480183476404,-0.194856072735476,-1.1607315103221,-0.659984244788716,-0.159236979255335,-1.11370208430726,-0.576513458786682,-0.0393248332661011,-1.29610539792505,-0.739933913322159,-0.183762428719272
"Bank Myna",-6.09590011113811,-4.64726428363893,-3.19862845613975,-11.6715628438221,-9.10696168712763,-6.54236053043321,-5.85497098664356,-4.5450591346373,-3.23514728263103,-5.86835117429885,-4.62529685506807,-3.38224253583728,-5.80806805392251,-4.59482697107246,-3.3815858882224,-5.7957335910871,-4.5830851566235,-3.3704367221599,-5.77519964664489,-4.55459078949615,-3.3339819323474,-5.90539974454524,-4.64067107676856,-3.37594240899188,-6.06606580160624,-4.76665897168279,-3.46725214175933,-6.11754576281333,-4.59228011928068,-3.06701447574803
"Jungle Myna",-3.16083200588615,-1.22531085127144,0.710210303343267,-6.416404927526,-3.08708920481196,0.242226517902077,-3.38677967010987,-1.71666762395164,-0.0465555777934032,-3.27521917514946,-1.64253925685392,-0.00985933855839138,-3.21545981482275,-1.60634213009912,0.00277555462449897,-3.16632501633451,-1.55888589966283,0.0485532170088399,-3.3054353168235,-1.67803434388974,-0.0506333709559805,-3.3741337926273,-1.75348209857242,-0.132830404517548,-3.33645173519378,-1.58877846078526,0.158894813623257,-3.44282662061584,-1.55430696275464,0.334212695106572
"Collared Myna",NA,NA,NA,NA,NA,NA,NA,NA,NA,NA,NA,NA,NA,NA,NA,NA,NA,NA,NA,NA,NA,NA,NA,NA,NA,NA,NA,NA,NA,NA
"Great Myna",NA,NA,NA,NA,NA,NA,NA,NA,NA,NA,NA,NA,NA,NA,NA,NA,NA,NA,NA,NA,NA,NA,NA,NA,NA,NA,NA,NA,NA,NA
"Spot-winged Starling",-9.91988844209107,-0.762802235095398,8.39428397190027,-20.8027512598212,-8.93859446258169,2.92556233465782,-10.2498575018118,-3.22374178231557,3.80237393718063,-10.0000603741063,-3.42642032961441,3.14721971487751,-9.83600528949395,-3.51004173239743,2.8159218246991,-9.64784979631685,-3.38447463310705,2.87890053010274,-9.52954263078451,-3.03761864163406,3.45430534751639,-10.0010676444968,-3.13673969999418,3.72758824450847,-10.4819783482602,-3.89124756609828,2.69948321606369,-11.847534823756,-5.32574553561386,1.19604375252828
"Grandala",-13.562502554194,-5.16128573295225,3.23993108828954,-24.7181500932085,-4.69043899809272,15.337272097023,-12.4526760620067,-2.92840476035545,6.59586654129582,-12.1515658071677,-3.04007790173907,6.07141000368959,-12.0414796257659,-2.92999298437968,6.18149365700652,-13.0762883876616,-3.95907131514678,5.15814575736803,-11.6712028922812,-2.36150053463583,6.94820182300952,-12.3420385674685,-2.47156678299325,7.39890500148199,-12.6495147741382,-1.95114167658331,8.74723142097155,-13.6796640701405,-1.80465301935807,10.0703580314244
"Long-tailed Thrush",NA,NA,NA,NA,NA,NA,NA,NA,NA,NA,NA,NA,NA,NA,NA,NA,NA,NA,NA,NA,NA,NA,NA,NA,NA,NA,NA,NA,NA,NA
"Alpine Thrush",-9.58018878859788,-4.09766995835027,1.38484887189734,-16.2065503184339,-5.39839091265003,5.40976849313388,-8.42971668565632,-3.2269975321708,1.97572162131471,-8.2478794485907,-3.10087033598328,2.04613877662413,-8.32501906404249,-2.71038225184972,2.90425456034305,-8.3262497098967,-3.07239471650541,2.18146027688587,-8.49407160681508,-3.45910203244548,1.57586754192412,-8.40368363420321,-3.07432122987651,2.25504117445018,-7.94200257339637,-1.25964784091502,5.42270689156633,-8.47994440711218,-1.08887524552793,6.30219391605633
"Himalayan Thrush",NA,NA,NA,NA,NA,NA,NA,NA,NA,NA,NA,NA,NA,NA,NA,NA,NA,NA,NA,NA,NA,NA,NA,NA,NA,NA,NA,NA,NA,NA
"Dark-sided Thrush",NA,NA,NA,NA,NA,NA,NA,NA,NA,NA,NA,NA,NA,NA,NA,NA,NA,NA,NA,NA,NA,NA,NA,NA,NA,NA,NA,NA,NA,NA
"Long-billed Thrush",NA,NA,NA,NA,NA,NA,NA,NA,NA,NA,NA,NA,NA,NA,NA,NA,NA,NA,NA,NA,NA,NA,NA,NA,NA,NA,NA,NA,NA,NA
"White's Thrush",NA,NA,NA,NA,NA,NA,NA,NA,NA,NA,NA,NA,NA,NA,NA,NA,NA,NA,NA,NA,NA,NA,NA,NA,NA,NA,NA,NA,NA,NA
"Scaly Thrush",-8.94563466298855,-5.84976504424662,-2.75389542550468,-14.4167470717304,-7.7600651362238,-1.10338320071723,-7.59326595149599,-4.18915674612516,-0.785047540754324,-7.51021534313867,-4.10124622784419,-0.692277112549701,-7.4189292682329,-4.24317560022849,-1.06742193222408,-7.57243662231766,-4.44924926488152,-1.32606190744538,-7.45237038119055,-4.28336563424263,-1.11436088729471,-7.8817537991109,-4.82818667035325,-1.77461954159561,-7.57398964858648,-3.9323778775258,-0.29076610646512,-7.09819051307597,-2.45783506870276,2.18252037567046
"Nilgiri Thrush",-13.0833105078845,-3.71455066211104,5.65420918366239,-23.7372208041391,-10.1212404063758,3.49473999138754,-12.1070141699925,-4.63105381200786,2.84490654597678,-11.9141096520557,-4.51232877116462,2.8894521097265,-11.3563172614359,-4.74118027156118,1.87395671831351,-11.6462293156247,-4.71751757053324,2.21119417455818,-11.891093206209,-5.06602965723059,1.75903389174785,-12.0445834600734,-5.19221222465612,1.66015901076116,-12.4275437103261,-3.47722867289202,5.47308636454204,-13.0085690313534,-5.40928700429743,2.18999502275849
"Purple Cochoa",NA,NA,NA,NA,NA,NA,NA,NA,NA,NA,NA,NA,NA,NA,NA,NA,NA,NA,NA,NA,NA,NA,NA,NA,NA,NA,NA,NA,NA,NA
"Green Cochoa",NA,NA,NA,NA,NA,NA,NA,NA,NA,NA,NA,NA,NA,NA,NA,NA,NA,NA,NA,NA,NA,NA,NA,NA,NA,NA,NA,NA,NA,NA
"Siberian Thrush",NA,NA,NA,NA,NA,NA,NA,NA,NA,NA,NA,NA,NA,NA,NA,NA,NA,NA,NA,NA,NA,NA,NA,NA,NA,NA,NA,NA,NA,NA
"Pied Thrush",NA,NA,NA,NA,NA,NA,NA,NA,NA,NA,NA,NA,NA,NA,NA,NA,NA,NA,NA,NA,NA,NA,NA,NA,NA,NA,NA,NA,NA,NA
"Orange-headed Thrush",-3.65460772039082,-2.00379091995586,-0.3529741195209,-6.58844315079878,-3.66705933623909,-0.745675521679413,-3.31613498402731,-1.82883880433837,-0.34154262464943,-3.12026813250261,-1.65761716858148,-0.194966204660344,-3.22092741054878,-1.81197538411375,-0.403023357678726,-3.16875219841698,-1.76988999783376,-0.371027797250548,-3.24225862819842,-1.81718277717261,-0.392106926146809,-3.43339153691611,-1.99272007493534,-0.552048612954564,-3.20941529444847,-1.63167970329794,-0.053944112147414,-3.43140217142363,-1.71886606716059,-0.00632996289753618
"Chinese Thrush",NA,NA,NA,NA,NA,NA,NA,NA,NA,NA,NA,NA,NA,NA,NA,NA,NA,NA,NA,NA,NA,NA,NA,NA,NA,NA,NA,NA,NA,NA
"Mistle Thrush",-10.2346809840203,-5.960132344561,-1.68558370510167,-17.809830127227,-10.2148832553243,-2.61993638342165,-9.41037494981449,-5.69560023075681,-1.98082551169912,-9.18734384497042,-5.77515494132845,-2.36296603768648,-9.2113654324295,-5.61617825712329,-2.02099108181707,-9.13927769123984,-5.62172914342716,-2.10418059561448,-8.96306502691778,-5.36962561534361,-1.77618620376944,-9.44314688461573,-5.94929375833689,-2.45544063205806,-9.60073140840129,-5.65192133817238,-1.70311126794346,-9.99811728630967,-5.31123676590106,-0.624356245492447
"Song Thrush",NA,NA,NA,NA,NA,NA,NA,NA,NA,NA,NA,NA,NA,NA,NA,NA,NA,NA,NA,NA,NA,NA,NA,NA,NA,NA,NA,NA,NA,NA
"Chinese Blackbird",NA,NA,NA,NA,NA,NA,NA,NA,NA,NA,NA,NA,NA,NA,NA,NA,NA,NA,NA,NA,NA,NA,NA,NA,NA,NA,NA,NA,NA,NA
"Gray-winged Blackbird",-4.54926271508321,-0.898581828149594,2.75209905878402,-7.8952637811842,-0.689853625769384,6.51555652964544,-4.44744344776566,-1.11657956958317,2.21428430859931,-4.18065571100222,-0.889836205071448,2.40098330085932,-4.06762711127961,-0.770029304980299,2.52756850131902,-4.07470436719957,-0.806841461076966,2.46102144504564,-4.25010296472073,-1.01103533443319,2.22803229585436,-4.27769170339906,-0.907247037260745,2.46319762887757,-4.27231833716974,-0.713006699054939,2.84630493905986,-4.31193698596654,-0.100791266734912,4.11035445249672
"Indian Blackbird",-4.40086280328844,-1.43006596073126,1.54073088182591,-6.84855003447193,-1.49649915778501,3.85555171890191,-3.24938132057162,-0.49646017555462,2.25646096946238,-2.87508679608814,-0.0462542450766047,2.78257830593494,-3.1735367675346,-0.506809519818006,2.15991772789858,-3.14643719752159,-0.487588121950142,2.1712609536213,-3.31128118880628,-0.674465050611523,1.96235108758324,-3.35714761849503,-0.634383388949183,2.08838084059666,-3.36014585566361,-0.466442446720902,2.4272609622218,-2.76905645539042,0.588930027263274,3.94691650991697
"Japanese Thrush",NA,NA,NA,NA,NA,NA,NA,NA,NA,NA,NA,NA,NA,NA,NA,NA,NA,NA,NA,NA,NA,NA,NA,NA,NA,NA,NA,NA,NA,NA
"Tickell's Thrush",-2.70837355381971,1.18462415575383,5.07762186532736,-8.0812543711283,-1.18330272477445,5.7146489215794,-4.27966101181831,-0.941399455376121,2.39686210106606,-3.94039455952727,-0.565801484827149,2.80879158987298,-3.7868216872899,-0.595725261865234,2.59537116355943,-3.86814879455536,-0.542355801543473,2.78343719146841,-3.92822685778317,-0.61489087004203,2.69844511769911,-4.41053381077742,-1.22946977008951,1.9515942705984,-4.19280876293647,-0.63040716301751,2.93199443690145,-3.55077894584196,0.853684216664202,5.25814737917036
"Black-breasted Thrush",NA,NA,NA,NA,NA,NA,NA,NA,NA,NA,NA,NA,NA,NA,NA,NA,NA,NA,NA,NA,NA,NA,NA,NA,NA,NA,NA,NA,NA,NA
"Gray-sided Thrush",NA,NA,NA,NA,NA,NA,NA,NA,NA,NA,NA,NA,NA,NA,NA,NA,NA,NA,NA,NA,NA,NA,NA,NA,NA,NA,NA,NA,NA,NA
"Eyebrowed Thrush",NA,NA,NA,NA,NA,NA,NA,NA,NA,NA,NA,NA,NA,NA,NA,NA,NA,NA,NA,NA,NA,NA,NA,NA,NA,NA,NA,NA,NA,NA
"White-backed Thrush",NA,NA,NA,NA,NA,NA,NA,NA,NA,NA,NA,NA,NA,NA,NA,NA,NA,NA,NA,NA,NA,NA,NA,NA,NA,NA,NA,NA,NA,NA
"Tibetan Blackbird",NA,NA,NA,NA,NA,NA,NA,NA,NA,NA,NA,NA,NA,NA,NA,NA,NA,NA,NA,NA,NA,NA,NA,NA,NA,NA,NA,NA,NA,NA
"Fieldfare",NA,NA,NA,NA,NA,NA,NA,NA,NA,NA,NA,NA,NA,NA,NA,NA,NA,NA,NA,NA,NA,NA,NA,NA,NA,NA,NA,NA,NA,NA
"White-collared Blackbird",-9.7354679411425,-4.15426482338135,1.42693829437979,-16.8845208247554,-6.8840345375544,3.11645174964664,-8.61151041560734,-3.97334592383601,0.664818567935319,-8.2751446796332,-3.35749661072576,1.56015145818168,-8.38084698730094,-3.48176530099019,1.41731638532057,-8.11404964958214,-3.44234945890884,1.22935073176446,-8.46418584553821,-3.91442251520857,0.635340815121058,-8.29236155074994,-3.31842647114952,1.6555086084509,-8.46850057378479,-2.82934851994364,2.8098035338975,-9.1346005347787,-3.39196630962664,2.35066791552542
"Chestnut Thrush",-9.33233788404768,-3.44285580247873,2.44662627909022,-14.8903537516454,-3.92218881353168,7.045976124582,-8.3746463709897,-3.18894036523119,1.99676564052731,-7.85025932692137,-0.951195206188066,5.94786891454524,-7.83358715320064,-1.93152490208466,3.97053734903132,-7.78625009767743,-2.0440485076935,3.69815308229042,-8.04420715082085,-2.51147316446554,3.02126082188977,-8.41535200963887,-3.1771475594799,2.06105689067908,-7.50595993007992,-0.24429024048955,7.01737944910082,-7.97571009728169,0.722275518352905,9.4202611339875
"Black-throated Thrush",-12.7905106682488,-6.37152695439493,0.0474567594589885,-13.2490079955694,22.8621533454971,58.9733146865635,-10.2942279455472,-3.53038378703112,3.23346037148498,-9.95690759695127,-2.21621150163258,5.52448459368611,-10.811325174354,-1.13474836126405,8.54182845182592,-9.54129458409151,-1.54492922310359,6.45143613788434,-9.3314430666751,-0.912305266263924,7.50683253414725,-10.7381509077244,-4.22200422361315,2.29414246049807,-10.3281062722325,-1.20732223748537,7.91346179726171,-11.2359283652363,1.64370362564393,14.5233356165242
"Red-throated Thrush",NA,NA,NA,NA,NA,NA,NA,NA,NA,NA,NA,NA,NA,NA,NA,NA,NA,NA,NA,NA,NA,NA,NA,NA,NA,NA,NA,NA,NA,NA
"Dusky Thrush",NA,NA,NA,NA,NA,NA,NA,NA,NA,NA,NA,NA,NA,NA,NA,NA,NA,NA,NA,NA,NA,NA,NA,NA,NA,NA,NA,NA,NA,NA
"Naumann's Thrush",NA,NA,NA,NA,NA,NA,NA,NA,NA,NA,NA,NA,NA,NA,NA,NA,NA,NA,NA,NA,NA,NA,NA,NA,NA,NA,NA,NA,NA,NA
"Gray-streaked Flycatcher",NA,NA,NA,NA,NA,NA,NA,NA,NA,NA,NA,NA,NA,NA,NA,NA,NA,NA,NA,NA,NA,NA,NA,NA,NA,NA,NA,NA,NA,NA
"Dark-sided Flycatcher",-15.067256302731,0.375943631573003,15.819143565877,-40.5217698400747,6.04337723971703,52.6085243195088,-13.6640263829859,0.467943744691634,14.5999138723692,-12.0939645901254,0.570863421722693,13.2356914335708,-11.903799925651,0.558393242273137,13.0205864101972,-11.7937319008884,0.63273161248277,13.0591951258539,-12.3163559348057,0.50598421201465,13.328324358835,-12.922974484004,0.284047096778559,13.4910686775611,-13.6657711048381,0.86748166483306,15.4007344345042,-14.818747134456,0.601347301822652,16.0214417381013
"Ferruginous Flycatcher",NA,NA,NA,NA,NA,NA,NA,NA,NA,NA,NA,NA,NA,NA,NA,NA,NA,NA,NA,NA,NA,NA,NA,NA,NA,NA,NA,NA,NA,NA
"Asian Brown Flycatcher",-4.37923703021284,-2.44406526612848,-0.508893502044119,-7.73396205853299,-4.04918334877355,-0.36440463901411,-4.1195453934243,-2.35191297575993,-0.584280558095553,-3.83362365003317,-2.04933335095932,-0.26504305188546,-3.88633496466126,-2.14401768498966,-0.401700405318049,-3.90326037445078,-2.18177185301132,-0.460283331571857,-3.88747987308626,-2.1496141454404,-0.411748417794546,-4.11046479564433,-2.34409900342689,-0.577733211209456,-3.80382614700008,-1.84636514195051,0.111095863099056,-4.09360723747218,-1.93004926693136,0.233508703609457
"Brown-breasted Flycatcher",-2661.70997362663,12.5433477509804,2686.79666912859,-2186.72459712423,22.8316173335152,2232.38783179126,-46.6589318353897,1.5921088991504,49.8431496336905,-48.365500156868,2.42280187383837,53.2111039045447,-91.0386017253133,2.92291812258578,96.8844379704849,-96.236925370797,2.53269935251629,101.30232407583,-446.275824507345,6.81510437198674,459.906033251319,-1506.50484814756,9.82409236472527,1526.15303287701,-69.8407166982274,3.74920769843523,77.3391320950979,-78.8511850724967,3.28443863977731,85.4200623520513
"Spotted Flycatcher",NA,NA,NA,NA,NA,NA,NA,NA,NA,NA,NA,NA,NA,NA,NA,NA,NA,NA,NA,NA,NA,NA,NA,NA,NA,NA,NA,NA,NA,NA
"Rufous-tailed Scrub-Robin",NA,NA,NA,NA,NA,NA,NA,NA,NA,NA,NA,NA,NA,NA,NA,NA,NA,NA,NA,NA,NA,NA,NA,NA,NA,NA,NA,NA,NA,NA
"Indian Robin",-0.220574762349872,0.93108358375646,2.08274192986279,0.174105167201144,2.32002514424476,4.46594512128839,0.398220074889124,1.53110032823772,2.66398058158632,0.256508655583162,1.33090180615169,2.40529495672022,0.318395360521624,1.37510582629194,2.43181629206226,0.265454353032062,1.31023317275196,2.35501199247185,0.253128464567241,1.31627402940917,2.37941959425109,0.213912087507958,1.31431670079549,2.41472131408303,0.599273672701392,1.77726834113398,2.95526300956656,0.248364229544009,1.42480441999853,2.60124461045306
"Oriental Magpie-Robin",1.01219894606279,2.07599619048837,3.13979343491396,1.08938346680246,2.9708136849039,4.85224390300533,0.52548782771593,1.46881112788762,2.41213442805931,0.681571579730445,1.59053451349372,2.49949744725699,0.705807380843237,1.61198584687974,2.51816431291625,0.698658534192674,1.6019302051383,2.50520187608393,0.724969925879695,1.64113981574722,2.55730970561475,0.815745166041767,1.75817331330345,2.70060146056514,0.584908701977401,1.56635121592088,2.54779372986436,0.226996714173071,1.21168350338522,2.19637029259737
"White-rumped Shama",-2.86652013973794,-0.30079122078402,2.2649376981699,-5.15785017574456,-0.630064870772186,3.89772043420019,-2.92217199804963,-0.702893065914984,1.51638586621966,-2.68028560960214,-0.483867681263195,1.71255024707575,-2.6309656712528,-0.470931256771156,1.68910315771049,-2.55929023202515,-0.421646292953432,1.71599764611829,-2.77669238695836,-0.649780730261656,1.47713092643505,-2.96978212563782,-0.752895677012803,1.46399077161221,-2.7572496341813,-0.411221553776102,1.9348065266291,-2.67089444960588,-0.047850407945749,2.57519363371438
"Andaman Shama",0.182799784710637,9.37344011505566,18.5640804454007,-7.77079062865849,12.6043184815476,32.9794275917536,-3.15545005581202,7.71921678052645,18.5938836168649,-2.59841787501636,7.43837640613986,17.4751706872961,-2.25589425144909,6.63578937611777,15.5274730036846,-2.11309488716249,7.417066468509,16.9472278241805,-3.09508562035664,6.07118981578721,15.2374652519311,-2.88465185584482,6.4638192438697,15.8122903435842,-2.4356103256044,8.73532770230826,19.9062657302209,-3.05177987231174,9.35989273000517,21.7715653323221
"White-tailed Flycatcher",NA,NA,NA,NA,NA,NA,NA,NA,NA,NA,NA,NA,NA,NA,NA,NA,NA,NA,NA,NA,NA,NA,NA,NA,NA,NA,NA,NA,NA,NA
"Nilgiri Sholakili",-21.4064275198757,12.540237071876,46.4869016636276,-152.19077991057,21.094592879535,194.37996566964,-124.25594201074,18.5309006368878,161.317743284516,-18.9614963457334,13.5134254831653,45.9883473120639,-29.3627059944702,14.0816774597356,57.5260609139414,-19.3721153098105,13.1292683638586,45.6306520375277,-21.3816141065047,14.0835961429637,49.5488063924321,-26.676695777108,10.8446787012277,48.3660531795633,-32.6389928381828,14.5717104462023,61.7824137305874,-583.297892826125,27.0282494940638,637.354391814253
"White-bellied Sholakili",-19.4904804035782,3.28323028635321,26.0569409762846,-316966.056904124,212.863707549708,317391.784319224,-51.7237191117834,8.57959623260187,68.8829115769872,-17.5946389216408,6.2461493687553,30.0869376591514,-16.9141726500144,5.02161971800355,26.9574120860215,-16.6636293591004,5.18646842751166,27.0365662141237,-17.6425469932162,5.41150683059158,28.4655606543994,-19.7778246822702,4.7347237435622,29.2472721693946,-20.8261697683166,4.4819900698579,29.7901499080324,-92.4514122750154,11.9734448311913,116.398301937398
"Large Niltava",NA,NA,NA,NA,NA,NA,NA,NA,NA,NA,NA,NA,NA,NA,NA,NA,NA,NA,NA,NA,NA,NA,NA,NA,NA,NA,NA,NA,NA,NA
"Small Niltava",-4.43155117698324,-0.00331067322583506,4.42492983053157,-9.82794815445363,-2.2019929982875,5.42396215787863,-5.24108942883531,-1.64269321706788,1.95570299469956,-4.80800209987744,-0.933496240445874,2.94100961898569,-4.75326903923285,-1.09649055059022,2.56028793805241,-4.77106791876635,-1.09531165045697,2.58044461785241,-4.9390326997249,-1.2723011593715,2.3944303809819,-4.85458258021237,-0.982471869530108,2.88963884115215,-5.05906699199127,-1.03225119878717,2.99456459441693,-5.37735066778783,-0.846564814340286,3.68422103910726
"Rufous-bellied Niltava",-4.06519509210383,-0.0984624047383393,3.86827028262715,-9.60952855824758,-2.86180887699358,3.88591080426041,-4.88553516119069,-1.66695427814766,1.55162660489537,-4.42951984544263,-1.07098623028756,2.28754738486751,-4.46444910889447,-1.2387832839029,1.98688254108867,-4.49919061672143,-1.25078029089754,1.99763003492634,-4.45695317001247,-1.18495582780015,2.08704151441217,-4.49658894445451,-1.12144173791732,2.25370546861986,-4.91889877357154,-1.4999919620119,1.91891484954773,-5.07746372015722,-1.09933993629952,2.87878384755818
"Chinese Vivid Niltava",NA,NA,NA,NA,NA,NA,NA,NA,NA,NA,NA,NA,NA,NA,NA,NA,NA,NA,NA,NA,NA,NA,NA,NA,NA,NA,NA,NA,NA,NA
"Blue-and-white Flycatcher",NA,NA,NA,NA,NA,NA,NA,NA,NA,NA,NA,NA,NA,NA,NA,NA,NA,NA,NA,NA,NA,NA,NA,NA,NA,NA,NA,NA,NA,NA
"Zappey's Flycatcher",NA,NA,NA,NA,NA,NA,NA,NA,NA,NA,NA,NA,NA,NA,NA,NA,NA,NA,NA,NA,NA,NA,NA,NA,NA,NA,NA,NA,NA,NA
"Nilgiri Flycatcher",NA,NA,NA,NA,NA,NA,NA,NA,NA,NA,NA,NA,NA,NA,NA,NA,NA,NA,NA,NA,NA,NA,NA,NA,NA,NA,NA,NA,NA,NA
"Verditer Flycatcher",-2.95158347188565,-1.43383283021254,0.0839178114605601,-5.82608585041004,-2.82239242528766,0.181300999834723,-3.04374318581879,-1.59222603940611,-0.140708892993433,-2.78647791663864,-1.33966973496127,0.107138446716108,-2.87016465679056,-1.48398761591907,-0.0978105750475811,-2.8107903047159,-1.42694508794201,-0.0430998711681134,-2.92775464729661,-1.52609194141763,-0.124429235538649,-3.01103950408253,-1.58371398910797,-0.156388474133401,-2.91184924599419,-1.38286976930754,0.146109707379109,-3.06710577370448,-1.45271743389556,0.161670905913361
"White-gorgeted Flycatcher",NA,NA,NA,NA,NA,NA,NA,NA,NA,NA,NA,NA,NA,NA,NA,NA,NA,NA,NA,NA,NA,NA,NA,NA,NA,NA,NA,NA,NA,NA
"Hainan Blue Flycatcher",NA,NA,NA,NA,NA,NA,NA,NA,NA,NA,NA,NA,NA,NA,NA,NA,NA,NA,NA,NA,NA,NA,NA,NA,NA,NA,NA,NA,NA,NA
"White-bellied Blue Flycatcher",-7.38463841118747,-3.49051593838001,0.403606534427458,-15.9918034438864,-9.55784683526657,-3.12389022664672,-7.79795973426997,-4.50914647109011,-1.22033320791026,-7.63026019486525,-4.35028919975171,-1.07031820463817,-7.54354697400712,-4.42096762897731,-1.29838828394749,-7.45002780116386,-4.32045991286053,-1.1908920245572,-7.61884128757711,-4.42888650268153,-1.23893171778596,-7.91508623834809,-4.77537373421942,-1.63566123009075,-7.95702928767758,-4.41755640548197,-0.878083523286356,-8.32928037060865,-4.44927810149289,-0.569275832377122
"Pale-chinned Flycatcher",NA,NA,NA,NA,NA,NA,NA,NA,NA,NA,NA,NA,NA,NA,NA,NA,NA,NA,NA,NA,NA,NA,NA,NA,NA,NA,NA,NA,NA,NA
"Pale Blue Flycatcher",NA,NA,NA,NA,NA,NA,NA,NA,NA,NA,NA,NA,NA,NA,NA,NA,NA,NA,NA,NA,NA,NA,NA,NA,NA,NA,NA,NA,NA,NA
"Blue-throated Flycatcher",-3.49823655947272,-0.057606092303864,3.38302437486499,-5.25309290931267,1.39843752610993,8.04996796153253,-3.11500860933138,0.107087102742336,3.32918281481605,-2.89047322701064,0.236382697013756,3.36323862103815,-2.83468661685372,0.199012824707853,3.23271226626943,-2.86476517213741,0.224750787893689,3.31426674792479,-3.03088645992207,0.00990783671176362,3.0507021333456,-3.06836112555334,0.0286338674781712,3.12562886050968,-3.072096051728,0.257283875314288,3.58666380235658,-2.58889987135078,1.3307655441411,5.25043095963297
"Large Blue Flycatcher",NA,NA,NA,NA,NA,NA,NA,NA,NA,NA,NA,NA,NA,NA,NA,NA,NA,NA,NA,NA,NA,NA,NA,NA,NA,NA,NA,NA,NA,NA
"Hill Blue Flycatcher",NA,NA,NA,NA,NA,NA,NA,NA,NA,NA,NA,NA,NA,NA,NA,NA,NA,NA,NA,NA,NA,NA,NA,NA,NA,NA,NA,NA,NA,NA
"Tickell's Blue Flycatcher",0.998435339774043,4.21815785666093,7.43788037354782,2.7238186604387,9.08311926766819,15.4424198748977,1.73630627662153,4.95616462673058,8.17602297683963,1.51287164777254,4.58137708188056,7.64988251598858,1.46423511133963,4.39022577755785,7.31621644377608,1.5572443175512,4.51051462831598,7.46378493908076,1.5688472560295,4.57714839716602,7.58544953830253,1.33813567708952,4.45219133942131,7.5662470017531,1.3443794663957,4.57935628549985,7.814333104604,0.776131858301388,3.96460587160136,7.15307988490132
"Nicobar Jungle Flycatcher",NA,NA,NA,NA,NA,NA,NA,NA,NA,NA,NA,NA,NA,NA,NA,NA,NA,NA,NA,NA,NA,NA,NA,NA,NA,NA,NA,NA,NA,NA
"Rusty-bellied Shortwing",NA,NA,NA,NA,NA,NA,NA,NA,NA,NA,NA,NA,NA,NA,NA,NA,NA,NA,NA,NA,NA,NA,NA,NA,NA,NA,NA,NA,NA,NA
"Lesser Shortwing",NA,NA,NA,NA,NA,NA,NA,NA,NA,NA,NA,NA,NA,NA,NA,NA,NA,NA,NA,NA,NA,NA,NA,NA,NA,NA,NA,NA,NA,NA
"Himalayan Shortwing",NA,NA,NA,NA,NA,NA,NA,NA,NA,NA,NA,NA,NA,NA,NA,NA,NA,NA,NA,NA,NA,NA,NA,NA,NA,NA,NA,NA,NA,NA
"Gould's Shortwing",NA,NA,NA,NA,NA,NA,NA,NA,NA,NA,NA,NA,NA,NA,NA,NA,NA,NA,NA,NA,NA,NA,NA,NA,NA,NA,NA,NA,NA,NA
"Indian Blue Robin",-5.52918195029385,-1.58012375060197,2.36893444908991,-6.94653142785163,1.19896097179448,9.34445337144058,-3.14528289712669,1.23383794704609,5.61295879121886,-3.19853318528005,0.927235241889113,5.05300366905828,-3.39752573533291,0.542528639569914,4.48258301447273,-3.48605480677268,0.419678518498188,4.32541184376905,-3.26816947495452,0.72276823650443,4.71370594796338,-3.50793344771052,0.554886390793294,4.61770622929711,-3.17076152168826,1.4385826204887,6.04792676266566,-3.97163541743506,0.497794233932372,4.9672238852998
"Siberian Blue Robin",NA,NA,NA,NA,NA,NA,NA,NA,NA,NA,NA,NA,NA,NA,NA,NA,NA,NA,NA,NA,NA,NA,NA,NA,NA,NA,NA,NA,NA,NA
"White-bellied Redstart",NA,NA,NA,NA,NA,NA,NA,NA,NA,NA,NA,NA,NA,NA,NA,NA,NA,NA,NA,NA,NA,NA,NA,NA,NA,NA,NA,NA,NA,NA
"Bluethroat",-4.3619715248494,-1.69320771651985,0.975556091809701,-7.27113917344853,-2.45564206587052,2.35985504170749,-3.60933875636657,-1.1481543799864,1.31302999639378,-3.85900097127704,-1.57723565410723,0.704529663062581,-3.76860465841544,-1.52578375233758,0.717037153740287,-3.79225964583281,-1.53299913750992,0.726261370812967,-3.49949556249841,-1.20339548429317,1.09270459391207,-3.88176749775866,-1.50596554729796,0.869836403162727,-3.89500741714002,-1.3770353749133,1.14093666731341,-4.70222362237643,-2.27150993086375,0.159203760648938
"Malabar Whistling-Thrush",-3.6994163435763,1.0607532924844,5.8209229285451,-7.40819288361592,1.14492320876816,9.69803930115223,-3.22817609777498,1.01777273790651,5.263721573588,-2.99366193807819,1.18750728701334,5.36867651210486,-3.06683903316957,1.03091393527379,5.12866690371715,-3.03373733301085,1.00202066067907,5.03777865436898,-3.1087912560855,1.05839460702172,5.22558047012894,-3.19945448411049,1.01606447131384,5.23158342673816,-3.38703511303615,1.03290280482898,5.45284072269412,-3.67936975336341,0.751527778695525,5.18242531075446
"Blue Whistling-Thrush",-3.3366812328842,0.0726275187790514,3.4819362704423,-5.28535215817817,1.070585134597,7.42652242737217,-2.61344257623393,0.51898403236179,3.65141064095751,-2.43831217107159,0.583370982644164,3.60505413635992,-2.42939431672203,0.569156758930899,3.56770783458383,-2.50389813318251,0.482528652015243,3.46895543721299,-2.48373675817396,0.5379241501624,3.55958505849876,-2.49195949186048,0.615930683082882,3.72382085802624,-2.66834421910181,0.558167182314141,3.7846785837301,-2.54216874864123,0.952390257286385,4.446949263214
"Little Forktail",-6.4933891769378,-2.99018524993239,0.513018677073025,-12.7125970274531,-6.62355861389366,-0.534520200334243,-6.72043648761379,-3.81819033247275,-0.915944177331713,-6.33391843171816,-3.30777527521005,-0.281632118701938,-6.32240694223352,-3.40498570698377,-0.487564471734018,-6.40776036026731,-3.53807406136226,-0.668387762457214,-5.98187126567867,-3.03171042904174,-0.0815495924048042,-6.35171175701857,-3.28730134290457,-0.222890928790574,-6.6284109671794,-3.4602633105023,-0.292115653825201,-7.2105412659766,-3.89745168747544,-0.584362108974271
"White-crowned Forktail",NA,NA,NA,NA,NA,NA,NA,NA,NA,NA,NA,NA,NA,NA,NA,NA,NA,NA,NA,NA,NA,NA,NA,NA,NA,NA,NA,NA,NA,NA
"Spotted Forktail",-4.61045746164252,-0.882999938900864,2.84445758384079,-9.93161002520734,-3.3323736016436,3.26686282192013,-5.42430044933198,-2.38547915729396,0.653342134744053,-5.03826455510024,-1.93037790349244,1.17750874811537,-4.93849807242139,-1.86198311595481,1.21453184051176,-5.05139028085365,-2.00056971413387,1.05025085258591,-4.74481249339932,-1.62859675940078,1.48761897459776,-4.97305103247609,-1.75018448912513,1.47268205422582,-5.5017856226411,-2.15000808582596,1.20176945098917,-5.48835327964395,-1.92175588546898,1.644841508706
"Black-backed Forktail",-8.91563991561669,-5.96488948308851,-3.01413905056034,-14.3099048544516,-8.42468280187406,-2.5394607492965,-7.03278523929669,-3.80823149097383,-0.58367774265098,-6.9887623700099,-3.70507738049603,-0.42139239098216,-7.0943605058577,-4.04983105168536,-1.00530159751302,-7.22717164415676,-4.28289429002962,-1.33861693590249,-6.94585424782575,-3.91872087470447,-0.891587501583197,-6.90365409759746,-3.74709425394765,-0.590534410297832,-6.92684063836237,-3.50221257187806,-0.0775845053937467,-7.49080663933355,-3.66499650639716,0.160813626539234
"Slaty-backed Forktail",-9.65788630873892,-6.22728499379726,-2.79668367885559,-16.3591107209383,-9.80138364424238,-3.24365656754644,-8.38148675537378,-5.00069557305107,-1.61990439072835,-8.13445330369518,-4.56420414471316,-0.993954985731139,-8.22131014057257,-4.88294723277043,-1.54458432496829,-8.20596277590886,-4.97892795831373,-1.7518931407186,-8.19450486906073,-4.89590144604766,-1.5972980230346,-8.22723065267796,-4.85253318586908,-1.4778357190602,-8.26008899177916,-4.43522350696847,-0.61035802215777,-8.62934496056391,-4.30794848899372,0.013447982576464
"Firethroat",NA,NA,NA,NA,NA,NA,NA,NA,NA,NA,NA,NA,NA,NA,NA,NA,NA,NA,NA,NA,NA,NA,NA,NA,NA,NA,NA,NA,NA,NA
"Siberian Rubythroat",NA,NA,NA,NA,NA,NA,NA,NA,NA,NA,NA,NA,NA,NA,NA,NA,NA,NA,NA,NA,NA,NA,NA,NA,NA,NA,NA,NA,NA,NA
"Himalayan Rubythroat",-5.52565916020702,2.49486333995555,10.5153858401181,-13.1660952477315,-0.105911040649376,12.9542731664327,-6.34009911124453,0.337450082593449,7.01499927643143,-5.94040151549787,1.15071211425782,8.24182574401351,-5.71889577957245,0.263419883308987,6.24573554619043,-6.02745767229398,0.431144380288474,6.88974643287093,-5.69975038770483,0.851378832834339,7.40250805337351,-5.95392709103924,0.857818196416451,7.66956348387214,-7.00330583661177,-0.656420928711665,5.69046397918844,-7.1047744161312,0.898060263632565,8.90089494339633
"Chinese Rubythroat",NA,NA,NA,NA,NA,NA,NA,NA,NA,NA,NA,NA,NA,NA,NA,NA,NA,NA,NA,NA,NA,NA,NA,NA,NA,NA,NA,NA,NA,NA
"White-tailed Robin",NA,NA,NA,NA,NA,NA,NA,NA,NA,NA,NA,NA,NA,NA,NA,NA,NA,NA,NA,NA,NA,NA,NA,NA,NA,NA,NA,NA,NA,NA
"Blue-fronted Robin",NA,NA,NA,NA,NA,NA,NA,NA,NA,NA,NA,NA,NA,NA,NA,NA,NA,NA,NA,NA,NA,NA,NA,NA,NA,NA,NA,NA,NA,NA
"Red-flanked Bluetail",NA,NA,NA,NA,NA,NA,NA,NA,NA,NA,NA,NA,NA,NA,NA,NA,NA,NA,NA,NA,NA,NA,NA,NA,NA,NA,NA,NA,NA,NA
"Himalayan Bluetail",-5.74376892781822,-1.44523552188815,2.85329788404191,-9.82903970344393,-1.24642505202754,7.33618959938886,-4.46278745991004,0.0575249399321389,4.57783733977432,-4.4614917134617,-0.143764179346512,4.17396335476867,-4.4122773837674,-0.112608242418082,4.18706089893124,-4.63112225211939,-0.379297798350551,3.87252665541829,-4.58241158697103,-0.365024230353722,3.85236312626358,-4.60201271757059,-0.251728080865373,4.09855655583984,-4.21258588196031,0.613475437274243,5.43953675650879,-4.1517083326482,1.27470692033174,6.70112217331169
"Rufous-breasted Bush-Robin",NA,NA,NA,NA,NA,NA,NA,NA,NA,NA,NA,NA,NA,NA,NA,NA,NA,NA,NA,NA,NA,NA,NA,NA,NA,NA,NA,NA,NA,NA
"White-browed Bush-Robin",NA,NA,NA,NA,NA,NA,NA,NA,NA,NA,NA,NA,NA,NA,NA,NA,NA,NA,NA,NA,NA,NA,NA,NA,NA,NA,NA,NA,NA,NA
"Golden Bush-Robin",-5.76472398471511,0.304182149218127,6.37308828315137,-7.39907898957697,6.46317514856959,20.3254292867162,-4.65304477187648,1.91895879376235,8.49096235940118,-4.21272969669485,1.74639080365763,7.70551130401011,-4.05652761739304,1.83594981247526,7.72842724234356,-4.28089052237957,1.70747491528256,7.69584035294469,-3.92454692797856,2.0865277068602,8.09760234169896,-4.32001909427655,1.85754503080828,8.03510915589311,-4.45350482757881,2.00063773776517,8.45478030310915,-4.48169088424447,2.70953367354741,9.90075823133929
"Yellow-rumped Flycatcher",NA,NA,NA,NA,NA,NA,NA,NA,NA,NA,NA,NA,NA,NA,NA,NA,NA,NA,NA,NA,NA,NA,NA,NA,NA,NA,NA,NA,NA,NA
"Mugimaki Flycatcher",NA,NA,NA,NA,NA,NA,NA,NA,NA,NA,NA,NA,NA,NA,NA,NA,NA,NA,NA,NA,NA,NA,NA,NA,NA,NA,NA,NA,NA,NA
"Slaty-backed Flycatcher",NA,NA,NA,NA,NA,NA,NA,NA,NA,NA,NA,NA,NA,NA,NA,NA,NA,NA,NA,NA,NA,NA,NA,NA,NA,NA,NA,NA,NA,NA
"Black-and-orange Flycatcher",NA,NA,NA,NA,NA,NA,NA,NA,NA,NA,NA,NA,NA,NA,NA,NA,NA,NA,NA,NA,NA,NA,NA,NA,NA,NA,NA,NA,NA,NA
"Slaty-blue Flycatcher",-3.72765747962549,1.5666617247985,6.86098092922249,-10.401642877396,-1.82467584644161,6.75229118451279,-4.84805483956296,-0.211895770504869,4.42426329855322,-4.40424720591823,0.289357706784872,4.98296261948797,-4.45426594922203,-0.00204541537483037,4.45017511847237,-4.55283456949486,-0.0460021000526297,4.4608303693896,-4.4822582521903,0.0614170380322004,4.6050923282547,-4.47882932647118,0.262418159004156,5.0036656444795,-5.00002420469189,-0.147694456796587,4.70463529109871,-5.03461855794627,0.368570393648167,5.7717593452426
"Snowy-browed Flycatcher",-6.41370167706267,3.90445840948373,14.2226184960301,-12.6348112884618,8.1603432714095,28.9554978312808,-5.86116919219587,3.62804624849046,13.1172616891768,-5.75132918143636,3.51184205178073,12.7750132849978,-5.38843809435042,4.26476523661377,13.917968567578,-5.57906354665188,3.86904118225531,13.3171459111625,-5.36593691412983,4.08737695843277,13.5406908309954,-5.58716661311161,4.37873987659281,14.3446463662972,-6.47050069388458,2.98772166454423,12.445944022973,-6.13356698336623,6.0464019140434,18.226370811453
"Pygmy Flycatcher",-8.32022853324454,2.43425210889075,13.188732751026,-15.4044257705127,4.32980384383241,24.0640334581776,-7.52541156284655,3.539979583798,14.6053707304425,-7.27264638986535,2.7600259875995,12.7926983650643,-7.33280715199608,3.15746806848824,13.6477432889726,-7.56058808583917,2.9195294821225,13.3996470500842,-7.20234957261211,3.21397343216527,13.6302964369426,-7.6742293372872,2.06691225422089,11.808053845729,-7.98996144855372,2.54546064880164,13.080882746157,-9.88739288498069,7.87016385013585,25.6277205852524
"Rufous-gorgeted Flycatcher",-6.19219081330953,-0.783484823415486,4.62522116647856,-12.2525192402659,-3.70346815212755,4.84558293601084,-6.46651656466528,-2.38462451036024,1.6972675439448,-6.22721362465402,-2.09186208415249,2.04348945634904,-6.0795486020639,-2.18450820771985,1.71053218662421,-6.14761533539337,-2.13512648846026,1.87736235847285,-6.05346292379722,-1.94676020865262,2.15994250649199,-6.20334882968714,-1.934931017285,2.33348679511714,-6.85778478447464,-2.67955443539183,1.49867591369097,-7.23222080090917,-2.70477984904455,1.82266110282008
"Sapphire Flycatcher",NA,NA,NA,NA,NA,NA,NA,NA,NA,NA,NA,NA,NA,NA,NA,NA,NA,NA,NA,NA,NA,NA,NA,NA,NA,NA,NA,NA,NA,NA
"Little Pied Flycatcher",NA,NA,NA,NA,NA,NA,NA,NA,NA,NA,NA,NA,NA,NA,NA,NA,NA,NA,NA,NA,NA,NA,NA,NA,NA,NA,NA,NA,NA,NA
"Ultramarine Flycatcher",-4.78448438123541,-2.2513302714725,0.281823838290412,-9.03338455096009,-4.40398460032885,0.225415350302387,-5.11857689121364,-2.90702788444115,-0.695478877668649,-4.90547313344265,-2.70885888683069,-0.51224464021873,-4.7830225593027,-2.65117612613297,-0.51932969296324,-4.70989790802201,-2.55387776436245,-0.397857620702895,-5.00089532143371,-2.88115082549653,-0.761406329559357,-5.35805973118469,-3.26745424378267,-1.17684875638066,-4.93716360062107,-2.5661042072361,-0.195044813851141,-4.69223105901362,-1.87634749564222,0.939536067729191
"Rusty-tailed Flycatcher",-8.00655165049431,-3.90022522862912,0.206101193236074,-12.2827168244779,-3.78136094143532,4.71999494160725,-6.22152038852478,-1.90273873001125,2.41604292850227,-6.19194855433241,-2.00881780070754,2.17431295291734,-6.20054028345063,-2.12835395449457,1.9438323744615,-6.15530232705489,-2.15930906040511,1.83668420624468,-6.24674527460681,-2.26291634473889,1.72091258512904,-6.47822652000886,-2.44143263974234,1.59536124052419,-6.45557580161778,-1.99361543975191,2.46834492211396,-6.23216396100313,-0.891513019189959,4.44913792262321
"Taiga Flycatcher",NA,NA,NA,NA,NA,NA,NA,NA,NA,NA,NA,NA,NA,NA,NA,NA,NA,NA,NA,NA,NA,NA,NA,NA,NA,NA,NA,NA,NA,NA
"Kashmir Flycatcher",NA,NA,NA,NA,NA,NA,NA,NA,NA,NA,NA,NA,NA,NA,NA,NA,NA,NA,NA,NA,NA,NA,NA,NA,NA,NA,NA,NA,NA,NA
"Red-breasted Flycatcher",NA,NA,NA,NA,NA,NA,NA,NA,NA,NA,NA,NA,NA,NA,NA,NA,NA,NA,NA,NA,NA,NA,NA,NA,NA,NA,NA,NA,NA,NA
"Blue-fronted Redstart",-6.92016506747106,-3.0408546852297,0.838455697011663,-11.1333660994693,-3.89442414767506,3.34451780411913,-5.26319155667973,-1.21414212228874,2.83490731210225,-5.41633658741991,-1.66490455656571,2.08652747428849,-5.3449525796985,-1.5735624791588,2.19782762138089,-5.50651264716982,-1.83630920608285,1.83389423500411,-5.37178023948677,-1.67121055628326,2.02935912692026,-5.32795913697305,-1.41736937875191,2.49322037946923,-4.96837207991767,-0.715744126478558,3.53688382696055,-5.76899552491692,-1.5103287442052,2.74833803650652
"Plumbeous Redstart",-5.89130891688802,-2.88063597821326,0.13003696046149,-10.8609417458834,-5.86787868098685,-0.874815616090242,-5.65290718286336,-3.14025607058934,-0.627604958315331,-5.55393166619947,-3.12865745313651,-0.703383240073555,-5.47017208615539,-3.0462416662815,-0.622311246407601,-5.48788075442237,-3.09531165164823,-0.702742548874086,-5.3788098504914,-2.94724174238792,-0.515673634284438,-5.43399470709617,-2.8896870644227,-0.345379421749219,-5.8135557825983,-3.17121403528448,-0.528872287970651,-6.14306290136869,-3.32197681295899,-0.50089072454928
"Rufous-backed Redstart",NA,NA,NA,NA,NA,NA,NA,NA,NA,NA,NA,NA,NA,NA,NA,NA,NA,NA,NA,NA,NA,NA,NA,NA,NA,NA,NA,NA,NA,NA
"White-capped Redstart",-6.27856779064997,-3.96679236443454,-1.6550169382191,-10.0960467271816,-5.57823970938664,-1.06043269159167,-5.00349723568867,-2.7234863571629,-0.443475478637131,-5.05889974923291,-2.8776063189206,-0.696312888608282,-5.0962116953052,-2.97081205154089,-0.845412407776594,-5.10116924197967,-2.98905856585446,-0.876947889729253,-4.97960776997312,-2.85631954747111,-0.733031324969109,-4.99225303232346,-2.79945525415021,-0.606657475976967,-5.31447985832596,-2.99129164699325,-0.668103435660538,-5.58083828744424,-3.06015657950997,-0.539474871575695
"Blue-capped Redstart",-7.86742622925184,-2.29530984137089,3.27680654651006,-14.1459995607975,-4.16534843338404,5.81530269402943,-6.57698616911868,-0.970161965386623,4.63666223834544,-6.45374645112329,-0.807121908633771,4.83950263385574,-6.57970811763065,-1.32683831497533,3.92603148768,-6.44207084826341,-1.33405539293331,3.77396006239679,-6.4291112210548,-1.25523401537758,3.91864319029964,-6.58428568067845,-1.2165217184632,4.15124224375205,-6.9824391786713,-1.35924727213167,4.26394463440796,-7.15502778666928,-1.1672252475958,4.82057729147767
"Common Redstart",NA,NA,NA,NA,NA,NA,NA,NA,NA,NA,NA,NA,NA,NA,NA,NA,NA,NA,NA,NA,NA,NA,NA,NA,NA,NA,NA,NA,NA,NA
"Hodgson's Redstart",NA,NA,NA,NA,NA,NA,NA,NA,NA,NA,NA,NA,NA,NA,NA,NA,NA,NA,NA,NA,NA,NA,NA,NA,NA,NA,NA,NA,NA,NA
"White-throated Redstart",NA,NA,NA,NA,NA,NA,NA,NA,NA,NA,NA,NA,NA,NA,NA,NA,NA,NA,NA,NA,NA,NA,NA,NA,NA,NA,NA,NA,NA,NA
"White-winged Redstart",NA,NA,NA,NA,NA,NA,NA,NA,NA,NA,NA,NA,NA,NA,NA,NA,NA,NA,NA,NA,NA,NA,NA,NA,NA,NA,NA,NA,NA,NA
"Black Redstart",-4.14990266935142,-2.63676440042258,-1.12362613149374,-7.48296906704343,-4.76065306911238,-2.03833707118133,-3.78747120698384,-2.40177169596179,-1.01607218493975,-3.51195842227599,-2.08779678768925,-0.663635153102512,-3.50806364435643,-2.13346836970235,-0.758873095048261,-3.63173325297151,-2.27794165163352,-0.92415005029552,-3.55469341106072,-2.18020140152061,-0.8057093919805,-3.44678800207863,-2.02189014792948,-0.596992293780328,-3.41981262009367,-1.89801671319458,-0.376220806295489,-3.4899562568005,-1.90708544918444,-0.32421464156839
"Daurian Redstart",NA,NA,NA,NA,NA,NA,NA,NA,NA,NA,NA,NA,NA,NA,NA,NA,NA,NA,NA,NA,NA,NA,NA,NA,NA,NA,NA,NA,NA,NA
"Chestnut-bellied Rock-Thrush",-6.8355333147511,-3.95317971679195,-1.0708261188328,-13.0558716619838,-7.9601372371845,-2.86440281238517,-6.68530547400564,-4.17408515670574,-1.66286483940585,-6.34345966568367,-3.78351800399156,-1.22357634229945,-6.44564902226609,-3.99437647096254,-1.54310391965899,-6.25381286846445,-3.85943568031646,-1.46505849216847,-6.31212727549089,-3.83424192389125,-1.35635657229162,-6.49667163009658,-3.95839735630374,-1.4201230825109,-6.95254659789619,-4.35768276790739,-1.76281893791859,-7.1197338438811,-4.22217822334103,-1.32462260280096
"White-throated Rock-Thrush",NA,NA,NA,NA,NA,NA,NA,NA,NA,NA,NA,NA,NA,NA,NA,NA,NA,NA,NA,NA,NA,NA,NA,NA,NA,NA,NA,NA,NA,NA
"Blue-capped Rock-Thrush",-7.21600809466011,-5.32752715380379,-3.43904621294746,-13.0991367149835,-9.56508204391189,-6.03102737284032,-6.90094733417127,-5.23651888581633,-3.5720904374614,-6.55007366370026,-4.82869700628636,-3.10732034887246,-6.61559845460352,-5.00528751516065,-3.39497657571777,-6.5852273928893,-4.94837629216855,-3.3115251914478,-6.71303634624829,-5.07411776160046,-3.43519917695262,-6.72982420333606,-5.10791109979121,-3.48599799624637,-6.92730042063797,-5.10929400628139,-3.29128759192481,-6.93276876034243,-4.8644481447738,-2.79612752920518
"Rufous-tailed Rock-Thrush",NA,NA,NA,NA,NA,NA,NA,NA,NA,NA,NA,NA,NA,NA,NA,NA,NA,NA,NA,NA,NA,NA,NA,NA,NA,NA,NA,NA,NA,NA
"Blue Rock-Thrush",-7.3943247476325,-6.180886530825,-4.9674483140175,-12.9430208683705,-10.667363245694,-8.39170562301754,-6.33986906539193,-5.17096712568407,-4.00206518597621,-6.49481697320499,-5.36859888841571,-4.24238080362643,-6.46583110902754,-5.37569659991086,-4.28556209079418,-6.50368752324393,-5.41876856887302,-4.33384961450211,-6.47290022949425,-5.38840075080365,-4.30390127211305,-6.50857797164073,-5.37675753634501,-4.24493710104928,-6.45379906852737,-5.23895086351601,-4.02410265850464,-6.69349210686354,-5.31706519894597,-3.9406382910284
"Whinchat",NA,NA,NA,NA,NA,NA,NA,NA,NA,NA,NA,NA,NA,NA,NA,NA,NA,NA,NA,NA,NA,NA,NA,NA,NA,NA,NA,NA,NA,NA
"White-browed Bushchat",NA,NA,NA,NA,NA,NA,NA,NA,NA,NA,NA,NA,NA,NA,NA,NA,NA,NA,NA,NA,NA,NA,NA,NA,NA,NA,NA,NA,NA,NA
"White-throated Bushchat",NA,NA,NA,NA,NA,NA,NA,NA,NA,NA,NA,NA,NA,NA,NA,NA,NA,NA,NA,NA,NA,NA,NA,NA,NA,NA,NA,NA,NA,NA
"Siberian Stonechat",-2.80452063198783,-0.636736036923847,1.53104855814013,-3.19207348693531,1.19090307400663,5.57387963494857,-1.68194463423935,0.500609166704291,2.68316296764793,-1.89055292965526,0.177238512228404,2.24502995411207,-1.80484939923628,0.244392277263568,2.29363395376341,-1.8515680147427,0.182389249885724,2.21634651451415,-1.68941683481898,0.377010543232601,2.44343792128419,-1.81179065080057,0.314564333372709,2.44091931754598,-1.79759169294568,0.465971609271877,2.72953491148943,-2.44228818877211,-0.188920727164376,2.06444673444336
"Amur Stonechat",NA,NA,NA,NA,NA,NA,NA,NA,NA,NA,NA,NA,NA,NA,NA,NA,NA,NA,NA,NA,NA,NA,NA,NA,NA,NA,NA,NA,NA,NA
"White-tailed Stonechat",-11.2415659088269,-5.77963478433548,-0.317703659844061,-19.9184335786976,-10.3520993036162,-0.785765028534932,-10.2738951229387,-5.71591018239738,-1.15792524185601,-10.1250534410073,-5.48016227639101,-0.835271111774754,-10.0838422649553,-5.51983185720424,-0.955821449453138,-9.9534201553828,-5.49101704839449,-1.02861394140618,-9.96924289047989,-5.45681810725159,-0.944393324023288,-10.3152375551258,-5.85979240226422,-1.4043472494026,-10.0389915229325,-4.52026768640291,0.998456150126735,-11.2919394508879,-6.20302210122971,-1.11410475157148
"Pied Bushchat",-2.22276863992259,-1.19304444914251,-0.163320258362425,-4.04210409689776,-2.18405296537489,-0.326001833852014,-1.74305772501139,-0.772912966311694,0.197231792387999,-1.79155481740398,-0.842459337042311,0.106636143319358,-1.73561799871915,-0.811451180295132,0.112715638128888,-1.81088938101673,-0.891048646574265,0.0287920878682055,-1.82910776868902,-0.90710662148271,0.0148945257235984,-1.7418247599451,-0.789203532994661,0.163417693955781,-1.65168404956564,-0.642057791844136,0.367568465877369,-1.69315806894294,-0.576681784096755,0.539794500749429
"Jerdon's Bushchat",-100.111658341754,-0.749177471378157,98.6133033989976,-1694.75721132955,25.156602155774,1745.0704156411,-4530.61219271278,17.6156549918797,4565.84350269654,-114.153963724299,-2.12880721005345,109.896349304192,-87.8771998954597,-1.82399620672991,84.2292074819999,-1240.27263335548,11.7882445927342,1263.84912254095,-504.958850016409,5.35807004870215,515.674990113813,-152.772766522998,-1.13358054894878,150.505605425101,-361.80381409619,1.01968017502032,363.843174446231,-217.501347170117,-1.6664197094822,214.168507751153
"Gray Bushchat",-5.29714066264316,-1.83302179051465,1.63109708161387,-9.40647360189232,-2.97830529625433,3.44986300938366,-4.80941421967595,-1.83696966873205,1.13547488221185,-4.58973156671756,-1.57828621430035,1.43315913811686,-4.5917782658659,-1.61219962952221,1.36737900682148,-4.60470894602154,-1.66363168054703,1.27744558492749,-4.58335424303859,-1.60997776276105,1.36339871751649,-4.66909148346649,-1.57187894669728,1.52533359007193,-4.74284507000672,-1.43723911213833,1.86836684573006,-5.14794849653015,-1.74088487784152,1.66617874084712
"Northern Wheatear",NA,NA,NA,NA,NA,NA,NA,NA,NA,NA,NA,NA,NA,NA,NA,NA,NA,NA,NA,NA,NA,NA,NA,NA,NA,NA,NA,NA,NA,NA
"Isabelline Wheatear",-8.92294108273272,-5.64516321906512,-2.36738535539753,-15.5612237191179,-9.7767682433776,-3.99231276763731,-6.95943129108307,-3.59141690052185,-0.223402509960625,-7.40687144963896,-4.31385907855977,-1.22084670748059,-7.38236582265692,-4.41721644119607,-1.45206705973521,-7.48566987313371,-4.53677219970496,-1.5878745262762,-7.19343730482686,-4.2259408052823,-1.25844430573775,-7.37162263063277,-4.23986579068948,-1.10810895074618,-7.69156226502046,-4.45470052473018,-1.2178387844399,-7.73073205588818,-4.06531278856237,-0.399893521236561
"Desert Wheatear",-7.54226060579375,-4.98239546778758,-2.42253032978141,-10.7041889599412,-5.19954702117052,0.305094917600168,-5.86864701433868,-3.32487251993297,-0.78109802552726,-5.94581964579145,-3.4590955173961,-0.972371389000751,-5.88370052329152,-3.41151188917039,-0.939323255049252,-5.92754858442263,-3.50581625929375,-1.08408393416486,-5.86290144213043,-3.4365036362241,-1.01010583031776,-5.92147802092183,-3.39373131783757,-0.8659846147533,-5.97368948130834,-3.2161259451067,-0.458562408905073,-6.07950588845212,-3.00072421702525,0.0780574544016184
"Pied Wheatear",NA,NA,NA,NA,NA,NA,NA,NA,NA,NA,NA,NA,NA,NA,NA,NA,NA,NA,NA,NA,NA,NA,NA,NA,NA,NA,NA,NA,NA,NA
"Brown Rock Chat",NA,NA,NA,NA,NA,NA,NA,NA,NA,NA,NA,NA,NA,NA,NA,NA,NA,NA,NA,NA,NA,NA,NA,NA,NA,NA,NA,NA,NA,NA
"Variable Wheatear",-8.94460376358374,-6.39376399065546,-3.84292421772717,-15.1146895199239,-10.3445714285254,-5.57445333712692,-7.67318731437854,-5.26827922086659,-2.86337112735464,-7.72203216933271,-5.42968339675208,-3.13733462417145,-7.67324087220643,-5.41101101496972,-3.14878115773302,-7.74797174293494,-5.5452592597113,-3.34254677648766,-7.61152505514637,-5.35778703828307,-3.10404902141977,-7.52757284870147,-5.09230051760538,-2.65702818650929,-7.83421457447967,-5.27440660959129,-2.71459864470291,-8.26617796471596,-5.53843994808968,-2.81070193146341
"Hume's Wheatear",NA,NA,NA,NA,NA,NA,NA,NA,NA,NA,NA,NA,NA,NA,NA,NA,NA,NA,NA,NA,NA,NA,NA,NA,NA,NA,NA,NA,NA,NA
"Finsch's Wheatear",NA,NA,NA,NA,NA,NA,NA,NA,NA,NA,NA,NA,NA,NA,NA,NA,NA,NA,NA,NA,NA,NA,NA,NA,NA,NA,NA,NA,NA,NA
"Persian Wheatear",NA,NA,NA,NA,NA,NA,NA,NA,NA,NA,NA,NA,NA,NA,NA,NA,NA,NA,NA,NA,NA,NA,NA,NA,NA,NA,NA,NA,NA,NA
"Bohemian Waxwing",NA,NA,NA,NA,NA,NA,NA,NA,NA,NA,NA,NA,NA,NA,NA,NA,NA,NA,NA,NA,NA,NA,NA,NA,NA,NA,NA,NA,NA,NA
"Hypocolius",NA,NA,NA,NA,NA,NA,NA,NA,NA,NA,NA,NA,NA,NA,NA,NA,NA,NA,NA,NA,NA,NA,NA,NA,NA,NA,NA,NA,NA,NA
"Thick-billed Flowerpecker",-5.16275086343282,-3.6117836750513,-2.06081648666978,-8.50399032560436,-5.60415128940603,-2.7043122532077,-4.20988224122609,-2.67277422605189,-1.13566621087768,-4.54209555846322,-3.1529242839235,-1.76375300938378,-4.43535466875729,-3.06265144963797,-1.68994823051866,-4.45980436482321,-3.07143373697484,-1.68306310912647,-4.42943028620049,-3.03611972588946,-1.64280916557842,-4.66590601113573,-3.27536349307257,-1.88482097500942,-4.77019886531742,-3.25027712316008,-1.73035538100275,-4.26036957693231,-2.49274497515054,-0.725120373368781
"Yellow-vented Flowerpecker",NA,NA,NA,NA,NA,NA,NA,NA,NA,NA,NA,NA,NA,NA,NA,NA,NA,NA,NA,NA,NA,NA,NA,NA,NA,NA,NA,NA,NA,NA
"Yellow-bellied Flowerpecker",NA,NA,NA,NA,NA,NA,NA,NA,NA,NA,NA,NA,NA,NA,NA,NA,NA,NA,NA,NA,NA,NA,NA,NA,NA,NA,NA,NA,NA,NA
"Pale-billed Flowerpecker",-0.462977372393668,1.38905707880161,3.24109152999689,-0.616549968256529,2.52085185294065,5.65825367413782,-0.0500501810815241,1.64019304230444,3.33043626569041,-0.563773694967393,0.956863551745139,2.47750079845767,-0.447412076984105,1.06999723596213,2.58740654890837,-0.320345387023241,1.17909011858895,2.67852562420115,-0.318735314003734,1.23644071992429,2.79161675385231,-0.299628142560349,1.3242466669941,2.94812147654856,-0.785991514746918,0.874428681747321,2.53484887824156,-1.52040420782837,-0.00685335943719443,1.50669748895398
"Nilgiri Flowerpecker",-7.00816234635378,-0.50184314478628,6.00447605678122,-11.6953922753875,0.373918262947231,12.4432288012819,-5.7913451190725,0.547496972229331,6.88633906353116,-5.49120570744689,0.583637932555329,6.65848157255755,-5.57455397136434,0.352274037973534,6.2791020473114,-5.54208973820584,0.32553768535896,6.19316510892376,-5.49354799009719,0.455361001225605,6.4042699925484,-6.19631780933389,-0.126624725320039,5.94306835869381,-6.18293137511991,-0.498290075843769,5.18635122343237,-5.8306241091524,2.46972768563747,10.7700794804273
"Plain Flowerpecker",NA,NA,NA,NA,NA,NA,NA,NA,NA,NA,NA,NA,NA,NA,NA,NA,NA,NA,NA,NA,NA,NA,NA,NA,NA,NA,NA,NA,NA,NA
"Andaman Flowerpecker",-1.00766534491587,3.86266565965722,8.73299666423032,-4.66769733518733,8.42221245590667,21.5121222470007,-2.24222731550655,3.72733968009681,9.69690667570017,-2.40499162088515,2.91473244147472,8.23445650383459,-2.07919044912282,2.83682821080866,7.75284687074014,-1.9454804120809,3.25618258227644,8.45784557663378,-2.05667166385323,3.19726644332358,8.45120455050038,-2.84680902390653,2.1174303642065,7.08166975231952,-2.16642681745356,3.48207961322184,9.13058604389725,-2.90618375111121,3.11577814245217,9.13774003601556
"Fire-breasted Flowerpecker",NA,NA,NA,NA,NA,NA,NA,NA,NA,NA,NA,NA,NA,NA,NA,NA,NA,NA,NA,NA,NA,NA,NA,NA,NA,NA,NA,NA,NA,NA
"Scarlet-backed Flowerpecker",NA,NA,NA,NA,NA,NA,NA,NA,NA,NA,NA,NA,NA,NA,NA,NA,NA,NA,NA,NA,NA,NA,NA,NA,NA,NA,NA,NA,NA,NA
"Ruby-cheeked Sunbird",NA,NA,NA,NA,NA,NA,NA,NA,NA,NA,NA,NA,NA,NA,NA,NA,NA,NA,NA,NA,NA,NA,NA,NA,NA,NA,NA,NA,NA,NA
"Purple-rumped Sunbird",-0.399093823764712,1.54745764176441,3.49400910729354,-0.219114815346927,3.23945580339352,6.69802642213397,-0.100477006059271,1.65389069645118,3.40825839896163,-0.227368285702016,1.4129375923999,3.05324347050183,-0.100038764477853,1.56263425994156,3.22530728436097,-0.11036344339765,1.54899309812063,3.2083496396389,-0.157618839005636,1.5080615973016,3.17374203360883,-0.140026549516066,1.60414585363989,3.34831825679585,-0.256903283907401,1.55222906861769,3.36136142114277,-0.284573026884209,1.59699888226362,3.47857079141145
"Crimson-backed Sunbird",-5.54772370200524,3.44312794117331,12.4339795843519,-9.96908753587604,5.83890496261612,21.6468974611083,-4.97300177555915,2.67871410897868,10.3304299935165,-4.51001017834322,3.1376199471708,10.7852500726848,-4.44077065558183,3.13650338337501,10.7137774223319,-4.44237941197795,2.99542194473249,10.4332233014429,-4.40899624896195,3.2175463869273,10.8440890228165,-4.70450386766621,3.30257611330071,11.3096560942676,-5.29191052331422,2.09796090277313,9.48783232886048,-5.29272523149998,3.35947180725737,12.0116688460147
"Van Hasselt's Sunbird",NA,NA,NA,NA,NA,NA,NA,NA,NA,NA,NA,NA,NA,NA,NA,NA,NA,NA,NA,NA,NA,NA,NA,NA,NA,NA,NA,NA,NA,NA
"Purple Sunbird",1.89398331980132,2.83216509707017,3.77034687433903,4.6107449006014,6.41759518881295,8.22444547702449,2.12051681991308,3.03554995315949,3.95058308640589,2.02376339211299,2.8805983148967,3.73743323768042,2.14130950998217,3.00289996059131,3.86449041120045,2.12108546411293,2.97679333355185,3.83250120299077,2.22233687147825,3.08727580751708,3.95221474355592,2.1582305642251,3.05331742552025,3.94840428681539,2.15476104518945,3.08534874580508,4.01593644642072,1.75209321649691,2.69930597157445,3.646518726652
"Ornate Sunbird",NA,NA,NA,NA,NA,NA,NA,NA,NA,NA,NA,NA,NA,NA,NA,NA,NA,NA,NA,NA,NA,NA,NA,NA,NA,NA,NA,NA,NA,NA
"Loten's Sunbird",-1.39151553010751,2.20767939145848,5.80687431302446,-0.846763331926317,6.30311378512817,13.4529909021827,-0.424311581392587,3.024365725021,6.47304303143458,-0.78482680155825,2.28680206303878,5.35843092763582,-0.533709196453498,2.70595493457545,5.9456190656044,-0.540469017410909,2.67120215170418,5.88287332081927,-0.720628697132255,2.48932140428816,5.69927150570858,-0.524780004182598,2.8913011987235,6.30738240162959,-0.630248306713956,2.8633625261888,6.35697335909155,-1.14927586229768,2.41775869812104,5.98479325853975
"Fire-tailed Sunbird",-8.28293367946429,-3.30387098421701,1.67519171103027,-15.4653316266027,-6.98400189062085,1.49732784536103,-7.41139274785647,-3.01960499065366,1.37218276654914,-7.31543890543286,-2.79588838566974,1.72366213409338,-7.28232333539432,-2.90978913882984,1.46274505773464,-7.41063739526164,-3.13821747445423,1.13420244635317,-7.09494061731967,-2.7333562307022,1.62822815591528,-7.29808807479369,-2.89411445346268,1.50985916786834,-7.39445331763974,-2.5255593826907,2.34333455225834,-7.81227856242948,-2.6616331914734,2.48901217948267
"Black-throated Sunbird",NA,NA,NA,NA,NA,NA,NA,NA,NA,NA,NA,NA,NA,NA,NA,NA,NA,NA,NA,NA,NA,NA,NA,NA,NA,NA,NA,NA,NA,NA
"Mrs. Gould's Sunbird",-7.86288182721537,-2.42437095656556,3.01413991408424,-13.2722015655544,-2.74640976506695,7.77938203542048,-6.92625863885928,-1.68890532781746,3.54844798322435,-6.85952759422097,-2.07148261462685,2.71656236496728,-6.67565771175943,-2.09702502483232,2.4816076620948,-6.68477428978613,-1.99698336535315,2.69080755907983,-6.8866479035269,-2.28135821673851,2.32393147004988,-6.92765965103618,-1.97617859780346,2.97530245542927,-7.12308439295454,-2.0262862412096,3.07051191053534,-7.80564709084602,-2.08103852075257,3.64357004934089
"Green-tailed Sunbird",-5.23548715927341,-0.436369452777746,4.36274825371792,-11.7828720875047,-4.1108520309769,3.56116802555089,-5.41738879119026,-1.41782230555103,2.58174418008819,-5.33150082260059,-1.39798528213034,2.5355302583399,-5.24722002204251,-1.50599063972551,2.2352387425915,-5.28864864701192,-1.49436014960289,2.29992834780615,-5.28971573711238,-1.45431344633573,2.38108884444092,-5.56999341636833,-1.69037140688503,2.18925060259826,-5.53686824477179,-1.42213865129255,2.69259094218669,-6.00824229237203,-1.28644499362911,3.43535230511381
"Vigors's Sunbird",-7.11811756705212,-1.08242736725656,4.953262832539,-13.461397416728,-2.0805033378506,9.30039074102679,-6.73212586443685,-1.77718190398485,3.17776205646716,-6.3136840337287,-1.2142175649076,3.8852489039135,-6.31406100946533,-1.16284269002574,3.98837562941384,-6.35476024683512,-1.31343686346717,3.72788651990079,-6.43417092321607,-1.31846555390967,3.79723981539673,-6.51943217419524,-1.33133140657361,3.85676936104801,-6.60269883674638,-1.28406356525022,4.03457170624594,-6.88671263129441,-0.0672741309070601,6.75216436948029
"Crimson Sunbird",-4.85734729424024,-2.23748130440921,0.382384685421813,-8.8047656349147,-4.22418608123509,0.35639347244451,-4.12521137316663,-1.70180120663276,0.721608959901102,-3.96597244191208,-1.5691357136658,0.827701014580474,-4.10989013974648,-1.83165758283392,0.446574974078638,-4.04596932957118,-1.78328881235082,0.479391704869545,-4.15541589792294,-1.90552532568549,0.344365246551957,-3.99105921094955,-1.6184284741593,0.754202262630943,-4.41923674721377,-1.92877560504763,0.561685537118505,-4.47377864914266,-1.74731584322959,0.979146962683481
"Little Spiderhunter",-5.50602330872553,-1.85091635682735,1.80419059507084,-10.1708991171609,-3.56705701941163,3.03678507833761,-5.17220298452776,-1.90919394106349,1.35381510240079,-4.96746867836628,-1.7464553610029,1.47455795636048,-4.96002051510165,-1.76252050789239,1.43497949931688,-4.91265739257004,-1.76579051904649,1.38107635447706,-5.01706916259936,-1.86380886145799,1.28945143968338,-5.12394290855912,-1.86305557560947,1.39783175734018,-5.3451021824496,-1.88470057507215,1.5757010323053,-5.12954839942763,-1.2803291208272,2.56889015777323
"Streaked Spiderhunter",NA,NA,NA,NA,NA,NA,NA,NA,NA,NA,NA,NA,NA,NA,NA,NA,NA,NA,NA,NA,NA,NA,NA,NA,NA,NA,NA,NA,NA,NA
"Asian Fairy-bluebird",-5.2335466051217,-0.610054799821743,4.01343700547821,-9.24818120195379,-0.972187736789567,7.30380572837465,-4.57827744774474,-0.430586769706354,3.71710390833204,-4.34554766667143,-0.236524068902717,3.87249952886599,-4.40215437273506,-0.329219586708876,3.74371519931731,-4.30336687767799,-0.314794012488491,3.67377885270101,-4.51822587033165,-0.486336146264362,3.54555357780293,-4.76608093554499,-0.669811393656475,3.42645814823204,-4.60773399944344,-0.191357299348152,4.22501940074714,-4.62312315754992,0.163159757027816,4.94944267160556
"Blue-winged Leafbird",NA,NA,NA,NA,NA,NA,NA,NA,NA,NA,NA,NA,NA,NA,NA,NA,NA,NA,NA,NA,NA,NA,NA,NA,NA,NA,NA,NA,NA,NA
"Jerdon's Leafbird",-3.30273485088021,-1.60505632158167,0.0926222077168619,-7.41236527883312,-4.39967088254744,-1.38697648626175,-3.28961763619542,-1.652330239637,-0.0150428430785741,-3.4248989241518,-1.91138748820896,-0.397876052266121,-3.30093574557916,-1.77948991993618,-0.258044094293196,-3.33959970728464,-1.83139921716092,-0.323198727037187,-3.38613163168329,-1.882023826869,-0.377916022054714,-3.47671191212042,-1.92123745467097,-0.365762997221519,-3.33116103213099,-1.6669948402675,-0.0028286484040021,-3.24531975493666,-1.38570211549155,0.47391552395355
"Golden-fronted Leafbird",-3.26573485344999,-1.13239060840111,1.00095363664777,-7.21793079277326,-3.64121492257652,-0.0644990523797713,-3.37503073810693,-1.5008434536626,0.373343830781735,-3.3611866023022,-1.55566974521073,0.249847111880741,-3.2843848602876,-1.48111510082522,0.322154658637171,-3.27751735430656,-1.4951762002991,0.287164953708362,-3.36813508930175,-1.57735879146252,0.213417506376718,-3.44574220590765,-1.6001138780854,0.245514449736859,-3.42182189598044,-1.45006565882302,0.521690578334402,-3.33255047835875,-1.22584591849934,0.880858641360082
"Orange-bellied Leafbird",-6.43248737143113,-2.52276694525002,1.38695348093108,-11.3100608187199,-4.04015313849361,3.22975454173265,-5.93707862969603,-2.4778729926917,0.981332644312621,-5.75260452054757,-2.39487779256327,0.962848935421026,-5.66287833588429,-2.20385091150674,1.25517651287081,-5.63457287815805,-2.27423031712056,1.08611224391694,-5.52187142145485,-2.10853068787402,1.3048100457068,-5.75149821411403,-2.26745973935364,1.21657873540675,-5.86630152838553,-2.13553596265566,1.59522960307421,-6.43426747379929,-2.53721809817566,1.35983127744796
"Streaked Weaver",-3.2483148557173,0.611246838465619,4.47080853264854,-7.87148882218674,-0.245664170963321,7.3801604802601,-4.13706395434645,-0.659168792828897,2.81872636868866,-3.65491274072821,-0.0215728779795665,3.61176698476907,-3.67695725207026,-0.162267687260737,3.35242187754879,-3.66786325723814,-0.168316784412817,3.3312296884125,-3.69433693057687,-0.205053199311528,3.28423053195381,-3.63258956707149,0.0330024917052333,3.69859455048195,-3.70426801709435,0.165213846051478,4.0346957091973,-4.73545772669767,-0.845959934394191,3.04353785790929
"Baya Weaver",-0.644053247726084,0.426402960578438,1.49685916888296,0.0572118252014993,2.09604007670971,4.13486832821791,0.118324789489967,1.17870714485624,2.23908950022251,0.0972815902305251,1.0998604488778,2.10243930752507,0.129734548211025,1.11702342056723,2.10431229292343,0.0661115593322162,1.04629355360603,2.02647554787984,0.0234288682433155,1.01376085357458,2.00409283890585,0.0868511673113503,1.10309272598394,2.11933428465653,0.348515185898713,1.4175520710355,2.48658895617228,0.0693622728095586,1.19320882682715,2.31705538084475
"Finn's Weaver",NA,NA,NA,NA,NA,NA,NA,NA,NA,NA,NA,NA,NA,NA,NA,NA,NA,NA,NA,NA,NA,NA,NA,NA,NA,NA,NA,NA,NA,NA
"Black-breasted Weaver",-2.13468120219247,1.04258920276657,4.21985960772562,-8.50789555613039,-3.07641152630709,2.35507250351622,-4.15785916348857,-1.55655488097815,1.04474940153228,-3.90751546327498,-1.3341407552618,1.23923395275139,-3.75206233693876,-1.17743755229367,1.39718723235142,-3.7820028634853,-1.19946541511214,1.38307203326103,-3.73286123942804,-1.1348411713343,1.46317889675944,-3.9695711501566,-1.32544529900839,1.31868055213982,-3.81478663008649,-0.876972343759356,2.06084194256777,-4.56427818324889,-1.71155436348843,1.14116945627203
"Indian Silverbill",-3.15674753582663,-1.17422164475613,0.808304246314365,-5.1671645603787,-1.4284131018108,2.3103383567571,-2.21039310826583,-0.293561194975189,1.62327071831545,-2.19074200267927,-0.242698202260077,1.70534559815911,-2.12501063138444,-0.22094891995585,1.68311279147274,-2.28333220163579,-0.422394276026281,1.43854364958323,-2.29013374470435,-0.40880186126993,1.47253002216449,-2.17217883167976,-0.191856296031859,1.78846623961604,-1.89431935588562,0.1994187857639,2.29315692741342,-1.98852610038341,0.278540627741613,2.54560735586664
"Scaly-breasted Munia",0.794569833807029,2.01812417844635,3.24167852308568,0.540554470440956,2.73268818227958,4.92482189411821,0.515944951720711,1.67503024323386,2.83411553474702,0.535615969189711,1.64826412466991,2.76091228015011,0.715471999841037,1.82811362943711,2.94075525903318,0.63864292254077,1.73677822646397,2.83491353038718,0.464220346230402,1.54115415116762,2.61808795610483,0.830350814308298,1.98225355623475,3.1341562981612,0.836862305982849,2.03565559512518,3.23444888426751,0.762014697828159,2.04949168346189,3.33696866909563
"Black-throated Munia",1.30612419354085,13.9102898254877,26.5144554574345,-1.31736682620415,19.9238093913794,41.164985608963,-0.779985547799106,9.37593635000415,19.5318582478074,-0.237981930136298,8.88563825838685,18.00925844691,0.144660264704081,9.69982518390599,19.2549901031079,0.16472995911279,9.96401397094049,19.7632979827682,-0.117322037130672,9.95048339235262,20.0182888218359,-0.452757796450836,9.81180772861489,20.0763732536806,-1.30615655751135,8.54904730683947,18.4042511711903,-0.646936262078002,10.3670619416454,21.3810601453688
"White-rumped Munia",-1.20151063108569,0.731626392640789,2.66476341636727,-3.35105305991686,0.249230825800058,3.84951471151698,-1.8553169384997,-0.128124658359876,1.59906762177995,-1.9267093611763,-0.310606619952678,1.30549612127095,-1.7269516811654,-0.0858936115539114,1.55516445805758,-1.70902995325322,-0.0477417482667861,1.61354645671965,-1.84511946231337,-0.195095583730564,1.45492829485224,-1.98372491704602,-0.275608143165921,1.43250863071418,-1.6739911917501,0.162012423317467,1.99801603838504,-1.99130793116008,-0.0328699415794835,1.92556804800111
"Tricolored Munia",-0.175296512988858,1.76152966426601,3.69835584152088,-1.21991510833282,2.26815092433009,5.756216956993,-0.915818803748863,0.837068018362056,2.58995484047298,-0.67866562841193,1.06105405074931,2.80077372991056,-0.549928674970643,1.16627604221474,2.88248075940013,-0.546024260172202,1.15417436384245,2.85437298785709,-0.730804588734021,0.957231955586448,2.64526849990692,-0.404148023081132,1.38930054466076,3.18274911240264,-0.648892002386771,1.17865125209469,3.00619450657614,-1.04402075316043,0.98392167129319,3.01186409574681
"Chestnut Munia",NA,NA,NA,NA,NA,NA,NA,NA,NA,NA,NA,NA,NA,NA,NA,NA,NA,NA,NA,NA,NA,NA,NA,NA,NA,NA,NA,NA,NA,NA
"Green Avadavat",NA,NA,NA,NA,NA,NA,NA,NA,NA,NA,NA,NA,NA,NA,NA,NA,NA,NA,NA,NA,NA,NA,NA,NA,NA,NA,NA,NA,NA,NA
"Red Avadavat",-1.4121534337737,0.574073427268465,2.56030028831063,-0.724855558921327,3.2179193593897,7.16069427770073,-0.705086183462339,1.26137405460872,3.22783429267978,-0.9814128865483,0.822369479061951,2.6261518446722,-0.734064075071994,1.10931448038421,2.95269303584041,-0.766998149649082,1.05322498617899,2.87344812200707,-0.710293624249203,1.13551570941699,2.98132504308318,-0.68031699578681,1.23356405947364,3.1474451147341,-0.610293423991706,1.42149942120577,3.45329226640324,-1.74925667680128,0.144743908954826,2.03874449471093
"Alpine Accentor",-7.72369168686292,-2.2691578598886,3.18537596708572,-16.8128593674834,-7.60984683671496,1.5931656940535,-8.23496345159071,-3.6410618783772,0.952839694836323,-7.83406448808309,-2.87904008064079,2.07598432680151,-7.75286025231971,-3.28124597939877,1.19036829352217,-7.93473162570474,-3.39111493644299,1.15250175281875,-7.79288152111279,-3.16168647061329,1.46950857988621,-8.19198664207883,-3.59128646525256,1.00941371157371,-8.14366668628782,-3.13926052850176,1.86514562928431,-8.61839581990835,-2.64462319461485,3.32914943067865
"Altai Accentor",NA,NA,NA,NA,NA,NA,NA,NA,NA,NA,NA,NA,NA,NA,NA,NA,NA,NA,NA,NA,NA,NA,NA,NA,NA,NA,NA,NA,NA,NA
"Robin Accentor",NA,NA,NA,NA,NA,NA,NA,NA,NA,NA,NA,NA,NA,NA,NA,NA,NA,NA,NA,NA,NA,NA,NA,NA,NA,NA,NA,NA,NA,NA
"Rufous-breasted Accentor",-6.67852252624768,-1.94054543146152,2.79743166332464,-11.4819761069212,-2.02333943811777,7.43529723068562,-5.81466971746152,-1.32343412736376,3.167801462734,-5.58164435228664,-1.13814289703154,3.30535855822356,-5.54521019257054,-1.28859269514632,2.9680248022779,-5.80882055948195,-1.46447515357552,2.87987025233091,-5.63221645500351,-1.27025888305459,3.09169868889433,-5.76177526620269,-1.37121184302038,3.01935158016192,-5.46581839107721,-0.455968320105408,4.5538817508664,-6.07792829763452,-0.833310466270843,4.41130736509283
"Brown Accentor",NA,NA,NA,NA,NA,NA,NA,NA,NA,NA,NA,NA,NA,NA,NA,NA,NA,NA,NA,NA,NA,NA,NA,NA,NA,NA,NA,NA,NA,NA
"Black-throated Accentor",NA,NA,NA,NA,NA,NA,NA,NA,NA,NA,NA,NA,NA,NA,NA,NA,NA,NA,NA,NA,NA,NA,NA,NA,NA,NA,NA,NA,NA,NA
"Maroon-backed Accentor",NA,NA,NA,NA,NA,NA,NA,NA,NA,NA,NA,NA,NA,NA,NA,NA,NA,NA,NA,NA,NA,NA,NA,NA,NA,NA,NA,NA,NA,NA
"House Sparrow",-3.68449592785085,-3.12080328236401,-2.55711063687717,-6.54729520056533,-5.4817788952163,-4.41626258986727,-3.30436990044655,-2.75247760777505,-2.20058531510354,-3.28650052575351,-2.75875489608855,-2.23100926642359,-3.23716045856867,-2.73240716466134,-2.227653870754,-3.28983380320317,-2.77471549963279,-2.25959719606241,-3.22685101091084,-2.70798317524855,-2.18911533958626,-3.19344325282529,-2.66047053034374,-2.12749780786218,-3.22307139129345,-2.6530533993103,-2.08303540732714,-3.4174163217704,-2.79754941686964,-2.17768251196887
"Spanish Sparrow",NA,NA,NA,NA,NA,NA,NA,NA,NA,NA,NA,NA,NA,NA,NA,NA,NA,NA,NA,NA,NA,NA,NA,NA,NA,NA,NA,NA,NA,NA
"Sind Sparrow",-5.55936740153957,5.76500403342065,17.0893754683809,-13.495736895407,4.34626112967266,22.1882591547523,-5.85240241525359,3.66866420863917,13.1897308325319,-5.76129818252991,2.7092914585103,11.1798810995505,-5.5552471372291,2.87562129720954,11.3064897316482,-5.2100188955845,2.95603617110408,11.1220912377927,-5.35536017058699,3.27139161113337,11.8981433928537,-5.76367570467666,3.31633604137343,12.3963477874235,-6.16517972683621,2.56487615059143,11.2949320280191,-7.71055969741931,-0.0916109939848611,7.52733770944959
"Russet Sparrow",-5.97279646866451,-1.43695875452713,3.09887895961025,-10.2298180761935,-1.59506760915691,7.03968285787971,-5.32202350363203,-1.1310364447405,3.05995061415103,-5.15197057738273,-1.12578379805195,2.90040298127882,-5.10902916470294,-1.09341247546731,2.92220421376832,-5.07649313950733,-1.1087244968676,2.85904414577213,-5.17020523274085,-1.14705257018336,2.87610009237413,-5.25120032894563,-1.12391692439047,3.0033664801647,-5.3324630561994,-0.815157726903812,3.70214760239178,-5.76960896282876,-1.3031960533809,3.16321685606696
"Eurasian Tree Sparrow",-5.87972686672909,-3.01394978650467,-0.148172706280246,-6.98446688672562,-1.13262594394452,4.71921499883658,-4.46749720953844,-1.71033543579166,1.04682633795513,-4.35747440192223,-1.62705345041968,1.10336750108287,-4.40216029731008,-1.78940468833504,0.823350920639995,-4.25385814657806,-1.6628203014802,0.928217543617662,-4.41249185373597,-1.7877594172607,0.83697301921457,-4.42426422193222,-1.74836096661843,0.927542288695363,-4.79103677514939,-1.98621432794442,0.818608119260561,-4.90577383348989,-1.79851642007655,1.30874099333678
"Yellow-throated Sparrow",-1.1913064938657,0.550425695088138,2.29215788404198,-3.47222081925683,-0.668875992839928,2.13446883357698,-1.60639332649353,-0.0716782784540294,1.46303676958548,-1.51426583936999,-0.0317554989179052,1.45075484153417,-1.47789061534117,-0.0468724009660786,1.38414581340902,-1.49420823425068,-0.0402454061846709,1.41371742188133,-1.60022388263902,-0.147752429264996,1.30471902410903,-1.89651802069314,-0.478285562741579,0.939946895209987,-1.14148410121285,0.462538269936517,2.06656064108589,-1.19479209581388,0.637263271125627,2.46931863806513
"Rock Sparrow",NA,NA,NA,NA,NA,NA,NA,NA,NA,NA,NA,NA,NA,NA,NA,NA,NA,NA,NA,NA,NA,NA,NA,NA,NA,NA,NA,NA,NA,NA
"Pale Rockfinch",NA,NA,NA,NA,NA,NA,NA,NA,NA,NA,NA,NA,NA,NA,NA,NA,NA,NA,NA,NA,NA,NA,NA,NA,NA,NA,NA,NA,NA,NA
"Black-winged Snowfinch",NA,NA,NA,NA,NA,NA,NA,NA,NA,NA,NA,NA,NA,NA,NA,NA,NA,NA,NA,NA,NA,NA,NA,NA,NA,NA,NA,NA,NA,NA
"White-rumped Snowfinch",NA,NA,NA,NA,NA,NA,NA,NA,NA,NA,NA,NA,NA,NA,NA,NA,NA,NA,NA,NA,NA,NA,NA,NA,NA,NA,NA,NA,NA,NA
"Rufous-necked Snowfinch",NA,NA,NA,NA,NA,NA,NA,NA,NA,NA,NA,NA,NA,NA,NA,NA,NA,NA,NA,NA,NA,NA,NA,NA,NA,NA,NA,NA,NA,NA
"Blanford's Snowfinch",NA,NA,NA,NA,NA,NA,NA,NA,NA,NA,NA,NA,NA,NA,NA,NA,NA,NA,NA,NA,NA,NA,NA,NA,NA,NA,NA,NA,NA,NA
"Forest Wagtail",-15.0313866577364,-6.81374751349387,1.40389163074863,-25.9432035550766,-10.8972998916114,4.1486037718538,-13.0944337929883,-6.10480757041827,0.884818652151715,-12.7905487030793,-6.13085018738683,0.528848328305683,-12.5510702922078,-6.197459895811,0.156150500585816,-12.5234937803736,-6.10293039792101,0.317632984531611,-12.6321827347141,-6.05221237981427,0.527757975085555,-13.0022442203294,-6.29883036849232,0.404583483344768,-13.4116288461576,-6.37837422366534,0.654880398826906,-14.5271261735776,-6.60716912152674,1.31278793052409
"Gray Wagtail",-3.27111163925293,-2.18296894603234,-1.09482625281175,-5.74255727203341,-3.88799157662575,-2.03342588121808,-3.28223195572061,-2.34498285106618,-1.40773374641174,-3.21725915288754,-2.30737577244621,-1.39749239200488,-3.19284607445114,-2.30739417094238,-1.42194226743363,-3.16365515627095,-2.27428317582321,-1.38491119537547,-3.07371615373529,-2.16424766365345,-1.2547791735716,-3.12624601900485,-2.19609667537503,-1.26594733174521,-3.2687419395336,-2.2898323318985,-1.3109227242634,-3.9471882127689,-2.99722297646605,-2.04725774016321
"Western Yellow Wagtail",-4.93009786428488,-2.88304014721738,-0.835982430149877,-7.4701272704807,-3.54792650531322,0.37427425985426,-4.27180262611847,-2.43278789615495,-0.593773166191438,-4.3201040380937,-2.53024853868971,-0.740393039285727,-4.27687561102858,-2.54800784203098,-0.819140073033366,-4.20795483664237,-2.46107099502751,-0.714187153412645,-4.14287145960561,-2.37152507358392,-0.600178687562221,-4.23644418071801,-2.41969180721276,-0.602939433707516,-4.68543277376105,-2.80764570227005,-0.929858630779052,-5.08290174376939,-3.10968378667115,-1.13646582957291
"Eastern Yellow Wagtail",NA,NA,NA,NA,NA,NA,NA,NA,NA,NA,NA,NA,NA,NA,NA,NA,NA,NA,NA,NA,NA,NA,NA,NA,NA,NA,NA,NA,NA,NA
"Citrine Wagtail",-4.08859376160863,-2.33570058483272,-0.582807408056806,-6.77246114798903,-3.65000855598731,-0.527555963985597,-3.08864670213921,-1.39416931786969,0.300308066399831,-3.28067010854768,-1.67550588183465,-0.0703416551216292,-3.31866838580881,-1.75874342522726,-0.198818464645721,-3.30868131935308,-1.76120760030235,-0.213733881251613,-3.16546913201209,-1.60722620311375,-0.048983274215403,-3.22777402790104,-1.5921234702569,0.0435270873872315,-3.37038596023182,-1.66003143739903,0.0503230854337573,-3.92796774127558,-2.23632224836225,-0.544676755448924
"White-browed Wagtail",-1.25664181383926,-0.300112806591628,0.656416200656004,-2.30771758441359,-0.641662448942524,1.02439268652854,-1.26151539550257,-0.426795364180159,0.407924667142255,-1.2348373371855,-0.426095770975676,0.382645795234148,-1.11934585195097,-0.314957172927507,0.489431506095952,-1.15592742975689,-0.354940954769982,0.446045520216929,-1.14618388251322,-0.338260326072535,0.469663230368151,-1.14726556167158,-0.303019054775598,0.541227452120388,-1.35125137665024,-0.500387083345267,0.350477209959702,-1.14678165230952,-0.171115202545906,0.804551247217709
"White Wagtail",-5.01926920168245,-3.82241869343087,-2.62556818517928,-8.5672192362887,-6.48256033040051,-4.39790142451231,-4.63429435407862,-3.61610276106617,-2.59791116805371,-4.51339753615934,-3.50477326981058,-2.49614900346181,-4.52158660835881,-3.53990409728635,-2.55822158621388,-4.50677843849378,-3.53324028802545,-2.55970213755712,-4.42735535951613,-3.4361445542156,-2.44493374891507,-4.32051574824964,-3.29873490337614,-2.27695405850264,-4.73870277577594,-3.66445565812224,-2.59020854046854,-5.07213268139785,-3.970486485613,-2.86884028982816
"Richard's Pipit",NA,NA,NA,NA,NA,NA,NA,NA,NA,NA,NA,NA,NA,NA,NA,NA,NA,NA,NA,NA,NA,NA,NA,NA,NA,NA,NA,NA,NA,NA
"Paddyfield Pipit",-2.28970694998118,-1.34475298360975,-0.399799017238324,-4.10349705284005,-2.36037390351627,-0.617250754192491,-2.32664450710056,-1.46902017202196,-0.611395836943362,-2.30711089676738,-1.46435661194971,-0.621602327132047,-2.28864237736929,-1.48037268730269,-0.672102997236093,-2.25820420953026,-1.44713564150046,-0.63606707347066,-2.19396794004595,-1.37160234451394,-0.549236748981941,-2.14706387697276,-1.28991726659864,-0.432770656224514,-2.25175360756695,-1.3595724185282,-0.467391229489441,-3.13559758945491,-2.27570888163592,-1.41582017381694
"Long-billed Pipit",-6.29008302002354,-1.71511292666704,2.85985716668945,-12.5372449389979,-4.91317321363523,2.71089851172741,-5.99224206859283,-1.97291690061495,2.04640826736294,-6.0644676650645,-2.33716505552697,1.39013755401055,-5.91122008380515,-2.50371404650901,0.903791990787123,-6.06197766133324,-2.43074854520382,1.20048057092561,-6.02401834958917,-2.34959834283231,1.32482166392456,-5.86811721083371,-1.96742987478734,1.93325746125902,-6.7858114870942,-3.06461737710292,0.656576732888355,-7.08547612864291,-2.99058998998695,1.10429614866901
"Blyth's Pipit",0.894138135848251,7.75420818472056,14.6142782335929,6.21394943559576,23.1703834571219,40.126817478648,1.53933829299421,8.64947033900653,15.7596023850188,2.85544230975733,10.7727039462785,18.6899655827996,2.49891954641545,9.56756301130249,16.6362064761895,2.50221794138791,10.0023318745595,17.5024458077311,2.60486072113654,10.0061701729453,17.4074796247541,2.21145110998325,9.82203475300579,17.4326183960283,2.49675331888734,10.3510218117284,18.2052903045695,2.44922420073293,10.9765602969323,19.5038963931318
"Tawny Pipit",NA,NA,NA,NA,NA,NA,NA,NA,NA,NA,NA,NA,NA,NA,NA,NA,NA,NA,NA,NA,NA,NA,NA,NA,NA,NA,NA,NA,NA,NA
"Nilgiri Pipit",-23.6780868429538,5.08251482019346,33.8431164833407,-42.3579068186441,10.3980644472419,63.1540357131278,-20.0563458595436,4.41901004832995,28.8943659562035,-18.0547197219585,5.18695754051364,28.4286348029857,-15.4602675289021,3.82340526054927,23.1070780500007,-15.2403717138613,4.10166527059552,23.4437022550523,-16.3339376416526,4.30623314728365,24.9464039362199,-19.6290800319595,3.5607960377292,26.7506721074179,-16.0163016796872,2.52989703142337,21.076095742534,-34.258864524131,7.71100353113724,49.6808715864055
"Upland Pipit",NA,NA,NA,NA,NA,NA,NA,NA,NA,NA,NA,NA,NA,NA,NA,NA,NA,NA,NA,NA,NA,NA,NA,NA,NA,NA,NA,NA,NA,NA
"Meadow Pipit",NA,NA,NA,NA,NA,NA,NA,NA,NA,NA,NA,NA,NA,NA,NA,NA,NA,NA,NA,NA,NA,NA,NA,NA,NA,NA,NA,NA,NA,NA
"Rosy Pipit",-3.00436120072645,0.628619858996435,4.26160091871932,-3.62697680719353,4.4497607279738,12.5264982631411,-1.83279927680143,2.12214943870112,6.07709815420367,-1.74945513917922,2.01055960033217,5.77057433984357,-1.83741017643867,1.70713203603604,5.25167424851074,-1.89174906006514,1.70988876537085,5.31152659080685,-1.59267987723953,2.03166094320035,5.65600176364022,-2.02786988014975,1.62986595252874,5.28760178520723,-1.56181939949245,2.50798529547397,6.57778999044039,-2.76279184349244,1.28535776269718,5.33350736888679
"Tree Pipit",NA,NA,NA,NA,NA,NA,NA,NA,NA,NA,NA,NA,NA,NA,NA,NA,NA,NA,NA,NA,NA,NA,NA,NA,NA,NA,NA,NA,NA,NA
"Olive-backed Pipit",-5.09494017223801,-2.72370419203882,-0.352468211839619,-9.31275377539168,-5.06841017617694,-0.824066576962204,-4.8215035042469,-2.67349112719936,-0.525478750151816,-4.71851107119098,-2.63618738030816,-0.553863689425346,-4.69462260343452,-2.68086883197344,-0.66711506051236,-4.67965935715876,-2.66680579898823,-0.653952240817711,-4.61389785830227,-2.55950625785843,-0.505114657414578,-4.92470319922301,-2.88683454269419,-0.848965886165363,-4.70602344099117,-2.44908689774667,-0.192150354502175,-5.28350906199021,-2.92752371431697,-0.571538366643735
"Red-throated Pipit",NA,NA,NA,NA,NA,NA,NA,NA,NA,NA,NA,NA,NA,NA,NA,NA,NA,NA,NA,NA,NA,NA,NA,NA,NA,NA,NA,NA,NA,NA
"Water Pipit",NA,NA,NA,NA,NA,NA,NA,NA,NA,NA,NA,NA,NA,NA,NA,NA,NA,NA,NA,NA,NA,NA,NA,NA,NA,NA,NA,NA,NA,NA
"Siberian Pipit",NA,NA,NA,NA,NA,NA,NA,NA,NA,NA,NA,NA,NA,NA,NA,NA,NA,NA,NA,NA,NA,NA,NA,NA,NA,NA,NA,NA,NA,NA
"Common Chaffinch",NA,NA,NA,NA,NA,NA,NA,NA,NA,NA,NA,NA,NA,NA,NA,NA,NA,NA,NA,NA,NA,NA,NA,NA,NA,NA,NA,NA,NA,NA
"Brambling",NA,NA,NA,NA,NA,NA,NA,NA,NA,NA,NA,NA,NA,NA,NA,NA,NA,NA,NA,NA,NA,NA,NA,NA,NA,NA,NA,NA,NA,NA
"Black-and-yellow Grosbeak",-9.64688542688436,-1.63152573379187,6.38383395930062,-16.1352654772403,2.01924445497545,20.1737543871912,-8.46312847038938,-1.01264121359544,6.4378460431985,-8.0302251057545,0.0899837209589198,8.21019254767234,-7.82103308268773,-0.818724871869304,6.18358333894912,-7.67392018200892,-0.506196296227782,6.66152758955336,-7.95379444758593,-0.572819354243856,6.80815573909822,-8.64785843319527,-1.70419892046943,5.23946059225641,-8.41520541991497,-0.396893191425824,7.62141903706332,-9.54732513880585,-0.464296502315863,8.61873213417412
"Collared Grosbeak",NA,NA,NA,NA,NA,NA,NA,NA,NA,NA,NA,NA,NA,NA,NA,NA,NA,NA,NA,NA,NA,NA,NA,NA,NA,NA,NA,NA,NA,NA
"Spot-winged Grosbeak",-9.39675332528125,-3.02184748062742,3.35305836402642,-16.9473740857217,-2.46610891559064,12.0151562545404,-8.50698854302444,-2.50246374855776,3.50206104590892,-8.3336859659046,-2.55512667673542,3.22343261243375,-8.25662811711538,-2.37780405428505,3.50102000854528,-8.24074778106344,-2.45252860657741,3.33569056790862,-8.0331994735254,-2.0996020736955,3.83399532613441,-8.6465601334248,-3.00713564328833,2.63228884684813,-8.61395362714143,-2.17899912459578,4.25595537794987,-9.36274895091024,-2.13650991445346,5.08972912200332
"White-winged Grosbeak",NA,NA,NA,NA,NA,NA,NA,NA,NA,NA,NA,NA,NA,NA,NA,NA,NA,NA,NA,NA,NA,NA,NA,NA,NA,NA,NA,NA,NA,NA
"Hawfinch",NA,NA,NA,NA,NA,NA,NA,NA,NA,NA,NA,NA,NA,NA,NA,NA,NA,NA,NA,NA,NA,NA,NA,NA,NA,NA,NA,NA,NA,NA
"Yellow-billed Grosbeak",NA,NA,NA,NA,NA,NA,NA,NA,NA,NA,NA,NA,NA,NA,NA,NA,NA,NA,NA,NA,NA,NA,NA,NA,NA,NA,NA,NA,NA,NA
"Common Rosefinch",-4.55534882925369,-2.62891687327264,-0.702484917291595,-8.26715793398416,-4.76171982343468,-1.25628171288521,-4.03995035449806,-2.27321180125596,-0.506473248013871,-4.09215544768246,-2.40211477545851,-0.712074103234555,-4.09138442946206,-2.44281800158555,-0.794251573709034,-4.04291864247691,-2.40185907920233,-0.760799515927754,-3.92714341408505,-2.27554444427001,-0.62394547445497,-3.99341090605312,-2.271373188238,-0.549335470422875,-4.33571820063504,-2.54328019838951,-0.750842196143973,-4.83265135141352,-3.03297043058135,-1.23328950974918
"Scarlet Finch",-8.93330576999934,1.40701229927864,11.7473303685566,-16.7758776837865,6.33094344166913,29.4377645671247,-8.3638060872481,1.83274342472867,12.0292929367055,-7.94996199422215,2.50033176556574,12.9506255253536,-7.85266604594054,2.27532026695706,12.4033065798547,-7.30023824425039,2.18760367983687,11.6754456039241,-7.76195783566938,2.08488220097501,11.9317222376194,-8.08662762586424,1.74261195989261,11.5718515456495,-8.4133594066741,2.69396278423759,13.8012849751493,-9.21169021716771,1.40639552150911,12.0244812601859
"Blyth's Rosefinch",NA,NA,NA,NA,NA,NA,NA,NA,NA,NA,NA,NA,NA,NA,NA,NA,NA,NA,NA,NA,NA,NA,NA,NA,NA,NA,NA,NA,NA,NA
"Himalayan Beautiful Rosefinch",NA,NA,NA,NA,NA,NA,NA,NA,NA,NA,NA,NA,NA,NA,NA,NA,NA,NA,NA,NA,NA,NA,NA,NA,NA,NA,NA,NA,NA,NA
"Pink-rumped Rosefinch",NA,NA,NA,NA,NA,NA,NA,NA,NA,NA,NA,NA,NA,NA,NA,NA,NA,NA,NA,NA,NA,NA,NA,NA,NA,NA,NA,NA,NA,NA
"Dark-rumped Rosefinch",NA,NA,NA,NA,NA,NA,NA,NA,NA,NA,NA,NA,NA,NA,NA,NA,NA,NA,NA,NA,NA,NA,NA,NA,NA,NA,NA,NA,NA,NA
"Pink-browed Rosefinch",-7.92829059885297,1.71436202648072,11.3570146518144,-15.0573954864412,6.85221615465105,28.7618277957433,-6.5157606541644,3.38492262186098,13.2856058978864,-6.40409337233763,4.35848056359818,15.121054499534,-6.46151198234732,3.5468888565184,13.5552896953841,-6.52290943684615,3.38413912649845,13.291187689843,-6.21706468760102,3.67510267342458,13.5672700344502,-6.78999382995129,3.28019771079205,13.3503892515354,-7.23652383942933,4.33851849970994,15.9135608388492,-7.60537936141633,4.80110442696408,17.2075882153445
"Spot-winged Rosefinch",NA,NA,NA,NA,NA,NA,NA,NA,NA,NA,NA,NA,NA,NA,NA,NA,NA,NA,NA,NA,NA,NA,NA,NA,NA,NA,NA,NA,NA,NA
"Vinaceous Rosefinch",NA,NA,NA,NA,NA,NA,NA,NA,NA,NA,NA,NA,NA,NA,NA,NA,NA,NA,NA,NA,NA,NA,NA,NA,NA,NA,NA,NA,NA,NA
"Pale Rosefinch",NA,NA,NA,NA,NA,NA,NA,NA,NA,NA,NA,NA,NA,NA,NA,NA,NA,NA,NA,NA,NA,NA,NA,NA,NA,NA,NA,NA,NA,NA
"Sillem's Rosefinch",NA,NA,NA,NA,NA,NA,NA,NA,NA,NA,NA,NA,NA,NA,NA,NA,NA,NA,NA,NA,NA,NA,NA,NA,NA,NA,NA,NA,NA,NA
"Streaked Rosefinch",NA,NA,NA,NA,NA,NA,NA,NA,NA,NA,NA,NA,NA,NA,NA,NA,NA,NA,NA,NA,NA,NA,NA,NA,NA,NA,NA,NA,NA,NA
"Great Rosefinch",NA,NA,NA,NA,NA,NA,NA,NA,NA,NA,NA,NA,NA,NA,NA,NA,NA,NA,NA,NA,NA,NA,NA,NA,NA,NA,NA,NA,NA,NA
"Red-fronted Rosefinch",NA,NA,NA,NA,NA,NA,NA,NA,NA,NA,NA,NA,NA,NA,NA,NA,NA,NA,NA,NA,NA,NA,NA,NA,NA,NA,NA,NA,NA,NA
"Crimson-browed Finch",NA,NA,NA,NA,NA,NA,NA,NA,NA,NA,NA,NA,NA,NA,NA,NA,NA,NA,NA,NA,NA,NA,NA,NA,NA,NA,NA,NA,NA,NA
"Three-banded Rosefinch",NA,NA,NA,NA,NA,NA,NA,NA,NA,NA,NA,NA,NA,NA,NA,NA,NA,NA,NA,NA,NA,NA,NA,NA,NA,NA,NA,NA,NA,NA
"Himalayan White-browed Rosefinch",NA,NA,NA,NA,NA,NA,NA,NA,NA,NA,NA,NA,NA,NA,NA,NA,NA,NA,NA,NA,NA,NA,NA,NA,NA,NA,NA,NA,NA,NA
"Chinese White-browed Rosefinch",NA,NA,NA,NA,NA,NA,NA,NA,NA,NA,NA,NA,NA,NA,NA,NA,NA,NA,NA,NA,NA,NA,NA,NA,NA,NA,NA,NA,NA,NA
"Brown Bullfinch",-10.6025261661425,-3.80324013354479,2.99604589905296,-19.0804298737892,-4.76375366531102,9.55292254316721,-9.63386126216689,-1.57474877029482,6.48436372157725,-9.47038096430813,-0.862637789187948,7.74510538593224,-9.08582804999685,-2.25925323109404,4.56732158780878,-8.92619107452365,-2.01206979143874,4.90205149164617,-9.21680346862271,-2.13697251002481,4.94285844857309,-9.42499479617305,-2.66795839033542,4.08907801550221,-9.76196553864332,-1.02786072038564,7.70624409787205,-10.6704511621302,-2.63926857223874,5.3919140176527
"Orange Bullfinch",-11.6351644045508,5.19496553642898,22.0250954774087,-28.5721161229858,20.9228730235788,70.4178621701434,-11.6987583695574,7.41703207784921,26.5328225252558,-31.7826494701667,16.1626670239334,64.1079835180334,-10.7605884911624,8.96624633997956,28.6930811711216,-10.9017615712655,9.32539655985889,29.5525546909832,-12.3531601270513,9.37379017106631,31.1007404691839,-11.2435804984108,3.45715118175601,18.1578828619228,-18.8405027853166,11.5236756587695,41.8878541028556,-525.455148715508,30.592524179096,586.6401970737
"Red-headed Bullfinch",-7.56814503083989,1.10485990691536,9.7778648446706,-12.6372511810914,3.90853375232824,20.4543186857479,-6.59935608145211,1.81638898173607,10.2321340449243,-6.22637554885387,3.09328811622583,12.4129517813055,-5.9798869739017,1.8674328200176,9.71475261393689,-6.35014185523356,1.95898923731001,10.2681203298536,-6.26853475301133,1.88942285939648,10.0473804718043,-6.15726339045965,2.43364934063585,11.0245620717314,-6.56719161525345,2.22372020538048,11.0146320260144,-7.2135437930422,3.70705663280174,14.6276570586457
"Gray-headed Bullfinch",NA,NA,NA,NA,NA,NA,NA,NA,NA,NA,NA,NA,NA,NA,NA,NA,NA,NA,NA,NA,NA,NA,NA,NA,NA,NA,NA,NA,NA,NA
"Crimson-winged Finch",NA,NA,NA,NA,NA,NA,NA,NA,NA,NA,NA,NA,NA,NA,NA,NA,NA,NA,NA,NA,NA,NA,NA,NA,NA,NA,NA,NA,NA,NA
"Trumpeter Finch",NA,NA,NA,NA,NA,NA,NA,NA,NA,NA,NA,NA,NA,NA,NA,NA,NA,NA,NA,NA,NA,NA,NA,NA,NA,NA,NA,NA,NA,NA
"Mongolian Finch",NA,NA,NA,NA,NA,NA,NA,NA,NA,NA,NA,NA,NA,NA,NA,NA,NA,NA,NA,NA,NA,NA,NA,NA,NA,NA,NA,NA,NA,NA
"Blanford's Rosefinch",NA,NA,NA,NA,NA,NA,NA,NA,NA,NA,NA,NA,NA,NA,NA,NA,NA,NA,NA,NA,NA,NA,NA,NA,NA,NA,NA,NA,NA,NA
"Gold-naped Finch",NA,NA,NA,NA,NA,NA,NA,NA,NA,NA,NA,NA,NA,NA,NA,NA,NA,NA,NA,NA,NA,NA,NA,NA,NA,NA,NA,NA,NA,NA
"Spectacled Finch",NA,NA,NA,NA,NA,NA,NA,NA,NA,NA,NA,NA,NA,NA,NA,NA,NA,NA,NA,NA,NA,NA,NA,NA,NA,NA,NA,NA,NA,NA
"Dark-breasted Rosefinch",-10.3811580719254,-4.72158694744572,0.937984177033915,-18.8563123238636,-9.5735499863546,-0.290787648845638,-8.70126966213009,-2.86317679158081,2.97491607896847,-9.10745711325098,-4.10214705537029,0.903163002510403,-9.04732558866424,-3.98280205771965,1.08172147322494,-8.90371252340795,-3.92856816835263,1.04657618670269,-9.35649087001393,-4.54525392635635,0.265983017301237,-9.10939142754902,-3.78118600180686,1.5470194239353,-9.32728184997571,-3.91185841257735,1.50356502482102,-9.71998539256305,-3.00668970903418,3.70660597449469
"Plain Mountain Finch",-7.76146189098311,-2.47755858258398,2.80634472581515,-10.3180630796646,0.854522406816014,12.0271078932966,-5.29876467210578,0.646911207260761,6.5925870866273,-5.43270445904812,-0.00739592421581541,5.41791261061649,-5.45247956706177,-0.519330410505205,4.41381874605136,-5.47048947886801,-0.3605441245079,4.74940122985221,-5.56602469719017,-0.489677871393802,4.58666895440257,-5.69828355572448,-0.490526620826168,4.71723031407214,-5.93144322222285,-0.531273517920275,4.8688961863823,-6.06104391267084,0.495827838367063,7.05269958940496
"Black-headed Mountain Finch",NA,NA,NA,NA,NA,NA,NA,NA,NA,NA,NA,NA,NA,NA,NA,NA,NA,NA,NA,NA,NA,NA,NA,NA,NA,NA,NA,NA,NA,NA
"Desert Finch",NA,NA,NA,NA,NA,NA,NA,NA,NA,NA,NA,NA,NA,NA,NA,NA,NA,NA,NA,NA,NA,NA,NA,NA,NA,NA,NA,NA,NA,NA
"European Greenfinch",NA,NA,NA,NA,NA,NA,NA,NA,NA,NA,NA,NA,NA,NA,NA,NA,NA,NA,NA,NA,NA,NA,NA,NA,NA,NA,NA,NA,NA,NA
"Yellow-breasted Greenfinch",-6.82763845792546,-3.27394278221682,0.279752893491815,-10.0232220410032,-3.08156880867514,3.86008442365287,-5.52910472418425,-2.08328411578805,1.36253649260815,-5.4204409980501,-2.05398990590922,1.31246118623166,-5.39403535881264,-2.10211900650338,1.18979734580588,-5.44276135416243,-2.18753715461297,1.0676870449365,-5.41680534104847,-2.16587572179424,1.08505389745999,-5.42877393239926,-1.9797532005577,1.46926753128386,-5.39024776857069,-1.72186377524201,1.94652021808666,-6.02209640835301,-2.03801319800072,1.94607001235157
"Black-headed Greenfinch",NA,NA,NA,NA,NA,NA,NA,NA,NA,NA,NA,NA,NA,NA,NA,NA,NA,NA,NA,NA,NA,NA,NA,NA,NA,NA,NA,NA,NA,NA
"Twite",NA,NA,NA,NA,NA,NA,NA,NA,NA,NA,NA,NA,NA,NA,NA,NA,NA,NA,NA,NA,NA,NA,NA,NA,NA,NA,NA,NA,NA,NA
"Eurasian Linnet",NA,NA,NA,NA,NA,NA,NA,NA,NA,NA,NA,NA,NA,NA,NA,NA,NA,NA,NA,NA,NA,NA,NA,NA,NA,NA,NA,NA,NA,NA
"Red Crossbill",NA,NA,NA,NA,NA,NA,NA,NA,NA,NA,NA,NA,NA,NA,NA,NA,NA,NA,NA,NA,NA,NA,NA,NA,NA,NA,NA,NA,NA,NA
"Gray-crowned Goldfinch",-7.17329345924502,-0.4400264238553,6.29324061153442,-13.4599437566424,-0.665669892893587,12.1286039708552,-6.83183508566254,-0.953605548666006,4.92462398833053,-6.54701203871592,-0.580832351633566,5.38534733544879,-6.49363433623157,-0.274666687491723,5.94430096124812,-6.47467781406761,-0.538791973066543,5.39709386793452,-6.41624935343938,-0.41846200183383,5.57932534977172,-6.47883932662721,-0.181219194640502,6.1164009373462,-6.84590848815861,-0.38397941154887,6.07794966506087,-7.13280212251395,-0.193851533009106,6.74509905649574
"Fire-fronted Serin",-7.49709930646259,2.19138228092714,11.8798638683169,-12.7754756285902,7.42928966261932,27.6340549538289,-6.17722277832327,3.20436138431054,12.5859455469443,-6.11609392288873,3.27728969840554,12.6706733196998,-5.89308314290767,2.9093724526941,11.7118280482959,-5.89292270030754,2.97480493604176,11.8425325723911,-5.98934192948138,2.94083877412818,11.8710194777377,-6.23749839736217,3.36848562595678,12.9744696492757,-6.67905676323882,2.68674692236742,12.0525506079737,-7.18885334113391,2.84319966267869,12.8752526664913
"Tibetan Serin",NA,NA,NA,NA,NA,NA,NA,NA,NA,NA,NA,NA,NA,NA,NA,NA,NA,NA,NA,NA,NA,NA,NA,NA,NA,NA,NA,NA,NA,NA
"Eurasian Siskin",NA,NA,NA,NA,NA,NA,NA,NA,NA,NA,NA,NA,NA,NA,NA,NA,NA,NA,NA,NA,NA,NA,NA,NA,NA,NA,NA,NA,NA,NA
"Lapland Longspur",NA,NA,NA,NA,NA,NA,NA,NA,NA,NA,NA,NA,NA,NA,NA,NA,NA,NA,NA,NA,NA,NA,NA,NA,NA,NA,NA,NA,NA,NA
"Crested Bunting",-5.38784896428244,-3.25933822793206,-1.13082749158168,-10.3439462875068,-6.32826021729906,-2.31257414709131,-5.71965660892148,-3.86850758718898,-2.01735856545649,-5.37790878302672,-3.46801246407134,-1.55811614511596,-5.31977772198359,-3.44241977173717,-1.56506182149076,-5.31071188895165,-3.46397198646323,-1.61723208397482,-5.45607107976451,-3.5989077197821,-1.74174435979969,-5.58418820362376,-3.72626184937345,-1.86833549512314,-5.35515123703748,-3.2866219390439,-1.21809264105032,-5.36464867469296,-2.97720065518855,-0.589752635684139
"Black-headed Bunting",-8.82568018788126,-3.92722931285266,0.971221562175932,-13.1031207383052,-3.11171394954431,6.87969283921654,-6.7130366072965,-1.52728966624109,3.65845727481432,-6.50353783990527,-1.12858429623793,4.24636924742941,-6.66573865980563,-1.75216523473894,3.16140819032775,-6.7301051952251,-1.90601495414568,2.91807528693374,-6.50300844715702,-1.54588327654259,3.41124189407184,-6.48223603303669,-1.3193669745873,3.84350208386208,-6.63988239228971,-1.128404272486,4.38307384731771,-7.45101977139339,-2.06075157178619,3.32951662782101
"Red-headed Bunting",-9.7653511417339,-2.28273415958068,5.19988282257254,-16.916634478238,-1.00320662533011,14.9102212275778,-8.70850629017759,-1.74194644812786,5.22461339392188,-8.49977854527172,-1.67470876520253,5.15036101486667,-8.39077524240902,-1.6024460850584,5.18588307229223,-8.51816337264571,-1.75932625384625,4.99951086495321,-8.29922780028807,-1.44912885595406,5.40097008837996,-8.39777439985895,-1.33010751744509,5.73755936496877,-8.8171689761631,-0.896957997493578,7.02325298117595,-9.76521309060099,-2.56106753674065,4.64307801711969
"Chestnut-eared Bunting",NA,NA,NA,NA,NA,NA,NA,NA,NA,NA,NA,NA,NA,NA,NA,NA,NA,NA,NA,NA,NA,NA,NA,NA,NA,NA,NA,NA,NA,NA
"Rock Bunting",-6.62128082979202,-0.246083828609079,6.12911317257386,-12.798935514474,-1.5864537249199,9.62602806463421,-5.98487845215719,-0.050331624751738,5.88421520265372,-5.92825306173831,-0.414158176457223,5.09993670882387,-5.89269925749349,-0.153907775869461,5.58488370575457,-5.87638000527858,-0.349545587678817,5.17728882992095,-5.78783719364385,-0.109867162009114,5.56810286962562,-5.98671544024857,-0.25622942218251,5.47425659588355,-6.31641939540812,-0.181429259351639,5.95356087670485,-6.64189091892661,-0.0401378520936679,6.56161521473927
"Godlewski's Bunting",NA,NA,NA,NA,NA,NA,NA,NA,NA,NA,NA,NA,NA,NA,NA,NA,NA,NA,NA,NA,NA,NA,NA,NA,NA,NA,NA,NA,NA,NA
"Meadow Bunting",NA,NA,NA,NA,NA,NA,NA,NA,NA,NA,NA,NA,NA,NA,NA,NA,NA,NA,NA,NA,NA,NA,NA,NA,NA,NA,NA,NA,NA,NA
"White-capped Bunting",-4.35681513866222,-0.158021265837818,4.04077260698659,-7.9164466462299,-0.655423337834736,6.60559997056042,-4.14803454768633,-0.157027318661727,3.83397991036287,-3.97586167939587,-0.198423137653279,3.57901540408931,-3.60169108237434,0.398616183749749,4.39892344987384,-3.86110343157688,-0.0425251050260735,3.77605322152473,-3.63958678134569,0.18273976038789,4.00506630212146,-3.27070608645623,0.810830698398374,4.89236748325298,-4.78736828024995,-1.11578348093964,2.55580131837068,-2.8798039421373,2.36487758044882,7.60955910303494
"Yellowhammer",NA,NA,NA,NA,NA,NA,NA,NA,NA,NA,NA,NA,NA,NA,NA,NA,NA,NA,NA,NA,NA,NA,NA,NA,NA,NA,NA,NA,NA,NA
"Pine Bunting",NA,NA,NA,NA,NA,NA,NA,NA,NA,NA,NA,NA,NA,NA,NA,NA,NA,NA,NA,NA,NA,NA,NA,NA,NA,NA,NA,NA,NA,NA
"Gray-necked Bunting",-8.69319895663749,-2.71406320038555,3.26507255586639,-16.2415061388055,-4.93371536266009,6.37407541348535,-7.74667160856933,-1.82441261692005,4.09784637472922,-7.73754990678308,-2.24064669497621,3.25625651683067,-7.64254407826269,-2.09449728030855,3.45354951764559,-8.0404129652266,-2.50992246116862,3.02056804288936,-7.95549515398626,-2.46491711432446,3.02566092533733,-7.14558243030285,-0.988224343872838,5.16913374255717,-7.79292826989978,-1.64706833839066,4.49879159311845,-8.68739838988085,-1.66232984928588,5.36273869130908
"Ortolan Bunting",NA,NA,NA,NA,NA,NA,NA,NA,NA,NA,NA,NA,NA,NA,NA,NA,NA,NA,NA,NA,NA,NA,NA,NA,NA,NA,NA,NA,NA,NA
"Striolated Bunting",NA,NA,NA,NA,NA,NA,NA,NA,NA,NA,NA,NA,NA,NA,NA,NA,NA,NA,NA,NA,NA,NA,NA,NA,NA,NA,NA,NA,NA,NA
"Reed Bunting",NA,NA,NA,NA,NA,NA,NA,NA,NA,NA,NA,NA,NA,NA,NA,NA,NA,NA,NA,NA,NA,NA,NA,NA,NA,NA,NA,NA,NA,NA
"Yellow-breasted Bunting",NA,NA,NA,NA,NA,NA,NA,NA,NA,NA,NA,NA,NA,NA,NA,NA,NA,NA,NA,NA,NA,NA,NA,NA,NA,NA,NA,NA,NA,NA
"Little Bunting",NA,NA,NA,NA,NA,NA,NA,NA,NA,NA,NA,NA,NA,NA,NA,NA,NA,NA,NA,NA,NA,NA,NA,NA,NA,NA,NA,NA,NA,NA
"Rustic Bunting",NA,NA,NA,NA,NA,NA,NA,NA,NA,NA,NA,NA,NA,NA,NA,NA,NA,NA,NA,NA,NA,NA,NA,NA,NA,NA,NA,NA,NA,NA
"Black-faced Bunting",NA,NA,NA,NA,NA,NA,NA,NA,NA,NA,NA,NA,NA,NA,NA,NA,NA,NA,NA,NA,NA,NA,NA,NA,NA,NA,NA,NA,NA,NA
"Chestnut Bunting",NA,NA,NA,NA,NA,NA,NA,NA,NA,NA,NA,NA,NA,NA,NA,NA,NA,NA,NA,NA,NA,NA,NA,NA,NA,NA,NA,NA,NA,NA
"Yellow-browed Bunting",NA,NA,NA,NA,NA,NA,NA,NA,NA,NA,NA,NA,NA,NA,NA,NA,NA,NA,NA,NA,NA,NA,NA,NA,NA,NA,NA,NA,NA,NA
"Tristram's Bunting",NA,NA,NA,NA,NA,NA,NA,NA,NA,NA,NA,NA,NA,NA,NA,NA,NA,NA,NA,NA,NA,NA,NA,NA,NA,NA,NA,NA,NA,NA
