"eBird.English.Name.2024","eBird.Scientific.Name.2024","eBird.Code","Order","Family","SoIB.Past.Priority.Status","SoIB.Past.Long.Term.Status","SoIB.Past.Current.Status","SoIB.Past.Range.Status","Breeding.Activity.Period","Non.Breeding.Activity.Period","Diet.Guild","India.Endemic","Subcontinent.Endemic","Himalayas.Endemic","Endemic.Region","Habitat.Specialization","Migratory.Status.Within.India","Essential","Discard","Restricted.Islands","India.Checklist.Common.Name","India.Checklist.Scientific.Name","BLI.Common.Name","BLI.Scientific.Name","IUCN.Category","WPA.Schedule","CITES.Appendix","CMS.Appendix","Onepercent.Estimates","Long.Term.Analysis","Current.Analysis","Selected.SoIB","totalrange25km","proprange25km2000","proprange25km.current","proprange25km.latestyear","mean5km","ci5km","longtermlci","longtermmean","longtermrci","currentslopelci","currentslopemean","currentsloperci","proj2025.lci","proj2025.mean","proj2025.rci","proj2026.lci","proj2026.mean","proj2026.rci","proj2027.lci","proj2027.mean","proj2027.rci","proj2028.lci","proj2028.mean","proj2028.rci","proj2029.lci","proj2029.mean","proj2029.rci","proj2030.lci","proj2030.mean","proj2030.rci","proj2031.lci","proj2031.mean","proj2031.rci"
"Fulvous Whistling-Duck","Dendrocygna bicolor","fuwduc","Anseriformes","Anatidae (Ducks, Geese, and Waterfowl)","Low","Data Deficient","Uncertain","Moderate","24 hour","24 hour","Plant & Seed","No","No","No","Non-endemic","Wetland","Resident",NA,NA,NA,"Fulvous Whistling-Duck","Dendrocygna bicolor","Fulvous Whistling-duck","Dendrocygna bicolor","Least Concern","Schedule-I","","Appendix II",500,"","","X",224,0.0267857142857143,0.286607142857143,0.486607142857143,15.6026785714286,0.803538135743519,NA,NA,NA,NA,NA,NA,NA,NA,NA,NA,NA,NA,NA,NA,NA,NA,NA,NA,NA,NA,NA,NA,NA,NA,NA,NA,NA
"Lesser Whistling-Duck","Dendrocygna javanica","lewduc1","Anseriformes","Anatidae (Ducks, Geese, and Waterfowl)","Low","Stable","Moderate Decline","Very Large","24 hour","24 hour","Plant & Seed","No","No","No","Non-endemic","Wetland","Resident",NA,NA,NA,"Lesser Whistling-Duck","Dendrocygna javanica","Lesser Whistling-duck","Dendrocygna javanica","Least Concern","Schedule-II","","",10000,"X","X","X",2838,0.0461592670894996,0.374559548978154,0.576814658210007,11.6035940803383,0.243938095535204,111.212120556198,129.005899341386,151.117221722835,-0.897948159943784,-0.000646526739215481,0.896655106465353,94.4596238964565,100.340284224459,106.609266909369,93.6394502831141,100.34417672104,107.558383410743,92.8073866224353,100.349878507414,108.543274181131,91.9703501534578,100.357389399304,109.557054940542,91.1326859513714,100.366709307414,110.59541848291,90.2972170008279,100.377838237396,111.655584614159,89.4658295463541,100.390776289816,112.735714814519
"Bar-headed Goose","Anser indicus","bahgoo","Anseriformes","Anatidae (Ducks, Geese, and Waterfowl)","Low","Uncertain","Uncertain","Large","24 hour","24 hour","Plant & Seed","No","No","No","Non-endemic","Wetland","Winter Migrant & Localized Summer Migrant",1,NA,NA,"Bar-headed Goose","Anser indicus","Bar-headed Goose","Anser indicus","Least Concern","Schedule-II","","Appendix II",NA,"X","X","X",1103,0.0679963735267452,0.28467815049864,0.402538531278332,13.0299184043518,0.389735044214869,50.9489966050533,70.7801446526272,96.0280445023956,-4.64760491286929,-3.02209741948454,-1.39658992609978,57.2896365492736,67.7386292103685,80.1990531400781,54.0303367711993,65.4509149140857,79.4228114087475,50.9311818055354,63.2467570655513,78.7142394364618,47.9953574573976,61.1229058871659,78.0563913412004,45.2207791758825,59.0762449268693,77.4384824042452,42.6025674771273,57.1037853273753,76.8533542182751,40.1343941838115,55.2026603521298,76.2960731060229
"Graylag Goose","Anser anser","gragoo","Anseriformes","Anatidae (Ducks, Geese, and Waterfowl)","Low","Uncertain","Uncertain","Moderate","24 hour","24 hour","Plant & Seed","No","No","No","Non-endemic","Wetland","Winter Migrant",NA,NA,NA,"Greylag Goose","Anser anser","Greylag Goose","Anser anser","Least Concern","Schedule-II","","Appendix II",250,"","","X",641,0.078003120124805,0.276911076443058,0.418096723868955,13.0936037441498,0.481288156477585,NA,NA,NA,NA,NA,NA,NA,NA,NA,NA,NA,NA,NA,NA,NA,NA,NA,NA,NA,NA,NA,NA,NA,NA,NA,NA,NA
"Greater White-fronted Goose","Anser albifrons","gwfgoo","Anseriformes","Anatidae (Ducks, Geese, and Waterfowl)",NA,NA,NA,NA,"24 hour","24 hour","Plant & Seed","No","No","No","Non-endemic","Wetland","Winter Migrant",NA,1,NA,"Greater White-fronted Goose","Anser albifrons","Greater White-fronted Goose","Anser albifrons","Least Concern","Schedule-II","","Appendix II",NA,"","","",31,NA,0.209677419354839,0.32258064516129,16.4193548387097,2.21109603626384,NA,NA,NA,NA,NA,NA,NA,NA,NA,NA,NA,NA,NA,NA,NA,NA,NA,NA,NA,NA,NA,NA,NA,NA,NA,NA,NA
"Lesser White-fronted Goose","Anser erythropus","lwfgoo","Anseriformes","Anatidae (Ducks, Geese, and Waterfowl)",NA,NA,NA,NA,"Diurnal","Diurnal","Plant & Seed","No","No","No","Non-endemic","Wetland","Winter Migrant",NA,1,NA,"Lesser White-fronted Goose","Anser erythropus","Lesser White-fronted Goose","Anser erythropus","Vulnerable","Schedule-II","","Appendix I",NA,"","","",11,NA,0.0909090909090909,NA,16.3636363636364,3.88665153638569,NA,NA,NA,NA,NA,NA,NA,NA,NA,NA,NA,NA,NA,NA,NA,NA,NA,NA,NA,NA,NA,NA,NA,NA,NA,NA,NA
"Taiga Bean-Goose","Anser fabalis","taibeg1","Anseriformes","Anatidae (Ducks, Geese, and Waterfowl)",NA,NA,NA,NA,"24 hour","24 hour","Plant & Seed","No","No","No","Non-endemic","Wetland","Winter Migrant",NA,1,NA,"Taiga Bean-Goose","Anser fabalis","Bean Goose","Anser fabalis","Least Concern","Schedule-II","","Appendix II",NA,"","","",1,NA,NA,NA,12,NA,NA,NA,NA,NA,NA,NA,NA,NA,NA,NA,NA,NA,NA,NA,NA,NA,NA,NA,NA,NA,NA,NA,NA,NA,NA,NA,NA
"Tundra Bean-Goose","Anser serrirostris","tunbeg1","Anseriformes","Anatidae (Ducks, Geese, and Waterfowl)",NA,NA,NA,NA,"24 hour","24 hour","Plant & Seed","No","No","No","Non-endemic","Wetland","Winter Migrant",NA,1,NA,"Tundra Bean-Goose","Anser serrirostris","",NA,"Not recognized","Schedule-II","","Appendix II",NA,"","","",2,NA,NA,NA,16.5,2.94,NA,NA,NA,NA,NA,NA,NA,NA,NA,NA,NA,NA,NA,NA,NA,NA,NA,NA,NA,NA,NA,NA,NA,NA,NA,NA,NA
"Barnacle Goose","Branta leucopsis","bargoo","Anseriformes","Anatidae (Ducks, Geese, and Waterfowl)",NA,NA,NA,NA,"24 hour","24 hour","Plant & Seed","No","No","No","Non-endemic","Wetland","Winter Migrant",NA,1,NA,"Barnacle Goose","Branta leucopsis","Barnacle Goose","Branta leucopsis","Least Concern","Recent addition","","Appendix II",NA,"","","",NA,NA,NA,NA,NA,NA,NA,NA,NA,NA,NA,NA,NA,NA,NA,NA,NA,NA,NA,NA,NA,NA,NA,NA,NA,NA,NA,NA,NA,NA,NA,NA,NA
"Red-breasted Goose","Branta ruficollis","rebgoo1","Anseriformes","Anatidae (Ducks, Geese, and Waterfowl)",NA,NA,NA,NA,"No information","No information","Plant & Seed","No","No","No","Non-endemic","Wetland","Winter Migrant",NA,1,NA,"Red-breasted Goose","Branta ruficollis","Red-breasted Goose","Branta ruficollis","Vulnerable","Schedule-II","Appendix II","Appendix I",NA,"","","",4,NA,0.45,NA,16.5,6.22383590186417,NA,NA,NA,NA,NA,NA,NA,NA,NA,NA,NA,NA,NA,NA,NA,NA,NA,NA,NA,NA,NA,NA,NA,NA,NA,NA,NA
"Mute Swan","Cygnus olor","mutswa","Anseriformes","Anatidae (Ducks, Geese, and Waterfowl)",NA,NA,NA,NA,"24 hour","24 hour","Plant & Seed","No","No","No","Non-endemic","Wetland","Winter Migrant",NA,1,NA,"Mute Swan","Cygnus olor","Mute Swan","Cygnus olor","Least Concern","Schedule-II","","Appendix II",NA,"","","",NA,NA,NA,NA,NA,NA,NA,NA,NA,NA,NA,NA,NA,NA,NA,NA,NA,NA,NA,NA,NA,NA,NA,NA,NA,NA,NA,NA,NA,NA,NA,NA,NA
"Tundra Swan","Cygnus columbianus","tunswa","Anseriformes","Anatidae (Ducks, Geese, and Waterfowl)",NA,NA,NA,NA,"No information","No information","Plant & Seed","No","No","No","Non-endemic","Wetland","Winter Migrant",NA,1,NA,"Tundra Swan","Cygnus columbianus","Tundra Swan","Cygnus columbianus","Least Concern","Schedule-II","","Appendix II",NA,"","","",NA,NA,NA,NA,NA,NA,NA,NA,NA,NA,NA,NA,NA,NA,NA,NA,NA,NA,NA,NA,NA,NA,NA,NA,NA,NA,NA,NA,NA,NA,NA,NA,NA
"Whooper Swan","Cygnus cygnus","whoswa","Anseriformes","Anatidae (Ducks, Geese, and Waterfowl)",NA,NA,NA,NA,"No information","No information","Plant & Seed","No","No","No","Non-endemic","Wetland","Winter Migrant",NA,1,NA,"Whooper Swan","Cygnus cygnus","Whooper Swan","Cygnus cygnus","Least Concern","Schedule-II","","Appendix II",NA,"","","",1,NA,NA,NA,22,NA,NA,NA,NA,NA,NA,NA,NA,NA,NA,NA,NA,NA,NA,NA,NA,NA,NA,NA,NA,NA,NA,NA,NA,NA,NA,NA,NA
"Knob-billed Duck","Sarkidiornis melanotos","comduc2","Anseriformes","Anatidae (Ducks, Geese, and Waterfowl)","Moderate","Uncertain","Moderate Decline","Large","Diurnal","Diurnal","Plant & Seed","No","No","No","Non-endemic","Wetland","Resident",NA,NA,NA,"Knob-billed Duck","Sarkidiornis melanotos","Knob-billed Duck","Sarkidiornis melanotos","Least Concern","Schedule-II","Appendix II","Appendix II",250,"X","X","X",1433,0.0425680390788555,0.297348220516399,0.470341939986043,12.1967899511514,0.338589711938268,76.3583857564188,102.404793660147,136.942631482386,-2.56269740913473,-0.852178440854362,0.858340527426003,83.7293309884577,94.4052508678804,106.533707361633,81.5688389143682,93.5823356936491,107.485964778164,79.4353356359119,92.7735463793554,108.507070642016,77.3404590902076,91.9786341974434,109.583468863276,75.290801449554,91.1973557878143,110.706746968234,73.2900043399221,90.4294730352747,111.8715380252,71.3399230071643,89.674752950106,113.074353756223
"Ruddy Shelduck","Tadorna ferruginea","rudshe","Anseriformes","Anatidae (Ducks, Geese, and Waterfowl)","Low","Uncertain","Uncertain","Large","24 hour","24 hour","Plant & Seed","No","No","No","Non-endemic","Wetland","Winter Migrant & Localized Summer Migrant",NA,NA,NA,"Ruddy Shelduck","Tadorna ferruginea","Ruddy Shelduck","Tadorna ferruginea","Least Concern","Schedule-II","","Appendix II",500,"X","X","X",1752,0.0799086757990868,0.315353881278539,0.470890410958904,11.4332191780822,0.285037495024117,43.6969473930127,55.3613054654321,68.8339229617825,-4.82605120398335,-3.69651128935607,-2.56697137472879,56.9506772586846,63.4652868674859,70.7754855717095,53.6077218056722,60.6838474234153,68.7582159707454,50.4442024242355,58.0276585420832,66.830877387618,47.4575759120586,55.4909408449216,64.980892483281,44.6421546040777,53.0681876124416,63.1997357610074,41.9907007202452,50.7541516561508,61.4812824553565,39.4952849594086,48.5438328345547,59.8208968266067
"Common Shelduck","Tadorna tadorna","comshe","Anseriformes","Anatidae (Ducks, Geese, and Waterfowl)",NA,NA,NA,NA,"24 hour","24 hour","Invertebrate","No","No","No","Non-endemic","Wetland","Winter Migrant",NA,NA,NA,"Common Shelduck","Tadorna tadorna","Common Shelduck","Tadorna tadorna","Least Concern","Schedule-II","","Appendix II",1000,"","","",132,0.0681818181818182,0.214393939393939,0.303030303030303,15.0681818181818,1.1249498884808,NA,NA,NA,NA,NA,NA,NA,NA,NA,NA,NA,NA,NA,NA,NA,NA,NA,NA,NA,NA,NA,NA,NA,NA,NA,NA,NA
"Cotton Pygmy-Goose","Nettapus coromandelianus","copgoo1","Anseriformes","Anatidae (Ducks, Geese, and Waterfowl)","High","Strong Decline","Strong Decline","Very Large","Diurnal","Diurnal","Plant & Seed","No","No","No","Non-endemic","Wetland","Resident",NA,NA,NA,"Cotton Pygmy-Goose","Nettapus coromandelianus","Cotton Pygmy-goose","Nettapus coromandelianus","Least Concern","Schedule-I","","Appendix II",1000,"X","X","X",1621,0.0690931523750771,0.317149907464528,0.456508328192474,13.164713140037,0.325531743759308,37.5685839969198,46.4414502844526,57.7153847073672,-3.94951667309516,-2.91100025281728,-1.8724838325394,66.4214303527054,73.2961191432487,80.9232727456421,63.3439332800599,70.9037293380408,79.4184098086772,60.3898665433255,68.5920638486953,77.9742900613307,57.5619204130007,66.358315725893,76.5797995650726,54.8593134453787,64.1997783448189,75.2277080738222,52.2793649928088,62.1138417272072,73.9130755764678,49.8183568685783,60.0979890014469,72.6323707783247
"Mandarin Duck","Aix galericulata","manduc","Anseriformes","Anatidae (Ducks, Geese, and Waterfowl)",NA,NA,NA,NA,"24 hour","24 hour","Plant & Seed","No","No","No","Non-endemic","Wetland","Winter Migrant",NA,1,NA,"Mandarin Duck","Aix galericulata","Mandarin Duck","Aix galericulata","Least Concern","Schedule-II","","Appendix II",NA,"","","",3,NA,0.333333333333333,0.333333333333333,13,10.9128181511468,NA,NA,NA,NA,NA,NA,NA,NA,NA,NA,NA,NA,NA,NA,NA,NA,NA,NA,NA,NA,NA,NA,NA,NA,NA,NA,NA
"Baikal Teal","Sibirionetta formosa","baitea","Anseriformes","Anatidae (Ducks, Geese, and Waterfowl)",NA,NA,NA,NA,"24 hour","24 hour","Plant & Seed","No","No","No","Non-endemic","Wetland","Winter Migrant",NA,1,NA,"Baikal Teal","Sibirionetta formosa","Baikal Teal","Sibirionetta formosa","Least Concern","Schedule-II","Appendix II","Appendix I",NA,"","","",9,NA,0.203703703703704,0.333333333333333,20.2222222222222,2.30474336430515,NA,NA,NA,NA,NA,NA,NA,NA,NA,NA,NA,NA,NA,NA,NA,NA,NA,NA,NA,NA,NA,NA,NA,NA,NA,NA,NA
"Garganey","Spatula querquedula","gargan","Anseriformes","Anatidae (Ducks, Geese, and Waterfowl)","Low","Stable","Uncertain","Large","24 hour","24 hour","Plant & Seed","No","No","No","Non-endemic","Wetland","Winter Migrant",NA,NA,NA,"Garganey","Spatula querquedula","Garganey","Spatula querquedula","Least Concern","Schedule-II","","Appendix II",NA,"X","X","X",1524,0.0767716535433071,0.329724409448819,0.419291338582677,13.74343832021,0.329514432744404,30.2028296614214,37.869125368139,48.1260615699872,-6.65427754014556,-5.70271437480617,-4.75115120946677,47.0703510820768,56.4005236096526,67.6485289584304,42.3315940403253,52.0687602996129,64.1307597417292,38.0471123352499,48.0725370210616,60.8427401099385,34.1830114509611,44.3856495277028,57.7555742893111,30.703560815926,40.9839561724457,54.8483549797389,27.5737269648125,37.8452143173032,52.1050034123382,24.7603521695328,34.9489298138324,49.5125292992344
"Northern Shoveler","Spatula clypeata","norsho","Anseriformes","Anatidae (Ducks, Geese, and Waterfowl)","Low","Stable","Uncertain","Large","24 hour","24 hour","Plant & Seed","No","No","No","Non-endemic","Wetland","Winter Migrant",NA,NA,NA,"Northern Shoveler","Spatula clypeata","Northern Shoveler","Spatula clypeata","Least Concern","Schedule-II","","Appendix II",NA,"X","X","X",1708,0.0930913348946136,0.330503512880562,0.43384074941452,12.653981264637,0.315410431127371,30.2779626466441,39.4928380082164,52.3786846561508,-7.11614678418461,-5.84551000574433,-4.57487322730406,40.6801395127469,48.5050095366956,57.9165658407288,36.6059631211768,44.7713203051218,54.8593847911746,32.9228729630092,41.3295640100406,52.0055475178432,29.6012107758172,38.1565745547864,49.3298383841704,26.6099414954171,35.2310501148912,46.813832840799,23.9187580315138,32.5334011023805,44.4432354883328,21.4990509675258,30.0456106870395,42.2064121337483
"Gadwall","Mareca strepera","gadwal","Anseriformes","Anatidae (Ducks, Geese, and Waterfowl)","Low","Uncertain","Uncertain","Large","24 hour","24 hour","Plant & Seed","No","No","No","Non-endemic","Wetland","Winter Migrant",NA,NA,NA,"Gadwall","Mareca strepera","Gadwall","Mareca strepera","Least Concern","Schedule-II","","Appendix II",3000,"X","X","X",1400,0.0707142857142857,0.302071428571429,0.427857142857143,11.9921428571429,0.320432850165729,61.4879270969295,84.990836723872,119.080740021634,-4.61643330905865,-2.77462167061541,-0.932810032172168,60.0816871698542,69.8028807309527,81.2165166689651,56.9886653429115,67.6598012617652,80.4844997779812,54.0328926371574,65.5905826354123,79.817266689434,51.2185729282861,63.5924638708323,79.1994191776819,48.545017286301,61.6627939327716,78.6211263978265,46.0088894296255,59.7990271199898,78.0758373552552,43.6054321450552,57.9987186556568,77.5590151237104
"Falcated Duck","Mareca falcata","falduc","Anseriformes","Anatidae (Ducks, Geese, and Waterfowl)",NA,NA,NA,NA,"24 hour","24 hour","Plant & Seed","No","No","No","Non-endemic","Wetland","Winter Migrant",1,NA,NA,"Falcated Duck","Mareca falcata","Falcated Duck","Mareca falcata","Least Concern","Schedule-II","","Appendix II",NA,"","","X",52,0.173076923076923,0.211538461538462,0.365384615384615,16.6730769230769,1.65087718002002,NA,NA,NA,NA,NA,NA,NA,NA,NA,NA,NA,NA,NA,NA,NA,NA,NA,NA,NA,NA,NA,NA,NA,NA,NA,NA,NA
"Eurasian Wigeon","Mareca penelope","eurwig","Anseriformes","Anatidae (Ducks, Geese, and Waterfowl)","Low","Uncertain","Uncertain","Large","24 hour","24 hour","Plant & Seed","No","No","No","Non-endemic","Wetland","Winter Migrant",NA,NA,NA,"Eurasian Wigeon","Mareca penelope","Eurasian Wigeon","Mareca penelope","Least Concern","Schedule-II","","Appendix II",2500,"X","X","X",1223,0.0768601798855274,0.282011447260834,0.398201144726083,13.329517579722,0.35481322774453,30.6605570410782,51.2621623792516,84.1751409754741,-6.21265742246923,-3.25112871137981,-0.289600000290396,54.6580562908222,69.0357479016578,87.4984965229777,50.9351242660146,66.5358538483177,87.3110036260601,47.4440006270062,64.1484016536917,87.239034104647,44.1839634910094,61.8677336897106,87.2583520939339,41.1474432913799,59.6885031165542,87.353749304001,38.3235373803444,57.6056556830775,87.5153416972118,35.6998841338769,55.6144126498813,87.7365240943556
"Indian Spot-billed Duck","Anas poecilorhyncha","isbduc1","Anseriformes","Anatidae (Ducks, Geese, and Waterfowl)","Low","Stable","Moderate Decline","Very Large","24 hour","24 hour","Plant & Seed","No","No","No","Non-endemic","Wetland","Resident",NA,NA,NA,"Indian Spot-billed Duck","Anas poecilorhyncha","Indian Spot-billed Duck","Anas poecilorhyncha","Least Concern","Schedule-II","","Appendix II",1000,"X","X","X",2595,0.0712909441233141,0.40616570327553,0.604624277456647,11.7337186897881,0.259691574216452,122.268066506422,143.272987317571,168.161013199792,-1.14855194302831,0.155941049877893,1.46043404278409,89.8216103120467,97.9140479573332,106.775402725453,88.842045027651,98.0645283235609,108.297370786661,87.8485097456989,98.2186697312331,109.881664119306,86.8504501287419,98.3764891402459,111.519159573821,85.8537625169104,98.5380038998512,113.204303873922,84.8622436106582,98.7032317516047,114.933664149366,83.878398794988,98.8721908323762,116.705119839086
"Eastern Spot-billed Duck","Anas zonorhyncha","spbduc","Anseriformes","Anatidae (Ducks, Geese, and Waterfowl)",NA,NA,NA,NA,"24 hour","24 hour","Plant & Seed","No","No","No","Non-endemic","Wetland","Winter Migrant",NA,NA,NA,"Eastern Spot-billed Duck","Anas zonorhyncha","Eastern Spot-billed Duck","Anas zonorhyncha","Least Concern","Schedule-II","","Appendix II",NA,"","","",15,NA,0.306666666666667,0.466666666666667,18.9333333333333,1.78888618357283,NA,NA,NA,NA,NA,NA,NA,NA,NA,NA,NA,NA,NA,NA,NA,NA,NA,NA,NA,NA,NA,NA,NA,NA,NA,NA,NA
"Mallard","Anas platyrhynchos","mallar3","Anseriformes","Anatidae (Ducks, Geese, and Waterfowl)","Low","Uncertain","Uncertain","Moderate","24 hour","24 hour","Plant & Seed","No","No","No","Non-endemic","Wetland","Winter Migrant & Localized Summer Migrant",NA,NA,NA,"Mallard","Anas platyrhynchos","Mallard","Anas platyrhynchos","Least Concern","Schedule-II","","Appendix II",NA,"X","X","X",462,0.0952380952380952,0.261904761904762,0.361471861471861,13.0909090909091,0.551985277633194,62.5390496454612,95.8180850892502,149.76359002213,-4.9608794295183,-2.68871121841709,-0.416543007315888,65.5636962205444,82.3745237490052,103.768557303809,61.5359349725528,79.9082389985964,104.125204569586,57.7199147274231,77.530675957538,104.602383529478,54.1215232852234,75.238287405301,105.173683832934,50.7382568515932,73.0276806999468,105.822680506151,47.5631961795154,70.8956105518184,106.538840353344,44.5871630553021,68.8389721562778,107.315257330766
"Northern Pintail","Anas acuta","norpin","Anseriformes","Anatidae (Ducks, Geese, and Waterfowl)","Low","Uncertain","Uncertain","Large","24 hour","24 hour","Plant & Seed","No","No","No","Non-endemic","Wetland","Winter Migrant",NA,NA,NA,"Northern Pintail","Anas acuta","Northern Pintail","Anas acuta","Least Concern","Schedule-II","","Appendix II",20000,"X","X","X",1873,0.104644954618259,0.317298451681794,0.423918846769888,12.6855312333155,0.30017548765622,19.7343709553895,26.9199362273954,36.6867982605676,-6.93071962693896,-5.52368506348039,-4.11665050002182,40.2774463508064,48.2863102406345,57.985643828885,36.4862985708994,44.9037787865493,55.3858050169316,33.0346114706038,41.7632452859573,52.9477634284826,29.9000683572654,38.8470541715745,50.6495751297772,27.0580988406943,36.1388616732983,48.4757390739072,24.4840456778735,33.623536679226,46.4146170940597,22.1542138577706,31.2870692095306,44.4570134905394
"Green-winged Teal","Anas crecca","gnwtea","Anseriformes","Anatidae (Ducks, Geese, and Waterfowl)","Low","Uncertain","Uncertain","Large","24 hour","24 hour","Plant & Seed","No","No","No","Non-endemic","Wetland","Winter Migrant",NA,NA,NA,"Common Teal","Anas crecca","Common Teal","Anas crecca","Least Concern","Schedule-II","","Appendix II",NA,"X","X","X",1631,0.0968730839975475,0.307173513182097,0.431023911710607,12.6817903126916,0.317154322668885,22.5033518911964,37.9351557698858,62.4495643456399,-7.05974781331755,-4.10005752459279,-1.14036723586804,48.8487170664629,63.9766409014307,84.171212887294,44.6901538173321,60.8530900941264,83.3570567348805,40.8646515419601,57.9064295984518,82.6822543560318,37.3592190363645,55.1256629611949,82.1176545528218,34.1545506109197,52.5005284160664,81.6447389891789,31.228943600664,50.0214468507049,81.2512571134537,28.5603036961389,47.6794736455327,80.9288221114675
"Andaman Teal","Anas albogularis","andtea1","Anseriformes","Anatidae (Ducks, Geese, and Waterfowl)","High","Data Deficient","Data Deficient","Restricted","24 hour","24 hour","Plant & Seed","No","No","No","Andaman Islands","Wetland","Resident",NA,NA,1,"Andaman Teal","Anas albogularis","Andaman Teal","Anas albogularis","Near Threatened","Schedule-I","","",7,"X","X","X",17,0.235294117647059,0.358823529411765,0.411764705882353,7.41176470588235,2.59859743910422,20.7180605766959,56.1715322949748,169.377293661783,-6.683831821545,1.51559417923547,9.71502018001594,79.5076049898251,136.52019972682,238.409641675529,75.1522674955078,139.492729013335,264.72975125414,71.0102268289937,142.741348835195,295.199580726797,67.114489109594,146.281832841715,330.36415419756,63.4744633664702,150.131617103002,370.907297331644,60.0869891007068,154.309936388699,417.661281043497,56.9423144918642,158.837976020277,471.626016929643
"Marbled Duck","Marmaronetta angustirostris","martea1","Anseriformes","Anatidae (Ducks, Geese, and Waterfowl)",NA,NA,NA,NA,"Diurnal","Diurnal","Plant & Seed","No","No","No","Non-endemic","Wetland","Winter Migrant",1,NA,NA,"Marbled Duck","Marmaronetta angustirostris","Marbled Duck","Marmaronetta angustirostris","Near Threatened","Schedule-I","","Appendix I",50,"","","X",8,0.5,NA,NA,16.625,2.39871319669526,NA,NA,NA,NA,NA,NA,NA,NA,NA,NA,NA,NA,NA,NA,NA,NA,NA,NA,NA,NA,NA,NA,NA,NA,NA,NA,NA
"Pink-headed Duck","Rhodonessa caryophyllacea","pihduc1","Anseriformes","Anatidae (Ducks, Geese, and Waterfowl)",NA,NA,NA,NA,"No information","No information","Plant & Seed","No","No","No","Non-endemic","Wetland","Uncertain",NA,1,NA,"Pink-headed Duck","Rhodonessa caryophyllacea","Pink-headed Duck","Rhodonessa caryophyllacea","Critically Endangered","Schedule-I","Appendix I","Appendix II",1,"","","",NA,NA,NA,NA,NA,NA,NA,NA,NA,NA,NA,NA,NA,NA,NA,NA,NA,NA,NA,NA,NA,NA,NA,NA,NA,NA,NA,NA,NA,NA,NA,NA,NA
"White-winged Duck","Asarcornis scutulata","whwduc1","Anseriformes","Anatidae (Ducks, Geese, and Waterfowl)","High","Data Deficient","Data Deficient","Restricted","24 hour","24 hour","Plant & Seed","No","No","No","Non-endemic","Wetland","Resident",1,NA,NA,"White-winged Wood-Duck","Asarcornis scutulata","White-winged Duck","Asarcornis scutulata","Critically Endangered","Schedule-I","Appendix I","Appendix II",5,"","","X",10,0.4,0.28,0.3,12.7,2.92252584818909,NA,NA,NA,NA,NA,NA,NA,NA,NA,NA,NA,NA,NA,NA,NA,NA,NA,NA,NA,NA,NA,NA,NA,NA,NA,NA,NA
"Red-crested Pochard","Netta rufina","recpoc","Anseriformes","Anatidae (Ducks, Geese, and Waterfowl)","Low","Uncertain","Uncertain","Large","Diurnal","Diurnal","Plant & Seed","No","No","No","Non-endemic","Wetland","Winter Migrant",NA,NA,NA,"Red-crested Pochard","Netta rufina","Red-crested Pochard","Netta rufina","Least Concern","Schedule-II","","Appendix II",1000,"X","X","X",878,0.0592255125284738,0.275512528473804,0.39749430523918,12.2129840546697,0.395301096334081,44.5545096777853,66.539199693957,97.6886835632067,-3.958558415997,-1.60415814577489,0.750242124447227,72.2436054467249,89.1385857961252,110.236874657711,68.8481851195464,87.5704198464482,111.718956367237,65.5746458027859,86.044792924429,113.338865561013,62.4361953730878,84.5604408483702,115.073729336252,59.4376623404328,83.1161419535633,116.90982752359,56.5791743103357,81.7107155682254,118.838873389953,53.8581827121883,80.3430205475022,120.855951083321
"Common Pochard","Aythya ferina","compoc","Anseriformes","Anatidae (Ducks, Geese, and Waterfowl)","Moderate","Moderate Decline","Uncertain","Large","24 hour","24 hour","Plant & Seed","No","No","No","Non-endemic","Wetland","Winter Migrant",NA,NA,NA,"Common Pochard","Aythya ferina","Common Pochard","Aythya ferina","Vulnerable","Schedule-I","","Appendix II",NA,"X","X","X",1209,0.086848635235732,0.282547559966915,0.398676592224979,12.509511993383,0.347923228330092,24.5470840235945,33.6467646152166,47.7541521465155,-5.98377715782593,-4.20716131018779,-2.43054546254964,48.0207960666464,58.7871330948516,72.1130458404828,44.1797003425654,55.6918305862414,70.3904203348653,40.6227808153751,52.7679617726775,68.7773026571313,37.3398536083582,50.0056252993528,67.2521665210131,34.316017467036,47.3955129802125,65.8009336589767,31.5344715354608,44.9288730905121,64.4139125863717,28.9779801856174,42.5974759978942,63.084112561915
"Ferruginous Duck","Aythya nyroca","ferduc","Anseriformes","Anatidae (Ducks, Geese, and Waterfowl)","Low","Uncertain","Strong Increase","Large","24 hour","24 hour","Plant & Seed","No","No","No","Non-endemic","Wetland","Winter Migrant",NA,NA,NA,"Ferruginous Duck","Aythya nyroca","Ferruginous Duck","Aythya nyroca","Near Threatened","Schedule-II","","Appendix I",1000,"X","X","X",593,0.075885328836425,0.27504215851602,0.384485666104553,12.9342327150084,0.501188590521342,46.5110283457576,79.6406434482856,134.268249984,-6.12301109210563,-3.25100486413471,-0.37899863616378,57.4187601243965,73.6651429610584,94.8891218858688,53.2731790955442,70.8522334342421,94.7304237340158,49.401444984727,68.1715054891884,94.7093699808353,45.8008077437801,65.6160348510682,94.7982903328779,42.4608982472886,63.1792930311427,94.9799462282294,39.3677484356639,60.8551230861438,95.2432591346209,36.5059219158112,58.6377169523178,95.5809527556932
"Baer's Pochard","Aythya baeri","baepoc1","Anseriformes","Anatidae (Ducks, Geese, and Waterfowl)",NA,NA,NA,NA,"Diurnal","Diurnal","Plant & Seed","No","No","No","Non-endemic","Wetland","Winter Migrant",1,NA,NA,"Baer's Pochard","Aythya baeri","Baer's Pochard","Aythya baeri","Critically Endangered","Schedule-I","","Appendix I",NA,"","","X",12,0.0833333333333333,0.1875,0.166666666666667,17.1666666666667,2.98258717603128,NA,NA,NA,NA,NA,NA,NA,NA,NA,NA,NA,NA,NA,NA,NA,NA,NA,NA,NA,NA,NA,NA,NA,NA,NA,NA,NA
"Tufted Duck","Aythya fuligula","tufduc","Anseriformes","Anatidae (Ducks, Geese, and Waterfowl)","Low","Uncertain","Uncertain","Large","24 hour","24 hour","Omnivore","No","No","No","Non-endemic","Wetland","Winter Migrant",NA,NA,NA,"Tufted Duck","Aythya fuligula","Tufted Duck","Aythya fuligula","Least Concern","Schedule-II","","Appendix II",3900,"X","X","X",785,0.12484076433121,0.265222929936306,0.398726114649682,13.0585987261146,0.429386752525921,15.7532280778826,23.287019589342,35.1723985586313,-6.23910419959039,-4.01394221425113,-1.78878022891188,49.0807329188321,59.6110873125064,72.5733400677374,45.464407306603,56.7895589406588,71.1579870444348,42.0958478135069,54.1140847300006,69.8422826064667,38.9684434514,51.5765673622275,68.6060868426569,36.0707986515025,49.1693843405483,67.4362718276082,33.3894194105717,46.8853587932648,66.3238421465351,30.910124933193,44.7177321476459,65.2623472629144
"Greater Scaup","Aythya marila","gresca","Anseriformes","Anatidae (Ducks, Geese, and Waterfowl)",NA,NA,NA,NA,"24 hour","24 hour","Invertebrate","No","No","No","Non-endemic","Wetland","Winter Migrant",NA,1,NA,"Greater Scaup","Aythya marila","Greater Scaup","Aythya marila","Least Concern","Schedule-II","","Appendix II",NA,"","","",10,NA,0.12,0.1,20.4,2.95376039049284,NA,NA,NA,NA,NA,NA,NA,NA,NA,NA,NA,NA,NA,NA,NA,NA,NA,NA,NA,NA,NA,NA,NA,NA,NA,NA,NA
"Long-tailed Duck","Clangula hyemalis","lotduc","Anseriformes","Anatidae (Ducks, Geese, and Waterfowl)",NA,NA,NA,NA,"No information","No information","Invertebrate","No","No","No","Non-endemic","Wetland","Winter Migrant",NA,1,NA,"Long-tailed Duck","Clangula hyemalis","Long-tailed Duck","Clangula hyemalis","Vulnerable","Schedule-II","","Appendix II",NA,"","","",2,NA,NA,NA,15.5,0.98,NA,NA,NA,NA,NA,NA,NA,NA,NA,NA,NA,NA,NA,NA,NA,NA,NA,NA,NA,NA,NA,NA,NA,NA,NA,NA,NA
"Common Goldeneye","Bucephala clangula","comgol","Anseriformes","Anatidae (Ducks, Geese, and Waterfowl)",NA,NA,NA,NA,"Diurnal","Diurnal","Invertebrate","No","No","No","Non-endemic","Wetland","Winter Migrant",NA,1,NA,"Common Goldeneye","Bucephala clangula","Common Goldeneye","Bucephala clangula","Least Concern","Schedule-II","","Appendix II",NA,"","","",5,0.2,0.222222222222222,NA,18.6,2.28573314277936,NA,NA,NA,NA,NA,NA,NA,NA,NA,NA,NA,NA,NA,NA,NA,NA,NA,NA,NA,NA,NA,NA,NA,NA,NA,NA,NA
"Smew","Mergellus albellus","smew","Anseriformes","Anatidae (Ducks, Geese, and Waterfowl)",NA,NA,NA,NA,"Diurnal","Diurnal","Invertebrate","No","No","No","Non-endemic","Wetland","Winter Migrant",NA,1,NA,"Smew","Mergellus albellus","Smew","Mergellus albellus","Least Concern","Schedule-II","","Appendix II",NA,"","","",3,0.333333333333333,0.380952380952381,NA,19.3333333333333,4.71125366660628,NA,NA,NA,NA,NA,NA,NA,NA,NA,NA,NA,NA,NA,NA,NA,NA,NA,NA,NA,NA,NA,NA,NA,NA,NA,NA,NA
"Common Merganser","Mergus merganser","commer","Anseriformes","Anatidae (Ducks, Geese, and Waterfowl)","Low","Data Deficient","Uncertain","Moderate","24 hour","24 hour","Vertebrate & Carrion","No","No","No","Non-endemic","Wetland","Winter Migrant & Localized Summer Migrant",NA,NA,NA,"Common Merganser","Mergus merganser","Goosander","Mergus merganser","Least Concern","Schedule-II","","Appendix II",50,"X","X","X",139,0.18705035971223,0.270503597122302,0.39568345323741,13.4892086330935,1.06981117743545,12.2838335173723,27.9781183541589,63.2336099770564,-10.0122336661344,-6.63501941447687,-3.25780516281936,24.4214363462115,37.1927519440951,57.2796029025922,20.9094565891504,33.8233598084779,55.52086419611,17.8960456654283,30.7894078396411,53.9725101493647,15.3189422868531,28.0550694089775,52.5935717771131,13.1188019117016,25.5885710042422,51.3568084175883,11.2419925937081,23.3617102898355,50.2431179175945,9.64134647582303,21.3494340941161,49.2384778129673
"Red-breasted Merganser","Mergus serrator","rebmer","Anseriformes","Anatidae (Ducks, Geese, and Waterfowl)",NA,NA,NA,NA,"24 hour","24 hour","Vertebrate & Carrion","No","No","No","Non-endemic","Wetland","Winter Migrant",NA,1,NA,"Red-breasted Merganser","Mergus serrator","Red-breasted Merganser","Mergus serrator","Least Concern","Schedule-II","","Appendix II",NA,"","","",NA,NA,NA,NA,NA,NA,NA,NA,NA,NA,NA,NA,NA,NA,NA,NA,NA,NA,NA,NA,NA,NA,NA,NA,NA,NA,NA,NA,NA,NA,NA,NA,NA
"White-headed Duck","Oxyura leucocephala","whhduc1","Anseriformes","Anatidae (Ducks, Geese, and Waterfowl)",NA,NA,NA,NA,"No information","No information","Plant & Seed","No","No","No","Non-endemic","Wetland","Winter Migrant",NA,1,NA,"White-headed Duck","Oxyura leucocephala","White-headed Duck","Oxyura leucocephala","Endangered","Schedule-I","Appendix II","Appendix I",NA,"","","",NA,NA,NA,NA,NA,NA,NA,NA,NA,NA,NA,NA,NA,NA,NA,NA,NA,NA,NA,NA,NA,NA,NA,NA,NA,NA,NA,NA,NA,NA,NA,NA,NA
"Nicobar Megapode","Megapodius nicobariensis","nicscr1","Galliformes","Megapodiidae (Megapodes)","High","Data Deficient","Data Deficient","Restricted","24 hour","24 hour","Invertebrate","Yes","Yes","No","Nicobar Islands","Forest","Resident",NA,NA,1,"Nicobar Megapode","Megapodius nicobariensis","Nicobar Scrubfowl","Megapodius nicobariensis","Vulnerable","Schedule-I","","",NA,"","","X",13,0.0769230769230769,0.259615384615385,0.230769230769231,4.15384615384615,1.85472710210267,NA,NA,NA,NA,NA,NA,NA,NA,NA,NA,NA,NA,NA,NA,NA,NA,NA,NA,NA,NA,NA,NA,NA,NA,NA,NA,NA
"Hill Partridge","Arborophila torqueola","hilpar1","Galliformes","Phasianidae (Pheasants, Grouse, and Allies)","Low","Data Deficient","Uncertain","Moderate","Diurnal","Diurnal","Plant & Seed","No","No","Yes","Himalayas","Forest","Resident",NA,NA,NA,"Hill Partridge","Arborophila torqueola","Hill Partridge","Arborophila torqueola","Least Concern","Schedule-II","","",NA,"X","X","X",177,0.107344632768362,0.346327683615819,0.564971751412429,12.2542372881356,0.918390038924339,60.4921496996566,109.674125884977,203.61161151861,-0.128543083014564,5.66572342978311,11.4599899425808,111.108647475826,144.059921473656,187.60669967148,112.224842200775,151.048340120189,204.477311333084,113.28935016515,158.426504155773,223.181838641451,114.335175073164,166.218197608242,243.869217854623,115.383806809358,174.44876705556,266.719796990758,116.449889548091,183.145230820521,291.942925389599,117.543853703731,192.336396209056,319.776845987222
"Chestnut-breasted Partridge","Arborophila mandellii","chbpar2","Galliformes","Phasianidae (Pheasants, Grouse, and Allies)","High","Data Deficient","Data Deficient","Restricted","Diurnal","Diurnal","Omnivore","No","Yes","Yes","Eastern Himalayas","Forest","Resident",NA,NA,NA,"Chestnut-breasted Partridge","Arborophila mandellii","Chestnut-breasted Partridge","Arborophila mandellii","Near Threatened","Schedule-I","","",NA,"","","X",13,0.0769230769230769,0.292307692307692,0.538461538461538,12.6153846153846,3.7171062529155,NA,NA,NA,NA,NA,NA,NA,NA,NA,NA,NA,NA,NA,NA,NA,NA,NA,NA,NA,NA,NA,NA,NA,NA,NA,NA,NA
"Rufous-throated Partridge","Arborophila rufogularis","rutpar1","Galliformes","Phasianidae (Pheasants, Grouse, and Allies)","Moderate","Data Deficient","Data Deficient","Moderate","Diurnal","Diurnal","Omnivore","No","No","No","Non-endemic","Forest","Resident",1,NA,NA,"Rufous-throated Partridge","Arborophila rufogularis","Rufous-throated Partridge","Arborophila rufogularis","Least Concern","Schedule-II","","",NA,"","","X",93,0.0645161290322581,0.225806451612903,0.408602150537634,12.6881720430108,1.45606813201968,NA,NA,NA,NA,NA,NA,NA,NA,NA,NA,NA,NA,NA,NA,NA,NA,NA,NA,NA,NA,NA,NA,NA,NA,NA,NA,NA
"White-cheeked Partridge","Arborophila atrogularis","whcpar1","Galliformes","Phasianidae (Pheasants, Grouse, and Allies)","Moderate","Data Deficient","Data Deficient","Restricted","Diurnal","Diurnal","Omnivore","No","No","Yes","Eastern Himalayas","Forest","Resident",NA,NA,NA,"White-cheeked Partridge","Arborophila atrogularis","White-cheeked Partridge","Arborophila atrogularis","Least Concern","Schedule-II","","",NA,"","","X",58,0.120689655172414,0.222413793103448,0.431034482758621,12.7931034482759,1.60884862567226,NA,NA,NA,NA,NA,NA,NA,NA,NA,NA,NA,NA,NA,NA,NA,NA,NA,NA,NA,NA,NA,NA,NA,NA,NA,NA,NA
"Snow Partridge","Lerwa lerwa","snopar1","Galliformes","Phasianidae (Pheasants, Grouse, and Allies)","Moderate","Data Deficient","Data Deficient","Restricted","Diurnal","Diurnal","Plant & Seed","No","No","No","Non-endemic","Alpine & Cold Desert","Resident & Altitudinal Migrant",NA,NA,NA,"Snow Partridge","Lerwa lerwa","Snow Partridge","Lerwa lerwa","Least Concern","Schedule-II","","",NA,"","","",26,0.153846153846154,0.25,0.307692307692308,11.9615384615385,1.89400001874496,NA,NA,NA,NA,NA,NA,NA,NA,NA,NA,NA,NA,NA,NA,NA,NA,NA,NA,NA,NA,NA,NA,NA,NA,NA,NA,NA
"Blood Pheasant","Ithaginis cruentus","blophe1","Galliformes","Phasianidae (Pheasants, Grouse, and Allies)","Moderate","Data Deficient","Data Deficient","Restricted","Diurnal","Diurnal","Plant & Seed","No","No","No","Non-endemic","Forest","Resident & Altitudinal Migrant",1,NA,NA,"Blood Pheasant","Ithaginis cruentus","Blood Pheasant","Ithaginis cruentus","Least Concern","Schedule-I","Appendix II","",NA,"X","X","X",15,0.2,0.373333333333333,0.6,12.4666666666667,2.74444440845704,1.68387134013962,18.6739612974406,204.992262424264,-30.5574365997536,-0.231285267826247,30.0948660641011,36.8722934423663,102.002744078313,305.455459644301,32.0069179847563,102.103620889243,361.540551370714,27.8429042747957,102.669607468897,432.801502675475,24.2996217643575,103.703535687452,523.426929732096,21.2907010381985,105.21370491838,639.097696183722,18.7352812806162,107.213926631374,787.492368705538,16.5619755426272,109.72366837762,979.012170114835
"Western Tragopan","Tragopan melanocephalus","westra1","Galliformes","Phasianidae (Pheasants, Grouse, and Allies)","High","Data Deficient","Data Deficient","Very Restricted","Diurnal","Diurnal","Plant & Seed","No","Yes","Yes","Western Himalayas","Forest","Resident & Altitudinal Migrant",NA,NA,NA,"Western Tragopan","Tragopan melanocephalus","Western Tragopan","Tragopan melanocephalus","Vulnerable","Schedule-I","Appendix I","",NA,"","","X",9,0.444444444444444,0.244444444444444,0.333333333333333,11.6666666666667,3.73887089313813,NA,NA,NA,NA,NA,NA,NA,NA,NA,NA,NA,NA,NA,NA,NA,NA,NA,NA,NA,NA,NA,NA,NA,NA,NA,NA,NA
"Satyr Tragopan","Tragopan satyra","sattra1","Galliformes","Phasianidae (Pheasants, Grouse, and Allies)","Moderate","Data Deficient","Data Deficient","Restricted","Diurnal","Diurnal","Plant & Seed","No","Yes","Yes","Indian Subcontinent","Forest","Resident & Altitudinal Migrant",NA,NA,NA,"Satyr Tragopan","Tragopan satyra","Satyr Tragopan","Tragopan satyra","Least Concern","Schedule-I","","",NA,"","X","X",19,0.105263157894737,0.378947368421053,0.526315789473684,15.4736842105263,3.00282218747065,NA,NA,NA,-81.8842969529321,2.90971564354592,87.7037282400239,104.260212346714,241.962696934163,592.322065155308,96.2106039725515,251.999557708578,708.579052554353,89.0036589314741,263.858715153628,857.502903133447,82.6250545598378,277.783070092681,1049.0925585394,77.0226377022379,294.071063853523,1297.20529042872,72.1308421880312,313.089029836484,1621.10741609169,67.8825465061743,335.286834261955,2047.76924304535
"Blyth's Tragopan","Tragopan blythii","blytra1","Galliformes","Phasianidae (Pheasants, Grouse, and Allies)","High","Data Deficient","Data Deficient","Restricted","Diurnal","Diurnal","Omnivore","No","No","Yes","Eastern Himalayas","Forest","Resident & Altitudinal Migrant",NA,NA,NA,"Blyth's Tragopan","Tragopan blythii","Blyth's Tragopan","Tragopan blythii","Vulnerable","Schedule-I","Appendix I","",NA,"","","X",11,0.0909090909090909,0.404040404040404,0.727272727272727,11.5454545454545,3.32584847808398,NA,NA,NA,NA,NA,NA,NA,NA,NA,NA,NA,NA,NA,NA,NA,NA,NA,NA,NA,NA,NA,NA,NA,NA,NA,NA,NA
"Temminck's Tragopan","Tragopan temminckii","temtra1","Galliformes","Phasianidae (Pheasants, Grouse, and Allies)",NA,NA,NA,NA,"Diurnal","Diurnal","Plant & Seed","No","No","No","Non-endemic","Forest","Resident",1,NA,NA,"Temminck's Tragopan","Tragopan temminckii","Temminck's Tragopan","Tragopan temminckii","Least Concern","Schedule-I","","",NA,"","","X",5,NA,0.4,0.4,8.8,6.08547648093393,NA,NA,NA,NA,NA,NA,NA,NA,NA,NA,NA,NA,NA,NA,NA,NA,NA,NA,NA,NA,NA,NA,NA,NA,NA,NA,NA
"Himalayan Monal","Lophophorus impejanus","himmon1","Galliformes","Phasianidae (Pheasants, Grouse, and Allies)","Low","Data Deficient","Uncertain","Moderate","Diurnal","Diurnal","Plant & Seed","No","No","Yes","Himalayas","Forest","Resident & Altitudinal Migrant",NA,NA,NA,"Himalayan Monal","Lophophorus impejanus","Himalayan Monal","Lophophorus impejanus","Least Concern","Schedule-I","Appendix I","",NA,"","X","X",125,0.104,0.2984,0.48,11.128,1.02050647777179,NA,NA,NA,-8.22451449661156,-1.50400363671071,5.21650722319014,56.1216270993749,85.8165042025323,132.696244150014,52.0608355787449,84.5804300737475,139.437992963054,48.2837387078564,83.4532126923973,146.957398779971,44.7933762603838,82.4307351549428,155.264524216193,41.5800136569716,81.5092660560194,164.393775994902,38.6278986905589,80.6854372208751,174.397245967437,35.9188052677118,79.9562235925937,185.341437443309
"Sclater's Monal","Lophophorus sclateri","sclmon1","Galliformes","Phasianidae (Pheasants, Grouse, and Allies)","High","Data Deficient","Data Deficient","Very Restricted","Diurnal","Diurnal","Plant & Seed","No","No","Yes","Eastern Himalayas","Alpine & Cold Desert","Resident & Altitudinal Migrant",NA,NA,NA,"Sclater's Monal","Lophophorus sclateri","Sclater's Monal","Lophophorus sclateri","Least Concern","Schedule-I","Appendix I","",NA,"","","X",5,NA,0.325,0.6,12.4,4.66298788332116,NA,NA,NA,NA,NA,NA,NA,NA,NA,NA,NA,NA,NA,NA,NA,NA,NA,NA,NA,NA,NA,NA,NA,NA,NA,NA,NA
"Koklass Pheasant","Pucrasia macrolopha","kokphe1","Galliformes","Phasianidae (Pheasants, Grouse, and Allies)","Moderate","Data Deficient","Data Deficient","Moderate","Diurnal","Diurnal","Omnivore","No","No","No","Non-endemic","Forest","Resident",1,NA,NA,"Koklass Pheasant","Pucrasia macrolopha","Koklass Pheasant","Pucrasia macrolopha","Least Concern","Schedule-II","","",NA,"","","X",106,0.169811320754717,0.330188679245283,0.5,12.7735849056604,1.1606028149333,NA,NA,NA,NA,NA,NA,NA,NA,NA,NA,NA,NA,NA,NA,NA,NA,NA,NA,NA,NA,NA,NA,NA,NA,NA,NA,NA
"Tibetan Partridge","Perdix hodgsoniae","tibpar1","Galliformes","Phasianidae (Pheasants, Grouse, and Allies)",NA,NA,NA,NA,"Diurnal","Diurnal","Omnivore","No","No","No","Non-endemic","Alpine & Cold Desert","Resident",NA,NA,NA,"Tibetan Partridge","Perdix hodgsoniae","Tibetan Partridge","Perdix hodgsoniae","Least Concern","Schedule-I","","",NA,"","","",35,0.0857142857142857,0.277142857142857,0.314285714285714,8.82857142857143,1.49784221269052,NA,NA,NA,NA,NA,NA,NA,NA,NA,NA,NA,NA,NA,NA,NA,NA,NA,NA,NA,NA,NA,NA,NA,NA,NA,NA,NA
"Mrs. Hume's Pheasant","Syrmaticus humiae","humphe1","Galliformes","Phasianidae (Pheasants, Grouse, and Allies)",NA,NA,NA,NA,"Diurnal","Diurnal","Plant & Seed","No","No","No","Non-endemic","Forest","Resident",NA,NA,NA,"Mrs. Hume's Pheasant","Syrmaticus humiae","Mrs Hume's Pheasant","Syrmaticus humiae","Vulnerable","Schedule-I","Appendix I","",NA,"","","",1,NA,NA,NA,11,NA,NA,NA,NA,NA,NA,NA,NA,NA,NA,NA,NA,NA,NA,NA,NA,NA,NA,NA,NA,NA,NA,NA,NA,NA,NA,NA,NA
"Cheer Pheasant","Catreus wallichii","chephe1","Galliformes","Phasianidae (Pheasants, Grouse, and Allies)","High","Data Deficient","Data Deficient","Restricted","Diurnal","Diurnal","Plant & Seed","No","Yes","Yes","Western Himalayas","Forest","Resident",NA,NA,NA,"Cheer Pheasant","Catreus wallichii","Cheer Pheasant","Catreus wallichii","Vulnerable","Schedule-I","Appendix I","",NA,"","","X",67,0.104477611940299,0.255223880597015,0.417910447761194,14.7313432835821,1.38095715913323,NA,NA,NA,NA,NA,NA,NA,NA,NA,NA,NA,NA,NA,NA,NA,NA,NA,NA,NA,NA,NA,NA,NA,NA,NA,NA,NA
"Kalij Pheasant","Lophura leucomelanos","kalphe","Galliformes","Phasianidae (Pheasants, Grouse, and Allies)","Low","Uncertain","Uncertain","Moderate","Diurnal","Diurnal","Omnivore","No","No","No","Non-endemic","Forest","Resident",NA,NA,NA,"Kalij Pheasant","Lophura leucomelanos","Kalij Pheasant","Lophura leucomelanos","Least Concern","Schedule-I","","",NA,"X","X","X",315,0.117460317460317,0.412698412698413,0.59047619047619,12.568253968254,0.665504372035759,113.262612771518,176.792192555399,275.3275363792,0.466467115114416,4.93855278564557,9.41063845617671,131.705316698468,160.653273860837,196.406909352742,133.543926826441,167.640923236558,211.067941188861,135.342812012582,174.970880106917,227.059089213586,137.131526064017,182.661395962627,244.458829421545,138.929531155067,190.731765439616,263.365362705647,140.750291558795,199.202389584804,283.893415412095,142.603579900697,208.094843163253,306.172913516554
"Indian Peafowl","Pavo cristatus","compea","Galliformes","Phasianidae (Pheasants, Grouse, and Allies)","Low","Strong Increase","Moderate Increase","Very Large","Diurnal","Diurnal","Plant & Seed","No","Yes","No","Indian Subcontinent","Non-specialized","Resident",NA,NA,NA,"Indian Peafowl","Pavo cristatus","Indian Peafowl","Pavo cristatus","Least Concern","Schedule-I","","",NA,"X","X","X",2976,0.0561155913978495,0.437298387096774,0.657594086021505,11.091061827957,0.245955222702901,292.73990108071,343.797193595757,399.693657036899,6.86222739818217,8.69565723368471,10.5290870691872,183.44388328802,197.737238084686,213.211446686191,193.503568693531,210.860910900139,229.870172092323,204.063442952663,224.860554592962,247.907975760571,215.164155890384,239.794965184912,267.421395109014,226.84398576993,255.726906845231,288.519665858286,239.140533656004,272.723381147783,311.323824402783,252.091728157777,290.85591469547,335.966562484843
"Green Peafowl","Pavo muticus","grepea1","Galliformes","Phasianidae (Pheasants, Grouse, and Allies)",NA,NA,NA,NA,"Diurnal","Diurnal","Invertebrate","No","No","No","Non-endemic","Forest","Uncertain",NA,1,NA,"Green Peafowl","Pavo muticus","Green Peafowl","Pavo muticus","Endangered","Schedule-I","Appendix II","",NA,"","","",NA,NA,NA,NA,NA,NA,NA,NA,NA,NA,NA,NA,NA,NA,NA,NA,NA,NA,NA,NA,NA,NA,NA,NA,NA,NA,NA,NA,NA,NA,NA,NA,NA
"Red Spurfowl","Galloperdix spadicea","redspu1","Galliformes","Phasianidae (Pheasants, Grouse, and Allies)","Low","Stable","Uncertain","Large","Diurnal","Diurnal","Omnivore","Yes","Yes","No","Mainland India","Forest","Resident",NA,NA,NA,"Red Spurfowl","Galloperdix spadicea","Red Spurfowl","Galloperdix spadicea","Least Concern","Schedule-II","","",NA,"X","X","X",506,0.106719367588933,0.423517786561265,0.592885375494071,17.50395256917,0.54878548226411,53.3442986589934,77.0998741236015,111.296267125274,-2.69514432342373,-0.549820310970393,1.59550370148295,84.5336447141851,98.2282173841164,114.290331750441,82.3024618567505,97.7359117231857,116.262258301243,80.0961889472296,97.2571783134269,118.353440094452,77.9296645166893,96.7918334256986,120.547911647796,75.8113225381197,96.3396986594182,122.836298624508,73.7458532277046,95.9006008332008,125.213154458819,71.7356822535273,95.4743718788191,127.675478895145
"Painted Spurfowl","Galloperdix lunulata","paispu1","Galliformes","Phasianidae (Pheasants, Grouse, and Allies)","Moderate","Uncertain","Moderate Decline","Moderate","Diurnal","Diurnal","Omnivore","Yes","Yes","No","Mainland India","Forest & Plantation","Resident",NA,NA,NA,"Painted Spurfowl","Galloperdix lunulata","Painted Spurfowl","Galloperdix lunulata","Least Concern","Schedule-II","","",NA,"X","X","X",338,0.0355029585798817,0.250887573964497,0.408284023668639,14.1360946745562,0.739385263470727,48.7848490786526,93.8780184730756,172.325081118781,-1.91453583350043,1.97147230464837,5.85748044279717,110.934423877558,137.762220576295,171.577931096535,109.67323989568,140.537297609874,180.778071879946,108.369938559327,143.406259525678,190.700846553185,107.053448750217,146.372663145061,201.35986506547,105.741645441517,149.440223960256,212.783278301184,104.445862027502,152.612823804821,225.009545069182,103.173415757489,155.894518927994,238.08521106957
"Gray Peacock-Pheasant","Polyplectron bicalcaratum","grypep2","Galliformes","Phasianidae (Pheasants, Grouse, and Allies)",NA,NA,NA,NA,"Diurnal","Diurnal","Omnivore","No","No","No","Non-endemic","Forest","Resident",1,NA,NA,"Grey Peacock-Pheasant","Polyplectron bicalcaratum","Grey Peacock-Pheasant","Polyplectron bicalcaratum","Least Concern","Schedule-I","Appendix II","",NA,"","","X",57,0.087719298245614,0.242105263157895,0.403508771929825,10.8771929824561,1.61610115667293,NA,NA,NA,NA,NA,NA,NA,NA,NA,NA,NA,NA,NA,NA,NA,NA,NA,NA,NA,NA,NA,NA,NA,NA,NA,NA,NA
"Mountain Bamboo-Partridge","Bambusicola fytchii","mobpar1","Galliformes","Phasianidae (Pheasants, Grouse, and Allies)","Moderate","Data Deficient","Data Deficient","Restricted","Diurnal","Diurnal","Omnivore","No","No","No","Non-endemic","Forest","Resident",NA,NA,NA,"Mountain Bamboo-Partridge","Bambusicola fytchii","Mountain Bamboo-partridge","Bambusicola fytchii","Least Concern","Schedule-I","","",NA,"","","",45,0.0222222222222222,0.233333333333333,0.422222222222222,8.68888888888889,1.4106585069109,NA,NA,NA,NA,NA,NA,NA,NA,NA,NA,NA,NA,NA,NA,NA,NA,NA,NA,NA,NA,NA,NA,NA,NA,NA,NA,NA
"Red Junglefowl","Gallus gallus","redjun","Galliformes","Phasianidae (Pheasants, Grouse, and Allies)","Low","Uncertain","Uncertain","Large","Diurnal","Diurnal","Omnivore","No","No","No","Non-endemic","Forest","Resident",NA,NA,NA,"Red Junglefowl","Gallus gallus","Red Junglefowl","Gallus gallus","Least Concern","Schedule-II","","",NA,"","","X",702,0.0698005698005698,0.312393162393162,0.5997150997151,11.2307692307692,0.459448451127663,NA,NA,NA,NA,NA,NA,NA,NA,NA,NA,NA,NA,NA,NA,NA,NA,NA,NA,NA,NA,NA,NA,NA,NA,NA,NA,NA
"Gray Junglefowl","Gallus sonneratii","grejun2","Galliformes","Phasianidae (Pheasants, Grouse, and Allies)","Low","Uncertain","Uncertain","Large","Diurnal","Diurnal","Omnivore","Yes","Yes","No","Mainland India","Forest","Resident",NA,NA,NA,"Grey Junglefowl","Gallus sonneratii","Grey Junglefowl","Gallus sonneratii","Least Concern","Schedule-I","Appendix II","",NA,"X","X","X",508,0.173228346456693,0.53996062992126,0.740157480314961,17.7283464566929,0.553510502741537,70.1486344338489,101.767999946145,149.337878060305,-0.858908357757154,2.9869271886003,6.83276273495774,106.075177310199,125.142291475665,147.909828274381,106.377208208161,128.525770859288,155.66244288017,106.640556908849,132.027179209438,163.963412710798,106.885624623486,135.651191233292,172.823353527003,107.125464830775,139.402689809112,182.262366197664,107.368768343181,143.286776199651,192.307204154568,107.621537533554,147.308780813622,202.989763285751
"Gray Francolin","Ortygornis pondicerianus","gryfra","Galliformes","Phasianidae (Pheasants, Grouse, and Allies)","Low","Stable","Uncertain","Very Large","Diurnal","Diurnal","Plant & Seed","No","No","No","Non-endemic","Open Habitat","Resident",NA,NA,NA,"Grey Francolin","Ortygornis pondicerianus","Grey Francolin","Ortygornis pondicerianus","Least Concern","Schedule-II","","",NA,"X","X","X",3119,0.0545046489259378,0.405482526450786,0.630009618467458,10.2657903174094,0.228854914729334,147.610524562053,177.274781950803,208.491881092866,2.39877789041969,3.88901291495929,5.3792479394989,136.093632920706,146.683752084272,158.152604346897,139.254409868576,151.729481602415,165.397117877025,142.453406816289,156.953066691967,173.02877748674,145.702633347023,162.360919869566,181.054617689175,149.010460551174,167.959689775156,189.48621352888,152.383111373225,173.756270040233,198.338234554884,155.825498910586,179.75780849546,207.627653076602
"Swamp Francolin","Ortygornis gularis","swafra1","Galliformes","Phasianidae (Pheasants, Grouse, and Allies)","High","Data Deficient","Data Deficient","Restricted","Diurnal","Diurnal","Plant & Seed","No","Yes","No","Indian Subcontinent","Wetland","Resident",NA,NA,NA,"Swamp Francolin","Ortygornis gularis","Swamp Francolin","Ortygornis gularis","Near Threatened","Schedule-I","","",NA,"","","X",70,0.142857142857143,0.304285714285714,0.671428571428571,14.1,1.16972723192266,NA,NA,NA,NA,NA,NA,NA,NA,NA,NA,NA,NA,NA,NA,NA,NA,NA,NA,NA,NA,NA,NA,NA,NA,NA,NA,NA
"Chinese Francolin","Francolinus pintadeanus","chifra1","Galliformes","Phasianidae (Pheasants, Grouse, and Allies)",NA,NA,NA,NA,"Diurnal","Diurnal","Plant & Seed","No","No","No","Non-endemic","Forest","Resident",NA,1,NA,"Chinese Francolin","Francolinus pintadeanus","Chinese Francolin","Francolinus pintadeanus","Least Concern","Schedule-II","","",NA,"","","",2,NA,0.5,0.5,4.5,2.94,NA,NA,NA,NA,NA,NA,NA,NA,NA,NA,NA,NA,NA,NA,NA,NA,NA,NA,NA,NA,NA,NA,NA,NA,NA,NA,NA
"Black Francolin","Francolinus francolinus","blkfra","Galliformes","Phasianidae (Pheasants, Grouse, and Allies)","Low","Uncertain","Uncertain","Large","Diurnal","Diurnal","Plant & Seed","No","No","No","Non-endemic","Open Habitat","Resident",1,NA,NA,"Black Francolin","Francolinus francolinus","Black Francolin","Francolinus francolinus","Least Concern","Schedule-II","","",NA,"X","X","X",580,0.0706896551724138,0.328620689655172,0.524137931034483,11.0827586206897,0.508640520885377,66.7679207846838,99.2400443494961,148.303298286567,-1.0020363693739,2.70261085255373,6.40725807448137,104.155810689925,123.94977394775,147.798717430718,104.090120389857,127.022844086218,155.412249636686,103.981816462868,130.198037003341,163.566931816557,103.852135855824,133.479150936057,172.27128452329,103.714543600861,136.870140193323,181.543646072208,103.577890892742,140.375122047023,191.409156687296,103.448185269097,143.998383946865,201.898141019762
"Painted Francolin","Francolinus pictus","paifra1","Galliformes","Phasianidae (Pheasants, Grouse, and Allies)","Low","Data Deficient","Uncertain","Large","Diurnal","Diurnal","Omnivore","No","Yes","No","Indian Subcontinent","Open Habitat","Resident",NA,NA,NA,"Painted Francolin","Francolinus pictus","Painted Francolin","Francolinus pictus","Least Concern","Schedule-II","","",NA,"","","X",666,0.0405405405405405,0.277627627627628,0.486486486486487,12.3843843843844,0.45953474526035,NA,NA,NA,NA,NA,NA,NA,NA,NA,NA,NA,NA,NA,NA,NA,NA,NA,NA,NA,NA,NA,NA,NA,NA,NA,NA,NA
"Tibetan Snowcock","Tetraogallus tibetanus","tibsno1","Galliformes","Phasianidae (Pheasants, Grouse, and Allies)",NA,NA,NA,NA,"Diurnal","Diurnal","Plant & Seed","No","No","No","Non-endemic","Alpine & Cold Desert","Resident",NA,NA,NA,"Tibetan Snowcock","Tetraogallus tibetanus","Tibetan Snowcock","Tetraogallus tibetanus","Least Concern","Schedule-I","Appendix I","",NA,"","","",33,0.121212121212121,0.209090909090909,0.242424242424242,9.18181818181818,1.52932185767176,NA,NA,NA,NA,NA,NA,NA,NA,NA,NA,NA,NA,NA,NA,NA,NA,NA,NA,NA,NA,NA,NA,NA,NA,NA,NA,NA
"Himalayan Snowcock","Tetraogallus himalayensis","himsno","Galliformes","Phasianidae (Pheasants, Grouse, and Allies)","Moderate","Data Deficient","Data Deficient","Moderate","Diurnal","Diurnal","Plant & Seed","No","No","Yes","Himalayas","Alpine & Cold Desert","Resident & Altitudinal Migrant",NA,NA,NA,"Himalayan Snowcock","Tetraogallus himalayensis","Himalayan Snowcock","Tetraogallus himalayensis","Least Concern","Schedule-II","","",NA,"","","X",86,0.127906976744186,0.208139534883721,0.22093023255814,8.23255813953488,0.891798847119748,NA,NA,NA,NA,NA,NA,NA,NA,NA,NA,NA,NA,NA,NA,NA,NA,NA,NA,NA,NA,NA,NA,NA,NA,NA,NA,NA
"Blue-breasted Quail","Synoicus chinensis","blbqua1","Galliformes","Phasianidae (Pheasants, Grouse, and Allies)",NA,NA,NA,NA,"24 hour","24 hour","Plant & Seed","No","No","No","Non-endemic","Wetland","Uncertain",NA,NA,NA,"Blue-breasted Quail","Synoicus chinensis","Asian Blue Quail","Synoicus chinensis","Least Concern","Schedule-II","","",NA,"","","",12,0.25,0.25,0.5,17.5,3.05648044771641,NA,NA,NA,NA,NA,NA,NA,NA,NA,NA,NA,NA,NA,NA,NA,NA,NA,NA,NA,NA,NA,NA,NA,NA,NA,NA,NA
"Common Quail","Coturnix coturnix","comqua1","Galliformes","Phasianidae (Pheasants, Grouse, and Allies)",NA,NA,NA,NA,"24 hour","Diurnal","Plant & Seed","No","No","No","Non-endemic","Open Habitat","Winter Migrant & Localized Summer Migrant",NA,NA,NA,"Common Quail","Coturnix coturnix","Common Quail","Coturnix coturnix","Least Concern","Schedule-II","","Appendix II",NA,"","","",145,0.0896551724137931,0.184137931034483,0.317241379310345,15.3241379310345,0.965222901495099,NA,NA,NA,NA,NA,NA,NA,NA,NA,NA,NA,NA,NA,NA,NA,NA,NA,NA,NA,NA,NA,NA,NA,NA,NA,NA,NA
"Japanese Quail","Coturnix japonica","japqua","Galliformes","Phasianidae (Pheasants, Grouse, and Allies)",NA,NA,NA,NA,"No information","No information","Plant & Seed","No","No","No","Non-endemic","Open Habitat","Uncertain",NA,1,NA,"Japanese Quail","Coturnix japonica","Japanese Quail","Coturnix japonica","Near Threatened","Schedule-II","","",NA,"","","",NA,NA,NA,NA,NA,NA,NA,NA,NA,NA,NA,NA,NA,NA,NA,NA,NA,NA,NA,NA,NA,NA,NA,NA,NA,NA,NA,NA,NA,NA,NA,NA,NA
"Rain Quail","Coturnix coromandelica","raiqua1","Galliformes","Phasianidae (Pheasants, Grouse, and Allies)","Moderate","Strong Decline","Strong Increase","Large","24 hour","Diurnal","Plant & Seed","No","No","No","Non-endemic","Open Habitat","Uncertain",NA,NA,NA,"Rain Quail","Coturnix coromandelica","Rain Quail","Coturnix coromandelica","Least Concern","Schedule-II","","",NA,"X","X","X",511,0.0626223091976517,0.223287671232877,0.365949119373777,14.6751467710372,0.557199995366469,16.4588676692144,27.0015271131391,44.6921100461001,-3.45162372559153,-0.014561286497549,3.42250115259644,111.07575838827,167.890806004914,255.1182831301,105.098361814261,168.661646852037,272.560175379574,99.3247579339446,169.491160326083,291.810236619813,93.8022127085439,170.380240775306,312.929971593133,88.551420810314,171.329850157203,336.02357944254,83.5781251707647,172.341019890507,361.227572941643,78.8795301913402,173.414852840738,388.705774683198
"Chukar","Alectoris chukar","chukar","Galliformes","Phasianidae (Pheasants, Grouse, and Allies)","Low","Data Deficient","Uncertain","Moderate","Diurnal","Diurnal","Plant & Seed","No","No","No","Non-endemic","Open Habitat","Resident & Altitudinal Migrant",NA,NA,NA,"Chukar Partridge","Alectoris chukar","Chukar","Alectoris chukar","Least Concern","Schedule-II","","",NA,"X","X","X",229,0.091703056768559,0.345414847161572,0.537117903930131,9.60698689956332,0.761467449065561,91.5025256226182,208.388071655258,429.372274507176,-5.8082685735406,2.15260818932881,10.1134849521982,106.715047981037,157.589894967348,235.235492104854,103.304692745159,161.31729780779,255.493832350624,99.9708505184064,165.285238092261,278.258748303424,96.7577633475145,169.507925089033,303.748204256873,93.6881984424336,174.000752637263,332.241265079967,90.7726798544691,178.780400319257,364.074307727925,88.0146063108414,183.86494451283,399.642241469167
"Jungle Bush-Quail","Perdicula asiatica","jubqua1","Galliformes","Phasianidae (Pheasants, Grouse, and Allies)","Moderate","Moderate Decline","Moderate Decline","Large","Diurnal","Diurnal","Plant & Seed","No","Yes","No","Indian Subcontinent","Grassland & Scrub","Resident",NA,NA,NA,"Jungle Bush-Quail","Perdicula asiatica","Jungle Bush-quail","Perdicula asiatica","Least Concern","Schedule-II","","",NA,"X","X","X",800,0.065,0.288875,0.43,15.15,0.44624629375869,41.4621157080737,58.2741341350115,79.5888089658198,-1.91929925072039,0.182321130737621,2.28394151219563,82.2666196849634,97.5898141159201,115.906818549292,80.4040422427605,97.7673684763618,119.068404844614,78.5427415671665,97.9544599361133,122.41055883832,76.6998928171658,98.1511387041777,125.918450087542,74.8857192730873,98.3574575823829,129.58445658922,73.1063553515332,98.5734719863804,133.405306596993,71.3654418187479,98.7992399677506,137.380488703637
"Rock Bush-Quail","Perdicula argoondah","robqua1","Galliformes","Phasianidae (Pheasants, Grouse, and Allies)","Low","Data Deficient","Uncertain","Large","Diurnal","Diurnal","Plant & Seed","Yes","Yes","No","Mainland India","Grassland & Scrub","Resident",NA,NA,NA,"Rock Bush-Quail","Perdicula argoondah","Rock Bush-quail","Perdicula argoondah","Least Concern","Schedule-II","","",NA,"","","X",431,0.0348027842227378,0.245243619489559,0.480278422273782,12.8863109048724,0.563440155146613,NA,NA,NA,NA,NA,NA,NA,NA,NA,NA,NA,NA,NA,NA,NA,NA,NA,NA,NA,NA,NA,NA,NA,NA,NA,NA,NA
"Painted Bush-Quail","Perdicula erythrorhyncha","pabqua1","Galliformes","Phasianidae (Pheasants, Grouse, and Allies)","Moderate","Data Deficient","Data Deficient","Restricted","Diurnal","Diurnal","Plant & Seed","Yes","Yes","No","Mainland India","Grassland & Scrub","Resident",NA,NA,NA,"Painted Bush-Quail","Perdicula erythrorhyncha","Painted Bush-quail","Perdicula erythrorhyncha","Least Concern","Schedule-II","","",NA,"","","X",73,0.136986301369863,0.304109589041096,0.356164383561644,22.6986301369863,0.669560168474255,NA,NA,NA,NA,NA,NA,NA,NA,NA,NA,NA,NA,NA,NA,NA,NA,NA,NA,NA,NA,NA,NA,NA,NA,NA,NA,NA
"Manipur Bush-Quail","Perdicula manipurensis","mabqua1","Galliformes","Phasianidae (Pheasants, Grouse, and Allies)","High","Data Deficient","Data Deficient","Data Deficient","Diurnal","Diurnal","Plant & Seed","Yes","Yes","No","Assam Plains","Grassland","Uncertain",NA,NA,NA,"Manipur Bush-Quail","Perdicula manipurensis","Manipur Bush-quail","Perdicula manipurensis","Critically Endangered","Schedule-I","","",NA,"","","X",NA,NA,NA,NA,NA,NA,NA,NA,NA,NA,NA,NA,NA,NA,NA,NA,NA,NA,NA,NA,NA,NA,NA,NA,NA,NA,NA,NA,NA,NA,NA,NA,NA
"Himalayan Quail","Ophrysia superciliosa","himqua1","Galliformes","Phasianidae (Pheasants, Grouse, and Allies)","High","Data Deficient","Data Deficient","Data Deficient","Diurnal","Diurnal","Plant & Seed","Yes","Yes","Yes","Western Himalayas","Grassland","Uncertain",NA,NA,NA,"Himalayan Quail","Ophrysia superciliosa","Himalayan Quail","Ophrysia superciliosa","Critically Endangered","Schedule-I","","",NA,"","","X",NA,NA,NA,NA,NA,NA,NA,NA,NA,NA,NA,NA,NA,NA,NA,NA,NA,NA,NA,NA,NA,NA,NA,NA,NA,NA,NA,NA,NA,NA,NA,NA,NA
"Greater Flamingo","Phoenicopterus roseus","grefla3","Phoenicopteriformes","Phoenicopteridae (Flamingos)","Low","Uncertain","Uncertain","Moderate","24 hour","24 hour","Omnivore","No","No","No","Non-endemic","Wetland","Within-India Migrant",NA,NA,NA,"Greater Flamingo","Phoenicopterus roseus","Greater Flamingo","Phoenicopterus roseus","Least Concern","Schedule-II","","Appendix II",NA,"X","X","X",576,0.123263888888889,0.313194444444444,0.376736111111111,12.5763888888889,0.532697075061288,24.5788457056954,34.3140915425338,49.8594402073895,-7.87721458396439,-6.33161349323948,-4.78601240251456,28.690820627914,48.5149581481257,82.2551374911823,24.2828697669362,44.3075116994831,81.1278633813036,20.5157754522041,40.4706223707805,80.1914737162506,17.313020313293,36.9711756317671,79.3910529833528,14.5990235666605,33.7790573883177,78.6921107453732,12.3041753797978,30.8668785208416,78.072048750788,10.3665735689734,28.2097250310874,77.5155025323736
"Lesser Flamingo","Phoeniconaias minor","lesfla1","Phoenicopteriformes","Phoenicopteridae (Flamingos)","Moderate","Data Deficient","Uncertain","Restricted","24 hour","24 hour","Plant & Seed","No","No","No","Non-endemic","Wetland","Within-India Migrant",NA,NA,NA,"Lesser Flamingo","Phoeniconaias minor","Lesser Flamingo","Phoeniconaias minor","Near Threatened","Schedule-II","","Appendix II",3900,"X","X","X",174,0.0977011494252874,0.322413793103448,0.448275862068966,13.6206896551724,0.960630874996199,29.561431076042,59.4511509760839,116.72218006402,-8.02811769735977,-4.84370444737317,-1.65929119738658,34.6989913638799,54.2544416396673,85.5219537032106,30.7187553791814,51.2243225436964,86.33109656895,27.1687938525008,48.3899402288472,87.364206767558,24.0184352159023,45.7374721344197,88.5826690168388,21.2310428979178,43.2541400476994,89.963864875256,18.7691987268747,40.9281268909613,91.4946668001997,16.5971367047029,38.7485004346509,93.1678713498923
"Little Grebe","Tachybaptus ruficollis","litgre1","Podicipediformes","Podicipedidae (Grebes)","Low","Stable","Strong Decline","Very Large","24 hour","Diurnal","Invertebrate","No","No","No","Non-endemic","Wetland","Resident",NA,NA,NA,"Little Grebe","Tachybaptus ruficollis","Little Grebe","Tachybaptus ruficollis","Least Concern","Schedule-II","","",10000,"X","X","X",2984,0.0733914209115281,0.378552278820375,0.542225201072386,11.3810321715818,0.238059306651355,71.7788372089955,82.2796258962546,94.674418250391,-2.18055775367551,-1.35096066686123,-0.52136358004695,76.1534787648826,84.0328088119662,92.7540007095579,73.9764217063328,82.804515899508,92.7210111139143,71.8367310306142,81.5955801148998,92.7246889187958,69.7427874730379,80.4056775163492,92.7543938267449,67.6991495580664,79.2344898646828,92.8033811480989,65.708146757024,78.0817045184853,92.8672062295161,63.7707635009182,76.9470143312417,92.9428381085658
"Horned Grebe","Podiceps auritus","horgre","Podicipediformes","Podicipedidae (Grebes)",NA,NA,NA,NA,"Diurnal","24 hour","Vertebrate & Carrion","No","No","No","Non-endemic","Wetland","Uncertain",NA,1,NA,"Horned Grebe","Podiceps auritus","Horned Grebe","Podiceps auritus","Vulnerable","Schedule-II","","Appendix II",NA,"","","",NA,NA,NA,NA,NA,NA,NA,NA,NA,NA,NA,NA,NA,NA,NA,NA,NA,NA,NA,NA,NA,NA,NA,NA,NA,NA,NA,NA,NA,NA,NA,NA,NA
"Red-necked Grebe","Podiceps grisegena","rengre","Podicipediformes","Podicipedidae (Grebes)",NA,NA,NA,NA,"24 hour","24 hour","Omnivore","No","No","No","Non-endemic","Wetland","Uncertain",NA,1,NA,"Red-necked Grebe","Podiceps grisegena","Red-necked Grebe","Podiceps grisegena","Least Concern","Schedule-II","","Appendix II",NA,"","","",2,NA,NA,NA,15,15.68,NA,NA,NA,NA,NA,NA,NA,NA,NA,NA,NA,NA,NA,NA,NA,NA,NA,NA,NA,NA,NA,NA,NA,NA,NA,NA,NA
"Great Crested Grebe","Podiceps cristatus","grcgre1","Podicipediformes","Podicipedidae (Grebes)","Low","Uncertain","Uncertain","Moderate","Diurnal","24 hour","Vertebrate & Carrion","No","No","No","Non-endemic","Wetland","Resident & Winter Migrant",NA,NA,NA,"Great Crested Grebe","Podiceps cristatus","Great Crested Grebe","Podiceps cristatus","Least Concern","Schedule-II","","",250,"X","X","X",464,0.0905172413793103,0.272413793103448,0.385775862068966,13.0258620689655,0.555968186659864,24.1436893385903,36.2423345774765,53.6883531728658,-4.89673871439599,-2.71118581789091,-0.525632921385821,70.82668376425,85.9343003343958,104.507648004544,66.7904547560414,83.340611801784,104.310222548509,62.9515144221668,80.8402490647672,104.218764196565,59.3157688876941,78.429498576548,104.209522273177,55.8815681749028,76.1048072425491,104.267555977947,52.643233741719,73.86277501713,104.383120526294,49.5929781155963,71.7001478612171,104.549667536024
"Eared Grebe","Podiceps nigricollis","eargre","Podicipediformes","Podicipedidae (Grebes)",NA,NA,NA,NA,"24 hour","24 hour","Invertebrate","No","No","No","Non-endemic","Wetland","Winter Migrant & Localized Summer Migrant",NA,NA,NA,"Black-necked Grebe","Podiceps nigricollis","Black-necked Grebe","Podiceps nigricollis","Least Concern","Schedule-II","","",NA,"","","",42,0.166666666666667,0.169047619047619,0.238095238095238,14.4761904761905,1.89311346484724,NA,NA,NA,NA,NA,NA,NA,NA,NA,NA,NA,NA,NA,NA,NA,NA,NA,NA,NA,NA,NA,NA,NA,NA,NA,NA,NA
"Rock Pigeon","Columba livia","rocpig","Columbiformes","Columbidae (Pigeons and Doves)","Low","Strong Increase","Strong Increase","Very Large","Diurnal","Diurnal","Plant & Seed","No","No","No","Non-endemic","Non-specialized","Resident",NA,NA,NA,"Rock Pigeon","Columba livia","Rock Dove","Columba livia","Least Concern","Not scheduled","","",NA,"X","X","X",4391,0.065360965611478,0.465520382600774,0.682076975631974,9.79002505124117,0.194786016479966,245.454815286129,269.932134020302,296.543866247017,1.37993100205248,2.0762385725669,2.77254614308131,118.347567106353,126.241830570139,134.680474103067,119.558432153383,128.734607634268,138.639092741686,120.753508071874,131.277581273104,142.750465997401,121.941244808005,133.871781435686,147.010198815218,123.127076578373,136.518259589741,151.417037775395,124.314645784047,139.218089179242,155.971651186959,125.506488538196,141.972366091847,160.675947697343
"Hill Pigeon","Columba rupestris","hilpig1","Columbiformes","Columbidae (Pigeons and Doves)","Low","Data Deficient","Uncertain","Moderate","Diurnal","Diurnal","Plant & Seed","No","No","No","Non-endemic","Alpine & Cold Desert","Resident",NA,NA,NA,"Hill Pigeon","Columba rupestris","Hill Pigeon","Columba rupestris","Least Concern","Schedule-II","","",NA,"","","X",126,0.214285714285714,0.435714285714286,0.658730158730159,6.73809523809524,0.713704078110186,NA,NA,NA,NA,NA,NA,NA,NA,NA,NA,NA,NA,NA,NA,NA,NA,NA,NA,NA,NA,NA,NA,NA,NA,NA,NA,NA
"Snow Pigeon","Columba leuconota","snopig1","Columbiformes","Columbidae (Pigeons and Doves)","Low","Data Deficient","Uncertain","Moderate","Diurnal","Diurnal","Plant & Seed","No","No","No","Non-endemic","Alpine & Cold Desert","Resident & Altitudinal Migrant",NA,NA,NA,"Snow Pigeon","Columba leuconota","Snow Pigeon","Columba leuconota","Least Concern","Schedule-II","","",NA,"X","X","X",195,0.112820512820513,0.293846153846154,0.466666666666667,9.87179487179487,0.777561653346631,23.8330268569328,48.5473867343678,96.758103969451,-7.15598338432701,-2.27028575183254,2.61541188066192,63.2168355314498,90.2066821763213,129.747266547654,58.714357502609,88.1832039709332,133.832505410696,54.5124049321657,86.276020618982,138.382432602793,50.6137276766869,84.4795304157156,143.375234550174,47.0088686389372,82.7885171800612,148.807511131301,43.6824772767268,81.1981257046981,154.687686165689,40.6166539635907,79.703839092104,161.032454705706
"Yellow-eyed Pigeon","Columba eversmanni","pabpig1","Columbiformes","Columbidae (Pigeons and Doves)","High","Data Deficient","Data Deficient","Restricted","Diurnal","Diurnal","Plant & Seed","No","No","No","Non-endemic","Open Habitat","Winter Migrant",1,NA,NA,"Yellow-eyed Pigeon","Columba eversmanni","Yellow-eyed Pigeon","Columba eversmanni","Vulnerable","Schedule-I","","",NA,"","","X",23,NA,0.273913043478261,0.478260869565217,11.6521739130435,2.46327713622952,NA,NA,NA,NA,NA,NA,NA,NA,NA,NA,NA,NA,NA,NA,NA,NA,NA,NA,NA,NA,NA,NA,NA,NA,NA,NA,NA
"Common Wood-Pigeon","Columba palumbus","cowpig1","Columbiformes","Columbidae (Pigeons and Doves)",NA,NA,NA,NA,"Diurnal","Diurnal","Plant & Seed","No","No","No","Non-endemic","Non-specialized","Local Migrant & Winter Migrant",1,NA,NA,"Common Wood-Pigeon","Columba palumbus","Common Woodpigeon","Columba palumbus","Least Concern","Schedule-II","","",NA,"","","X",61,0.0819672131147541,0.204918032786885,0.229508196721311,16.1967213114754,1.43856426081398,NA,NA,NA,NA,NA,NA,NA,NA,NA,NA,NA,NA,NA,NA,NA,NA,NA,NA,NA,NA,NA,NA,NA,NA,NA,NA,NA
"Speckled Wood-Pigeon","Columba hodgsonii","spwpig1","Columbiformes","Columbidae (Pigeons and Doves)","Low","Data Deficient","Uncertain","Moderate","Diurnal","Diurnal","Fruit & Nect","No","No","No","Non-endemic","Forest","Resident",NA,NA,NA,"Speckled Wood-Pigeon","Columba hodgsonii","Speckled Woodpigeon","Columba hodgsonii","Least Concern","Schedule-II","","",NA,"","X","X",116,0.112068965517241,0.258620689655172,0.362068965517241,12.1293103448276,1.14254655932772,NA,NA,NA,-8.12752754053823,-3.4702728758678,1.18698178880263,42.8886275029296,63.0971154407884,93.6867226019328,39.0021588652732,60.6440079757662,95.4408820951006,35.4560069196534,58.3389150715156,97.4825458068531,32.2360537052074,56.1720401713976,99.7831270321899,29.3203422829982,54.1343326552558,102.329018605522,26.6841251724884,52.2174272436529,105.115812640193,24.3023954623272,50.4135887232609,108.145149585469
"Ashy Wood-Pigeon","Columba pulchricollis","aswpig1","Columbiformes","Columbidae (Pigeons and Doves)","Moderate","Data Deficient","Data Deficient","Restricted","Diurnal","Diurnal","Fruit & Nect","No","No","No","Non-endemic","Forest","Resident & Altitudinal Migrant",1,NA,NA,"Ashy Wood-Pigeon","Columba pulchricollis","Ashy Woodpigeon","Columba pulchricollis","Least Concern","Schedule-II","","",NA,"","","X",44,0.0681818181818182,0.259090909090909,0.227272727272727,14.2954545454545,1.9166105956306,NA,NA,NA,NA,NA,NA,NA,NA,NA,NA,NA,NA,NA,NA,NA,NA,NA,NA,NA,NA,NA,NA,NA,NA,NA,NA,NA
"Nilgiri Wood-Pigeon","Columba elphinstonii","niwpig1","Columbiformes","Columbidae (Pigeons and Doves)","Moderate","Uncertain","Uncertain","Moderate","Diurnal","Diurnal","Fruit & Nect","Yes","Yes","No","Western Ghats","Forest","Resident & Local Migrant",NA,NA,NA,"Nilgiri Wood-Pigeon","Columba elphinstonii","Nilgiri Woodpigeon","Columba elphinstonii","Least Concern","Schedule-I","","",NA,"X","X","X",173,0.15028901734104,0.383815028901734,0.554913294797688,20.7109826589595,0.70917454626673,33.0873510798181,61.7888077141181,121.281612713338,-5.67746344525473,-1.66293717207098,2.35158910111277,67.2720731507187,89.0423490468524,118.46548498343,63.546529047307,87.5778926454476,121.514057551398,60.0002275191942,86.1810233447538,124.856659953649,56.6448123892429,84.8492308874046,128.470956946869,53.4815160501599,83.5801431875081,132.347522924143,50.5059974643153,82.3715192380807,136.4849064408,47.7109724023017,81.2212424619582,140.886920904791
"Pale-capped Pigeon","Columba punicea","pacpig1","Columbiformes","Columbidae (Pigeons and Doves)","High","Data Deficient","Data Deficient","Restricted","Diurnal","Diurnal","Plant & Seed","No","No","No","Non-endemic","Forest & Plantation","Resident",1,NA,NA,"Pale-capped Pigeon","Columba punicea","Pale-capped Pigeon","Columba punicea","Vulnerable","Schedule-I","","",NA,"","","X",38,0.131578947368421,0.218421052631579,0.289473684210526,13.5526315789474,1.9244042548717,NA,NA,NA,NA,NA,NA,NA,NA,NA,NA,NA,NA,NA,NA,NA,NA,NA,NA,NA,NA,NA,NA,NA,NA,NA,NA,NA
"Andaman Wood-Pigeon","Columba palumboides","anwpig1","Columbiformes","Columbidae (Pigeons and Doves)","Moderate","Data Deficient","Data Deficient","Restricted","Diurnal","Diurnal","Fruit & Nect","Yes","Yes","No","Andaman and Nicobar Islands","Forest","Resident",NA,NA,1,"Andaman Wood-Pigeon","Columba palumboides","Andaman Woodpigeon","Columba palumboides","Near Threatened","Schedule-II","","",NA,"X","X","X",29,0.0689655172413793,0.337931034482759,0.482758620689655,7.31034482758621,1.6596508378831,9.20647403764936,33.3198526620928,132.731877047584,-11.5598609801411,-6.22838339810672,-0.896905816072361,21.4191402867547,36.3810405699968,62.8994778311749,18.5381328088306,33.9307846847274,63.5660424751565,16.0463013988454,31.6918675713126,64.4806122225738,13.8997546381425,29.644180468733,65.6122241163243,12.0542659227616,27.7697144156352,66.9449081656996,10.4687503809793,26.0523272374023,68.4718484004736,9.10650818710242,24.4775379051244,70.1922293921161
"European Turtle-Dove","Streptopelia turtur","eutdov","Columbiformes","Columbidae (Pigeons and Doves)",NA,NA,NA,NA,"Diurnal","Diurnal","Omnivore","No","No","No","Non-endemic","Non-specialized","Uncertain",NA,1,NA,"European Turtle-Dove","Streptopelia turtur","European Turtle-dove","Streptopelia turtur","Vulnerable","Schedule-II","","",NA,"","","",1,1,NA,NA,15,NA,NA,NA,NA,NA,NA,NA,NA,NA,NA,NA,NA,NA,NA,NA,NA,NA,NA,NA,NA,NA,NA,NA,NA,NA,NA,NA,NA
"Oriental Turtle-Dove","Streptopelia orientalis","ortdov","Columbiformes","Columbidae (Pigeons and Doves)","Low","Stable","Uncertain","Moderate","Diurnal","Diurnal","Plant & Seed","No","No","No","Non-endemic","Non-specialized","Within-India Migrant",NA,NA,NA,"Oriental Turtle-Dove","Streptopelia orientalis","Oriental Turtle-dove","Streptopelia orientalis","Least Concern","Schedule-II","","",NA,"X","X","X",1435,0.0989547038327526,0.337282229965157,0.498257839721254,12.8578397212544,0.349313111239542,72.1423896996599,97.5799605611838,134.59345164905,-1.68408124635675,0.829355689499483,3.34279262535572,90.1470388175802,104.685602748071,121.737887026171,88.9372403536557,105.53798101299,125.46592104532,87.7076381494877,106.410300826097,129.402295545963,86.4745986070303,107.302938076286,133.536078394889,85.2481970708671,108.216278772066,137.862959012393,84.0347908925008,109.150719295802,142.382688983546,82.8384558194742,110.106666665509,147.097660167254
"Eurasian Collared-Dove","Streptopelia decaocto","eucdov","Columbiformes","Columbidae (Pigeons and Doves)","Low","Stable","Uncertain","Very Large","Diurnal","Diurnal","Plant & Seed","No","No","No","Non-endemic","Non-specialized","Resident",NA,NA,NA,"Eurasian Collared-Dove","Streptopelia decaocto","Eurasian Collared-dove","Streptopelia decaocto","Least Concern","Schedule-II","","",NA,"X","X","X",3622,0.0726118166758697,0.402181115405853,0.63776918829376,10.0057979017118,0.21143941188244,137.143375810415,164.515516521274,193.651202862244,2.07424030477429,3.76155047454777,5.44886064432125,128.322842194755,138.105176258024,148.686018193627,131.13117776892,142.638381972501,155.227669205577,133.969678351385,147.325610791238,162.109480151178,136.849378462056,152.172263772407,169.336576751213,139.777912155768,157.183936950031,176.918234611615,142.760904373553,162.366428563744,184.866524088661,145.802753184589,167.725746563384,193.195566068303
"Red Collared-Dove","Streptopelia tranquebarica","recdov1","Columbiformes","Columbidae (Pigeons and Doves)","Moderate","Moderate Decline","Uncertain","Very Large","Diurnal","Diurnal","Plant & Seed","No","No","No","Non-endemic","Non-specialized","Resident & Local Migrant",NA,NA,NA,"Red Collared-Dove","Streptopelia tranquebarica","Red Collared-dove","Streptopelia tranquebarica","Least Concern","Schedule-II","","",NA,"","","X",2170,0.0474654377880184,0.296589861751152,0.506451612903226,11.6760368663594,0.269012932968271,NA,NA,NA,NA,NA,NA,NA,NA,NA,NA,NA,NA,NA,NA,NA,NA,NA,NA,NA,NA,NA,NA,NA,NA,NA,NA,NA
"Spotted Dove","Spilopelia chinensis","spodov","Columbiformes","Columbidae (Pigeons and Doves)","Low","Stable","Stable","Very Large","Diurnal","Diurnal","Plant & Seed","No","No","No","Non-endemic","Non-specialized","Resident",NA,NA,NA,"Spotted Dove","Spilopelia chinensis","Eastern Spotted Dove","Spilopelia chinensis","Least Concern","Schedule-II","","",NA,"X","X","X",3704,0.0955723542116631,0.473623110151188,0.694654427645788,10.2786177105832,0.21640259721171,150.441321411226,173.77985869045,201.610946005219,1.56024212045249,3.00780067435966,4.45535922826683,122.072374301094,130.972621570081,140.56465745854,124.097732361648,134.510455057718,145.855234157411,126.127909753029,138.147874692936,151.390690588504,128.172569014362,141.887787787798,157.17083143868,130.238134939511,145.733189335772,163.199080339391,132.329111392042,149.687164734499,169.481179008057,134.448820264926,153.75289259538,176.024464931924
"Laughing Dove","Spilopelia senegalensis","laudov1","Columbiformes","Columbidae (Pigeons and Doves)","Low","Stable","Uncertain","Very Large","Diurnal","Diurnal","Plant & Seed","No","No","No","Non-endemic","Non-specialized","Resident",NA,NA,NA,"Laughing Dove","Spilopelia senegalensis","Laughing Dove","Spilopelia senegalensis","Least Concern","Schedule-II","","",NA,"X","X","X",3459,0.066493206128939,0.429430471234461,0.646429603931772,9.71639202081526,0.216193554040436,125.778317332733,147.034699371516,174.332681953105,0.561107750280728,1.94006969769561,3.31903164511048,117.115488292912,130.091421035136,144.573393968784,117.526386286751,132.551108897019,149.589384837659,117.897071418032,135.061521645288,154.847571141827,118.241642896664,137.623781165544,160.341536779365,118.569099797797,140.239035668302,166.070273662671,118.885410810879,142.908460339149,172.036124650748,119.194673209067,145.633258005686,178.243637797996
"Barred Cuckoo-Dove","Macropygia unchall","bacdov1","Columbiformes","Columbidae (Pigeons and Doves)","Low","Data Deficient","Uncertain","Moderate","Diurnal","Diurnal","Plant & Seed","No","No","No","Non-endemic","Forest","Resident",NA,NA,NA,"Barred Cuckoo-Dove","Macropygia unchall","Barred Cuckoo-Dove","Macropygia unchall","Least Concern","Schedule-II","","",NA,"","X","X",135,0.103703703703704,0.317037037037037,0.518518518518518,11.4666666666667,1.03881216342994,NA,NA,NA,-5.13415608654828,0.0211456421476741,5.17644737084363,71.4305093793212,96.8602552758018,132.073842487187,68.4815884738345,96.9936176035385,138.378411341916,65.6258831725636,97.1773389427585,145.237866813804,62.884366610067,97.4115817431101,152.649292440572,60.2662864986606,97.6965793396631,160.625103093979,57.7742997125041,98.0326361533037,169.188040040066,55.4073014442266,98.4201280386215,178.368497945886
"Andaman Cuckoo-Dove","Macropygia rufipennis","ancdov1","Columbiformes","Columbidae (Pigeons and Doves)","Moderate","Data Deficient","Data Deficient","Restricted","Diurnal","Diurnal","Fruit & Nect","Yes","Yes","No","Andaman and Nicobar Islands","Forest","Resident",NA,NA,1,"Andaman Cuckoo-Dove","Macropygia rufipennis","Andaman Cuckoo-Dove","Macropygia rufipennis","Least Concern","Schedule-II","","",NA,"","","X",32,0.0625,0.4,0.53125,7,1.65349385710497,NA,NA,NA,NA,NA,NA,NA,NA,NA,NA,NA,NA,NA,NA,NA,NA,NA,NA,NA,NA,NA,NA,NA,NA,NA,NA,NA
"Namaqua Dove","Oena capensis","namdov1","Columbiformes","Columbidae (Pigeons and Doves)",NA,NA,NA,NA,"Diurnal","Diurnal","Plant & Seed","No","No","No","Non-endemic","Open Habitat","Winter Migrant",NA,NA,NA,"Namaqua Dove","Oena capensis","Namaqua Dove","Oena capensis","Least Concern","Schedule-II","","",NA,"","","",4,NA,0.6,1,17.5,5.33777731520028,NA,NA,NA,NA,NA,NA,NA,NA,NA,NA,NA,NA,NA,NA,NA,NA,NA,NA,NA,NA,NA,NA,NA,NA,NA,NA,NA
"Asian Emerald Dove","Chalcophaps indica","emedov2","Columbiformes","Columbidae (Pigeons and Doves)","Low","Stable","Uncertain","Large","Diurnal","Diurnal","Omnivore","No","No","No","Non-endemic","Forest","Resident",NA,NA,NA,"Asian Emerald Dove","Chalcophaps indica","Grey-capped Emerald Dove","Chalcophaps indica","Least Concern","Schedule-II","","",NA,"X","X","X",884,0.111990950226244,0.382239819004525,0.557692307692308,14.0927601809955,0.476178711196798,55.9215066349608,77.8459185130348,106.672854155563,-2.99662222681562,-0.637518021826972,1.72158618316167,75.3617455819773,87.7703560471671,102.361381379788,73.2749308639062,87.2414337018891,104.055860184838,71.216727767907,86.7271769715175,105.85731336649,69.20032407787,86.2273641601012,107.751121247372,67.2330717141229,85.7417803933134,109.728693624013,65.3189200148314,85.2702174702592,111.785033011225,63.4597675872844,84.8124737202941,113.917379686048
"Nicobar Pigeon","Caloenas nicobarica","nicpig1","Columbiformes","Columbidae (Pigeons and Doves)",NA,NA,NA,NA,"Diurnal","Diurnal","Omnivore","No","No","No","Non-endemic","Forest","Resident",1,NA,1,"Nicobar Pigeon","Caloenas nicobarica","Nicobar Pigeon","Caloenas nicobarica","Near Threatened","Schedule-I","Appendix I","",NA,"","","X",24,0.125,0.25462962962963,0.25,5.70833333333333,1.94029801859564,NA,NA,NA,NA,NA,NA,NA,NA,NA,NA,NA,NA,NA,NA,NA,NA,NA,NA,NA,NA,NA,NA,NA,NA,NA,NA,NA
"Orange-breasted Green-Pigeon","Treron bicinctus","orbpig1","Columbiformes","Columbidae (Pigeons and Doves)","Low","Data Deficient","Uncertain","Moderate","Diurnal","Diurnal","Fruit & Nect","No","No","No","Non-endemic","Forest & Plantation","Local Migrant",NA,NA,NA,"Orange-breasted Green-Pigeon","Treron bicinctus","Orange-breasted Green-pigeon","Treron bicinctus","Least Concern","Schedule-II","","",NA,"","X","X",187,0.0481283422459893,0.252941176470588,0.315508021390374,16.524064171123,0.970096522757201,NA,NA,NA,-5.79434350751648,-0.524131508682781,4.74608049015091,85.0205520725638,120.32446030116,171.694515943381,80.6930789839878,120.0593249829,180.571535379434,76.5516668947478,119.882788121435,190.354960526155,72.6198539618102,119.794512700292,201.06025815434,68.9049413969449,119.794354701286,212.728135021087,65.4053705360071,119.882362072349,225.417677407553,62.1147537379693,120.058774381971,239.202943339566
"Gray-fronted Green-Pigeon","Treron affinis","pomgrp2","Columbiformes","Columbidae (Pigeons and Doves)","Low","Uncertain","Uncertain","Moderate","Diurnal","Diurnal","Fruit & Nect","Yes","Yes","No","Western Ghats","Forest","Resident",NA,NA,NA,"Grey-fronted Green-Pigeon","Treron affinis","Grey-fronted Green-pigeon","Treron affinis","Least Concern","Schedule-II","","",NA,"X","X","X",276,0.166666666666667,0.58695652173913,0.688405797101449,19.4492753623188,0.694306906536568,54.6277952119088,104.117602308246,198.123890018026,-3.06768285426311,3.56907458190412,10.2058320180714,106.850385788602,141.066841136768,187.134294970933,106.007294256202,145.665749820589,201.419740111142,105.129393192601,150.497565551838,217.17311794421,104.251508317128,155.575606793816,234.490191066271,103.395057752596,160.91408842506,253.494581636631,102.573550354232,166.528188654907,274.333887165874,101.795667906011,172.434121474368,297.178409620688
"Andaman Green-Pigeon","Treron chloropterus","pomgrp4","Columbiformes","Columbidae (Pigeons and Doves)","High","Data Deficient","Strong Decline","Restricted","Diurnal","Diurnal","Fruit & Nect","No","No","No","Andaman and Nicobar Islands","Forest","Resident",NA,NA,1,"Andaman Green-Pigeon","Treron chloropterus","Andaman Green-pigeon","Treron chloropterus","Near Threatened","Schedule-I","","",NA,"","","X",40,0.1,0.4275,0.6,6.175,1.4533842998591,NA,NA,NA,NA,NA,NA,NA,NA,NA,NA,NA,NA,NA,NA,NA,NA,NA,NA,NA,NA,NA,NA,NA,NA,NA,NA,NA
"Ashy-headed Green-Pigeon","Treron phayrei","pomgrp5","Columbiformes","Columbidae (Pigeons and Doves)",NA,NA,NA,NA,"Diurnal","Diurnal","Fruit & Nect","No","No","No","Non-endemic","Forest","Resident",1,NA,NA,"Ashy-headed Green-Pigeon","Treron phayrei","Ashy-headed Green-pigeon","Treron phayrei","Near Threatened","Schedule-II","","",NA,"","X","X",122,0.0163934426229508,0.220491803278689,0.327868852459016,13.0573770491803,1.12305748422658,NA,NA,NA,-7.84307180121674,-2.2236392939391,3.39579321333854,55.8090234704644,87.2126280972475,138.09877362219,51.3227828457029,85.4940872373408,144.912374232211,47.183199378077,83.9003761300168,152.54615399799,43.3876339408115,82.4254544440849,161.00771508808,39.9202082237769,81.0637862860512,170.331251266538,36.7591566235213,79.8103040679939,180.570150980555,33.8806365328522,78.6603758204343,191.793347456508
"Thick-billed Green-Pigeon","Treron curvirostra","thbpig1","Columbiformes","Columbidae (Pigeons and Doves)",NA,NA,NA,NA,"Diurnal","Diurnal","Fruit & Nect","No","No","No","Non-endemic","Forest","Resident",NA,NA,NA,"Thick-billed Green-Pigeon","Treron curvirostra","Thick-billed Green-pigeon","Treron curvirostra","Least Concern","Schedule-II","","",NA,"","X","X",121,0.0826446280991736,0.256198347107438,0.380165289256198,13.0082644628099,1.13801698666193,NA,NA,NA,-5.57621329769425,2.08732384880923,9.75086099531271,108.08814047617,162.645424095278,247.221434115202,104.604927737379,166.938349402256,269.958188055502,101.191091321763,171.50733812551,295.622760364154,97.8939290164835,176.368735577932,324.49027841704,94.7379620723364,181.540214137256,356.907255969615,91.7347012975982,187.040879312171,393.288551970292,88.8880646298388,192.891385921453,434.11975906136
"Yellow-footed Green-Pigeon","Treron phoenicopterus","yefpig1","Columbiformes","Columbidae (Pigeons and Doves)","Low","Moderate Increase","Uncertain","Very Large","Diurnal","Diurnal","Fruit & Nect","No","No","No","Non-endemic","Non-specialized","Resident",NA,NA,NA,"Yellow-footed Green-Pigeon","Treron phoenicopterus","Yellow-footed Green-pigeon","Treron phoenicopterus","Least Concern","Schedule-II","","",NA,"X","X","X",2413,0.0443431413178616,0.349772067965189,0.55781185246581,11.4388727724824,0.263520025268179,220.072647416896,272.054654575289,339.086968903387,1.76696809446139,3.42295770750596,5.07894732055054,119.588983767502,131.878809025531,145.496713073332,121.511235603841,135.912071339843,152.108882605111,123.424604873364,140.073728682833,159.087968246066,125.342004860852,144.368015447395,166.43778273399,127.271920140525,148.799310137666,174.167391113974,129.220203383433,153.372140414395,182.289355780419,131.191084480962,158.091188321553,190.818771378435
"Pin-tailed Green-Pigeon","Treron apicauda","pitpig1","Columbiformes","Columbidae (Pigeons and Doves)","Low","Data Deficient","Uncertain","Moderate","Diurnal","Diurnal","Fruit & Nect","No","No","No","Non-endemic","Forest","Resident",NA,NA,NA,"Pin-tailed Green-Pigeon","Treron apicauda","Pin-tailed Green-pigeon","Treron apicauda","Least Concern","Schedule-II","","",NA,"","","X",155,0.0903225806451613,0.287096774193548,0.483870967741935,12.7096774193548,1.04056873034197,NA,NA,NA,NA,NA,NA,NA,NA,NA,NA,NA,NA,NA,NA,NA,NA,NA,NA,NA,NA,NA,NA,NA,NA,NA,NA,NA
"Wedge-tailed Green-Pigeon","Treron sphenurus","wetpig1","Columbiformes","Columbidae (Pigeons and Doves)","Low","Data Deficient","Uncertain","Moderate","Diurnal","Diurnal","Fruit & Nect","No","No","No","Non-endemic","Forest","Resident",NA,NA,NA,"Wedge-tailed Green-Pigeon","Treron sphenurus","Wedge-tailed Green-pigeon","Treron sphenurus","Least Concern","Schedule-II","","",NA,"X","X","X",265,0.0641509433962264,0.330943396226415,0.505660377358491,12.6075471698113,0.738170547113896,103.11187819972,186.740597216113,331.055766647752,-3.0079602046227,0.937385199474217,4.88273060357114,82.6450177734171,104.375625105027,132.241772796582,80.6354191246283,105.323330067819,138.147526575305,78.6330625139675,106.308783011695,144.49663994484,76.6607989710588,107.332872870318,151.284315970977,74.7318344056104,108.396527405358,158.517132779217,72.8537311071121,109.500714488414,166.209141542604,71.0306376598974,110.646443442298,174.379745265088
"Green Imperial-Pigeon","Ducula aenea","gripig1","Columbiformes","Columbidae (Pigeons and Doves)",NA,NA,NA,NA,"Diurnal","Diurnal","Fruit & Nect","No","No","No","Non-endemic","Forest","Resident",NA,NA,NA,"Green Imperial-Pigeon","Ducula aenea","Green Imperial-pigeon","Ducula aenea","Near Threatened","Schedule-II","","",NA,"X","X","X",356,0.0955056179775281,0.401123595505618,0.530898876404494,15.9606741573034,0.768782614292003,82.879149044022,138.869585133854,228.019119535625,-0.863491735880571,4.96238019721473,10.78825213031,121.014750330124,153.009853208677,194.146142842142,121.880185744131,159.3961977307,209.42330768676,122.696723067968,166.106238294568,226.200276058121,123.497265805976,173.158384844318,244.575933853754,124.30316123835,180.572200525522,264.673800557523,125.128898819968,188.368479737718,286.638678576847,125.984754846037,196.569331825575,310.635501607725
"Nicobar Imperial-Pigeon","Ducula nicobarica","grnimp2","Columbiformes","Columbidae (Pigeons and Doves)","Moderate","Data Deficient","Data Deficient","Restricted","Diurnal","Diurnal","Fruit & Nect","Yes","Yes","No","Nicobar Islands","Forest","Resident",NA,NA,1,"Nicobar Imperial-Pigeon","Ducula nicobarica","Nicobar Imperial-pigeon","Ducula nicobarica","Near Threatened","Schedule-II","","",NA,"","","X",14,0.142857142857143,0.392857142857143,0.357142857142857,4.21428571428571,1.72122496630028,NA,NA,NA,NA,NA,NA,NA,NA,NA,NA,NA,NA,NA,NA,NA,NA,NA,NA,NA,NA,NA,NA,NA,NA,NA,NA,NA
"Malabar Imperial-Pigeon","Ducula cuprea","mouimp1","Columbiformes","Columbidae (Pigeons and Doves)","Moderate","Strong Decline","Uncertain","Moderate","Diurnal","Diurnal","Fruit & Nect","Yes","Yes","No","Western Ghats","Forest","Resident",NA,NA,NA,"Malabar Imperial-Pigeon","Ducula cuprea","Nilgiri Imperial-pigeon","Ducula cuprea","Least Concern","Schedule-II","","",NA,"X","X","X",154,0.188311688311688,0.495454545454545,0.558441558441558,21.2727272727273,0.71693647150598,19.8409307729095,38.2643808677724,77.6482743632883,-3.92369944381945,2.0566646112849,8.03702866638925,95.8632760136178,130.43407471887,178.512636531719,93.4432292689418,132.893113098457,190.451669844116,91.0403621535094,135.471109861118,203.566292282975,88.6886358404302,138.173341903909,217.909232442865,86.4071817657258,141.005397376606,233.557998444172,84.2065072392219,143.973194675675,250.609634237308,82.0919536075837,147.08300274522,269.178337797057
"Mountain Imperial-Pigeon","Ducula badia","moipig1","Columbiformes","Columbidae (Pigeons and Doves)",NA,NA,NA,NA,"Diurnal","Diurnal","Fruit & Nect","No","No","No","Non-endemic","Forest","Resident",NA,NA,NA,"Mountain Imperial-Pigeon","Ducula badia","Mountain Imperial-pigeon","Ducula badia","Least Concern","Schedule-II","","",NA,"X","X","X",131,0.129770992366412,0.270229007633588,0.404580152671756,10.6793893129771,1.1114800077356,30.7779805224662,69.5431423247734,144.302344897423,-4.83082670356294,0.949299130691989,6.72942496494692,112.10047560816,174.447029287126,274.485702914987,107.096892084429,177.592687513477,298.793484026374,102.236425300224,180.915992760272,326.131904934122,97.5705478101252,184.424607189323,356.746842568764,93.1233831138825,188.126686862263,390.95579775427,88.9036331391176,192.030910629953,429.141347645549,84.9111681896472,196.146511060711,471.75074482693
"Pied Imperial-Pigeon","Ducula bicolor","piipig1","Columbiformes","Columbidae (Pigeons and Doves)",NA,NA,NA,NA,"Diurnal","Diurnal","Fruit & Nect","No","No","No","Non-endemic","Non-specialized","Resident",NA,NA,1,"Pied Imperial-Pigeon","Ducula bicolor","Pied Imperial-pigeon","Ducula bicolor","Least Concern","Schedule-II","","",NA,"","","",34,0.205882352941176,0.291176470588235,0.382352941176471,5.38235294117647,1.51688893443963,NA,NA,NA,NA,NA,NA,NA,NA,NA,NA,NA,NA,NA,NA,NA,NA,NA,NA,NA,NA,NA,NA,NA,NA,NA,NA,NA
"Tibetan Sandgrouse","Syrrhaptes tibetanus","tibsan1","Pterocliformes","Pteroclidae (Sandgrouse)","Moderate","Data Deficient","Data Deficient","Restricted","Diurnal","Diurnal","Plant & Seed","No","No","No","Non-endemic","Alpine & Cold Desert","Resident",NA,NA,NA,"Tibetan Sandgrouse","Syrrhaptes tibetanus","Tibetan Sandgrouse","Syrrhaptes tibetanus","Least Concern","Schedule-II","","",NA,"","","",32,0.1875,0.24375,0.375,7.5,1.65817135968045,NA,NA,NA,NA,NA,NA,NA,NA,NA,NA,NA,NA,NA,NA,NA,NA,NA,NA,NA,NA,NA,NA,NA,NA,NA,NA,NA
"Pallas's Sandgrouse","Syrrhaptes paradoxus","palsan1","Pterocliformes","Pteroclidae (Sandgrouse)",NA,NA,NA,NA,"Diurnal","Diurnal","Plant & Seed","No","No","No","Non-endemic","Alpine & Cold Desert","Uncertain",NA,1,NA,"Pallas's Sandgrouse","Syrrhaptes paradoxus","Pallas's Sandgrouse","Syrrhaptes paradoxus","Least Concern","Schedule-II","","",NA,"","","",NA,NA,NA,NA,NA,NA,NA,NA,NA,NA,NA,NA,NA,NA,NA,NA,NA,NA,NA,NA,NA,NA,NA,NA,NA,NA,NA,NA,NA,NA,NA,NA,NA
"Pin-tailed Sandgrouse","Pterocles alchata","pitsan1","Pterocliformes","Pteroclidae (Sandgrouse)",NA,NA,NA,NA,"Diurnal","Diurnal","Plant & Seed","No","No","No","Non-endemic","Grassland","Uncertain",NA,1,NA,"Pin-tailed Sandgrouse","Pterocles alchata","Pin-tailed Sandgrouse","Pterocles alchata","Least Concern","Schedule-II","","",NA,"","","",NA,NA,NA,NA,NA,NA,NA,NA,NA,NA,NA,NA,NA,NA,NA,NA,NA,NA,NA,NA,NA,NA,NA,NA,NA,NA,NA,NA,NA,NA,NA,NA,NA
"Chestnut-bellied Sandgrouse","Pterocles exustus","chbsan","Pterocliformes","Pteroclidae (Sandgrouse)","Moderate","Moderate Decline","Uncertain","Large","Diurnal","Diurnal","Plant & Seed","No","No","No","Non-endemic","Grassland","Resident",1,NA,NA,"Chestnut-bellied Sandgrouse","Pterocles exustus","Chestnut-bellied Sandgrouse","Pterocles exustus","Least Concern","Schedule-II","","",NA,"X","X","X",713,0.0715287517531557,0.273492286115007,0.391304347826087,12.5035063113604,0.476038928506683,28.4712413372502,41.901566269236,62.6450922035392,-4.80340936139437,-2.8344405472656,-0.865471733136834,71.699646011771,87.6617707570342,107.411837536216,67.3130489000524,84.729658820076,106.95877969857,63.1589176080481,81.9086814446766,106.614329145583,59.2413554766094,79.1942425832372,106.352512265853,55.556489556251,76.5819502317726,106.156909960406,52.0962829633492,74.0676068078162,106.016730397227,48.8506002102475,71.6472000068429,105.924637519252
"Spotted Sandgrouse","Pterocles senegallus","sposan1","Pterocliformes","Pteroclidae (Sandgrouse)",NA,NA,NA,NA,"Diurnal","Diurnal","Plant & Seed","No","No","No","Non-endemic","Grassland","Winter Migrant",NA,NA,NA,"Spotted Sandgrouse","Pterocles senegallus","Spotted Sandgrouse","Pterocles senegallus","Least Concern","Schedule-II","","",NA,"","","",17,0.235294117647059,0.147058823529412,0.235294117647059,17.9411764705882,2.6008344415567,NA,NA,NA,NA,NA,NA,NA,NA,NA,NA,NA,NA,NA,NA,NA,NA,NA,NA,NA,NA,NA,NA,NA,NA,NA,NA,NA
"Black-bellied Sandgrouse","Pterocles orientalis","blbsan1","Pterocliformes","Pteroclidae (Sandgrouse)",NA,NA,NA,NA,"Diurnal","Diurnal","Plant & Seed","No","No","No","Non-endemic","Grassland","Winter Migrant",NA,1,NA,"Black-bellied Sandgrouse","Pterocles orientalis","Black-bellied Sandgrouse","Pterocles orientalis","Least Concern","Schedule-II","","",NA,"","","",8,0.375,0.28125,NA,14.625,4.20597491671075,NA,NA,NA,NA,NA,NA,NA,NA,NA,NA,NA,NA,NA,NA,NA,NA,NA,NA,NA,NA,NA,NA,NA,NA,NA,NA,NA
"Painted Sandgrouse","Pterocles indicus","paisan1","Pterocliformes","Pteroclidae (Sandgrouse)","Low","Data Deficient","Uncertain","Moderate","Diurnal","Diurnal","Plant & Seed","No","Yes","No","Indian Subcontinent","Forest","Resident",NA,NA,NA,"Painted Sandgrouse","Pterocles indicus","Painted Sandgrouse","Pterocles indicus","Least Concern","Schedule-II","","",NA,"","","X",293,0.0614334470989761,0.216723549488055,0.385665529010239,14.3890784982935,0.697908629780672,NA,NA,NA,NA,NA,NA,NA,NA,NA,NA,NA,NA,NA,NA,NA,NA,NA,NA,NA,NA,NA,NA,NA,NA,NA,NA,NA
"Great Indian Bustard","Ardeotis nigriceps","indbus1","Otidiformes","Otididae (Bustards)","High","Data Deficient","Data Deficient","Restricted","Diurnal","Diurnal","Omnivore","No","Yes","No","Indian Subcontinent","Grassland","Resident",NA,NA,NA,"Great Indian Bustard","Ardeotis nigriceps","Great Indian Bustard","Ardeotis nigriceps","Critically Endangered","Schedule-I","Appendix I","Appendix I",NA,"","","",NA,NA,NA,NA,NA,NA,NA,NA,NA,NA,NA,NA,NA,NA,NA,NA,NA,NA,NA,NA,NA,NA,NA,NA,NA,NA,NA,NA,NA,NA,NA,NA,NA
"Asian Houbara","Chlamydotis macqueenii","macbus1","Otidiformes","Otididae (Bustards)",NA,NA,NA,NA,"Diurnal","Diurnal","Plant & Seed","No","No","No","Non-endemic","Grassland","Winter Migrant",1,NA,NA,"Asian Houbara","Chlamydotis macqueenii","Asian Houbara","Chlamydotis macqueenii","Vulnerable","Schedule-I","Appendix I","Appendix II",NA,"","","X",34,0.117647058823529,0.247058823529412,0.205882352941176,14.7058823529412,2.11547164951097,NA,NA,NA,NA,NA,NA,NA,NA,NA,NA,NA,NA,NA,NA,NA,NA,NA,NA,NA,NA,NA,NA,NA,NA,NA,NA,NA
"Bengal Florican","Houbaropsis bengalensis","benflo2","Otidiformes","Otididae (Bustards)","High","Data Deficient","Data Deficient","Restricted","Diurnal","Diurnal","Omnivore","No","No","No","Non-endemic","Wetland","Resident & Local Migrant",1,NA,NA,"Bengal Florican","Houbaropsis bengalensis","Bengal Florican","Houbaropsis bengalensis","Critically Endangered","Schedule-I","Appendix I","Appendix I",NA,"","","X",23,0.217391304347826,0.291304347826087,0.347826086956522,14.695652173913,2.50552832299898,NA,NA,NA,NA,NA,NA,NA,NA,NA,NA,NA,NA,NA,NA,NA,NA,NA,NA,NA,NA,NA,NA,NA,NA,NA,NA,NA
"Lesser Florican","Sypheotides indicus","lesflo2","Otidiformes","Otididae (Bustards)","High","Data Deficient","Data Deficient","Restricted","Diurnal","Diurnal","Omnivore","No","Yes","No","Indian Subcontinent","Grassland","Local Migrant",NA,NA,NA,"Lesser Florican","Sypheotides indicus","Lesser Florican","Sypheotides indicus","Critically Endangered","Schedule-I","Appendix II","",NA,"","","",NA,NA,NA,NA,NA,NA,NA,NA,NA,NA,NA,NA,NA,NA,NA,NA,NA,NA,NA,NA,NA,NA,NA,NA,NA,NA,NA,NA,NA,NA,NA,NA,NA
"Little Bustard","Tetrax tetrax","litbus1","Otidiformes","Otididae (Bustards)",NA,NA,NA,NA,"24 hour","Diurnal","Plant & Seed","No","No","No","Non-endemic","Grassland","Uncertain",NA,1,NA,"Little Bustard","Tetrax tetrax","Little Bustard","Tetrax tetrax","Near Threatened","Schedule-I","Appendix II","Appendix I",NA,"","","",NA,NA,NA,NA,NA,NA,NA,NA,NA,NA,NA,NA,NA,NA,NA,NA,NA,NA,NA,NA,NA,NA,NA,NA,NA,NA,NA,NA,NA,NA,NA,NA,NA
"Andaman Coucal","Centropus andamanensis","andcou1","Cuculiformes","Cuculidae (Cuckoos)","Moderate","Data Deficient","Uncertain","Restricted","Diurnal","Diurnal","Invertebrate","No","No","No","Andaman Islands","Non-specialized","Resident",NA,NA,1,"Andaman Coucal","Centropus andamanensis","Andaman Coucal","Centropus andamanensis","Least Concern","Schedule-II","","",NA,"","X","X",25,0.16,0.624,0.76,7.52,1.93077410382468,NA,NA,NA,-1.14050282873745,1.591063363357,4.32262955545144,91.5431845488549,111.470831415048,135.935865590849,90.3758441051552,113.225212924765,142.124616385778,89.1718362583293,115.020746544538,148.727205474334,87.9532555943119,116.858512500969,155.739012833608,86.7338072058128,118.739622785935,163.164916353014,85.5222286561223,120.66522215849,171.015932892523,84.3242036375086,122.63648918032,179.30737170622
"Greater Coucal","Centropus sinensis","grecou1","Cuculiformes","Cuculidae (Cuckoos)","Low","Stable","Strong Increase","Very Large","Diurnal","Diurnal","Omnivore","No","No","No","Non-endemic","Non-specialized","Resident",1,NA,NA,"Greater Coucal","Centropus sinensis","Greater Coucal","Centropus sinensis","Least Concern","Schedule-II","","",NA,"X","X","X",3912,0.0794989775051125,0.458767893660532,0.695552147239264,10.1786809815951,0.207998665543477,179.856231498868,200.882489447093,222.145373153424,3.83302019959731,4.80410359364124,5.77518698768518,144.118524816073,155.888035450951,168.643678065623,148.407825632903,162.36755733063,177.674893766421,152.781523178707,169.118038407476,187.247820376848,157.253964819906,176.150877119186,197.37970207294,161.835702759856,183.477954206031,208.093247634112,166.535069427151,191.111653235775,219.415145867513,171.359066026235,199.064882006982,231.375272901441
"Lesser Coucal","Centropus bengalensis","lescou1","Cuculiformes","Cuculidae (Cuckoos)","Low","Data Deficient","Uncertain","Moderate","Diurnal","Diurnal","Invertebrate","No","No","No","Non-endemic","Wetland","Resident",NA,NA,NA,"Lesser Coucal","Centropus bengalensis","Lesser Coucal","Centropus bengalensis","Least Concern","Schedule-II","","",NA,"X","X","X",345,0.0492753623188406,0.283188405797101,0.469565217391304,14.8521739130435,0.714184501249093,56.5915257198769,118.296388425396,244.365738056819,-2.29621305529659,2.76445066266139,7.82511438061938,105.124122877021,134.195177604196,171.968912926515,104.091568591516,137.639310050806,182.924684193653,103.018567996738,141.221358988826,194.849988343213,101.935801617767,144.947553399813,207.783164160418,100.862217482932,148.824447385529,221.780653348758,99.8098258185992,152.858938650016,236.91278491249,98.7863848872667,157.058288116173,253.26172568112
"Sirkeer Malkoha","Taccocua leschenaultii","sirmal1","Cuculiformes","Cuculidae (Cuckoos)","Moderate","Strong Decline","Uncertain","Large","Diurnal","Diurnal","Invertebrate","No","Yes","No","Indian Subcontinent","Forest","Resident",NA,NA,NA,"Sirkeer Malkoha","Taccocua leschenaultii","Sirkeer Malkoha","Taccocua leschenaultii","Least Concern","Schedule-II","","",NA,"X","X","X",792,0.0568181818181818,0.233585858585859,0.368686868686869,14.9217171717172,0.439300321281544,18.1885482198473,26.3372883495416,38.0662225357585,-5.88547239404617,-4.10012297322518,-2.31477355240419,47.9055969603111,60.3933290458186,76.3113801923913,44.2064997485959,57.6249297213142,75.343088217016,40.7651352912544,54.9903551339552,74.4656330853736,37.5761372683724,52.4828358526956,73.6561598244851,34.62825140801,50.0959586903773,72.9001183815722,31.9075504405813,47.8236472870693,72.1878362685394,29.3991304000583,45.6601437855699,71.5126289426276
"Blue-faced Malkoha","Phaenicophaeus viridirostris","blfmal1","Cuculiformes","Cuculidae (Cuckoos)","Low","Uncertain","Uncertain","Large","Diurnal","Diurnal","Invertebrate","No","Yes","No","Indian Subcontinent","Forest & Plantation","Resident",NA,NA,NA,"Blue-faced Malkoha","Phaenicophaeus viridirostris","Blue-faced Malkoha","Phaenicophaeus viridirostris","Least Concern","Schedule-II","","",NA,"X","X","X",779,0.0744544287548139,0.415404364569961,0.578947368421053,15.5353016688062,0.489656456751467,78.5859765567863,111.959416325439,158.099817774157,-2.45905396570229,0.126021511712632,2.71109698912756,79.6445619973092,94.1453872175658,111.473150215302,77.884386706396,94.3161409255887,114.466301423121,76.1285052294492,94.4998870847122,117.635175265303,74.3929616445927,94.6967178477481,120.966231713226,72.68722873197,94.9067312487799,124.452799910505,71.0169195087341,95.1300312966782,128.092373355371,69.3852976137792,95.3667280734749,131.885106926843
"Green-billed Malkoha","Phaenicophaeus tristis","grbmal1","Cuculiformes","Cuculidae (Cuckoos)","Low","Uncertain","Uncertain","Moderate","Diurnal","Diurnal","Invertebrate","No","No","No","Non-endemic","Forest","Resident",NA,NA,NA,"Green-billed Malkoha","Phaenicophaeus tristis","Green-billed Malkoha","Phaenicophaeus tristis","Least Concern","Schedule-II","","",NA,"","","X",365,0.0575342465753425,0.303561643835616,0.517808219178082,11.0465753424658,0.621488435264732,NA,NA,NA,NA,NA,NA,NA,NA,NA,NA,NA,NA,NA,NA,NA,NA,NA,NA,NA,NA,NA,NA,NA,NA,NA,NA,NA
"Chestnut-winged Cuckoo","Clamator coromandus","chwcuc1","Cuculiformes","Cuculidae (Cuckoos)",NA,NA,NA,NA,"24 hour","Diurnal","Invertebrate","No","No","No","Non-endemic","Forest & Plantation","Summer Migrant & Localized Winter Migrant",NA,NA,NA,"Chestnut-winged Cuckoo","Clamator coromandus","Chestnut-winged Cuckoo","Clamator coromandus","Least Concern","Schedule-II","","",NA,"","X","X",159,0.0566037735849057,0.210062893081761,0.308176100628931,18.3710691823899,0.975355188071981,NA,NA,NA,-5.86770116680326,2.25415585307444,10.3760128729521,61.895684462987,95.451665548917,149.125836930008,59.6979149127329,97.9345042670116,163.431613043001,57.5526385731071,100.569193179523,179.626270678977,55.4883070887782,103.36456613065,197.895077449968,53.519223256279,106.330130452718,218.470751949235,51.6516546727402,109.476118807868,241.632113491479,49.8872199602956,112.813545570515,267.706256181756
"Pied Cuckoo","Clamator jacobinus","piecuc1","Cuculiformes","Cuculidae (Cuckoos)","Low","Stable","Uncertain","Large","24 hour","Diurnal","Invertebrate","No","No","No","Non-endemic","Non-specialized","Resident & Summer Migrant",NA,NA,NA,"Pied Cuckoo","Clamator jacobinus","Jacobin Cuckoo","Clamator jacobinus","Least Concern","Schedule-II","","",NA,"X","X","X",1994,0.0496489468405216,0.339518555667001,0.513039117352056,13.5180541624875,0.291818378807579,74.6381517589078,90.7838680129577,111.077443957627,-0.959179043418108,0.285506654055565,1.53019235152924,82.401022586454,94.7765807394285,109.066170927221,80.9834601161488,95.0556957918652,111.647586216839,79.5515062328074,95.3383756391097,114.355411298876,78.119534759345,95.6246470877092,117.176737535567,76.6964137003586,95.9145373316362,120.104251214124,75.2877568963892,96.2080739567219,123.133983613553,73.8971798152529,96.505284945164,126.264057021775
"Asian Koel","Eudynamys scolopaceus","asikoe2","Cuculiformes","Cuculidae (Cuckoos)","Low","Moderate Increase","Strong Increase","Very Large","24 hour","Diurnal","Fruit & Nect","No","No","No","Non-endemic","Non-specialized","Resident",1,NA,NA,"Asian Koel","Eudynamys scolopaceus","Western Koel","Eudynamys scolopaceus","Least Concern","Schedule-II","","",NA,"X","X","X",3826,0.0687401986408782,0.449085206481966,0.688447464715107,10.5567171981181,0.209100987133468,184.994134719219,215.391143010688,253.345861930397,1.46541447553486,2.88244829155719,4.29948210757952,121.742389290741,131.968440540216,143.10346234061,123.501404712454,135.450246946135,148.623259749603,125.252202727327,139.027880350884,154.409018989359,127.005657332877,142.704077936964,160.460062998126,128.768881722554,146.481657715282,166.779902800372,130.546754704571,150.363520984836,173.374729644412,132.342777081904,154.352654869334,180.252578006713
"Asian Emerald Cuckoo","Chrysococcyx maculatus","asecuc1","Cuculiformes","Cuculidae (Cuckoos)",NA,NA,NA,NA,"24 hour","Diurnal","Invertebrate","No","No","No","Non-endemic","Forest & Plantation","Resident & Summer Migrant",1,NA,NA,"Asian Emerald Cuckoo","Chrysococcyx maculatus","Asian Emerald Cuckoo","Chrysococcyx maculatus","Least Concern","Schedule-II","","",NA,"","","X",57,0.0175438596491228,0.273684210526316,0.508771929824561,14.7368421052632,1.74945310013858,NA,NA,NA,NA,NA,NA,NA,NA,NA,NA,NA,NA,NA,NA,NA,NA,NA,NA,NA,NA,NA,NA,NA,NA,NA,NA,NA
"Violet Cuckoo","Chrysococcyx xanthorhynchus","viocuc1","Cuculiformes","Cuculidae (Cuckoos)",NA,NA,NA,NA,"Diurnal","Diurnal","Invertebrate","No","No","No","Non-endemic","Forest & Plantation","Resident & Summer Migrant",NA,NA,NA,"Violet Cuckoo","Chrysococcyx xanthorhynchus","Violet Cuckoo","Chrysococcyx xanthorhynchus","Least Concern","Schedule-II","","",NA,"","","",38,0.0526315789473684,0.310526315789474,0.526315789473684,12.6842105263158,2.23865929031928,NA,NA,NA,NA,NA,NA,NA,NA,NA,NA,NA,NA,NA,NA,NA,NA,NA,NA,NA,NA,NA,NA,NA,NA,NA,NA,NA
"Horsfield's Bronze-Cuckoo","Chalcites basalis","hobcuc1","Cuculiformes","Cuculidae (Cuckoos)",NA,NA,NA,NA,"Diurnal","Diurnal","Invertebrate","No","No","No","Non-endemic","Forest & Plantation","Uncertain",NA,1,NA,"Horsfield's Bronze-Cuckoo","Chalcites basalis","Horsfield's Bronze-cuckoo","Chalcites basalis","Least Concern","Schedule-II","","",NA,"","","",NA,NA,NA,NA,NA,NA,NA,NA,NA,NA,NA,NA,NA,NA,NA,NA,NA,NA,NA,NA,NA,NA,NA,NA,NA,NA,NA,NA,NA,NA,NA,NA,NA
"Banded Bay Cuckoo","Cacomantis sonneratii","babcuc2","Cuculiformes","Cuculidae (Cuckoos)","Moderate","Moderate Decline","Uncertain","Large","Diurnal","Diurnal","Invertebrate","No","No","No","Non-endemic","Forest & Plantation","Resident & Local Migrant",NA,NA,NA,"Banded Bay Cuckoo","Cacomantis sonneratii","Banded Bay Cuckoo","Cacomantis sonneratii","Least Concern","Schedule-II","","",NA,"X","X","X",537,0.068901303538175,0.300744878957169,0.435754189944134,16.9217877094972,0.567248774002004,37.8246499044682,61.4382543795557,92.8223651977322,1.85344854351594,6.82368640831391,11.7939242731119,125.654183645176,159.920243485711,204.15726597207,128.346940479328,169.128901945613,223.769407969762,131.016601133804,178.906693398217,245.562581738664,133.697119673973,189.290887130899,269.728295730479,136.411401221141,200.321315972916,296.493776386013,139.17579256825,212.040560367624,326.120261953803,142.00262214918,224.494146179395,358.903569597413
"Plaintive Cuckoo","Cacomantis merulinus","placuc1","Cuculiformes","Cuculidae (Cuckoos)","Moderate","Data Deficient","Uncertain","Restricted","24 hour","Diurnal","Invertebrate","No","No","No","Non-endemic","Forest & Plantation","Resident & Local Migrant",NA,NA,NA,"Plaintive Cuckoo","Cacomantis merulinus","Plaintive Cuckoo","Cacomantis merulinus","Least Concern","Schedule-II","","",NA,"","","X",395,0.0329113924050633,0.251898734177215,0.422784810126582,12.3620253164557,0.576479743221309,NA,NA,NA,NA,NA,NA,NA,NA,NA,NA,NA,NA,NA,NA,NA,NA,NA,NA,NA,NA,NA,NA,NA,NA,NA,NA,NA
"Gray-bellied Cuckoo","Cacomantis passerinus","placuc3","Cuculiformes","Cuculidae (Cuckoos)","Low","Uncertain","Uncertain","Large","24 hour","Diurnal","Invertebrate","No","Yes","No","Indian Subcontinent","Non-specialized","Resident & Local Migrant",NA,NA,NA,"Grey-bellied Cuckoo","Cacomantis passerinus","Grey-bellied Cuckoo","Cacomantis passerinus","Least Concern","Schedule-II","","",NA,"","","X",1580,0.0424050632911392,0.306392405063291,0.549367088607595,14.3101265822785,0.327686741528867,NA,NA,NA,NA,NA,NA,NA,NA,NA,NA,NA,NA,NA,NA,NA,NA,NA,NA,NA,NA,NA,NA,NA,NA,NA,NA,NA
"Fork-tailed Drongo-Cuckoo","Surniculus dicruroides","asidrc2","Cuculiformes","Cuculidae (Cuckoos)","Low","Data Deficient","Uncertain","Moderate","24 hour","Diurnal","Invertebrate","No","Yes","No","Indian Subcontinent","Forest & Plantation","Within-India Migrant",NA,NA,NA,"Fork-tailed Drongo-Cuckoo","Surniculus dicruroides","Fork-tailed Drongo-cuckoo","Surniculus dicruroides","Least Concern","Schedule-II","","",NA,"","X","X",331,0.0302114803625378,0.335649546827795,0.549848942598187,18.8308157099698,0.630761087928297,NA,NA,NA,1.08729269457523,9.18669994976471,17.2861072049542,132.913002934933,170.026354949116,218.354248737691,136.64405067924,181.075549544329,241.187765930751,140.417929793383,192.909455968742,266.765230853602,144.274312999892,205.587839263645,295.364087506622,148.241634749688,219.175292707958,327.311128542577,152.341787532768,233.741648278893,362.982554485101,156.592792146964,249.362423602337,402.806671561034
"Square-tailed Drongo-Cuckoo","Surniculus lugubris","asidrc3","Cuculiformes","Cuculidae (Cuckoos)","Low","Data Deficient","Uncertain","Moderate","24 hour","Diurnal","Invertebrate","No","No","No","Non-endemic","Forest & Plantation","Summer Migrant",NA,NA,NA,"Square-tailed Drongo-Cuckoo","Surniculus lugubris","Square-tailed Drongo-cuckoo","Surniculus lugubris","Least Concern","Schedule-II","","",NA,"","","X",206,0.058252427184466,0.26747572815534,0.548543689320388,12.7669902912621,0.874294900850037,NA,NA,NA,NA,NA,NA,NA,NA,NA,NA,NA,NA,NA,NA,NA,NA,NA,NA,NA,NA,NA,NA,NA,NA,NA,NA,NA
"Large Hawk-Cuckoo","Hierococcyx sparverioides","larhac2","Cuculiformes","Cuculidae (Cuckoos)","Low","Uncertain","Uncertain","Moderate","24 hour","Diurnal","Invertebrate","No","No","No","Non-endemic","Forest","Resident & Within-India Migrant",NA,NA,NA,"Large Hawk-Cuckoo","Hierococcyx sparverioides","Large Hawk-Cuckoo","Hierococcyx sparverioides","Least Concern","Schedule-II","","",NA,"","","X",294,0.0918367346938776,0.286394557823129,0.54421768707483,13.1734693877551,0.849821503040913,NA,NA,NA,NA,NA,NA,NA,NA,NA,NA,NA,NA,NA,NA,NA,NA,NA,NA,NA,NA,NA,NA,NA,NA,NA,NA,NA
"Common Hawk-Cuckoo","Hierococcyx varius","cohcuc1","Cuculiformes","Cuculidae (Cuckoos)","Moderate","Moderate Decline","Uncertain","Very Large","24 hour","Diurnal","Invertebrate","No","Yes","No","Indian Subcontinent","Forest & Plantation","Resident & Local Migrant",NA,NA,NA,"Common Hawk-Cuckoo","Hierococcyx varius","Common Hawk-Cuckoo","Hierococcyx varius","Least Concern","Schedule-II","","",NA,"X","X","X",2841,0.0725096796902499,0.384406898979233,0.6290038718761,11.6082365364308,0.248279448433923,95.6727172844829,111.247594611254,128.371753791958,4.12302516650901,5.64667428419282,7.17032340187663,133.137113419117,146.287978108184,160.787103512903,137.302731650993,152.940017320389,170.42669574864,141.552390572132,159.897752704522,180.713419304057,145.901885153388,167.175376967086,191.673410576388,150.362854784706,174.787748298275,203.339486113429,154.944511875275,182.750421876341,215.749570579437,159.654618075192,191.079682877303,228.945886995794
"Hodgson's Hawk-Cuckoo","Hierococcyx nisicolor","hodhac1","Cuculiformes","Cuculidae (Cuckoos)",NA,NA,NA,NA,"24 hour","Diurnal","Invertebrate","No","No","No","Non-endemic","Forest","Summer Migrant",NA,NA,NA,"Hodgson's Hawk-Cuckoo","Hierococcyx nisicolor","Whistling Hawk-Cuckoo","Hierococcyx nisicolor","Least Concern","Schedule-II","","",NA,"","","",36,NA,0.330246913580247,0.472222222222222,13.7777777777778,2.14864964771877,NA,NA,NA,NA,NA,NA,NA,NA,NA,NA,NA,NA,NA,NA,NA,NA,NA,NA,NA,NA,NA,NA,NA,NA,NA,NA,NA
"Lesser Cuckoo","Cuculus poliocephalus","lescuc1","Cuculiformes","Cuculidae (Cuckoos)","Moderate","Data Deficient","Strong Decline","Moderate","24 hour","Diurnal","Invertebrate","No","No","No","Non-endemic","Forest","Summer Migrant & Localized Winter Migrant",NA,NA,NA,"Lesser Cuckoo","Cuculus poliocephalus","Lesser Cuckoo","Cuculus poliocephalus","Least Concern","Schedule-II","","",NA,"","","X",185,0.0810810810810811,0.212972972972973,0.491891891891892,14.6432432432432,1.00694822731498,NA,NA,NA,NA,NA,NA,NA,NA,NA,NA,NA,NA,NA,NA,NA,NA,NA,NA,NA,NA,NA,NA,NA,NA,NA,NA,NA
"Indian Cuckoo","Cuculus micropterus","indcuc1","Cuculiformes","Cuculidae (Cuckoos)","Moderate","Moderate Decline","Strong Decline","Large","24 hour","Diurnal","Invertebrate","No","No","No","Non-endemic","Forest & Plantation","Summer Migrant & Localized Winter Migrant",NA,NA,NA,"Indian Cuckoo","Cuculus micropterus","Indian Cuckoo","Cuculus micropterus","Least Concern","Schedule-II","","",NA,"","","X",976,0.0614754098360656,0.286372950819672,0.512295081967213,14.0727459016393,0.42887374315983,NA,NA,NA,NA,NA,NA,NA,NA,NA,NA,NA,NA,NA,NA,NA,NA,NA,NA,NA,NA,NA,NA,NA,NA,NA,NA,NA
"Himalayan Cuckoo","Cuculus saturatus","himcuc1","Cuculiformes","Cuculidae (Cuckoos)","Moderate","Data Deficient","Moderate Decline","Moderate","Diurnal","Diurnal","Invertebrate","No","No","No","Non-endemic","Forest","Summer Migrant",NA,NA,NA,"Himalayan Cuckoo","Cuculus saturatus","Himalayan Cuckoo","Cuculus saturatus","Least Concern","Schedule-II","","",NA,"X","X","X",185,0.113513513513514,0.324864864864865,0.52972972972973,13.6108108108108,0.844537798663783,33.3120700242133,79.2254676355263,198.767791917474,-5.42115255726668,5.75109305264242,16.9233386625515,82.8602383011263,132.220324126715,213.408879724605,80.9999644456489,138.221125175847,239.427475465511,79.1338902239544,144.628300607961,269.438747960812,77.3069753730592,151.473443420697,303.972814972212,75.5450301493438,158.790973319152,343.675902988315,73.8627306679696,166.618415124533,389.318953292853,72.2681041816389,174.996706913593,441.812811079901
"Common Cuckoo","Cuculus canorus","comcuc","Cuculiformes","Cuculidae (Cuckoos)","Moderate","Moderate Decline","Moderate Decline","Large","Diurnal","Diurnal","Invertebrate","No","No","No","Non-endemic","Non-specialized","Summer Migrant & Passage Migrant",NA,NA,NA,"Common Cuckoo","Cuculus canorus","Common Cuckoo","Cuculus canorus","Least Concern","Schedule-II","","",NA,"","","X",1145,0.0550218340611354,0.255982532751092,0.43056768558952,15.0698689956332,0.374017798101741,NA,NA,NA,NA,NA,NA,NA,NA,NA,NA,NA,NA,NA,NA,NA,NA,NA,NA,NA,NA,NA,NA,NA,NA,NA,NA,NA
"Sri Lanka Frogmouth","Batrachostomus moniliger","ceyfro1","Podargiformes","Podargidae (Frogmouths)",NA,NA,NA,NA,"Nocturnal","Nocturnal","Invertebrate","No","Yes","No","Western Ghats & Sri Lanka","Forest","Resident",NA,NA,NA,"Sri Lanka Frogmouth","Batrachostomus moniliger","Sri Lanka Frogmouth","Batrachostomus moniliger","Least Concern","Schedule-I","","",NA,"","","",102,0.0490196078431373,0.368627450980392,0.431372549019608,21.3725490196078,0.737816553721907,NA,NA,NA,NA,NA,NA,NA,NA,NA,NA,NA,NA,NA,NA,NA,NA,NA,NA,NA,NA,NA,NA,NA,NA,NA,NA,NA
"Hodgson's Frogmouth","Batrachostomus hodgsoni","hodfro1","Podargiformes","Podargidae (Frogmouths)",NA,NA,NA,NA,"Nocturnal","Nocturnal","Invertebrate","No","No","No","Non-endemic","Forest","Resident",1,NA,NA,"Hodgson's Frogmouth","Batrachostomus hodgsoni","Hodgson's Frogmouth","Batrachostomus hodgsoni","Least Concern","Schedule-I","","",NA,"","","",26,NA,0.238461538461538,0.384615384615385,13.9230769230769,2.23850423432715,NA,NA,NA,NA,NA,NA,NA,NA,NA,NA,NA,NA,NA,NA,NA,NA,NA,NA,NA,NA,NA,NA,NA,NA,NA,NA,NA
"Great Eared-Nightjar","Lyncornis macrotis","grenig1","Caprimulgiformes","Caprimulgidae (Nightjars and Allies)",NA,NA,NA,NA,"Nocturnal","Nocturnal","Invertebrate","No","No","No","Non-endemic","Forest","Resident & Summer Migrant",1,NA,NA,"Great Eared-Nightjar","Lyncornis macrotis","Great Eared-nightjar","Lyncornis macrotis","Least Concern","Schedule-II","","",NA,"","","",27,0.185185185185185,0.311111111111111,0.333333333333333,23.3703703703704,1.02047573667074,NA,NA,NA,NA,NA,NA,NA,NA,NA,NA,NA,NA,NA,NA,NA,NA,NA,NA,NA,NA,NA,NA,NA,NA,NA,NA,NA
"Jungle Nightjar","Caprimulgus indicus","grynig2","Caprimulgiformes","Caprimulgidae (Nightjars and Allies)",NA,NA,NA,NA,"Nocturnal","Nocturnal","Invertebrate","No","Yes","No","Indian Subcontinent","Forest & Plantation","Resident & Local Migrant",NA,NA,NA,"Jungle Nightjar","Caprimulgus indicus","Jungle Nightjar","Caprimulgus indicus","Least Concern","Schedule-II","","",NA,"","","",620,0.0580645161290323,0.256935483870968,0.433870967741936,16.0112903225806,0.517101254907161,NA,NA,NA,NA,NA,NA,NA,NA,NA,NA,NA,NA,NA,NA,NA,NA,NA,NA,NA,NA,NA,NA,NA,NA,NA,NA,NA
"Gray Nightjar","Caprimulgus jotaka","grynig1","Caprimulgiformes","Caprimulgidae (Nightjars and Allies)",NA,NA,NA,NA,"Nocturnal","Nocturnal","Invertebrate","No","No","No","Non-endemic","Non-specialized","Resident & Summer Migrant",NA,NA,NA,"Grey Nightjar","Caprimulgus jotaka","Grey Nightjar","Caprimulgus jotaka","Least Concern","Schedule-II","","",NA,"","","",84,0.0476190476190476,0.275,0.452380952380952,15.6309523809524,1.2299651718494,NA,NA,NA,NA,NA,NA,NA,NA,NA,NA,NA,NA,NA,NA,NA,NA,NA,NA,NA,NA,NA,NA,NA,NA,NA,NA,NA
"Eurasian Nightjar","Caprimulgus europaeus","eurnig1","Caprimulgiformes","Caprimulgidae (Nightjars and Allies)",NA,NA,NA,NA,"Nocturnal","Nocturnal","Invertebrate","No","No","No","Non-endemic","Forest","Passage Migrant",NA,NA,NA,"European Nightjar","Caprimulgus europaeus","European Nightjar","Caprimulgus europaeus","Least Concern","Schedule-II","","",NA,"","","",14,NA,0.303571428571429,0.357142857142857,19.9285714285714,2.56183227698158,NA,NA,NA,NA,NA,NA,NA,NA,NA,NA,NA,NA,NA,NA,NA,NA,NA,NA,NA,NA,NA,NA,NA,NA,NA,NA,NA
"Sykes's Nightjar","Caprimulgus mahrattensis","syknig1","Caprimulgiformes","Caprimulgidae (Nightjars and Allies)",NA,NA,NA,NA,"Nocturnal","Nocturnal","Invertebrate","No","No","No","Non-endemic","Open Habitat","Resident & Winter Migrant",1,NA,NA,"Sykes's Nightjar","Caprimulgus mahrattensis","Sykes's Nightjar","Caprimulgus mahrattensis","Least Concern","Schedule-II","","",NA,"","","",42,0.0476190476190476,0.25,0.333333333333333,16.3333333333333,1.65200707361491,NA,NA,NA,NA,NA,NA,NA,NA,NA,NA,NA,NA,NA,NA,NA,NA,NA,NA,NA,NA,NA,NA,NA,NA,NA,NA,NA
"Large-tailed Nightjar","Caprimulgus macrurus","latnig2","Caprimulgiformes","Caprimulgidae (Nightjars and Allies)",NA,NA,NA,NA,"Nocturnal","Nocturnal","Invertebrate","No","No","No","Non-endemic","Forest","Resident & Local Migrant",NA,NA,NA,"Large-tailed Nightjar","Caprimulgus macrurus","Large-tailed Nightjar","Caprimulgus macrurus","Least Concern","Schedule-II","","",NA,"","","",335,0.0597014925373134,0.254328358208955,0.459701492537313,13.6,0.650282889691292,NA,NA,NA,NA,NA,NA,NA,NA,NA,NA,NA,NA,NA,NA,NA,NA,NA,NA,NA,NA,NA,NA,NA,NA,NA,NA,NA
"Andaman Nightjar","Caprimulgus andamanicus","andnig1","Caprimulgiformes","Caprimulgidae (Nightjars and Allies)",NA,NA,NA,NA,"Nocturnal","Nocturnal","Invertebrate","Yes","Yes","No","Andaman Islands","Forest & Plantation","Resident",NA,NA,1,"Andaman Nightjar","Caprimulgus andamanicus","Andaman Nightjar","Caprimulgus andamanicus","Least Concern","Schedule-II","","",NA,"","","",14,0.0714285714285714,0.392857142857143,0.642857142857143,9.35714285714286,2.56300904887505,NA,NA,NA,NA,NA,NA,NA,NA,NA,NA,NA,NA,NA,NA,NA,NA,NA,NA,NA,NA,NA,NA,NA,NA,NA,NA,NA
"Jerdon's Nightjar","Caprimulgus atripennis","jernig1","Caprimulgiformes","Caprimulgidae (Nightjars and Allies)",NA,NA,NA,NA,"Nocturnal","Nocturnal","Invertebrate","No","Yes","No","Indian Subcontinent","Forest & Plantation","Resident",NA,NA,NA,"Jerdon's Nightjar","Caprimulgus atripennis","Jerdon's Nightjar","Caprimulgus atripennis","Least Concern","Schedule-II","","",NA,"","","",395,0.0354430379746835,0.32126582278481,0.564556962025316,17.8278481012658,0.636416048601995,NA,NA,NA,NA,NA,NA,NA,NA,NA,NA,NA,NA,NA,NA,NA,NA,NA,NA,NA,NA,NA,NA,NA,NA,NA,NA,NA
"Indian Nightjar","Caprimulgus asiaticus","indnig1","Caprimulgiformes","Caprimulgidae (Nightjars and Allies)",NA,NA,NA,NA,"Nocturnal","Nocturnal","Invertebrate","No","No","No","Non-endemic","Non-specialized","Resident",NA,NA,NA,"Indian Nightjar","Caprimulgus asiaticus","Indian Nightjar","Caprimulgus asiaticus","Least Concern","Schedule-II","","",NA,"","","",1286,0.0474339035769829,0.268662519440124,0.479782270606532,14.2052877138414,0.359103938495311,NA,NA,NA,NA,NA,NA,NA,NA,NA,NA,NA,NA,NA,NA,NA,NA,NA,NA,NA,NA,NA,NA,NA,NA,NA,NA,NA
"Savanna Nightjar","Caprimulgus affinis","savnig1","Caprimulgiformes","Caprimulgidae (Nightjars and Allies)",NA,NA,NA,NA,"Nocturnal","Nocturnal","Invertebrate","No","No","No","Non-endemic","Grassland & Scrub","Resident & Local Migrant",NA,NA,NA,"Savanna Nightjar","Caprimulgus affinis","Savanna Nightjar","Caprimulgus affinis","Least Concern","Schedule-II","","",NA,"","","",813,0.025830258302583,0.216359163591636,0.425584255842558,14.2447724477245,0.445201845983246,NA,NA,NA,NA,NA,NA,NA,NA,NA,NA,NA,NA,NA,NA,NA,NA,NA,NA,NA,NA,NA,NA,NA,NA,NA,NA,NA
"White-rumped Spinetail","Zoonavena sylvatica","whrnee1","Apodiformes","Apodidae (Swifts)","Moderate","Strong Decline","Uncertain","Moderate","Diurnal","Diurnal","Invertebrate","No","Yes","No","Indian Subcontinent","Forest","Resident",NA,NA,NA,"White-rumped Spinetail","Zoonavena sylvatica","White-rumped Spinetail","Zoonavena sylvatica","Least Concern","Schedule-II","","",NA,"X","X","X",173,0.15606936416185,0.36242774566474,0.364161849710983,20.2485549132948,0.839763614089517,11.1065499005906,21.0467879900526,38.8721468121789,-6.27172210095442,-2.8427041152452,0.586313870464024,56.9156723902762,76.6262230480726,103.73667403712,52.6561890888792,73.9935970784411,104.737089357668,48.6878361910852,71.4828595281214,105.931041963798,45.0086620478895,69.0876443292979,107.287453053685,41.6075584959072,66.8019539756722,108.788030599712,38.4691090600018,64.6201366972627,110.422091986199,35.5761504773009,62.536865137555,112.183709115508
"White-throated Needletail","Hirundapus caudacutus","whtnee","Apodiformes","Apodidae (Swifts)",NA,NA,NA,NA,"Diurnal","Diurnal","Invertebrate","No","No","No","Non-endemic","Non-specialized","Summer Migrant",NA,NA,NA,"White-throated Needletail","Hirundapus caudacutus","White-throated Needletail","Hirundapus caudacutus","Least Concern","Schedule-II","","",NA,"","","",72,0.125,0.208333333333333,0.333333333333333,15.875,1.4042105111501,NA,NA,NA,NA,NA,NA,NA,NA,NA,NA,NA,NA,NA,NA,NA,NA,NA,NA,NA,NA,NA,NA,NA,NA,NA,NA,NA
"Silver-backed Needletail","Hirundapus cochinchinensis","sibnee1","Apodiformes","Apodidae (Swifts)",NA,NA,NA,NA,"Diurnal","Diurnal","Invertebrate","No","No","No","Non-endemic","Forest","Summer Migrant",NA,NA,NA,"Silver-backed Needletail","Hirundapus cochinchinensis","Silver-backed Needletail","Hirundapus cochinchinensis","Least Concern","Schedule-II","","",NA,"","","",14,0.0714285714285714,0.228571428571429,0.428571428571429,12.9285714285714,2.37365670513791,NA,NA,NA,NA,NA,NA,NA,NA,NA,NA,NA,NA,NA,NA,NA,NA,NA,NA,NA,NA,NA,NA,NA,NA,NA,NA,NA
"Brown-backed Needletail","Hirundapus giganteus","brbnee1","Apodiformes","Apodidae (Swifts)","Moderate","Moderate Decline","Moderate Decline","Moderate","Diurnal","Diurnal","Invertebrate","No","No","No","Non-endemic","Forest","Resident & Summer Migrant",NA,NA,NA,"Brown-backed Needletail","Hirundapus giganteus","Brown-backed Needletail","Hirundapus giganteus","Least Concern","Schedule-II","","",NA,"X","X","X",211,0.123222748815166,0.432701421800948,0.559241706161137,19.2938388625592,0.912201194895131,22.5467081153258,40.5793696810579,73.9318672048226,-4.49489570739642,1.81392263074679,8.12274096889,72.4716235400743,98.5878604065633,134.99611486769,70.6558428971727,100.444439316295,144.023976575868,68.856453892428,102.392233715612,153.942426010471,67.0986584848584,104.435100006526,164.791728705058,65.3964652363706,106.577117525602,176.631044318079,63.7573930789458,108.822600685698,189.534462648559,62.1850898159559,111.176111899323,203.589214966482
"Plume-toed Swiftlet","Collocalia affinis","pltswi1","Apodiformes","Apodidae (Swifts)","High","Data Deficient","Uncertain","Very Restricted","Diurnal","Diurnal","Invertebrate","No","No","No","Non-endemic","Non-specialized","Resident",NA,NA,1,"Plume-toed Swiftlet","Collocalia affinis","",NA,"Not recognized","Schedule-II","","",NA,"","","",40,0.075,0.5475,0.675,6.175,1.45168894563257,NA,NA,NA,NA,NA,NA,NA,NA,NA,NA,NA,NA,NA,NA,NA,NA,NA,NA,NA,NA,NA,NA,NA,NA,NA,NA,NA
"Indian Swiftlet","Aerodramus unicolor","indswi1","Apodiformes","Apodidae (Swifts)","Low","Uncertain","Uncertain","Moderate","Diurnal","Diurnal","Invertebrate","No","Yes","No","Indian Subcontinent","Forest","Resident",NA,NA,NA,"Indian Swiftlet","Aerodramus unicolor","Indian Swiftlet","Aerodramus unicolor","Least Concern","Schedule-I","","",NA,"X","X","X",201,0.203980099502488,0.579601990049751,0.651741293532338,20.8905472636816,0.737885063993144,42.0720985996478,67.6628924337039,106.917061795432,-4.28080208308697,-0.604495302645173,3.07181147779663,71.5710748378818,94.0572505206147,124.090306649632,68.3645821953615,93.4509954388541,128.396278149186,65.2601493120634,92.8763094580845,133.042112846126,62.2769239878392,92.332660744438,138.009448202968,59.4232868484457,91.8195481445814,143.292361407118,56.70153755448,91.3365004777076,148.892680974816,54.1104798002531,90.8830758768838,154.817407994335
"Himalayan Swiftlet","Aerodramus brevirostris","himswi2","Apodiformes","Apodidae (Swifts)","Moderate","Strong Decline","Uncertain","Moderate","Diurnal","Diurnal","Invertebrate","No","No","No","Non-endemic","Forest","Resident & Local Migrant",NA,NA,NA,"Himalayan Swiftlet","Aerodramus brevirostris","Himalayan Swiftlet","Aerodramus brevirostris","Least Concern","Schedule-II","","",NA,"X","X","X",305,0.137704918032787,0.294754098360656,0.481967213114754,12.1606557377049,0.700136040190287,16.7969690423334,27.7424215914962,44.1607057007635,-4.19390768718374,0.0096697520932145,4.21324719137017,74.4246644672063,96.8378535663634,126.54007179705,71.7371530587749,96.9356277680331,131.720607366212,69.1124278151607,97.0690270769806,137.311839521669,66.5712856960516,97.2381395918345,143.303278855138,64.1241407054956,97.4430918755214,149.696762588749,61.7754652175769,97.6840490987873,156.50207034788,59.5262490771192,97.961215255567,163.734532841512
"White-nest Swiftlet","Aerodramus fuciphagus","y00731","Apodiformes","Apodidae (Swifts)",NA,NA,NA,NA,"Diurnal","Diurnal","Invertebrate","No","No","No","Non-endemic","Wetland","Resident",NA,NA,1,"Edible-nest Swiftlet","Aerodramus fuciphagus","Edible-nest Swiftlet","Aerodramus fuciphagus","Least Concern","Not scheduled","","",NA,"","","",34,0.117647058823529,0.417647058823529,0.617647058823529,6.73529411764706,1.61801223555996,NA,NA,NA,NA,NA,NA,NA,NA,NA,NA,NA,NA,NA,NA,NA,NA,NA,NA,NA,NA,NA,NA,NA,NA,NA,NA,NA
"Alpine Swift","Tachymarptis melba","alpswi1","Apodiformes","Apodidae (Swifts)","Low","Stable","Uncertain","Moderate","Diurnal","Diurnal","Invertebrate","No","No","No","Non-endemic","Forest","Resident & Local Migrant",NA,NA,NA,"Alpine Swift","Tachymarptis melba","Alpine Swift","Tachymarptis melba","Least Concern","Schedule-II","","",NA,"X","X","X",802,0.0860349127182045,0.295261845386534,0.467581047381546,17.1221945137157,0.43524288199339,33.1298423283649,44.8624866505209,62.8109382011342,-2.29568129389582,0.0730308782830105,2.44174305046184,100.712537211225,119.866719572745,142.920957341006,98.4029246963021,120.105011073612,146.940144351817,96.0986966061447,120.359095051922,151.199827169443,93.8210514478984,120.629064859092,155.68261714948,91.5825020466769,120.915020356274,160.380235393583,89.3904594234429,121.217067972082,165.289939352754,87.2492292664681,121.535320765002,170.412537851853
"Common Swift","Apus apus","comswi","Apodiformes","Apodidae (Swifts)",NA,NA,NA,NA,"Diurnal","Diurnal","Invertebrate","No","No","No","Non-endemic","Non-specialized","Winter Migrant & Localized Summer Migrant",NA,NA,NA,"Common Swift","Apus apus","Common Swift","Apus apus","Least Concern","Schedule-II","","",NA,"","","",119,0.168067226890756,0.202521008403361,0.336134453781513,8.72268907563025,1.02520736618822,NA,NA,NA,NA,NA,NA,NA,NA,NA,NA,NA,NA,NA,NA,NA,NA,NA,NA,NA,NA,NA,NA,NA,NA,NA,NA,NA
"Pacific Swift","Apus pacificus","fotswi","Apodiformes","Apodidae (Swifts)",NA,NA,NA,NA,"Diurnal","Diurnal","Invertebrate","No","No","No","Non-endemic","Non-specialized","Uncertain",NA,1,NA,"Pacific Swift","Apus pacificus","Pacific Swift","Apus pacificus","Least Concern","Schedule-II","","",NA,"","","",7,NA,0.309523809523809,0.571428571428571,9.71428571428571,3.81869087515604,NA,NA,NA,NA,NA,NA,NA,NA,NA,NA,NA,NA,NA,NA,NA,NA,NA,NA,NA,NA,NA,NA,NA,NA,NA,NA,NA
"Blyth's Swift","Apus leuconyx","blyswi1","Apodiformes","Apodidae (Swifts)","Moderate","Data Deficient","Data Deficient","Restricted","Diurnal","Diurnal","Invertebrate","No","No","No","Non-endemic","Forest","Within-India Migrant",1,NA,NA,"Blyth's Swift","Apus leuconyx","",NA,"Not recognized","Schedule-II","","",NA,"","","X",130,0.0692307692307692,0.209230769230769,0.415384615384615,18.8538461538462,1.09980496379877,NA,NA,NA,NA,NA,NA,NA,NA,NA,NA,NA,NA,NA,NA,NA,NA,NA,NA,NA,NA,NA,NA,NA,NA,NA,NA,NA
"Dark-rumped Swift","Apus acuticauda","darswi1","Apodiformes","Apodidae (Swifts)","High","Data Deficient","Data Deficient","Restricted","Diurnal","Diurnal","Invertebrate","No","No","No","Non-endemic","Forest","Resident",1,NA,NA,"Dark-rumped Swift","Apus acuticauda","Dark-rumped Swift","Apus acuticauda","Near Threatened","Schedule-I","","",NA,"","","X",26,0.0769230769230769,0.219230769230769,0.230769230769231,12,2.1249370669414,NA,NA,NA,NA,NA,NA,NA,NA,NA,NA,NA,NA,NA,NA,NA,NA,NA,NA,NA,NA,NA,NA,NA,NA,NA,NA,NA
"Little Swift","Apus affinis","litswi1","Apodiformes","Apodidae (Swifts)","Low","Moderate Decline","Strong Increase","Very Large","Diurnal","Diurnal","Invertebrate","No","No","No","Non-endemic","Non-specialized","Resident",NA,NA,NA,"Little Swift","Apus affinis","Little Swift","Apus affinis","Least Concern","Schedule-II","","",NA,"X","X","X",3074,0.0810019518542616,0.365875081327261,0.605400130123617,11.6249186727391,0.233915560286129,60.6345480380885,68.4325868938065,76.9400976334287,3.53978984022315,4.74098683955198,5.9421838388808,145.01834421223,155.739299246657,167.29020200023,149.400133696915,162.115231418055,175.964032020702,153.875832748317,168.754917771304,185.142012879153,158.459140134011,175.669380460778,194.839800428811,163.160318104184,182.870106858167,205.077999535784,167.987629533175,190.369069381011,215.880807517841,172.948148791341,198.178746174542,227.275288248096
"House Swift","Apus nipalensis","houswi1","Apodiformes","Apodidae (Swifts)",NA,NA,NA,NA,"Diurnal","Diurnal","Invertebrate","No","No","No","Non-endemic","Non-specialized","Resident",NA,NA,NA,"House Swift","Apus nipalensis","House Swift","Apus nipalensis","Least Concern","Schedule-II","","",NA,"","","",NA,NA,NA,NA,NA,NA,NA,NA,NA,NA,NA,NA,NA,NA,NA,NA,NA,NA,NA,NA,NA,NA,NA,NA,NA,NA,NA,NA,NA,NA,NA,NA,NA
"Asian Palm Swift","Cypsiurus balasiensis","aspswi1","Apodiformes","Apodidae (Swifts)","Low","Stable","Uncertain","Very Large","Diurnal","Diurnal","Invertebrate","No","No","No","Non-endemic","Non-specialized","Resident",NA,NA,NA,"Asian Palm Swift","Cypsiurus balasiensis","Asian Palm Swift","Cypsiurus balasiensis","Least Concern","Schedule-II","","",NA,"","","X",2097,0.0734382451120649,0.438006676204101,0.659036719122556,12.1115879828326,0.297374703943983,NA,NA,NA,NA,NA,NA,NA,NA,NA,NA,NA,NA,NA,NA,NA,NA,NA,NA,NA,NA,NA,NA,NA,NA,NA,NA,NA
"Crested Treeswift","Hemiprocne coronata","cretre1","Apodiformes","Hemiprocnidae (Treeswifts)","High","Strong Decline","Strong Decline","Large","Diurnal","Diurnal","Invertebrate","No","No","No","Non-endemic","Forest","Resident",1,NA,NA,"Crested Treeswift","Hemiprocne coronata","Crested Treeswift","Hemiprocne coronata","Least Concern","Schedule-I","","",NA,"X","X","X",818,0.114914425427873,0.312958435207824,0.447432762836186,14.7163814180929,0.493548002524246,21.7323241380509,29.3271489283783,38.681205617819,-3.19866176644624,-1.08013430641791,1.03839315361042,71.3765692705927,84.8836189278052,101.09590258137,68.8418322707625,83.9485709842576,102.568816040012,66.3631792162602,83.0331183885423,104.147668376522,63.9540236211689,82.136853711115,105.815269941216,61.6212326564317,81.2593800133854,107.561266497285,59.3678934572589,80.4003105715518,109.379362764677,57.1948462040662,79.5592686085147,111.265779868217
"Water Rail","Rallus aquaticus","watrai1","Gruiformes","Rallidae (Rails, Gallinules, and Coots)",NA,NA,NA,NA,"Diurnal","Diurnal","Omnivore","No","No","No","Non-endemic","Wetland","Resident & Winter Migrant",NA,NA,NA,"Water Rail","Rallus aquaticus","Western Water Rail","Rallus aquaticus","Least Concern","Schedule-II","","",NA,"","","",45,0.0888888888888889,0.222222222222222,0.266666666666667,15.6666666666667,1.88429554395527,NA,NA,NA,NA,NA,NA,NA,NA,NA,NA,NA,NA,NA,NA,NA,NA,NA,NA,NA,NA,NA,NA,NA,NA,NA,NA,NA
"Brown-cheeked Rail","Rallus indicus","bncrai1","Gruiformes","Rallidae (Rails, Gallinules, and Coots)",NA,NA,NA,NA,"Diurnal","Diurnal","Omnivore","No","No","No","Non-endemic","Wetland","Winter Migrant",NA,NA,NA,"Brown-cheeked Rail","Rallus indicus","Eastern Water Rail","Rallus indicus","Least Concern","Schedule-II","","",NA,"","","",7,0.142857142857143,0.214285714285714,0.285714285714286,18.7142857142857,3.81869087515604,NA,NA,NA,NA,NA,NA,NA,NA,NA,NA,NA,NA,NA,NA,NA,NA,NA,NA,NA,NA,NA,NA,NA,NA,NA,NA,NA
"Corn Crake","Crex crex","corcra","Gruiformes","Rallidae (Rails, Gallinules, and Coots)",NA,NA,NA,NA,"24 hour","Diurnal","Omnivore","No","No","No","Non-endemic","Non-specialized","Uncertain",NA,1,NA,"Corn Crake","Crex crex","Corncrake","Crex crex","Least Concern","Schedule-II","","Appendix II",NA,"","","",1,1,NA,NA,15,NA,NA,NA,NA,NA,NA,NA,NA,NA,NA,NA,NA,NA,NA,NA,NA,NA,NA,NA,NA,NA,NA,NA,NA,NA,NA,NA,NA
"Slaty-breasted Rail","Lewinia striata","slbrai1","Gruiformes","Rallidae (Rails, Gallinules, and Coots)","Low","Data Deficient","Uncertain","Moderate","Diurnal","Diurnal","Omnivore","No","No","No","Non-endemic","Wetland","Resident & Local Migrant",NA,NA,NA,"Slaty-breasted Rail","Lewinia striata","Slaty-breasted Rail","Lewinia striata","Least Concern","Schedule-II","","",NA,"","X","X",249,0.036144578313253,0.246586345381526,0.305220883534137,17.5220883534137,0.849497211701982,NA,NA,NA,-5.68727722595262,-2.23630252948812,1.21467216697639,61.2366013581408,86.390982548273,122.598508819824,56.7669961103963,84.1785438263982,125.79552813777,52.5828644227508,82.0611896613908,129.336811244264,48.6890384152588,80.0347657323428,133.19354666769,45.0783909336585,78.095339431135,137.353287551546,41.7378316161695,76.2391881504277,141.813709272374,38.6515126260377,74.4627882800626,146.579197937987
"Spotted Crake","Porzana porzana","spocra1","Gruiformes","Rallidae (Rails, Gallinules, and Coots)",NA,NA,NA,NA,"Diurnal","Diurnal","Omnivore","No","No","No","Non-endemic","Wetland","Winter Migrant",NA,NA,NA,"Spotted Crake","Porzana porzana","Spotted Crake","Porzana porzana","Least Concern","Schedule-II","","Appendix II",NA,"","","",34,0.117647058823529,0.170588235294118,0.235294117647059,15.8529411764706,1.94268592530623,NA,NA,NA,NA,NA,NA,NA,NA,NA,NA,NA,NA,NA,NA,NA,NA,NA,NA,NA,NA,NA,NA,NA,NA,NA,NA,NA
"Eurasian Moorhen","Gallinula chloropus","commoo3","Gruiformes","Rallidae (Rails, Gallinules, and Coots)","Low","Uncertain","Uncertain","Large","Diurnal","Diurnal","Omnivore","No","No","No","Non-endemic","Wetland","Resident & Local Migrant",NA,NA,NA,"Common Moorhen","Gallinula chloropus","Common Moorhen","Gallinula chloropus","Least Concern","Schedule-II","","",NA,"X","X","X",2634,0.0565679574791192,0.353075170842825,0.562262718299165,11.828397873956,0.251957482174016,160.621413134867,192.309444434886,228.633582469442,1.64450745402191,3.00117884547382,4.35785023692573,118.753718294175,128.810501775282,139.761138192572,120.443066612035,132.190884832192,145.142030230138,122.123068606795,135.663210966065,150.780837661591,123.804404956517,139.230063493666,156.676600504049,125.494050090025,142.894100494746,162.832465819669,127.196776225651,146.658057035023,169.254200733492,128.915997133532,150.524747456918,175.949366470635
"Eurasian Coot","Fulica atra","eurcoo","Gruiformes","Rallidae (Rails, Gallinules, and Coots)","Moderate","Stable","Strong Decline","Large","Diurnal","Diurnal","Plant & Seed","No","No","No","Non-endemic","Wetland","Resident & Winter Migrant",NA,NA,NA,"Eurasian Coot","Fulica atra","Eurasian Coot","Fulica atra","Least Concern","Schedule-II","","Appendix II",15000,"X","X","X",2515,0.0679920477137177,0.368230616302187,0.510934393638171,11.8695825049702,0.259119306584942,89.5560953379568,104.510261590124,122.802469722595,-4.12474610348373,-3.34880476422962,-2.57286342497551,63.9996019598322,68.5984817476209,73.5499663664893,60.9013899881797,65.9376136786259,71.4185028917709,57.9398674804103,63.3815541870059,69.3692998054743,55.114170895697,60.9261138454302,67.3933512921383,52.4211895423126,58.567273068931,65.4843681265044,49.8566415381637,56.3011751350122,63.6376785057359,47.4156596452498,54.1241194944073,61.8496201877989
"Gray-headed Swamphen","Porphyrio poliocephalus","purswa3","Gruiformes","Rallidae (Rails, Gallinules, and Coots)","Moderate","Uncertain","Strong Decline","Very Large","Diurnal","Diurnal","Omnivore","No","No","No","Non-endemic","Wetland","Resident",NA,NA,NA,"Grey-headed Swamphen","Porphyrio poliocephalus","",NA,"Not recognized","Schedule-II","","",20000,"X","X","X",2222,0.0513051305130513,0.367011701170117,0.568856885688569,12.3636363636364,0.279042884222944,169.55695949401,204.834757078944,244.059092080932,0.51024217233249,1.6475117712696,2.7847813702067,98.5820197986183,106.976167701981,116.120770629988,98.9145218056952,108.615352488298,119.315685831038,99.2205380932985,110.281863788673,122.639488400167,99.509298547082,111.976187145154,126.086003278303,99.7866901914871,113.698817198547,129.652494330059,100.056615120949,115.450257866689,133.338309506022,100.321750229646,117.231022526357,137.144124308669
"White-browed Crake","Poliolimnas cinereus","whbcra1","Gruiformes","Rallidae (Rails, Gallinules, and Coots)",NA,NA,NA,NA,"Diurnal","Diurnal","Omnivore","No","No","No","Non-endemic","Wetland","Uncertain",NA,1,NA,"White-browed Crake","Poliolimnas cinereus","White-browed Crake","Amaurornis cinerea","Least Concern","Schedule-II","","",NA,"","","",NA,NA,NA,NA,NA,NA,NA,NA,NA,NA,NA,NA,NA,NA,NA,NA,NA,NA,NA,NA,NA,NA,NA,NA,NA,NA,NA,NA,NA,NA,NA,NA,NA
"Watercock","Gallicrex cinerea","waterc1","Gruiformes","Rallidae (Rails, Gallinules, and Coots)","Moderate","Data Deficient","Strong Decline","Moderate","Diurnal","Diurnal","Plant & Seed","No","No","No","Non-endemic","Wetland","Resident & Within-India Migrant",NA,NA,NA,"Watercock","Gallicrex cinerea","Watercock","Gallicrex cinerea","Least Concern","Schedule-II","","",NA,"X","X","X",467,0.0364025695931477,0.299143468950749,0.464668094218415,16.830835117773,0.581504339982822,73.7849459678624,155.946316468533,313.118451608046,-3.48681030453627,0.288482907606282,4.06377611974883,92.0642854853561,114.782285790473,143.549842746528,89.560623682373,115.2734076222,148.972935283881,87.08417490731,115.801375305195,154.791837982916,84.6582993050595,116.366619842221,160.995153587562,82.2960736770885,116.969604798117,167.583202136115,80.0045877121315,117.610826870026,174.563787546222,77.7873337634764,118.290816499899,181.949877566288
"White-breasted Waterhen","Amaurornis phoenicurus","whbwat1","Gruiformes","Rallidae (Rails, Gallinules, and Coots)","Low","Stable","Uncertain","Very Large","24 hour","Diurnal","Omnivore","No","No","No","Non-endemic","Non-specialized","Resident",NA,NA,NA,"White-breasted Waterhen","Amaurornis phoenicurus","White-breasted Waterhen","Amaurornis phoenicurus","Least Concern","Schedule-II","","",NA,"X","X","X",3419,0.0620064346300088,0.415384615384615,0.629131324948815,11.0099444281954,0.223284407910838,183.772034697712,210.331425053281,238.177393240211,4.44507810554921,5.56923575141854,6.69339339728787,146.767672298617,154.777247337371,163.249349446836,152.311517725878,161.866752869537,172.056569287488,158.035567481637,169.283038138637,181.378296260601,163.954587376941,177.041258631118,191.234723163709,170.081089183405,185.157276980353,201.650113497612,176.426367737296,193.647696158234,212.651861249028,183.001090911784,202.529894233805,224.270003080034
"Andaman Crake","Rallina canningi","andcra1","Gruiformes","Rallidae (Rails, Gallinules, and Coots)","Moderate","Data Deficient","Data Deficient","Restricted","Diurnal","Diurnal","Invertebrate","Yes","Yes","No","Andaman Islands","Forest","Resident",NA,NA,1,"Andaman Crake","Rallina canningi","Andaman Crake","Rallina canningi","Least Concern","Schedule-II","","",250,"X","X","X",20,0.1,0.415,0.55,8.2,2.2644039066897,16.4318655722999,114.806039381036,959.407482107455,-10.4881028949847,-4.18862686804899,2.11084915888669,34.7893143629397,63.6132278456714,118.200753730337,30.5081314781063,60.8009702764974,123.744497550397,26.7432365237621,58.1985822104077,130.085848414806,23.4499831086691,55.7894156265145,137.222713703181,20.5773654379173,53.5583643328007,145.184411031873,18.074950238306,51.4917122454217,154.022818341404,15.8958838551951,49.5769979632697,163.80811279391
"Red-legged Crake","Rallina fasciata","relcra1","Gruiformes","Rallidae (Rails, Gallinules, and Coots)",NA,NA,NA,NA,"24 hour","24 hour","Plant & Seed","No","No","No","Non-endemic","Non-specialized","Resident",NA,NA,NA,"Red-legged Crake","Rallina fasciata","Red-legged Crake","Rallina fasciata","Least Concern","Recent addition","","",NA,"","","",1,NA,1,1,7,NA,NA,NA,NA,NA,NA,NA,NA,NA,NA,NA,NA,NA,NA,NA,NA,NA,NA,NA,NA,NA,NA,NA,NA,NA,NA,NA,NA
"Slaty-legged Crake","Rallina eurizonoides","sllcra1","Gruiformes","Rallidae (Rails, Gallinules, and Coots)","Moderate","Data Deficient","Data Deficient","Moderate","24 hour","24 hour","Plant & Seed","No","No","No","Non-endemic","Forest & Plantation","Resident & Within-India Migrant",NA,NA,NA,"Slaty-legged Crake","Rallina eurizonoides","Slaty-legged Crake","Rallina eurizonoides","Least Concern","Schedule-II","","",NA,"","","",83,0.036144578313253,0.191566265060241,0.337349397590361,20.5060240963855,1.16408125335019,NA,NA,NA,NA,NA,NA,NA,NA,NA,NA,NA,NA,NA,NA,NA,NA,NA,NA,NA,NA,NA,NA,NA,NA,NA,NA,NA
"Ruddy-breasted Crake","Zapornia fusca","rubcra1","Gruiformes","Rallidae (Rails, Gallinules, and Coots)","Low","Data Deficient","Uncertain","Large","Diurnal","Diurnal","Omnivore","No","No","No","Non-endemic","Wetland","Resident",NA,NA,NA,"Ruddy-breasted Crake","Zapornia fusca","Ruddy-breasted Crake","Zapornia fusca","Least Concern","Schedule-II","","",NA,"X","X","X",586,0.0324232081911263,0.260921501706485,0.389078498293515,16.2866894197952,0.532229910721311,61.0421592875007,114.14137274721,212.048040066849,-4.21652858704942,-1.78930261127468,0.637923364500059,68.0655989278127,80.7417572817169,95.9542051437773,65.1429282011423,79.2048062867521,96.5337792758409,62.3197262872412,77.7113731574035,97.2023705566126,59.6058818565183,76.2600848699925,97.9422129869181,57.0050162281363,74.8496176308998,98.7423230509855,54.5172254962545,73.4786949425498,99.5957290197019,52.1405905137364,72.1460857525622,100.497934290943
"Band-bellied Crake","Zapornia paykullii","babcra1","Gruiformes","Rallidae (Rails, Gallinules, and Coots)",NA,NA,NA,NA,"Diurnal","Diurnal","Omnivore","No","No","No","Non-endemic","Wetland","Uncertain",NA,1,NA,"Band-bellied Crake","Zapornia paykullii","Band-bellied Crake","Zapornia paykullii","Near Threatened","Recent addition","","Appendix II",NA,"","","",NA,NA,NA,NA,NA,NA,NA,NA,NA,NA,NA,NA,NA,NA,NA,NA,NA,NA,NA,NA,NA,NA,NA,NA,NA,NA,NA,NA,NA,NA,NA,NA,NA
"Brown Crake","Zapornia akool","brocra1","Gruiformes","Rallidae (Rails, Gallinules, and Coots)","Moderate","Moderate Decline","Uncertain","Large","Diurnal","Diurnal","Omnivore","No","No","No","Non-endemic","Wetland","Resident",NA,NA,NA,"Brown Crake","Zapornia akool","Brown Crake","Zapornia akool","Least Concern","Schedule-II","","",NA,"","","X",552,0.036231884057971,0.223007246376812,0.423913043478261,14.0960144927536,0.515872154093962,NA,NA,NA,NA,NA,NA,NA,NA,NA,NA,NA,NA,NA,NA,NA,NA,NA,NA,NA,NA,NA,NA,NA,NA,NA,NA,NA
"Little Crake","Zapornia parva","litcra1","Gruiformes","Rallidae (Rails, Gallinules, and Coots)",NA,NA,NA,NA,"Diurnal","Diurnal","Omnivore","No","No","No","Non-endemic","Wetland","Winter Migrant",NA,NA,NA,"Little Crake","Zapornia parva","Little Crake","Zapornia parva","Least Concern","Schedule-II","","Appendix II",NA,"","","",NA,NA,NA,NA,NA,NA,NA,NA,NA,NA,NA,NA,NA,NA,NA,NA,NA,NA,NA,NA,NA,NA,NA,NA,NA,NA,NA,NA,NA,NA,NA,NA,NA
"Baillon's Crake","Zapornia pusilla","baicra1","Gruiformes","Rallidae (Rails, Gallinules, and Coots)","Low","Data Deficient","Uncertain","Moderate","24 hour","Diurnal","Omnivore","No","No","No","Non-endemic","Wetland","Winter Migrant",NA,NA,NA,"Baillon's Crake","Zapornia pusilla","Baillon's Crake","Zapornia pusilla","Least Concern","Schedule-II","","",NA,"","X","X",348,0.0402298850574713,0.23764367816092,0.275862068965517,17.014367816092,0.685961001662161,NA,NA,NA,-9.65256099631143,-7.82316072000781,-5.99376044370418,24.8781134237762,37.100856467041,55.6451975340245,20.5521578990408,32.4687725018723,51.6804285062655,16.9622798079622,28.427387103207,48.1001066510638,13.992680483356,24.8998830840234,44.842003739234,11.5408165259412,21.819616092037,41.8614805196461,9.51866948770346,19.1287444198354,39.1246226361294,7.85196205638819,16.7770463164408,36.604471768961
"Black-tailed Crake","Zapornia bicolor","bltcra1","Gruiformes","Rallidae (Rails, Gallinules, and Coots)","Moderate","Data Deficient","Data Deficient","Restricted","Diurnal","Diurnal","Omnivore","No","No","No","Non-endemic","Wetland","Resident & Local Migrant",1,NA,NA,"Black-tailed Crake","Zapornia bicolor","Black-tailed Crake","Zapornia bicolor","Least Concern","Schedule-II","","",NA,"","","X",43,0.0232558139534884,0.304651162790698,0.325581395348837,13.6744186046512,1.93457093476578,NA,NA,NA,NA,NA,NA,NA,NA,NA,NA,NA,NA,NA,NA,NA,NA,NA,NA,NA,NA,NA,NA,NA,NA,NA,NA,NA
"Masked Finfoot","Heliopais personatus","masfin3","Gruiformes","Heliornithidae (Finfoots)",NA,NA,NA,NA,"24 hour","24 hour","Omnivore","No","No","No","Non-endemic","Wetland","Resident (Extirpated)",NA,NA,NA,"Masked Finfoot","Heliopais personatus","Masked Finfoot","Heliopais personatus","Critically Endangered","Schedule-I","","",NA,"","","",NA,NA,NA,NA,NA,NA,NA,NA,NA,NA,NA,NA,NA,NA,NA,NA,NA,NA,NA,NA,NA,NA,NA,NA,NA,NA,NA,NA,NA,NA,NA,NA,NA
"Demoiselle Crane","Anthropoides virgo","demcra1","Gruiformes","Gruidae (Cranes)","Low","Data Deficient","Uncertain","Moderate","Diurnal","Diurnal","Plant & Seed","No","No","No","Non-endemic","Open Habitat","Winter Migrant",1,NA,NA,"Demoiselle Crane","Anthropoides virgo","Demoiselle Crane","Anthropoides virgo","Least Concern","Schedule-I","Appendix II","Appendix II",1000,"X","X","X",290,0.096551724137931,0.282758620689655,0.382758620689655,12.2275862068966,0.707779456442602,16.4382184321322,28.350988380698,49.354354610279,-7.04100850216987,-4.27520690337332,-1.50940530457677,45.33024066452,59.7883754850112,79.2153442908791,41.1547039913742,56.4937359273844,78.010958150016,37.3429839107468,53.4022985465909,76.9479668505622,33.8764397221395,50.5005736624205,75.9965213028535,30.7309209014358,47.7760218842806,75.1374342632456,27.8805901505046,45.2169837642393,74.3577954064661,25.2998375667346,42.8126148859323,73.6485588058797
"Siberian Crane","Leucogeranus leucogeranus","sibcra1","Gruiformes","Gruidae (Cranes)",NA,NA,NA,NA,"No information","No information","Plant & Seed","No","No","No","Non-endemic","Wetland","Winter Migrant (Extirpated)",NA,1,NA,"Siberian Crane","Leucogeranus leucogeranus","Siberian Crane","Leucogeranus leucogeranus","Critically Endangered","Schedule-I","Appendix I","Appendix I",NA,"","","",1,1,NA,NA,21,NA,NA,NA,NA,NA,NA,NA,NA,NA,NA,NA,NA,NA,NA,NA,NA,NA,NA,NA,NA,NA,NA,NA,NA,NA,NA,NA,NA
"Sarus Crane","Antigone antigone","sarcra1","Gruiformes","Gruidae (Cranes)","Moderate","Moderate Decline","Moderate Decline","Large","Diurnal","Diurnal","Plant & Seed","No","No","No","Non-endemic","Wetland","Resident",NA,NA,NA,"Sarus Crane","Antigone antigone","Sarus Crane","Grus antigone","Vulnerable","Schedule-I","Appendix II","Appendix II",90,"X","X","X",560,0.0982142857142857,0.274464285714286,0.391071428571429,10.1339285714286,0.537327438289891,16.4103782558552,24.5931513001918,36.8901195756525,-6.35369289368913,-4.35032737446547,-2.34696185524181,49.7756643205624,59.3921980229709,71.006823250976,45.9418954001297,56.233446855675,69.0091120839545,42.3862329978904,53.2540015783197,67.1301798632793,39.0980001206965,50.4431384234105,65.349851768102,36.0624396150817,47.7908040424454,63.6546232525393,33.2632099674176,45.2875719461087,62.0349364745653,30.6836790380204,42.9246018729649,60.4836795039102
"Common Crane","Grus grus","comcra","Gruiformes","Gruidae (Cranes)","Moderate","Strong Decline","Uncertain","Moderate","Diurnal","Diurnal","Plant & Seed","No","No","No","Non-endemic","Open Habitat","Winter Migrant",NA,NA,NA,"Common Crane","Grus grus","Common Crane","Grus grus","Least Concern","Schedule-I","Appendix II","Appendix II",1000,"X","X","X",364,0.104395604395604,0.315384615384615,0.445054945054945,12.1758241758242,0.62924626587918,26.1834441462298,43.2016500261197,68.666552239059,-5.37328384277763,-2.27827275702628,0.816738328725073,66.7113992985963,85.7399937494575,110.641599202187,62.7944459762774,83.6795368141711,112.102422630616,59.0758165538347,81.6954245809507,113.741925264936,55.563935349884,79.7845564879697,115.53343933265,52.2578973315193,77.9439740367697,117.461465209515,49.1518506331629,76.1708538046671,119.517163718504,46.2373756337012,74.4625008246531,121.695863755648
"Black-necked Crane","Grus nigricollis","blncra1","Gruiformes","Gruidae (Cranes)","High","Data Deficient","Data Deficient","Restricted","Diurnal","Diurnal","Omnivore","No","No","No","Non-endemic","Wetland","Localized Summer Migrant & Localized Winter Migrant",1,NA,NA,"Black-necked Crane","Grus nigricollis","Black-necked Crane","Grus nigricollis","Near Threatened","Schedule-I","Appendix I","Appendix I",NA,"","","X",28,0.357142857142857,0.4,0.5,8.75,1.7245106659679,NA,NA,NA,NA,NA,NA,NA,NA,NA,NA,NA,NA,NA,NA,NA,NA,NA,NA,NA,NA,NA,NA,NA,NA,NA,NA,NA
"Great Thick-knee","Esacus recurvirostris","grtkne1","Charadriiformes","Burhinidae (Thick-knees)","Moderate","Moderate Decline","Uncertain","Large","24 hour","24 hour","Invertebrate","No","No","No","Non-endemic","Wetland","Resident",1,NA,NA,"Great Thick-knee","Esacus recurvirostris","Great Thick-knee","Esacus recurvirostris","Near Threatened","Schedule-II","","",250,"X","X","X",594,0.0589225589225589,0.247979797979798,0.356902356902357,13.2205387205387,0.525370101828338,24.8259240824404,38.4839780992978,58.9056412891033,-5.42949709878152,-2.96996069301729,-0.510424287253065,55.3097210418768,67.4487360177401,82.4510321639069,52.012735036934,65.2688841622659,82.1638156551883,48.8893475890165,63.1730156230587,81.9614764728284,45.9426568935521,61.1575506230393,81.824374683457,43.1697455736358,59.2190746462276,81.740109933095,40.5645635273009,57.3543302895509,81.7005471492867,38.1194883653391,55.5602095401072,81.7001718353201
"Beach Thick-knee","Esacus magnirostris","beathk1","Charadriiformes","Burhinidae (Thick-knees)",NA,NA,NA,NA,"24 hour","24 hour","Invertebrate","No","No","No","Non-endemic","Wetland","Resident",NA,NA,1,"Beach Thick-knee","Esacus magnirostris","Beach Thick-knee","Esacus magnirostris","Near Threatened","Schedule-II","","",250,"","","",21,0.0476190476190476,0.275132275132275,0.380952380952381,6.47619047619048,2.19184346561924,NA,NA,NA,NA,NA,NA,NA,NA,NA,NA,NA,NA,NA,NA,NA,NA,NA,NA,NA,NA,NA,NA,NA,NA,NA,NA,NA
"Indian Thick-knee","Burhinus indicus","indthk1","Charadriiformes","Burhinidae (Thick-knees)","Moderate","Strong Decline","Uncertain","Large","24 hour","24 hour","Invertebrate","No","No","No","Non-endemic","Open Habitat","Resident",1,NA,NA,"Indian Thick-knee","Burhinus indicus","Indian Thick-knee","Burhinus indicus","Least Concern","Schedule-II","","",NA,"","","X",1436,0.0278551532033426,0.26357938718663,0.493036211699164,13.4025069637883,0.343417270408845,NA,NA,NA,NA,NA,NA,NA,NA,NA,NA,NA,NA,NA,NA,NA,NA,NA,NA,NA,NA,NA,NA,NA,NA,NA,NA,NA
"Black-winged Stilt","Himantopus himantopus","bkwsti","Charadriiformes","Recurvirostridae (Stilts and Avocets)","Low","Stable","Uncertain","Large","24 hour","24 hour","Invertebrate","No","No","No","Non-endemic","Wetland","Resident & Local Migrant",NA,NA,NA,"Black-winged Stilt","Himantopus himantopus","Black-winged Stilt","Himantopus himantopus","Least Concern","Schedule-II","","Appendix II",1700,"X","X","X",2990,0.0809364548494983,0.39257525083612,0.60133779264214,10.8809364548495,0.24001504157259,89.1854188998776,106.340025363621,127.079777809893,-2.11469600904269,-0.933752877758196,0.247190253526296,83.888856820907,95.0338032016172,107.718556901092,81.5884888259905,94.1140237856145,108.640753248599,79.3175564497332,93.2061818932326,109.627594302495,77.0883528808218,92.3101059543999,110.664600936182,74.9078562210202,91.4256271124046,111.742697509291,72.7799345891909,90.5525791780317,112.856004043718,70.7065712975921,89.6907985845241,114.000608431013
"Pied Avocet","Recurvirostra avosetta","pieavo1","Charadriiformes","Recurvirostridae (Stilts and Avocets)","Moderate","Uncertain","Moderate Decline","Moderate","24 hour","24 hour","Invertebrate","No","No","No","Non-endemic","Wetland","Winter Migrant",NA,NA,NA,"Pied Avocet","Recurvirostra avosetta","Pied Avocet","Recurvirostra avosetta","Least Concern","Schedule-II","","Appendix II",1000,"X","X","X",474,0.118143459915612,0.279746835443038,0.386075949367089,12.3586497890295,0.587954095334051,17.8757181332659,28.1514189950978,44.3504970494198,-7.57993546508451,-5.57111684557008,-3.56229822605565,39.1703547388594,61.3208374502376,96.3712326951799,34.0479852497135,56.8734085073321,95.4860435343368,29.5548222081027,52.7610103926844,94.8027919722921,25.63273775012,48.9575010540168,94.2678009579968,22.2195473410902,45.4388456818918,93.8472907007096,19.2550124640931,42.1829416802198,93.5191061604102,16.6834317128855,39.1694585820407,93.2681859965128
"Ibisbill","Ibidorhyncha struthersii","ibisbi1","Charadriiformes","Ibidorhynchidae (Ibisbill)",NA,NA,NA,NA,"Diurnal","Diurnal","Invertebrate","No","No","No","Non-endemic","Wetland","Local Migrant",1,NA,NA,"Ibisbill","Ibidorhyncha struthersii","Ibisbill","Ibidorhyncha struthersii","Least Concern","Schedule-I","","Appendix II",NA,"","","X",63,0.19047619047619,0.29047619047619,0.476190476190476,12.4603174603175,1.47017588221666,NA,NA,NA,NA,NA,NA,NA,NA,NA,NA,NA,NA,NA,NA,NA,NA,NA,NA,NA,NA,NA,NA,NA,NA,NA,NA,NA
"Eurasian Oystercatcher","Haematopus ostralegus","euroys1","Charadriiformes","Haematopodidae (Oystercatchers)","Moderate","Data Deficient","Uncertain","Restricted","24 hour","24 hour","Invertebrate","No","No","No","Non-endemic","Wetland","Winter Migrant",NA,NA,NA,"Eurasian Oystercatcher","Haematopus ostralegus","Eurasian Oystercatcher","Haematopus ostralegus","Near Threatened","Schedule-II","","Appendix II",NA,"","X","X",72,0.222222222222222,0.265277777777778,0.305555555555556,13.4583333333333,1.6862774769487,NA,NA,NA,-11.0104414140508,-6.63305976907969,-2.25567812410855,24.7936687881044,39.9180251726392,65.3131612479603,21.1056828186148,36.3531566018674,63.9544488790004,17.9704824963364,33.1582554314358,62.8574339459626,15.3131720703032,30.2912201647956,61.9745994282814,13.0638045735316,27.7151130199404,61.2755375609737,11.1602636749342,25.3974864736133,60.7400503826332,9.54878807467437,23.3098023366844,60.3543854669165
"Black-bellied Plover","Pluvialis squatarola","bkbplo","Charadriiformes","Charadriidae (Plovers and Lapwings)","Moderate","Strong Decline","Uncertain","Moderate","24 hour","24 hour","Invertebrate","No","No","No","Non-endemic","Wetland","Winter Migrant",NA,NA,NA,"Grey Plover","Pluvialis squatarola","Grey Plover","Pluvialis squatarola","Vulnerable","Schedule-II","","Appendix II",300,"X","X","X",196,0.142857142857143,0.35,0.489795918367347,13.5510204081633,1.02155437120759,10.5467078318327,20.402851599502,38.607353800208,-6.11379476737699,-1.91468139219134,2.2844319829943,64.4910556518837,90.4205362250539,127.632603557308,60.2282175882449,88.629788168547,131.582708736268,56.2187290587488,86.9233366356937,135.923900247169,52.4705891096129,85.2976739786171,140.630479473249,48.9796010708184,83.7494944724702,145.69326864561,45.7353697810625,82.2756831194177,151.113387079313,42.724517800396,80.8733051905413,156.898848245836
"European Golden-Plover","Pluvialis apricaria","eugplo","Charadriiformes","Charadriidae (Plovers and Lapwings)",NA,NA,NA,NA,"24 hour","24 hour","Invertebrate","No","No","No","Non-endemic","Wetland","Winter Migrant",NA,1,NA,"Eurasian Golden-Plover","Pluvialis apricaria","Eurasian Golden Plover","Pluvialis apricaria","Least Concern","Schedule-II","","Appendix II",NA,"","","",NA,NA,NA,NA,NA,NA,NA,NA,NA,NA,NA,NA,NA,NA,NA,NA,NA,NA,NA,NA,NA,NA,NA,NA,NA,NA,NA,NA,NA,NA,NA,NA,NA
"American Golden-Plover","Pluvialis dominica","amgplo","Charadriiformes","Charadriidae (Plovers and Lapwings)",NA,NA,NA,NA,"24 hour","24 hour","Invertebrate","No","No","No","Non-endemic","Wetland","Uncertain",NA,1,NA,"American Golden-Plover","Pluvialis dominica","American Golden Plover","Pluvialis dominica","Least Concern","Schedule-II","","Appendix II",NA,"","","",NA,NA,NA,NA,NA,NA,NA,NA,NA,NA,NA,NA,NA,NA,NA,NA,NA,NA,NA,NA,NA,NA,NA,NA,NA,NA,NA,NA,NA,NA,NA,NA,NA
"Pacific Golden-Plover","Pluvialis fulva","pagplo","Charadriiformes","Charadriidae (Plovers and Lapwings)","High","Strong Decline","Strong Decline","Moderate","24 hour","24 hour","Invertebrate","No","No","No","Non-endemic","Wetland","Winter Migrant",NA,NA,NA,"Pacific Golden-Plover","Pluvialis fulva","Pacific Golden Plover","Pluvialis fulva","Least Concern","Schedule-I","","Appendix II",NA,"X","X","X",504,0.132936507936508,0.349206349206349,0.482142857142857,14.3730158730159,0.629325480838442,19.8624226037435,30.1161261905793,46.6447156051096,-3.10023441150521,0.17361486671461,3.44746414493443,78.4385411963126,98.3228261815988,123.579408769622,76.0890243754442,98.5390674143482,128.06339015692,73.7679082452653,98.7773146563394,132.86193574413,71.4958293533058,99.0377247375139,137.961505620579,69.284281406384,99.3204688811738,143.358668520463,67.1394361478927,99.6257328747403,149.056310632439,65.0642681569794,99.9537172560742,155.06154409647
"Common Ringed Plover","Charadrius hiaticula","corplo","Charadriiformes","Charadriidae (Plovers and Lapwings)",NA,NA,NA,NA,"24 hour","24 hour","Invertebrate","No","No","No","Non-endemic","Wetland","Winter Migrant",NA,NA,NA,"Common Ringed Plover","Charadrius hiaticula","Common Ringed Plover","Charadrius hiaticula","Least Concern","Schedule-II","","Appendix II",NA,"","","",41,0.0487804878048781,0.197560975609756,0.195121951219512,17.7560975609756,2.08033625388032,NA,NA,NA,NA,NA,NA,NA,NA,NA,NA,NA,NA,NA,NA,NA,NA,NA,NA,NA,NA,NA,NA,NA,NA,NA,NA,NA
"Little Ringed Plover","Thinornis dubius","lirplo","Charadriiformes","Charadriidae (Plovers and Lapwings)","Moderate","Moderate Decline","Moderate Decline","Large","Diurnal","Diurnal","Invertebrate","No","No","No","Non-endemic","Open Habitat","Resident & Winter Migrant",NA,NA,NA,"Little Ringed Plover","Thinornis dubius","Little Ringed Plover","Charadrius dubius","Least Concern","Schedule-II","","Appendix II",1000,"X","X","X",2547,0.0714566156262269,0.344562230074598,0.527679623085983,12.0208087946604,0.25493145642209,43.4309787963404,51.1892187668755,61.4984690260445,-3.93430032446196,-3.13052958095392,-2.32675883744588,64.251652356599,71.7500910344396,80.1550506264109,61.0192953843767,69.239354842186,78.6071664975972,57.9273780882355,66.817916315216,77.1235712113534,54.9781651809825,64.4825501014349,75.6919975000807,52.1701178039654,62.2301490636907,74.3045010729385,49.4996418527316,60.0577198862625,72.9556844904665,46.9620437043723,57.9623788468141,71.6417151523827
"Long-billed Plover","Thinornis placidus","lobplo1","Charadriiformes","Charadriidae (Plovers and Lapwings)",NA,NA,NA,NA,"Diurnal","Diurnal","Invertebrate","No","No","No","Non-endemic","Wetland","Resident & Winter Migrant",1,NA,NA,"Long-billed Plover","Thinornis placidus","Long-billed Plover","Charadrius placidus","Least Concern","Schedule-II","","Appendix II",NA,"","","X",20,0.1,0.355,0.7,13,2.54760320797081,NA,NA,NA,NA,NA,NA,NA,NA,NA,NA,NA,NA,NA,NA,NA,NA,NA,NA,NA,NA,NA,NA,NA,NA,NA,NA,NA
"Northern Lapwing","Vanellus vanellus","norlap","Charadriiformes","Charadriidae (Plovers and Lapwings)","Moderate","Data Deficient","Uncertain","Moderate","24 hour","24 hour","Invertebrate","No","No","No","Non-endemic","Wetland","Winter Migrant",NA,NA,NA,"Northern Lapwing","Vanellus vanellus","Northern Lapwing","Vanellus vanellus","Near Threatened","Schedule-II","","Appendix II",250,"X","X","X",154,0.149350649350649,0.255844155844156,0.396103896103896,15.3246753246753,0.89979407908513,30.6299454486836,104.284957823857,353.355869854631,-10.7374604273008,0.201395997423822,11.1402524221485,65.7535268187106,112.138521439821,194.855048074143,61.3178722090185,112.864845311347,212.911413390659,57.2139638064476,113.845000069592,233.761182846052,53.4485368178001,115.084535954961,257.72355140483,50.0103412577111,116.590530618625,285.210069255382,46.8797798701152,118.371641492153,316.725786927809,44.0339254436109,120.438171463105,352.87745747548
"Spur-winged Lapwing","Vanellus spinosus","spwlap1","Charadriiformes","Charadriidae (Plovers and Lapwings)",NA,NA,NA,NA,"Diurnal","Diurnal","Invertebrate","No","No","No","Non-endemic","Wetland","Uncertain",NA,1,NA,"Spur-winged Lapwing",NA,"Spur-winged Lapwing","Vanellus spinosus",NA,NA,NA,NA,NA,"","","",NA,NA,NA,NA,NA,NA,NA,NA,NA,NA,NA,NA,NA,NA,NA,NA,NA,NA,NA,NA,NA,NA,NA,NA,NA,NA,NA,NA,NA,NA,NA,NA,NA
"River Lapwing","Vanellus duvaucelii","rivlap1","Charadriiformes","Charadriidae (Plovers and Lapwings)","Moderate","Uncertain","Uncertain","Large","Diurnal","Diurnal","Invertebrate","No","No","No","Non-endemic","Wetland","Resident & Local Migrant",NA,NA,NA,"River Lapwing","Vanellus duvaucelii","River Lapwing","Vanellus duvaucelii","Near Threatened","Schedule-II","","",250,"X","X","X",783,0.0676883780332056,0.282247765006386,0.466155810983397,11.0153256704981,0.444555331347795,54.3780742687773,76.8727750557912,105.264966475737,-1.77706479321708,0.787114432753797,3.35129365872467,97.7421139599578,114.053778536516,133.274658919141,96.3765348355641,115.001640384104,137.47923934041,94.9898770540254,115.973020594536,141.925105032534,93.6004726849176,116.968396786799,146.600612343166,92.2195953177819,117.988261121023,151.501593561318,90.8543477257961,119.033120722062,156.62848739862,89.5092739178214,120.103498118154,161.98474620524
"Yellow-wattled Lapwing","Vanellus malabaricus","yewlap2","Charadriiformes","Charadriidae (Plovers and Lapwings)","Moderate","Moderate Decline","Strong Decline","Very Large","Diurnal","Diurnal","Invertebrate","No","Yes","No","Indian Subcontinent","Open Habitat","Resident",NA,NA,NA,"Yellow-wattled Lapwing","Vanellus malabaricus","Yellow-wattled Lapwing","Vanellus malabaricus","Least Concern","Schedule-II","","",70,"X","X","X",2132,0.0440900562851782,0.316604127579737,0.50422138836773,12.5525328330206,0.282852609784811,55.6828102763649,66.7877841087033,80.7619311041762,-1.16448747913806,0.0573867879384818,1.27926105501503,91.3314890270055,98.950934891332,107.245188735651,90.3429716016745,99.0225439186822,108.587970494793,89.3419773441512,99.0973766046103,109.98520600877,88.3374195674492,99.175442550034,111.428144124999,87.3348596108635,99.2567516766368,112.911400948876,86.3378762152907,99.3413142284343,114.431590558197,85.3488289193617,99.4291407733927,115.986561704215
"Gray-headed Lapwing","Vanellus cinereus","gyhlap1","Charadriiformes","Charadriidae (Plovers and Lapwings)","Low","Uncertain","Uncertain","Moderate","Diurnal","Diurnal","Invertebrate","No","No","No","Non-endemic","Wetland","Winter Migrant",NA,NA,NA,"Grey-headed Lapwing","Vanellus cinereus","Grey-headed Lapwing","Vanellus cinereus","Least Concern","Schedule-II","","Appendix II",NA,"X","X","X",503,0.0437375745526839,0.297017892644135,0.493041749502982,13.3836978131213,0.576759063531167,88.6447358216621,145.339274871104,253.387840821852,-3.26118599306553,0.412238851354171,4.08566369577387,80.7018355991938,100.004659699764,124.319085461008,78.622993586591,100.485634702742,128.964498491771,76.5616406344575,100.995231861726,133.93850793119,74.537914299112,101.533801442293,139.230494388488,72.5632392965523,102.101716302641,144.839623691495,70.64395787156,102.699372280444,150.771259446419,68.7833500893948,103.327188605618,157.034990230097
"Red-wattled Lapwing","Vanellus indicus","rewlap1","Charadriiformes","Charadriidae (Plovers and Lapwings)","Low","Stable","Moderate Decline","Very Large","24 hour","24 hour","Invertebrate","No","No","No","Non-endemic","Non-specialized","Resident",NA,NA,NA,"Red-wattled Lapwing","Vanellus indicus","Red-wattled Lapwing","Vanellus indicus","Least Concern","Schedule-II","","",500,"X","X","X",4161,0.0881999519346311,0.475294400384523,0.702235039653929,9.9069935111752,0.20240905302898,138.286288848539,162.65424213506,191.983804766677,0.993423130023481,2.50411404348897,4.01480495695447,112.534912671242,121.167281516609,130.507799415183,113.869372288775,123.924387828886,134.929620909207,115.192358736496,126.748459467907,139.546175488265,116.513151570747,129.64121586998,144.35470938808,117.837782006975,132.604422840566,149.355964567841,119.17035185287,135.63989386123,154.552869552729,120.513772797396,138.74949143495,159.949810319744
"Sociable Lapwing","Vanellus gregarius","soclap1","Charadriiformes","Charadriidae (Plovers and Lapwings)","High","Data Deficient","Data Deficient","Very Restricted","Diurnal","Diurnal","Invertebrate","No","No","No","Non-endemic","Open Habitat","Winter Migrant",1,NA,NA,"Sociable Lapwing","Vanellus gregarius","Sociable Lapwing","Vanellus gregarius","Critically Endangered","Schedule-I","","Appendix I",NA,"","","X",3,0.333333333333333,NA,NA,18.3333333333333,2.84781397644657,NA,NA,NA,NA,NA,NA,NA,NA,NA,NA,NA,NA,NA,NA,NA,NA,NA,NA,NA,NA,NA,NA,NA,NA,NA,NA,NA
"White-tailed Lapwing","Vanellus leucurus","whtlap1","Charadriiformes","Charadriidae (Plovers and Lapwings)","Moderate","Uncertain","Strong Decline","Moderate","Diurnal","Diurnal","Invertebrate","No","No","No","Non-endemic","Wetland","Winter Migrant",NA,NA,NA,"White-tailed Lapwing","Vanellus leucurus","White-tailed Lapwing","Vanellus leucurus","Least Concern","Schedule-II","","Appendix II",NA,"X","X","X",321,0.0996884735202492,0.261370716510903,0.333333333333333,12.0996884735202,0.717903280732175,10.5093856847338,34.4455097221752,131.629457272261,-11.7265556532911,-2.60934460259125,6.50786644810855,46.2506786006806,84.6061651452736,158.319955195116,41.2813439279509,82.2872220966693,168.985430408011,36.8750054607268,80.2315605542925,181.345436228116,32.9891343805099,78.4226692299893,195.521187380162,29.5716853921175,76.8462636522306,211.694397859695,26.5697370025739,75.4900913133485,230.100737154341,23.933365715807,74.3437652505878,251.029632328958
"Caspian Plover","Anarhynchus asiaticus","casplo1","Charadriiformes","Charadriidae (Plovers and Lapwings)",NA,NA,NA,NA,"24 hour","24 hour","Invertebrate","No","No","No","Non-endemic","Open Habitat","Winter Migrant",NA,NA,NA,"Caspian Plover","Anarhynchus asiaticus","Caspian Plover","Charadrius asiaticus","Least Concern","Schedule-II","","Appendix II",NA,"","","",4,NA,0.25,NA,18.75,5.0843649226493,NA,NA,NA,NA,NA,NA,NA,NA,NA,NA,NA,NA,NA,NA,NA,NA,NA,NA,NA,NA,NA,NA,NA,NA,NA,NA,NA
"Oriental Plover","Anarhynchus veredus","oriplo1","Charadriiformes","Charadriidae (Plovers and Lapwings)",NA,NA,NA,NA,"24 hour","24 hour","Invertebrate","No","No","No","Non-endemic","Open Habitat","Uncertain",NA,1,NA,"Oriental Plover","Anarhynchus veredus","Oriental Plover","Charadrius veredus","Least Concern","Schedule-II","","Appendix II",NA,"","","",NA,NA,NA,NA,NA,NA,NA,NA,NA,NA,NA,NA,NA,NA,NA,NA,NA,NA,NA,NA,NA,NA,NA,NA,NA,NA,NA,NA,NA,NA,NA,NA,NA
"Tibetan Sand-Plover","Anarhynchus atrifrons","lessap1","Charadriiformes","Charadriidae (Plovers and Lapwings)","Moderate","Strong Decline","Uncertain","Moderate","24 hour","24 hour","Invertebrate","No","No","No","Non-endemic","Wetland","Winter Migrant & Localized Summer Migrant",NA,NA,NA,"Tibetan Sand-Plover","Anarhynchus atrifrons","Tibetan Sandplover","Charadrius atrifrons","Least Concern","Schedule-II","","Appendix II",NA,"X","X","X",488,0.161885245901639,0.39405737704918,0.526639344262295,13.3668032786885,0.657515142957706,19.9760843297696,30.2087815411951,46.332683851556,-6.13796176536131,-3.57601586840936,-1.01406997145741,49.4048289419068,61.6041195050156,77.0682373183808,45.8793709059772,59.0542233965509,76.3402319149816,42.5857374554535,56.6258371834384,75.709703046379,39.5204461333888,54.3126351716644,75.1549332860983,36.6742937212058,52.1086443269695,74.6620936088621,34.0354092573777,50.0082234979763,74.2219986891392,31.5908705069093,48.0060439204241,73.8283164829507
"Greater Sand-Plover","Anarhynchus leschenaultii","grsplo","Charadriiformes","Charadriidae (Plovers and Lapwings)","Low","Data Deficient","Uncertain","Moderate","Diurnal","Diurnal","Invertebrate","No","No","No","Non-endemic","Wetland","Winter Migrant",NA,NA,NA,"Greater Sand-Plover","Anarhynchus leschenaultii","Greater Sandplover","Charadrius leschenaultii","Least Concern","Schedule-II","","Appendix II",NA,"","","",NA,NA,NA,NA,NA,NA,NA,NA,NA,NA,NA,NA,NA,NA,NA,NA,NA,NA,NA,NA,NA,NA,NA,NA,NA,NA,NA,NA,NA,NA,NA,NA,NA
"Kentish Plover","Anarhynchus alexandrinus","kenplo1","Charadriiformes","Charadriidae (Plovers and Lapwings)","Moderate","Strong Decline","Uncertain","Moderate","Diurnal","Diurnal","Invertebrate","No","No","No","Non-endemic","Wetland","Resident & Winter Migrant",1,NA,NA,"Kentish Plover","Anarhynchus alexandrinus","Kentish Plover","Charadrius alexandrinus","Least Concern","Schedule-II","","Appendix II",NA,"X","X","X",1150,0.0956521739130435,0.307826086956522,0.411304347826087,13.2782608695652,0.386912371623708,22.7668980270016,29.7869359881042,37.940828938275,-5.67626458344305,-4.42865198617528,-3.18103938890752,51.1447072694665,58.7380014619992,67.5199919157119,47.4398815825959,55.5859144677704,65.2084146236134,43.9849119368223,52.6071331376186,63.015404574378,40.7709894784266,49.7919124403556,60.9244300932759,37.7859860963486,47.1310668720239,58.9241444041222,35.0164166911998,44.6159376976198,57.0062802567243,32.4484679887685,42.2383621460315,55.1644892862712
"Greater Painted-Snipe","Rostratula benghalensis","grpsni1","Charadriiformes","Rostratulidae (Painted-Snipes)","Moderate","Moderate Decline","Uncertain","Large","24 hour","24 hour","Invertebrate","No","No","No","Non-endemic","Wetland","Resident",NA,NA,NA,"Greater Painted-Snipe","Rostratula benghalensis","Greater Painted-snipe","Rostratula benghalensis","Least Concern","Schedule-II","","",NA,"X","X","X",1234,0.03322528363047,0.262317666126418,0.409238249594814,14.5964343598055,0.361983005518593,43.815323058354,61.1800385706827,83.50718266001,-3.08245974742991,-1.26279342460883,0.556872898212252,69.8682234508128,81.2378691180909,94.56995907808,67.5060900302243,80.2204193007429,95.4779861879377,65.1943877195508,79.2223387197966,96.4602944008832,62.9445230121722,78.2432216431352,97.5018147515454,60.7623755132782,77.2826720842084,98.5932066105829,58.6506285067709,76.3403035512751,99.7285189088196,56.6100606061177,75.4157388035766,100.90389071029
"Pheasant-tailed Jacana","Hydrophasianus chirurgus","phtjac1","Charadriiformes","Jacanidae (Jacanas)","Moderate","Moderate Decline","Uncertain","Very Large","Diurnal","Diurnal","Invertebrate","No","No","No","Non-endemic","Wetland","Resident",NA,NA,NA,"Pheasant-tailed Jacana","Hydrophasianus chirurgus","Pheasant-tailed Jacana","Hydrophasianus chirurgus","Least Concern","Schedule-II","","",1200,"X","X","X",1702,0.0646298472385429,0.329964747356052,0.492949471210341,13.1645123384254,0.315753365861483,57.1972575772399,70.0800838683588,84.9204140160166,-2.6494769699574,-1.37882242384085,-0.108167877724306,76.1771775354053,88.1411338553047,102.045315394434,73.5530800690577,86.9227554569351,102.803530918204,70.9843005218903,85.7244974146363,103.629711942865,68.4830509965104,84.5459930347634,104.507624283779,66.0556859407973,83.3868828582399,105.427070221523,63.7051650026018,82.2468145084187,106.381418495885,61.4324184039498,81.1254425423193,107.366232094241
"Bronze-winged Jacana","Metopidius indicus","brwjac1","Charadriiformes","Jacanidae (Jacanas)","Low","Stable","Moderate Decline","Very Large","Diurnal","Diurnal","Plant & Seed","No","No","No","Non-endemic","Wetland","Resident",NA,NA,NA,"Bronze-winged Jacana","Metopidius indicus","Bronze-winged Jacana","Metopidius indicus","Least Concern","Schedule-II","","",710,"X","X","X",1787,0.0570789031897034,0.372803581421377,0.551203133743705,12.105763850028,0.317203558850649,125.07454319208,156.849124588062,199.344318730058,-0.855776899061484,0.775298554319801,2.40637400770108,90.3601844366645,100.837750369687,112.604336187559,89.6054151820515,101.595860658604,115.290281154421,88.8260897422837,102.364588010552,118.096670624262,88.0342279183597,103.144081492208,121.013642573048,87.2373811250022,103.934492790887,124.035887661733,86.4404538112622,104.735976261162,127.160830293367,85.6467204790818,105.54868897244,130.387614167621
"Whimbrel","Numenius phaeopus","whimbr","Charadriiformes","Scolopacidae (Sandpipers and Allies)","Moderate","Strong Decline","Uncertain","Moderate","24 hour","24 hour","Invertebrate","No","No","No","Non-endemic","Wetland","Winter Migrant",NA,NA,NA,"Whimbrel","Numenius phaeopus","Whimbrel","Numenius phaeopus","Least Concern","Schedule-II","","Appendix II",1000,"X","X","X",290,0.124137931034483,0.416551724137931,0.555172413793103,12.1689655172414,0.854151580144586,19.3320738911566,34.6488879037382,61.902092430497,-5.61810872620562,-1.00524270464949,3.60762331690664,67.1176199633376,88.4792607216773,117.233380983377,63.8810458184235,87.6244812208271,120.995334386578,60.7785805234008,86.8259194467281,125.093902578862,57.8246622443645,86.0821330751833,129.512645784775,55.023633188562,85.3917834653804,134.247569632322,52.3742966589097,84.7536316644304,139.302542912994,49.8724106159805,84.1665347164604,144.686795415993
"Eurasian Curlew","Numenius arquata","eurcur","Charadriiformes","Scolopacidae (Sandpipers and Allies)","Moderate","Strong Decline","Uncertain","Moderate","24 hour","24 hour","Omnivore","No","No","No","Non-endemic","Wetland","Winter Migrant",NA,NA,NA,"Eurasian Curlew","Numenius arquata","Eurasian Curlew","Numenius arquata","Near Threatened","Schedule-II","","Appendix II",1000,"X","X","X",505,0.138613861386139,0.324158415841584,0.435643564356436,13.2653465346535,0.597518673456973,12.6360281343596,19.0479818098013,29.7149199116214,-6.92815806538134,-5.01889624910598,-3.10963443283061,47.6085286712031,58.4033323691893,71.8231127220459,43.3253184661886,54.740122724042,69.3870756190311,39.4079959266323,51.317894446759,67.1047406736734,35.8357577886263,48.120143777966,64.9507607345916,32.5840244028708,45.1315371641827,62.9079745083156,29.6273330564287,42.3378257141267,60.9640736759251,26.9407772769289,39.7257660804579,59.1097691183085
"Bar-tailed Godwit","Limosa lapponica","batgod","Charadriiformes","Scolopacidae (Sandpipers and Allies)","Moderate","Data Deficient","Uncertain","Moderate","24 hour","24 hour","Invertebrate","No","No","No","Non-endemic","Wetland","Winter Migrant",NA,NA,NA,"Bar-tailed Godwit","Limosa lapponica","Bar-tailed Godwit","Limosa lapponica","Near Threatened","Schedule-II","","Appendix II",NA,"","X","X",138,0.152173913043478,0.292028985507246,0.333333333333333,13.2391304347826,1.21750885394607,NA,NA,NA,-8.24321696246538,-3.61960725263097,1.00400245720344,46.4090735218703,70.1102379673993,107.149431137353,41.8835022336538,67.132713287928,109.250179034789,37.7836668670634,64.3412385405488,111.711629990867,34.0875443015056,61.7229821004673,114.500676501326,30.764541303576,59.2661173548871,117.602725973583,27.7814801813968,56.959737423227,121.014678143866,25.1055393777961,54.7937776715749,124.741117111237
"Black-tailed Godwit","Limosa limosa","bktgod","Charadriiformes","Scolopacidae (Sandpipers and Allies)","Low","Stable","Uncertain","Large","Diurnal","Diurnal","Invertebrate","No","No","No","Non-endemic","Wetland","Winter Migrant",NA,NA,NA,"Black-tailed Godwit","Limosa limosa","Black-tailed Godwit","Limosa limosa","Near Threatened","Schedule-II","","Appendix II",NA,"X","X","X",994,0.100603621730382,0.310160965794769,0.407444668008048,13.102615694165,0.41386779761599,21.4332173434247,30.2141750276424,42.046261210162,-6.90746764288057,-5.35733848863493,-3.8072093343893,44.8696485242005,54.6802880550332,66.7728838279684,40.5763339652305,50.8803178452137,63.9729555206478,36.6741247878487,47.3517642136342,61.3489535139963,33.1370655031639,44.0747476390805,58.87513232036,29.9364002984859,41.0308789236298,56.533617279597,27.0432310379841,38.2031450084156,54.3112279429182,24.4298005011772,35.5758037194804,52.1977307061022
"Asian Dowitcher","Limnodromus semipalmatus","asidow1","Charadriiformes","Scolopacidae (Sandpipers and Allies)",NA,NA,NA,NA,"Diurnal","Diurnal","Invertebrate","No","No","No","Non-endemic","Wetland","Winter Migrant",NA,1,NA,"Asian Dowitcher","Limnodromus semipalmatus","Asian Dowitcher","Limnodromus semipalmatus","Near Threatened","Schedule-II","","Appendix II",NA,"","","",2,NA,NA,NA,9.5,4.9,NA,NA,NA,NA,NA,NA,NA,NA,NA,NA,NA,NA,NA,NA,NA,NA,NA,NA,NA,NA,NA,NA,NA,NA,NA,NA,NA
"Long-billed Dowitcher","Limnodromus scolopaceus","lobdow","Charadriiformes","Scolopacidae (Sandpipers and Allies)",NA,NA,NA,NA,"24 hour","24 hour","Invertebrate","No","No","No","Non-endemic","Wetland","Winter Migrant",NA,1,NA,"Long-billed Dowitcher","Limnodromus scolopaceus","Long-billed Dowitcher","Limnodromus scolopaceus","Near Threatened","Schedule-II","","Appendix II",NA,"","","",3,0.333333333333333,NA,NA,19.6666666666667,1.72855752322887,NA,NA,NA,NA,NA,NA,NA,NA,NA,NA,NA,NA,NA,NA,NA,NA,NA,NA,NA,NA,NA,NA,NA,NA,NA,NA,NA
"Jack Snipe","Lymnocryptes minimus","jacsni","Charadriiformes","Scolopacidae (Sandpipers and Allies)",NA,NA,NA,NA,"24 hour","24 hour","Invertebrate","No","No","No","Non-endemic","Wetland","Winter Migrant",NA,NA,NA,"Jack Snipe","Lymnocryptes minimus","Jack Snipe","Lymnocryptes minimus","Least Concern","Schedule-II","","Appendix II",250,"","","",62,0.17741935483871,0.141935483870968,0.193548387096774,17.9838709677419,1.57139854905626,NA,NA,NA,NA,NA,NA,NA,NA,NA,NA,NA,NA,NA,NA,NA,NA,NA,NA,NA,NA,NA,NA,NA,NA,NA,NA,NA
"Eurasian Woodcock","Scolopax rusticola","eurwoo","Charadriiformes","Scolopacidae (Sandpipers and Allies)",NA,NA,NA,NA,"24 hour","24 hour","Invertebrate","No","No","No","Non-endemic","Forest & Plantation","Local Migrant",NA,NA,NA,"Eurasian Woodcock","Scolopax rusticola","Eurasian Woodcock","Scolopax rusticola","Least Concern","Schedule-II","","Appendix II",NA,"","","",48,0.208333333333333,0.220833333333333,0.458333333333333,16.125,1.7955210725541,NA,NA,NA,NA,NA,NA,NA,NA,NA,NA,NA,NA,NA,NA,NA,NA,NA,NA,NA,NA,NA,NA,NA,NA,NA,NA,NA
"Solitary Snipe","Gallinago solitaria","solsni1","Charadriiformes","Scolopacidae (Sandpipers and Allies)",NA,NA,NA,NA,"Diurnal","Diurnal","Invertebrate","No","No","No","Non-endemic","Open Habitat","Resident & Winter Migrant",NA,NA,NA,"Solitary Snipe","Gallinago solitaria","Solitary Snipe","Gallinago solitaria","Least Concern","Schedule-II","","Appendix II",1000,"","","",27,0.259259259259259,0.17037037037037,0.296296296296296,11.8888888888889,2.08535507599365,NA,NA,NA,NA,NA,NA,NA,NA,NA,NA,NA,NA,NA,NA,NA,NA,NA,NA,NA,NA,NA,NA,NA,NA,NA,NA,NA
"Wood Snipe","Gallinago nemoricola","woosni1","Charadriiformes","Scolopacidae (Sandpipers and Allies)",NA,NA,NA,NA,"Diurnal","Diurnal","Invertebrate","No","No","No","Non-endemic","Forest","Winter Migrant",NA,NA,NA,"Wood Snipe","Gallinago nemoricola","Wood Snipe","Gallinago nemoricola","Vulnerable","Schedule-I","","Appendix II",70,"","","",2,NA,NA,NA,19.5,10.78,NA,NA,NA,NA,NA,NA,NA,NA,NA,NA,NA,NA,NA,NA,NA,NA,NA,NA,NA,NA,NA,NA,NA,NA,NA,NA,NA
"Great Snipe","Gallinago media","gresni1","Charadriiformes","Scolopacidae (Sandpipers and Allies)",NA,NA,NA,NA,"24 hour","24 hour","Invertebrate","No","No","No","Non-endemic","Wetland","Uncertain",NA,NA,NA,"Great Snipe","Gallinago media","Great Snipe","Gallinago media","Near Threatened","Schedule-II","","Appendix II",NA,"","","",NA,NA,NA,NA,NA,NA,NA,NA,NA,NA,NA,NA,NA,NA,NA,NA,NA,NA,NA,NA,NA,NA,NA,NA,NA,NA,NA,NA,NA,NA,NA,NA,NA
"Swinhoe's Snipe","Gallinago megala","swisni1","Charadriiformes","Scolopacidae (Sandpipers and Allies)",NA,NA,NA,NA,"24 hour","24 hour","Invertebrate","No","No","No","Non-endemic","Wetland","Winter Migrant",NA,NA,NA,"Swinhoe's Snipe","Gallinago megala","Swinhoe's Snipe","Gallinago megala","Least Concern","Schedule-II","","Appendix II",1000,"","","",NA,NA,NA,NA,NA,NA,NA,NA,NA,NA,NA,NA,NA,NA,NA,NA,NA,NA,NA,NA,NA,NA,NA,NA,NA,NA,NA,NA,NA,NA,NA,NA,NA
"Pin-tailed Snipe","Gallinago stenura","pitsni","Charadriiformes","Scolopacidae (Sandpipers and Allies)","Moderate","Moderate Decline","Uncertain","Moderate","24 hour","24 hour","Invertebrate","No","No","No","Non-endemic","Wetland","Winter Migrant",NA,NA,NA,"Pin-tailed Snipe","Gallinago stenura","Pin-tailed Snipe","Gallinago stenura","Least Concern","Schedule-II","","Appendix II",10000,"X","X","X",355,0.109859154929577,0.293521126760563,0.408450704225352,18.0845070422535,0.67979778735246,6.3718536893105,49.9226067569631,435.170555329013,-1054.87094178918,13.3321133756355,1081.53516854045,36.9387222398232,99.2949408804873,284.757577433557,33.0070938837215,102.060307206689,343.309813081731,29.6851826780103,105.828895117698,419.756581330137,26.9065148276011,110.711329078377,519.778025302031,24.6004735784491,116.852054189667,651.223372427019,22.7016320534965,124.435672686436,824.925381968583,21.1530077580233,133.695122567381,1055.86751369763
"Common Snipe","Gallinago gallinago","comsni","Charadriiformes","Scolopacidae (Sandpipers and Allies)","Low","Stable","Uncertain","Large","24 hour","24 hour","Invertebrate","No","No","No","Non-endemic","Wetland","Winter Migrant",NA,NA,NA,"Common Snipe","Gallinago gallinago","Common Snipe","Gallinago gallinago","Least Concern","Schedule-II","","Appendix II",10000,"X","X","X",1500,0.0673333333333333,0.303933333333333,0.450666666666667,14.0053333333333,0.330404775769567,43.0476759388025,65.0316806864438,96.4080654841573,-5.3860475163503,-2.930605713554,-0.475163910757687,57.63800061754,72.8655387539793,92.3684359206315,53.9810626262387,70.591469917421,92.6448428969808,50.5248883912181,68.4021232843452,93.030151862894,47.2737179097246,66.2940064758035,93.5000816493766,44.2242272523045,64.2637824504461,94.0395191215265,41.3691663204027,62.3082621703043,94.6387577072282,38.699325492958,60.4243976302499,95.2914172416525
"Red Phalarope","Phalaropus fulicarius","redpha1","Charadriiformes","Scolopacidae (Sandpipers and Allies)",NA,NA,NA,NA,"Diurnal","Diurnal","Invertebrate","No","No","No","Non-endemic","Wetland","Passage Migrant",NA,1,NA,"Red Phalarope","Phalaropus fulicarius","Red Phalarope","Phalaropus fulicarius","Least Concern","Schedule-II","","Appendix II",NA,"","","",NA,NA,NA,NA,NA,NA,NA,NA,NA,NA,NA,NA,NA,NA,NA,NA,NA,NA,NA,NA,NA,NA,NA,NA,NA,NA,NA,NA,NA,NA,NA,NA,NA
"Red-necked Phalarope","Phalaropus lobatus","renpha","Charadriiformes","Scolopacidae (Sandpipers and Allies)",NA,NA,NA,NA,"Diurnal","Diurnal","Invertebrate","No","No","No","Non-endemic","Wetland","Winter Migrant",NA,NA,NA,"Red-necked Phalarope","Phalaropus lobatus","Red-necked Phalarope","Phalaropus lobatus","Least Concern","Schedule-II","","Appendix II",NA,"","","",35,0.114285714285714,0.123809523809524,0.114285714285714,14.5714285714286,2.17439213953477,NA,NA,NA,NA,NA,NA,NA,NA,NA,NA,NA,NA,NA,NA,NA,NA,NA,NA,NA,NA,NA,NA,NA,NA,NA,NA,NA
"Terek Sandpiper","Xenus cinereus","tersan","Charadriiformes","Scolopacidae (Sandpipers and Allies)","Low","Data Deficient","Uncertain","Moderate","24 hour","24 hour","Invertebrate","No","No","No","Non-endemic","Wetland","Winter Migrant",NA,NA,NA,"Terek Sandpiper","Xenus cinereus","Terek Sandpiper","Xenus cinereus","Least Concern","Schedule-II","","Appendix II",1000,"X","X","X",214,0.149532710280374,0.342523364485981,0.439252336448598,13.0514018691589,0.974520943034266,10.1529229270043,18.8958892419305,34.9658667929377,-8.0670144883986,-5.12765509045574,-2.18829569251289,38.3371179114376,50.71844825598,67.4455885707062,34.4991072714127,47.5136765615566,65.8825430663501,31.0326007800642,44.5342804432292,64.4656821355547,27.9121098268594,41.7631113308439,63.1662442815228,25.1085438486261,39.1844119456159,61.9653113724604,22.5924914751532,36.78369713044,60.8497785611969,20.3357800913604,34.5476453798349,59.8101391562963
"Common Sandpiper","Actitis hypoleucos","comsan","Charadriiformes","Scolopacidae (Sandpipers and Allies)","Moderate","Moderate Decline","Strong Decline","Large","24 hour","24 hour","Omnivore","No","No","No","Non-endemic","Wetland","Winter Migrant",NA,NA,NA,"Common Sandpiper","Actitis hypoleucos","Common Sandpiper","Actitis hypoleucos","Least Concern","Schedule-II","","Appendix II",710,"X","X","X",3187,0.0960150611860684,0.392689049262629,0.572638845309068,11.4135550674616,0.229939349675803,53.396541553585,60.942014285191,69.7222315292276,-3.42389360256554,-2.69299019537867,-1.9620867881918,66.9995471720286,71.6224838424946,76.5819294346832,64.3736095201302,69.4842534757681,75.0231587767025,61.8365580442869,67.4110858321524,73.5163479960788,59.3906384206338,65.400966011377,72.0540283098442,57.0357813939822,63.4519425420203,70.6312518118085,54.7706256341779,61.5621253538895,69.2445601743674,52.5930806290933,59.7296838161637,67.8914136687677
"Green Sandpiper","Tringa ochropus","grnsan","Charadriiformes","Scolopacidae (Sandpipers and Allies)","Moderate","Moderate Decline","Uncertain","Very Large","24 hour","24 hour","Invertebrate","No","No","No","Non-endemic","Wetland","Winter Migrant",NA,NA,NA,"Green Sandpiper","Tringa ochropus","Green Sandpiper","Tringa ochropus","Least Concern","Schedule-II","","Appendix II",1000,"X","X","X",2691,0.0839836492010405,0.345596432552954,0.538089929394277,12.2344853214418,0.249174212884505,58.0830466029387,68.1971465160295,78.7648128495873,-0.796960350528982,0.25126796052599,1.29949627158096,101.417578364702,110.757376842351,121.001895070182,100.398417428178,111.053748004218,122.899336575652,99.3595647453733,111.353407412305,124.872122165175,98.3119417943748,111.656376276537,126.909877580667,97.2624026786585,111.962676072644,129.006318066061,96.2153938023844,112.272328544549,131.157589017124,95.1738795936739,112.58535570678,133.361340594652
"Gray-tailed Tattler","Tringa brevipes","gyttat1","Charadriiformes","Scolopacidae (Sandpipers and Allies)",NA,NA,NA,NA,"24 hour","24 hour","Invertebrate","No","No","No","Non-endemic","Wetland","Uncertain",NA,1,NA,"Grey-tailed Tattler","Tringa brevipes","Grey-tailed Tattler","Tringa brevipes","Least Concern","Schedule-II","","Appendix II",NA,"","","",NA,NA,NA,NA,NA,NA,NA,NA,NA,NA,NA,NA,NA,NA,NA,NA,NA,NA,NA,NA,NA,NA,NA,NA,NA,NA,NA,NA,NA,NA,NA,NA,NA
"Marsh Sandpiper","Tringa stagnatilis","marsan","Charadriiformes","Scolopacidae (Sandpipers and Allies)","Moderate","Moderate Decline","Uncertain","Large","24 hour","24 hour","Invertebrate","No","No","No","Non-endemic","Wetland","Winter Migrant",NA,NA,NA,"Marsh Sandpiper","Tringa stagnatilis","Marsh Sandpiper","Tringa stagnatilis","Least Concern","Schedule-II","","Appendix II",1000,"X","X","X",1337,0.0845175766641735,0.310695587135378,0.415856394913987,13.5205684367988,0.361191242468432,33.4991672180757,43.3090818081842,56.2257739553383,-5.63949313189667,-4.3741395393741,-3.10878594685154,57.0751401548465,66.7028985339822,78.0489557628266,52.8561772813039,63.1812167523945,75.642977358379,48.9256973941634,59.8503318633624,73.362744750931,45.2741023773953,56.6996547001115,71.1883448168235,41.8875008478508,53.7191972200872,69.1064085538228,38.7502043593575,50.8995376471135,67.1074365085617,35.8460373273985,48.2317876758777,65.1843249690822
"Wood Sandpiper","Tringa glareola","woosan","Charadriiformes","Scolopacidae (Sandpipers and Allies)","Low","Stable","Moderate Decline","Very Large","24 hour","24 hour","Invertebrate","No","No","No","Non-endemic","Wetland","Winter Migrant",NA,NA,NA,"Wood Sandpiper","Tringa glareola","Wood Sandpiper","Tringa glareola","Least Concern","Schedule-II","","Appendix II",1400,"X","X","X",2547,0.0702787593246957,0.361209265802905,0.541421279937181,12.195131527287,0.257856763557197,75.9989339599768,88.8900166631279,104.154266789083,-2.11187765580668,-1.11793105632016,-0.123984456833627,82.8338181526801,93.486089382397,105.54798572299,80.4716522605801,92.4273333489797,106.211774698564,78.1437934334895,91.3826089341536,106.931829517559,75.8618873215509,90.3517106322402,107.694048217895,73.6324600027272,89.3344362020124,108.489536665598,71.4590454149103,88.3305866112573,109.3124782281,69.3433668501253,87.3399659823338,110.158949487884
"Common Redshank","Tringa totanus","comred1","Charadriiformes","Scolopacidae (Sandpipers and Allies)","Moderate","Moderate Decline","Uncertain","Large","24 hour","24 hour","Invertebrate","No","No","No","Non-endemic","Wetland","Winter Migrant",NA,NA,NA,"Common Redshank","Tringa totanus","Common Redshank","Tringa totanus","Least Concern","Schedule-II","","Appendix II",1000,"X","X","X",1221,0.112203112203112,0.331695331695332,0.457821457821458,12.01638001638,0.373079393298917,30.3560706378988,40.2880259412694,54.0346340881822,-5.19208492439013,-3.60932747410558,-2.02657002382104,61.7915512571401,72.3460326831309,84.8386583812324,57.820396236396,69.2588832336497,83.1342271117558,54.0800001288715,66.3109675636104,81.5261145456823,50.5680085614787,63.4957009398202,79.9953075185504,47.2769348196638,60.8068232830098,78.5294193901629,44.196772641266,58.2383825534626,77.1199685387055,41.3163978675299,55.7847190160862,75.7608761433431
"Nordmann's Greenshank","Tringa guttifer","norgre1","Charadriiformes","Scolopacidae (Sandpipers and Allies)",NA,NA,NA,NA,"24 hour","24 hour","Invertebrate","No","No","No","Non-endemic","Wetland","Winter Migrant",NA,NA,NA,"Nordmann's Greenshank","Tringa guttifer","Spotted Greenshank","Tringa guttifer","Endangered","Recent addition","Appendix I","Appendix I",NA,"","","",NA,NA,NA,NA,NA,NA,NA,NA,NA,NA,NA,NA,NA,NA,NA,NA,NA,NA,NA,NA,NA,NA,NA,NA,NA,NA,NA,NA,NA,NA,NA,NA,NA
"Spotted Redshank","Tringa erythropus","spored","Charadriiformes","Scolopacidae (Sandpipers and Allies)","Low","Uncertain","Uncertain","Large","24 hour","24 hour","Invertebrate","No","No","No","Non-endemic","Wetland","Winter Migrant",NA,NA,NA,"Spotted Redshank","Tringa erythropus","Spotted Redshank","Tringa erythropus","Least Concern","Schedule-II","","Appendix II",250,"X","X","X",826,0.0593220338983051,0.264406779661017,0.365617433414044,13.0532687651332,0.446218227793703,31.9268774598673,49.4146857849638,74.5641581225766,-6.97656503338647,-4.84359486940045,-2.71062470541443,42.9767156109034,53.4103623676725,66.5654336067461,39.2623278592722,50.3442990224686,64.7944824776473,35.8508645387676,47.4650363549752,63.1403959954406,32.7276495554152,44.7606314917543,61.5808744224381,29.8739092945505,42.2199366475593,60.1012199411998,27.269546851205,39.8325443091523,58.6912161423069,24.8945479779503,37.588736316981,57.3434110383913
"Common Greenshank","Tringa nebularia","comgre","Charadriiformes","Scolopacidae (Sandpipers and Allies)","High","Strong Decline","Moderate Decline","Large","24 hour","24 hour","Invertebrate","No","No","No","Non-endemic","Wetland","Winter Migrant",NA,NA,NA,"Common Greenshank","Tringa nebularia","Common Greenshank","Tringa nebularia","Least Concern","Schedule-I","","Appendix II",710,"X","X","X",1904,0.095063025210084,0.320010504201681,0.460084033613445,12.8345588235294,0.300964827235369,35.0961837658021,41.958583330559,50.5102649737285,-4.13877549430126,-3.07945980850403,-2.02014412270681,65.6821270589319,73.7791615711013,82.9226209760635,62.3356383342859,71.2086403500943,81.4067700103637,59.1371971150459,68.730526332208,79.9580159298277,56.0891800686421,66.3414031491138,78.5630949450525,53.1898675225993,64.0379839979217,77.2134268544825,50.4353348456634,61.8171066108645,75.903190868784,47.8204854071262,59.6757284245813,74.6282617315657
"Ruddy Turnstone","Arenaria interpres","rudtur","Charadriiformes","Scolopacidae (Sandpipers and Allies)","Low","Data Deficient","Uncertain","Moderate","Diurnal","Diurnal","Invertebrate","No","No","No","Non-endemic","Wetland","Winter Migrant",NA,NA,NA,"Ruddy Turnstone","Arenaria interpres","Ruddy Turnstone","Arenaria interpres","Near Threatened","Schedule-II","","Appendix II",1000,"","X","X",176,0.193181818181818,0.363068181818182,0.5,12.2159090909091,1.13100724873637,NA,NA,NA,-9.46938999188193,-5.53841790502073,-1.60744581815953,32.230297891756,47.1470376744737,69.5804313920336,28.4321611755125,43.924915132608,68.6502417219302,25.0733973976175,40.9604812668297,67.9090882658505,22.1140197390261,38.231125778283,67.3209433423973,19.5117405602433,35.7163747055174,66.8629118357413,17.2257764552759,33.3976752546628,66.5198652736632,15.2184662388397,31.2582036745081,66.2814999924477
"Great Knot","Calidris tenuirostris","grekno","Charadriiformes","Scolopacidae (Sandpipers and Allies)","High","Data Deficient","Data Deficient","Restricted","24 hour","24 hour","Omnivore","No","No","No","Non-endemic","Wetland","Winter Migrant",1,NA,NA,"Great Knot","Calidris tenuirostris","Great Knot","Calidris tenuirostris","Endangered","Schedule-I","","Appendix I",NA,"","X","X",65,0.107692307692308,0.275384615384615,0.323076923076923,12.4769230769231,1.8274123296304,NA,NA,NA,-9.5715383702641,0.432030875361134,10.4356001209864,53.7562467190502,95.7829720595648,174.015037803757,49.8290437472226,96.4176168437959,191.398715104585,46.1994979052688,97.2497223390573,211.534416116403,42.8734037205638,98.2840455325272,234.758975386563,39.8402097209874,99.5264940929352,261.504658054015,37.0818353010548,100.984170510129,292.302813515456,34.5772456398666,102.66542635631,327.794704049796
"Red Knot","Calidris canutus","redkno","Charadriiformes","Scolopacidae (Sandpipers and Allies)",NA,NA,NA,NA,"24 hour","24 hour","Invertebrate","No","No","No","Non-endemic","Wetland","Winter Migrant",NA,NA,NA,"Red Knot","Calidris canutus","Red Knot","Calidris canutus","Near Threatened","Schedule-II","","Appendix II",NA,"","","",7,NA,0.317460317460317,0.571428571428571,11.1428571428571,4.71310230456897,NA,NA,NA,NA,NA,NA,NA,NA,NA,NA,NA,NA,NA,NA,NA,NA,NA,NA,NA,NA,NA,NA,NA,NA,NA,NA,NA
"Ruff","Calidris pugnax","ruff","Charadriiformes","Scolopacidae (Sandpipers and Allies)","Low","Stable","Uncertain","Large","24 hour","24 hour","Invertebrate","No","No","No","Non-endemic","Wetland","Winter Migrant",NA,NA,NA,"Ruff","Calidris pugnax","Ruff","Calidris pugnax","Least Concern","Schedule-II","","Appendix II",1000,"X","X","X",933,0.082529474812433,0.30075026795284,0.394426580921758,12.6741693461951,0.429024692715603,34.2949128063283,50.128124631512,70.8063240083691,-5.98999077357442,-4.2776267894157,-2.56526280525698,52.2275116317462,61.0545717471395,71.486655480023,48.4411995503888,57.9181690851007,69.3931572049623,44.9115769309598,54.950834019509,67.4126815231683,41.6302374391103,52.1430626270327,65.527017602464,38.5848671554647,49.4859056785716,63.7239288849725,35.761514762961,46.9709351401466,61.994714719225,33.1457816711507,44.5902127613125,60.3328662103599
"Broad-billed Sandpiper","Calidris falcinellus","brbsan","Charadriiformes","Scolopacidae (Sandpipers and Allies)","Moderate","Data Deficient","Uncertain","Restricted","24 hour","24 hour","Invertebrate","No","No","No","Non-endemic","Wetland","Winter Migrant",NA,NA,NA,"Broad-billed Sandpiper","Calidris falcinellus","Broad-billed Sandpiper","Calidris falcinellus","Vulnerable","Schedule-II","","Appendix II",NA,"","X","X",90,0.111111111111111,0.317777777777778,0.366666666666667,14.3444444444444,1.53084374705218,NA,NA,NA,-10.7408611351316,-1.77505510337807,7.19075092837549,51.15651274941,97.1105732463899,189.61568338823,46.1075046216362,95.7954966986012,206.501549372156,41.5880176803691,94.7240666071991,226.115761027398,37.5674911665164,93.8871265744206,248.748270508977,34.0019331655627,93.2772447040191,274.786736823876,30.8439961637567,92.8886088257098,304.715531270668,28.0476909301607,92.7169405025577,339.12315757756
"Sharp-tailed Sandpiper","Calidris acuminata","shtsan","Charadriiformes","Scolopacidae (Sandpipers and Allies)",NA,NA,NA,NA,"Diurnal","Diurnal","Invertebrate","No","No","No","Non-endemic","Wetland","Uncertain",NA,1,NA,"Sharp-tailed Sandpiper","Calidris acuminata","Sharp-tailed Sandpiper","Calidris acuminata","Vulnerable","Schedule-II","","Appendix II",NA,"","","",NA,NA,NA,NA,NA,NA,NA,NA,NA,NA,NA,NA,NA,NA,NA,NA,NA,NA,NA,NA,NA,NA,NA,NA,NA,NA,NA,NA,NA,NA,NA,NA,NA
"Curlew Sandpiper","Calidris ferruginea","cursan","Charadriiformes","Scolopacidae (Sandpipers and Allies)","Moderate","Strong Decline","Uncertain","Moderate","24 hour","24 hour","Invertebrate","No","No","No","Non-endemic","Wetland","Winter Migrant",NA,NA,NA,"Curlew Sandpiper","Calidris ferruginea","Curlew Sandpiper","Calidris ferruginea","Vulnerable","Schedule-II","","Appendix II",NA,"X","X","X",262,0.156488549618321,0.313358778625954,0.377862595419847,14,0.853272350194363,8.47086673075656,13.669204881487,23.1971000389808,-7.04603212088802,-4.57546253166048,-2.10489294243294,48.3029521687367,62.8006825315021,81.967514493272,43.7914106580903,59.1356798823297,80.2649477258852,39.6781721072434,55.7036022791935,78.7134751062392,35.9414504477022,52.4887011625451,77.2820743824788,32.5541214413268,49.4763483917757,75.9505801576726,29.487589777977,46.6529529316875,74.7052212810055,26.7137142771494,44.0058839861562,73.5361664571369
"Temminck's Stint","Calidris temminckii","temsti","Charadriiformes","Scolopacidae (Sandpipers and Allies)","Moderate","Moderate Decline","Uncertain","Large","24 hour","24 hour","Invertebrate","No","No","No","Non-endemic","Wetland","Winter Migrant",NA,NA,NA,"Temminck's Stint","Calidris temminckii","Temminck's Stint","Calidris temminckii","Least Concern","Schedule-II","","Appendix II",1000,"X","X","X",1457,0.0658888126286891,0.297735072065889,0.452985586822237,13.0185312285518,0.339601263893025,42.7616358813232,60.1248469668446,83.8369149933104,-3.11030838372017,-0.283704939981306,2.54289850375756,94.5666073626994,116.993659060711,145.122698517126,91.641313791954,116.907250319295,149.65800473989,88.7568142458347,116.84111530054,154.496492746093,85.9364486716518,116.795240396622,159.618548251255,83.1931074188681,116.769622575743,165.015821291862,80.533603321869,116.764269404595,170.686867591398,77.961101531163,116.779199079951,176.634734789792
"Long-toed Stint","Calidris subminuta","lotsti","Charadriiformes","Scolopacidae (Sandpipers and Allies)",NA,NA,NA,NA,"24 hour","24 hour","Invertebrate","No","No","No","Non-endemic","Wetland","Winter Migrant",NA,NA,NA,"Long-toed Stint","Calidris subminuta","Long-toed Stint","Calidris subminuta","Least Concern","Schedule-II","","Appendix II",NA,"","","",34,0.117647058823529,0.282352941176471,0.352941176470588,16.6764705882353,2.64250145216881,NA,NA,NA,NA,NA,NA,NA,NA,NA,NA,NA,NA,NA,NA,NA,NA,NA,NA,NA,NA,NA,NA,NA,NA,NA,NA,NA
"Red-necked Stint","Calidris ruficollis","rensti","Charadriiformes","Scolopacidae (Sandpipers and Allies)",NA,NA,NA,NA,"24 hour","24 hour","Invertebrate","No","No","No","Non-endemic","Wetland","Winter Migrant",NA,NA,NA,"Red-necked Stint","Calidris ruficollis","Red-necked Stint","Calidris ruficollis","Near Threatened","Schedule-II","","Appendix II",NA,"","","",NA,NA,NA,NA,NA,NA,NA,NA,NA,NA,NA,NA,NA,NA,NA,NA,NA,NA,NA,NA,NA,NA,NA,NA,NA,NA,NA,NA,NA,NA,NA,NA,NA
"Spoon-billed Sandpiper","Calidris pygmaea","spbsan1","Charadriiformes","Scolopacidae (Sandpipers and Allies)",NA,NA,NA,NA,"Diurnal","Diurnal","Invertebrate","No","No","No","Non-endemic","Wetland","Uncertain",NA,NA,NA,"Spoon-billed Sandpiper","Calidris pygmaea","Spoon-billed Sandpiper","Calidris pygmaea","Critically Endangered","Schedule-I","","Appendix I",NA,"","","",NA,NA,NA,NA,NA,NA,NA,NA,NA,NA,NA,NA,NA,NA,NA,NA,NA,NA,NA,NA,NA,NA,NA,NA,NA,NA,NA,NA,NA,NA,NA,NA,NA
"Buff-breasted Sandpiper","Calidris subruficollis","bubsan","Charadriiformes","Scolopacidae (Sandpipers and Allies)",NA,NA,NA,NA,"Diurnal","Diurnal","Invertebrate","No","No","No","Non-endemic","Open Habitat","Uncertain",NA,1,NA,"Buff-breasted Sandpiper","Calidris subruficollis","Buff-breasted Sandpiper","Calidris subruficollis","Vulnerable","Schedule-II","","Appendix I",NA,"","","",1,NA,NA,NA,23,NA,NA,NA,NA,NA,NA,NA,NA,NA,NA,NA,NA,NA,NA,NA,NA,NA,NA,NA,NA,NA,NA,NA,NA,NA,NA,NA,NA
"Sanderling","Calidris alba","sander","Charadriiformes","Scolopacidae (Sandpipers and Allies)","Moderate","Data Deficient","Strong Decline","Moderate","24 hour","24 hour","Invertebrate","No","No","No","Non-endemic","Wetland","Winter Migrant",NA,NA,NA,"Sanderling","Calidris alba","Sanderling","Calidris alba","Least Concern","Schedule-II","","Appendix II",1000,"","X","X",145,0.117241379310345,0.343448275862069,0.427586206896552,13.4827586206897,1.1695213271934,NA,NA,NA,-7.99233440445489,-4.14649085191675,-0.300647299378624,40.9190879247153,58.7292698432494,84.9395988355222,36.905242018258,55.788923861176,85.1868735332349,33.2701330406622,53.0345450250897,85.6325221022361,29.9922672376678,50.4529854598102,86.2429622027784,27.043877969083,48.0321154193258,86.9981329371872,24.3955334485833,45.7607388162622,87.886010447104,22.0183892780353,43.6285161712915,88.8995966927652
"Dunlin","Calidris alpina","dunlin","Charadriiformes","Scolopacidae (Sandpipers and Allies)","Moderate","Strong Decline","Uncertain","Moderate","24 hour","24 hour","Invertebrate","No","No","No","Non-endemic","Wetland","Winter Migrant",NA,NA,NA,"Dunlin","Calidris alpina","Dunlin","Calidris alpina","Near Threatened","Schedule-II","","Appendix II",1000,"X","X","X",227,0.127753303964758,0.272687224669604,0.330396475770925,14.0528634361233,0.903005121546769,7.5753489291267,13.7518073232299,25.9498353560136,-8.06820314612246,-4.78462467693091,-1.50104620773937,46.0135532426611,63.1092088854528,87.198299523523,41.4030196182193,59.4184554374802,86.1039717429585,37.2389166769514,55.9773787194352,85.1949809041533,33.4921198863137,52.7675506777521,84.4346362988891,30.1281089748269,49.772006078381,83.7996354388027,27.1114706128802,46.9751195331148,83.2745846962183,24.4080579714969,44.3624933878094,82.848989671287
"Little Stint","Calidris minuta","litsti","Charadriiformes","Scolopacidae (Sandpipers and Allies)","Moderate","Strong Decline","Uncertain","Large","24 hour","24 hour","Invertebrate","No","No","No","Non-endemic","Wetland","Winter Migrant",NA,NA,NA,"Little Stint","Calidris minuta","Little Stint","Calidris minuta","Least Concern","Schedule-II","","Appendix II",NA,"X","X","X",1494,0.0843373493975904,0.310307898259706,0.418340026773762,12.8507362784471,0.338642451874448,26.7530817798367,34.0452028929808,43.382214937855,-4.84488261805782,-3.52518217473317,-2.20548173140852,65.6685280112582,77.5836361685746,91.762004772096,61.5118171721012,74.4489277828859,90.2377451606823,57.5873974727017,71.4458318436126,88.8037635144057,53.8950033704831,68.5686327694904,87.439534004643,50.4284312482279,65.8118707537444,86.1318831479454,47.1784677670298,63.1703300058326,84.8719626260507,44.1344695444081,60.6390275470441,83.6535778150772
"Pectoral Sandpiper","Calidris melanotos","pecsan","Charadriiformes","Scolopacidae (Sandpipers and Allies)",NA,NA,NA,NA,"24 hour","Diurnal","Invertebrate","No","No","No","Non-endemic","Wetland","Passage Migrant",NA,1,NA,"Pectoral Sandpiper","Calidris melanotos","Pectoral Sandpiper","Calidris melanotos","Least Concern","Schedule-II","","Appendix II",NA,"","","",NA,NA,NA,NA,NA,NA,NA,NA,NA,NA,NA,NA,NA,NA,NA,NA,NA,NA,NA,NA,NA,NA,NA,NA,NA,NA,NA,NA,NA,NA,NA,NA,NA
"Yellow-legged Buttonquail","Turnix tanki","yelbut1","Charadriiformes","Turnicidae (Buttonquail)","Moderate","Data Deficient","Data Deficient","Moderate","Diurnal","Diurnal","Plant & Seed","No","No","No","Non-endemic","Non-specialized","Resident & Within-India Migrant",1,NA,NA,"Yellow-legged Buttonquail","Turnix tanki","Yellow-legged Buttonquail","Turnix tanki","Least Concern","Schedule-II","","",NA,"","X","X",40,0.075,0.0875,0.05,18.525,1.77816499335403,NA,NA,NA,-75.5070358068238,-4.49925205782229,66.5085316911792,21.6849316483177,85.3506544655704,380.014139575742,16.8598594556818,80.3164788927568,450.952519153225,13.2324893012586,76.504030286404,547.324720337513,10.5025871429724,73.7779478228055,678.449277829893,8.43944058060997,72.0469040400862,858.07633325274,6.87081038092084,71.2583147187924,1106.4611618046,5.66975441216635,71.3953960570095,1453.57084418294
"Barred Buttonquail","Turnix suscitator","barbut1","Charadriiformes","Turnicidae (Buttonquail)","Low","Uncertain","Uncertain","Large","24 hour","Diurnal","Plant & Seed","No","No","No","Non-endemic","Grassland & Scrub","Resident",NA,NA,NA,"Barred Buttonquail","Turnix suscitator","Barred Buttonquail","Turnix suscitator","Least Concern","Schedule-II","","",NA,"","","X",1379,0.0210297316896302,0.270123277737491,0.485134155184917,14.1943437273387,0.33985113410129,NA,NA,NA,NA,NA,NA,NA,NA,NA,NA,NA,NA,NA,NA,NA,NA,NA,NA,NA,NA,NA,NA,NA,NA,NA,NA,NA
"Small Buttonquail","Turnix sylvaticus","smabut2","Charadriiformes","Turnicidae (Buttonquail)",NA,NA,NA,NA,"Diurnal","Diurnal","Invertebrate","No","No","No","Non-endemic","Grassland & Scrub","Local Migrant",NA,NA,NA,"Small Buttonquail","Turnix sylvaticus","Common Buttonquail","Turnix sylvaticus","Least Concern","Schedule-II","","",NA,"","","",15,0.2,0.214814814814815,0.4,15.1333333333333,2.77757240129658,NA,NA,NA,NA,NA,NA,NA,NA,NA,NA,NA,NA,NA,NA,NA,NA,NA,NA,NA,NA,NA,NA,NA,NA,NA,NA,NA
"Crab-Plover","Dromas ardeola","craplo1","Charadriiformes","Dromadidae (Crab-Plover)",NA,NA,NA,NA,"24 hour","24 hour","Invertebrate","No","No","No","Non-endemic","Wetland","Winter Migrant",1,NA,NA,"Crab-Plover","Dromas ardeola","Crab-plover","Dromas ardeola","Least Concern","Schedule-II","","Appendix II",NA,"","","X",43,0.232558139534884,0.227906976744186,0.27906976744186,12.7209302325581,2.15964302079881,NA,NA,NA,NA,NA,NA,NA,NA,NA,NA,NA,NA,NA,NA,NA,NA,NA,NA,NA,NA,NA,NA,NA,NA,NA,NA,NA
"Jerdon's Courser","Rhinoptilus bitorquatus","jercou1","Charadriiformes","Glareolidae (Pratincoles and Coursers)","High","Data Deficient","Data Deficient","Data Deficient","Nocturnal","Nocturnal","Invertebrate","Yes","Yes","No","Eastern Andhra Pradesh","Forest","Resident",NA,NA,NA,"Jerdon's Courser","Rhinoptilus bitorquatus","Jerdon's Courser","Rhinoptilus bitorquatus","Critically Endangered","Schedule-I","","",1,"","","X",NA,NA,NA,NA,NA,NA,NA,NA,NA,NA,NA,NA,NA,NA,NA,NA,NA,NA,NA,NA,NA,NA,NA,NA,NA,NA,NA,NA,NA,NA,NA,NA,NA
"Cream-colored Courser","Cursorius cursor","crccou1","Charadriiformes","Glareolidae (Pratincoles and Coursers)",NA,NA,NA,NA,"Diurnal","Diurnal","Invertebrate","No","No","No","Non-endemic","Grassland","Resident & Winter Migrant",NA,NA,NA,"Cream-coloured Courser","Cursorius cursor","Cream-coloured Courser","Cursorius cursor","Least Concern","Schedule-II","","",NA,"","","",49,0.102040816326531,0.251020408163265,0.326530612244898,12.4285714285714,1.97989898732233,NA,NA,NA,NA,NA,NA,NA,NA,NA,NA,NA,NA,NA,NA,NA,NA,NA,NA,NA,NA,NA,NA,NA,NA,NA,NA,NA
"Indian Courser","Cursorius coromandelicus","indcou1","Charadriiformes","Glareolidae (Pratincoles and Coursers)","Moderate","Moderate Decline","Strong Decline","Large","Diurnal","Diurnal","Invertebrate","No","Yes","No","Indian Subcontinent","Grassland","Resident",NA,NA,NA,"Indian Courser","Cursorius coromandelicus","Indian Courser","Cursorius coromandelicus","Near Threatened","Schedule-I","","",NA,"X","X","X",505,0.0653465346534653,0.224950495049505,0.299009900990099,13.4891089108911,0.557691422694085,13.9338834908953,21.033530922114,32.6827493414395,-6.98928792796818,-5.48562272946522,-3.98195753096227,46.4529569592388,58.5375673107688,73.9413781493151,41.4855738181672,54.0599697301493,70.6655411295058,37.0241507085205,49.9330789029999,67.611413392272,33.0289306620357,46.1288295875844,64.7452045903349,29.4577655887935,42.6214470366247,62.0434888498426,26.2694019025984,39.3872566408593,59.4890212677189,23.4249846866781,36.4045096615682,57.0684393417009
"Small Pratincole","Glareola lactea","smapra1","Charadriiformes","Glareolidae (Pratincoles and Coursers)","Moderate","Strong Decline","Uncertain","Large","Diurnal","Diurnal","Invertebrate","No","No","No","Non-endemic","Wetland","Resident",NA,NA,NA,"Small Pratincole","Glareola lactea","Little Pratincole","Glareola lactea","Least Concern","Schedule-II","","",710,"X","X","X",1194,0.059463986599665,0.270100502512563,0.436348408710218,13.6758793969849,0.371984110804319,31.5404318023364,41.6540138678206,55.0490929223018,-2.71948156551469,-0.913973701013664,0.891534163487364,74.9840221493138,86.0523308879515,98.8588186609052,72.8480861632202,85.2828026648532,99.9784495406862,70.74374722555,84.5269220316375,101.174273347567,68.682837164139,83.7844451179608,102.432246070317,66.6719180142995,83.0551335595633,103.743726851792,64.7144792976291,82.3387543643134,105.103276526567,62.8121582046051,81.6350797820184,106.507433486347
"Oriental Pratincole","Glareola maldivarum","oripra","Charadriiformes","Glareolidae (Pratincoles and Coursers)","Moderate","Data Deficient","Uncertain","Restricted","Diurnal","Diurnal","Invertebrate","No","No","No","Non-endemic","Wetland","Summer Migrant & Localized Winter Migrant",NA,NA,NA,"Oriental Pratincole","Glareola maldivarum","Oriental Pratincole","Glareola maldivarum","Least Concern","Schedule-II","","",1000,"","X","X",251,0.0358565737051793,0.244621513944223,0.386454183266932,15.3147410358566,0.827096479301682,NA,NA,NA,-4.13583715235252,0.570108867045487,5.27605488644349,86.7648689495721,110.958040648706,142.492666625126,84.3412041559668,111.763903967343,148.91855355483,81.9511003354658,112.627318629991,155.875887426694,79.6183423223208,113.549505635036,163.364750208619,77.3559221798975,114.531771132088,171.398858798555,75.1705794548263,115.575509224167,180.0012022868,73.0653246667045,116.68220496469,189.20171605145
"Collared Pratincole","Glareola pratincola","colpra","Charadriiformes","Glareolidae (Pratincoles and Coursers)",NA,NA,NA,NA,"24 hour","24 hour","Invertebrate","No","No","No","Non-endemic","Open Habitat","Winter Migrant & Localized Summer Migrant",NA,NA,NA,"Collared Pratincole","Glareola pratincola","Collared Pratincole","Glareola pratincola","Least Concern","Schedule-II","","Appendix II",NA,"","","",79,0.0253164556962025,0.258227848101266,0.443037974683544,15.8227848101266,1.38334462334167,NA,NA,NA,NA,NA,NA,NA,NA,NA,NA,NA,NA,NA,NA,NA,NA,NA,NA,NA,NA,NA,NA,NA,NA,NA,NA,NA
"Long-tailed Jaeger","Stercorarius longicaudus","lotjae","Charadriiformes","Stercorariidae (Skuas and Jaegers)",NA,NA,NA,NA,"Diurnal","Diurnal","Vertebrate & Carrion","No","No","No","Non-endemic","Wetland","Passage Migrant",NA,NA,NA,"Long-tailed Skua","Stercorarius longicaudus","Long-tailed Jaeger","Stercorarius longicaudus","Least Concern","Schedule-II","","",NA,"","","",1,NA,NA,NA,25,NA,NA,NA,NA,NA,NA,NA,NA,NA,NA,NA,NA,NA,NA,NA,NA,NA,NA,NA,NA,NA,NA,NA,NA,NA,NA,NA,NA
"Parasitic Jaeger","Stercorarius parasiticus","parjae","Charadriiformes","Stercorariidae (Skuas and Jaegers)",NA,NA,NA,NA,"Diurnal","Diurnal","Vertebrate & Carrion","No","No","No","Non-endemic","Wetland","Winter Migrant",NA,NA,NA,"Arctic Skua","Stercorarius parasiticus","Arctic Jaeger","Stercorarius parasiticus","Least Concern","Schedule-II","","",NA,"","","",13,0.0769230769230769,0.134615384615385,0.153846153846154,13.3846153846154,4.47465534247332,NA,NA,NA,NA,NA,NA,NA,NA,NA,NA,NA,NA,NA,NA,NA,NA,NA,NA,NA,NA,NA,NA,NA,NA,NA,NA,NA
"Pomarine Jaeger","Stercorarius pomarinus","pomjae","Charadriiformes","Stercorariidae (Skuas and Jaegers)",NA,NA,NA,NA,"Diurnal","Diurnal","Vertebrate & Carrion","No","No","No","Non-endemic","Wetland","Winter Migrant",NA,NA,NA,"Pomarine Skua","Stercorarius pomarinus","Pomarine Jaeger","Stercorarius pomarinus","Least Concern","Schedule-II","","",NA,"","","",1,NA,NA,NA,14,NA,NA,NA,NA,NA,NA,NA,NA,NA,NA,NA,NA,NA,NA,NA,NA,NA,NA,NA,NA,NA,NA,NA,NA,NA,NA,NA,NA
"Brown Skua","Stercorarius antarcticus","brnsku3","Charadriiformes","Stercorariidae (Skuas and Jaegers)",NA,NA,NA,NA,"Diurnal","Diurnal","Vertebrate & Carrion","No","No","No","Non-endemic","Wetland","Summer Migrant",NA,1,NA,"Brown Skua","Stercorarius antarcticus","Brown Skua","Catharacta antarctica","Least Concern","Schedule-II","","",NA,"","","",NA,NA,NA,NA,NA,NA,NA,NA,NA,NA,NA,NA,NA,NA,NA,NA,NA,NA,NA,NA,NA,NA,NA,NA,NA,NA,NA,NA,NA,NA,NA,NA,NA
"South Polar Skua","Stercorarius maccormicki","sopsku1","Charadriiformes","Stercorariidae (Skuas and Jaegers)",NA,NA,NA,NA,"Diurnal","Diurnal","Vertebrate & Carrion","No","No","No","Non-endemic","Wetland","Summer Migrant",NA,1,NA,"South Polar Skua","Stercorarius maccormicki","South Polar Skua","Catharacta maccormicki","Least Concern","Schedule-II","","",NA,"","","",NA,NA,NA,NA,NA,NA,NA,NA,NA,NA,NA,NA,NA,NA,NA,NA,NA,NA,NA,NA,NA,NA,NA,NA,NA,NA,NA,NA,NA,NA,NA,NA,NA
"Little Gull","Hydrocoloeus minutus","litgul","Charadriiformes","Laridae (Gulls, Terns, and Skimmers)",NA,NA,NA,NA,"Diurnal","Diurnal","Vertebrate & Carrion","No","No","No","Non-endemic","Wetland","Uncertain",NA,1,NA,"Little Gull","Hydrocoloeus minutus","Little Gull","Hydrocoloeus minutus","Least Concern","Schedule-II","","",NA,"","","",1,NA,NA,NA,25,NA,NA,NA,NA,NA,NA,NA,NA,NA,NA,NA,NA,NA,NA,NA,NA,NA,NA,NA,NA,NA,NA,NA,NA,NA,NA,NA,NA
"Black-legged Kittiwake","Rissa tridactyla","bklkit","Charadriiformes","Laridae (Gulls, Terns, and Skimmers)",NA,NA,NA,NA,"24 hour","Diurnal","Omnivore","No","No","No","Non-endemic","Wetland","Uncertain",NA,1,NA,"Black-legged Kittiwake","Rissa tridactyla","Black-legged Kittiwake","Rissa tridactyla","Vulnerable","Schedule-II","","",NA,"","","",3,NA,NA,NA,8,5.98789890807563,NA,NA,NA,NA,NA,NA,NA,NA,NA,NA,NA,NA,NA,NA,NA,NA,NA,NA,NA,NA,NA,NA,NA,NA,NA,NA,NA
"Sabine's Gull","Xema sabini","sabgul","Charadriiformes","Laridae (Gulls, Terns, and Skimmers)",NA,NA,NA,NA,"Diurnal","Diurnal","Omnivore","No","No","No","Non-endemic","Wetland","Uncertain",NA,1,NA,"Sabine's Gull","Xema sabini","Sabine's Gull","Xema sabini","Least Concern","Schedule-II","","",NA,"","","",NA,NA,NA,NA,NA,NA,NA,NA,NA,NA,NA,NA,NA,NA,NA,NA,NA,NA,NA,NA,NA,NA,NA,NA,NA,NA,NA,NA,NA,NA,NA,NA,NA
"Slender-billed Gull","Chroicocephalus genei","slbgul1","Charadriiformes","Laridae (Gulls, Terns, and Skimmers)","Low","Data Deficient","Uncertain","Moderate","Diurnal","Diurnal","Omnivore","No","No","No","Non-endemic","Wetland","Resident & Within-India Migrant",NA,NA,NA,"Slender-billed Gull","Chroicocephalus genei","Slender-billed Gull","Larus genei","Least Concern","Schedule-II","","Appendix II",NA,"X","X","X",161,0.093167701863354,0.359627329192547,0.559006211180124,13.6521739130435,1.08956691765716,27.761314988374,55.2466615854686,113.530604612386,-8.59642121429177,-4.28721161800216,0.0219979782874464,35.4674794553791,59.7904008366948,101.965292330925,31.1864898449938,56.6580896359652,104.507437050494,27.3982752405402,53.7326162939214,107.442911376778,24.0640281780637,50.9988933297523,110.733791348462,21.1384228623058,48.4430381916875,114.36363007424,18.5758826395032,46.0522702167488,118.329302056975,16.3334259207045,43.8148169679548,122.636601147061
"Black-headed Gull","Chroicocephalus ridibundus","bkhgul","Charadriiformes","Laridae (Gulls, Terns, and Skimmers)","Moderate","Moderate Decline","Uncertain","Large","24 hour","24 hour","Omnivore","No","No","No","Non-endemic","Wetland","Winter Migrant",NA,NA,NA,"Black-headed Gull","Chroicocephalus ridibundus","Black-headed Gull","Larus ridibundus","Least Concern","Schedule-II","","",10000,"X","X","X",614,0.127035830618893,0.325244299674267,0.478827361563518,13.1091205211726,0.514367234280313,20.9781711516574,34.004229649441,55.4526573781402,-7.10008168369731,-4.42408160264297,-1.74808152158863,37.1368323457742,49.3719811034121,65.9278994769944,33.8753597206642,46.9170261039477,65.3563340282597,30.8810408837661,44.598351494504,64.8864692988353,28.143240293908,42.4077741028161,64.4946154329334,25.6461792706691,40.3376338517809,64.1657689153354,23.3721444994898,38.3807585378131,63.8900302569317,21.3031276112152,36.5304310885663,63.6606315030865
"Brown-headed Gull","Chroicocephalus brunnicephalus","bnhgul1","Charadriiformes","Laridae (Gulls, Terns, and Skimmers)","Moderate","Strong Decline","Uncertain","Large","Diurnal","Diurnal","Omnivore","No","No","No","Non-endemic","Wetland","Winter Migrant & Localized Summer Migrant",NA,NA,NA,"Brown-headed Gull","Chroicocephalus brunnicephalus","Brown-headed Gull","Larus brunnicephalus","Least Concern","Schedule-II","","",1400,"X","X","X",859,0.132712456344587,0.316880093131548,0.423748544819558,13.732246798603,0.445542872032272,21.5379569381587,28.8401109218423,39.6715057864248,-5.52434189665821,-3.92066769158087,-2.31699348650353,47.3203492394487,55.9591172495638,66.2853974538382,44.1067822621789,53.4392771983873,64.8881023653677,41.0914922153611,51.0386584468697,63.570910976658,38.2712392747826,48.7513659978013,62.3178895613911,35.6386454791688,46.57180823641,61.1186520792353,33.1843661717811,44.4946807339809,59.9660810978216,30.8982481680079,42.5149509458258,58.8550704403591
"Laughing Gull","Leucophaeus atricilla","laugul","Charadriiformes","Laridae (Gulls, Terns, and Skimmers)",NA,NA,NA,NA,"Diurnal","Diurnal","Omnivore","No","No","No","Non-endemic","Wetland","Uncertain",NA,1,NA,"Laughing Gull","Leucophaeus atricilla","Laughing Gull","Larus atricilla","Least Concern","Recent addition","","",NA,"","","",NA,NA,NA,NA,NA,NA,NA,NA,NA,NA,NA,NA,NA,NA,NA,NA,NA,NA,NA,NA,NA,NA,NA,NA,NA,NA,NA,NA,NA,NA,NA,NA,NA
"Franklin's Gull","Leucophaeus pipixcan","fragul","Charadriiformes","Laridae (Gulls, Terns, and Skimmers)",NA,NA,NA,NA,"Diurnal","Diurnal","Vertebrate & Carrion","No","No","No","Non-endemic","Wetland","Uncertain",NA,1,NA,"Franklin's Gull","Leucophaeus pipixcan","Franklin's Gull","Larus pipixcan","Least Concern","Schedule-II","","",NA,"","","",NA,NA,NA,NA,NA,NA,NA,NA,NA,NA,NA,NA,NA,NA,NA,NA,NA,NA,NA,NA,NA,NA,NA,NA,NA,NA,NA,NA,NA,NA,NA,NA,NA
"Pallas's Gull","Ichthyaetus ichthyaetus","gbhgul2","Charadriiformes","Laridae (Gulls, Terns, and Skimmers)","Low","Uncertain","Uncertain","Moderate","24 hour","24 hour","Vertebrate & Carrion","No","No","No","Non-endemic","Wetland","Winter Migrant",NA,NA,NA,"Pallas's Gull","Ichthyaetus ichthyaetus","Pallas's Gull","Larus ichthyaetus","Least Concern","Schedule-II","","Appendix II",1000,"X","X","X",521,0.0882917466410749,0.315355086372361,0.422264875239923,12.9692898272553,0.561714026178003,29.2314889998898,44.4013543214808,68.5430494582518,-5.64315550149895,-3.38020180147035,-1.11724810144174,52.2151317452533,63.9361800033333,78.4800885595999,48.6491427476324,61.3333770845444,77.5732884682905,45.3054531803229,58.8496668544579,76.7569133799121,42.1818199569106,56.479132666424,76.0102549156742,39.2703887411801,54.2161716470722,75.3200555900997,36.5606068996503,52.0554771314468,74.6774431777205,34.0407761353379,49.9920221284666,74.0762385220745
"Sooty Gull","Ichthyaetus hemprichii","soogul2","Charadriiformes","Laridae (Gulls, Terns, and Skimmers)",NA,NA,NA,NA,"24 hour","Diurnal","Vertebrate & Carrion","No","No","No","Non-endemic","Wetland","Uncertain",NA,1,NA,"Sooty Gull","Ichthyaetus hemprichii","Sooty Gull","Larus hemprichii","Least Concern","Schedule-II","","Appendix II",NA,"","","",NA,NA,NA,NA,NA,NA,NA,NA,NA,NA,NA,NA,NA,NA,NA,NA,NA,NA,NA,NA,NA,NA,NA,NA,NA,NA,NA,NA,NA,NA,NA,NA,NA
"White-eyed Gull","Ichthyaetus leucophthalmus","whegul2","Charadriiformes","Laridae (Gulls, Terns, and Skimmers)",NA,NA,NA,NA,"Diurnal","Diurnal","Vertebrate & Carrion","No","No","No","Non-endemic","Wetland","Uncertain",NA,1,NA,"White-eyed Gull","Ichthyaetus leucophthalmus","White-eyed Gull","Larus leucophthalmus","Least Concern","Schedule-II","","Appendix I",NA,"","","",NA,NA,NA,NA,NA,NA,NA,NA,NA,NA,NA,NA,NA,NA,NA,NA,NA,NA,NA,NA,NA,NA,NA,NA,NA,NA,NA,NA,NA,NA,NA,NA,NA
"Common Gull","Larus canus","mewgul","Charadriiformes","Laridae (Gulls, Terns, and Skimmers)",NA,NA,NA,NA,"Diurnal","Diurnal","Omnivore","No","No","No","Non-endemic","Wetland","Uncertain",NA,1,NA,"Mew Gull","Larus canus","Mew Gull","Larus canus","Least Concern","Schedule-II","","",NA,"","","",3,0.333333333333333,NA,NA,19,6.30051849718206,NA,NA,NA,NA,NA,NA,NA,NA,NA,NA,NA,NA,NA,NA,NA,NA,NA,NA,NA,NA,NA,NA,NA,NA,NA,NA,NA
"Caspian Gull","Larus cachinnans","casgul2","Charadriiformes","Laridae (Gulls, Terns, and Skimmers)",NA,NA,NA,NA,"24 hour","24 hour","Vertebrate & Carrion","No","No","No","Non-endemic","Wetland","Winter Migrant",NA,1,NA,"Caspian Gull","Larus cachinnans","Caspian Gull","Larus cachinnans","Least Concern","Schedule-II","","",NA,"","","",4,NA,0.25,0.25,17.75,4.41,NA,NA,NA,NA,NA,NA,NA,NA,NA,NA,NA,NA,NA,NA,NA,NA,NA,NA,NA,NA,NA,NA,NA,NA,NA,NA,NA
"Mongolian Gull","Larus mongolicus","casgul4","Charadriiformes","Laridae (Gulls, Terns, and Skimmers)",NA,NA,NA,NA,"24 hour","24 hour","Vertebrate & Carrion","No","No","No","Non-endemic","Wetland","Winter Migrant",NA,1,NA,"Mongolian Gull","Larus mongolicus","Arctic Herring Gull","Larus smithsonianus","Least Concern","Schedule-II","","",NA,"","","",NA,NA,NA,NA,NA,NA,NA,NA,NA,NA,NA,NA,NA,NA,NA,NA,NA,NA,NA,NA,NA,NA,NA,NA,NA,NA,NA,NA,NA,NA,NA,NA,NA
"Lesser Black-backed Gull","Larus fuscus","lbbgul","Charadriiformes","Laridae (Gulls, Terns, and Skimmers)","Low","Uncertain","Uncertain","Moderate","24 hour","24 hour","Vertebrate & Carrion","No","No","No","Non-endemic","Wetland","Winter Migrant",NA,NA,NA,"Lesser Black-backed Gull","Larus fuscus","Lesser Black-backed Gull","Larus fuscus","Least Concern","Schedule-II","","",NA,"X","X","X",283,0.109540636042403,0.370318021201413,0.508833922261484,13.8586572438163,0.817524954011324,29.9941582277347,51.3082974686449,84.0777945323164,-2.90952206562061,1.20689695419882,5.32331597401825,78.3770586261288,101.96964096922,133.193612389651,76.4326269782412,103.276391716392,140.279640086369,74.4943957672289,104.633231837093,147.951152742384,72.5867621993249,106.041671534173,156.214196717851,70.7237703148782,107.503292408484,165.088163251674,68.9134135212842,109.019750484231,174.60169554836,67.1600328712739,110.59277940104,184.790520760878
"Indian Skimmer","Rynchops albicollis","indski1","Charadriiformes","Laridae (Gulls, Terns, and Skimmers)","High","Data Deficient","Data Deficient","Restricted","24 hour","24 hour","Vertebrate & Carrion","No","No","No","Non-endemic","Wetland","Resident & Within-India Migrant",1,NA,NA,"Indian Skimmer","Rynchops albicollis","Indian Skimmer","Rynchops albicollis","Endangered","Schedule-I","","",40,"","","X",56,0.160714285714286,0.255357142857143,0.25,15.0357142857143,1.71710909273803,NA,NA,NA,NA,NA,NA,NA,NA,NA,NA,NA,NA,NA,NA,NA,NA,NA,NA,NA,NA,NA,NA,NA,NA,NA,NA,NA
"White Tern","Gygis alba","whiter","Charadriiformes","Laridae (Gulls, Terns, and Skimmers)",NA,NA,NA,NA,"Diurnal","Diurnal","Vertebrate & Carrion","No","No","No","Non-endemic","Wetland","Uncertain",NA,1,NA,"White Tern","Gygis alba","Atlantic White Tern","Gygis alba","Least Concern","Schedule-II","","",NA,"","","",NA,NA,NA,NA,NA,NA,NA,NA,NA,NA,NA,NA,NA,NA,NA,NA,NA,NA,NA,NA,NA,NA,NA,NA,NA,NA,NA,NA,NA,NA,NA,NA,NA
"Brown Noddy","Anous stolidus","brnnod","Charadriiformes","Laridae (Gulls, Terns, and Skimmers)",NA,NA,NA,NA,"24 hour","24 hour","Vertebrate & Carrion","No","No","No","Non-endemic","Wetland","Resident & Local Migrant",NA,NA,NA,"Brown Noddy","Anous stolidus","Brown Noddy","Anous stolidus","Least Concern","Schedule-II","","",NA,"","","",28,0.0714285714285714,0.134920634920635,0.392857142857143,11.2857142857143,3.23361052649156,NA,NA,NA,NA,NA,NA,NA,NA,NA,NA,NA,NA,NA,NA,NA,NA,NA,NA,NA,NA,NA,NA,NA,NA,NA,NA,NA
"Lesser Noddy","Anous tenuirostris","lesnod1","Charadriiformes","Laridae (Gulls, Terns, and Skimmers)",NA,NA,NA,NA,"Diurnal","Diurnal","Vertebrate & Carrion","No","No","No","Non-endemic","Wetland","Uncertain",NA,NA,NA,"Lesser Noddy","Anous tenuirostris","Lesser Noddy","Anous tenuirostris","Least Concern","Schedule-II","","",NA,"","","",NA,NA,NA,NA,NA,NA,NA,NA,NA,NA,NA,NA,NA,NA,NA,NA,NA,NA,NA,NA,NA,NA,NA,NA,NA,NA,NA,NA,NA,NA,NA,NA,NA
"Black Noddy","Anous minutus","blknod","Charadriiformes","Laridae (Gulls, Terns, and Skimmers)",NA,NA,NA,NA,"24 hour","Diurnal","Vertebrate & Carrion","No","No","No","Non-endemic","Wetland","Uncertain",NA,1,NA,"Black Noddy","Anous minutus","Black Noddy","Anous minutus","Least Concern","Schedule-II","","Appendix II",NA,"","","",NA,NA,NA,NA,NA,NA,NA,NA,NA,NA,NA,NA,NA,NA,NA,NA,NA,NA,NA,NA,NA,NA,NA,NA,NA,NA,NA,NA,NA,NA,NA,NA,NA
"Sooty Tern","Onychoprion fuscatus","sooter1","Charadriiformes","Laridae (Gulls, Terns, and Skimmers)",NA,NA,NA,NA,"24 hour","24 hour","Vertebrate & Carrion","No","No","No","Non-endemic","Wetland","Resident & Winter Migrant",NA,NA,NA,"Sooty Tern","Onychoprion fuscatus","Sooty Tern","Onychoprion fuscatus","Least Concern","Schedule-II","","",NA,"","","",5,0.4,0.2,NA,5.4,6.21663059864425,NA,NA,NA,NA,NA,NA,NA,NA,NA,NA,NA,NA,NA,NA,NA,NA,NA,NA,NA,NA,NA,NA,NA,NA,NA,NA,NA
"Bridled Tern","Onychoprion anaethetus","briter1","Charadriiformes","Laridae (Gulls, Terns, and Skimmers)",NA,NA,NA,NA,"24 hour","24 hour","Vertebrate & Carrion","No","No","No","Non-endemic","Wetland","Resident & Winter Migrant",NA,NA,NA,"Bridled Tern","Onychoprion anaethetus","Bridled Tern","Onychoprion anaethetus","Least Concern","Schedule-II","","",NA,"","","",33,NA,0.154882154882155,0.545454545454545,15.4545454545455,2.66628516554813,NA,NA,NA,NA,NA,NA,NA,NA,NA,NA,NA,NA,NA,NA,NA,NA,NA,NA,NA,NA,NA,NA,NA,NA,NA,NA,NA
"Little Tern","Sternula albifrons","litter1","Charadriiformes","Laridae (Gulls, Terns, and Skimmers)","Moderate","Strong Decline","Uncertain","Moderate","Diurnal","Diurnal","Vertebrate & Carrion","No","No","No","Non-endemic","Wetland","Winter Migrant & Localized Summer Migrant",NA,NA,NA,"Little Tern","Sternula albifrons","Little Tern","Sternula albifrons","Least Concern","Schedule-II","","Appendix II",710,"X","X","X",561,0.0837789661319073,0.281996434937611,0.45632798573975,14.0124777183601,0.539731861895362,19.4204692125235,28.878277884336,42.6746247573066,-3.49249218770739,-0.781640553741508,1.92921108022437,75.1352499230233,94.4839676425475,119.0814609292,72.1556194936476,93.7907453289453,122.270617417764,69.2497628110854,93.1181422787389,125.681839269397,66.4361509151158,92.4657895813421,129.294146741541,63.7239381114743,91.8333306450525,133.096601419285,61.1169318825542,91.220420895603,137.084323109596,58.615791108234,90.6267274854826,141.256280752472
"Saunders's Tern","Sternula saundersi","sauter2","Charadriiformes","Laridae (Gulls, Terns, and Skimmers)",NA,NA,NA,NA,"Diurnal","Diurnal","Vertebrate & Carrion","No","No","No","Non-endemic","Wetland","Winter Migrant & Localized Summer Migrant",NA,NA,NA,"Saunders's Tern","Sternula saundersi","Saunders's Tern","Sternula saundersi","Least Concern","Schedule-II","","Appendix II",NA,"","","",12,0.0833333333333333,0.231481481481481,0.5,13.75,4.2963469331162,NA,NA,NA,NA,NA,NA,NA,NA,NA,NA,NA,NA,NA,NA,NA,NA,NA,NA,NA,NA,NA,NA,NA,NA,NA,NA,NA
"Gull-billed Tern","Gelochelidon nilotica","gubter2","Charadriiformes","Laridae (Gulls, Terns, and Skimmers)","High","Strong Decline","Uncertain","Restricted","Diurnal","Diurnal","Vertebrate & Carrion","No","No","No","Non-endemic","Wetland","Resident & Winter Migrant",NA,NA,NA,"Gull-billed Tern","Gelochelidon nilotica","Common Gull-billed Tern","Gelochelidon nilotica","Least Concern","Schedule-I","","Appendix II",NA,"X","X","X",507,0.179487179487179,0.363116370808678,0.506903353057199,14.8343195266272,0.601362227184311,18.2026499152994,26.9669613214803,41.2572014088616,-7.19992472376931,-5.31663724290111,-3.43334976203291,41.5695405887356,53.4682337214039,68.9697842195426,37.4083114805339,49.8968590881016,66.8049397540959,33.6407739534306,46.5734307696216,64.7878359080391,30.2410363749862,43.4801245963223,62.8905733225778,27.1794967257645,40.6004393411847,61.0946828127615,24.4260837807515,37.919095562859,59.3872537989635,21.9518243283835,35.4219424034926,57.7588078746663
"Caspian Tern","Hydroprogne caspia","caster1","Charadriiformes","Laridae (Gulls, Terns, and Skimmers)","Moderate","Moderate Decline","Uncertain","Moderate","Diurnal","Diurnal","Vertebrate & Carrion","No","No","No","Non-endemic","Wetland","Resident & Winter Migrant",NA,NA,NA,"Caspian Tern","Hydroprogne caspia","Caspian Tern","Hydroprogne caspia","Least Concern","Schedule-II","","Appendix II",710,"X","X","X",351,0.133903133903134,0.34957264957265,0.541310541310541,14.4017094017094,0.720662381492522,22.1307498050174,38.8393403203959,66.6234097968676,-5.98658351688461,-2.67790475586012,0.630774005164365,61.3004062338816,80.0301940662664,104.964271447011,57.2196271902388,77.6338445436647,105.96905540671,53.3820725468802,75.3392342049679,107.151629706368,49.7908715684105,73.1415668723228,108.484069977734,46.4401583113652,71.0363003700147,109.950029520855,43.3195421937879,69.0191321211738,111.540066297899,40.4165052199243,67.0859856160111,113.249064183959
"Whiskered Tern","Chlidonias hybrida","whiter2","Charadriiformes","Laridae (Gulls, Terns, and Skimmers)","Moderate","Moderate Decline","Strong Decline","Moderate","Diurnal","Diurnal","Vertebrate & Carrion","No","No","No","Non-endemic","Wetland","Winter Migrant & Localized Summer Migrant",NA,NA,NA,"Whiskered Tern","Chlidonias hybrida","Whiskered Tern","Chlidonias hybrida","Least Concern","Schedule-II","","",NA,"X","X","X",1285,0.103501945525292,0.353151750972763,0.488715953307393,13.9455252918288,0.372666726670966,43.6524658699062,55.5371081383825,69.7120744689649,-4.97886078991456,-3.75521250624967,-2.53156422258478,59.152780789999,68.8165861891885,80.1374883944765,55.3686140927219,65.8407938097646,78.3940943002831,51.8013876145798,62.9975311700815,76.7391144553482,48.4490313961934,60.2807347225552,75.1552464181692,45.3047280379604,57.6846253243076,73.631242198028,42.3593109032047,55.2036945852974,72.1594190068167,39.6025532958845,52.8326918861374,70.7342855113072
"Black Tern","Chlidonias niger","blkter","Charadriiformes","Laridae (Gulls, Terns, and Skimmers)",NA,NA,NA,NA,"24 hour","Diurnal","Vertebrate & Carrion","No","No","No","Non-endemic","Wetland","Uncertain",NA,1,NA,"Black Tern","Chlidonias niger","Black Tern","Chlidonias niger","Least Concern","Schedule-II","","Appendix II",NA,"","","",NA,NA,NA,NA,NA,NA,NA,NA,NA,NA,NA,NA,NA,NA,NA,NA,NA,NA,NA,NA,NA,NA,NA,NA,NA,NA,NA,NA,NA,NA,NA,NA,NA
"White-winged Tern","Chlidonias leucopterus","whwter","Charadriiformes","Laridae (Gulls, Terns, and Skimmers)",NA,NA,NA,NA,"Diurnal","24 hour","Invertebrate","No","No","No","Non-endemic","Wetland","Winter Migrant",NA,NA,NA,"White-winged Tern","Chlidonias leucopterus","White-winged Tern","Chlidonias leucopterus","Least Concern","Schedule-II","","Appendix II",NA,"","","",42,0.238095238095238,0.216666666666667,0.285714285714286,18.1666666666667,1.89861881048669,NA,NA,NA,NA,NA,NA,NA,NA,NA,NA,NA,NA,NA,NA,NA,NA,NA,NA,NA,NA,NA,NA,NA,NA,NA,NA,NA
"River Tern","Sterna aurantia","rivter1","Charadriiformes","Laridae (Gulls, Terns, and Skimmers)","Moderate","Moderate Decline","Moderate Decline","Very Large","Diurnal","Diurnal","Omnivore","No","No","No","Non-endemic","Wetland","Resident & Local Migrant",NA,NA,NA,"River Tern","Sterna aurantia","River Tern","Sterna aurantia","Vulnerable","Schedule-I","","",550,"X","X","X",2230,0.0753363228699552,0.363587443946188,0.560986547085202,11.9479820627803,0.279233994203184,64.46880388153,78.8348300269599,96.784375915109,-1.01291472473615,0.666531150387973,2.3459770255121,81.7161001323686,94.308876689526,108.920064269359,80.5338140267645,94.893642250109,111.918843991042,79.331178481716,95.4866077246976,115.069797113437,78.1226939294534,96.0878862077333,118.361287742253,76.9173614926029,96.697592834278,121.787322950163,75.7209288982359,97.31584481872,125.345311227992,74.5371439974981,97.9427614943085,129.03481353306
"Arctic Tern","Sterna paradisaea","arcter","Charadriiformes","Laridae (Gulls, Terns, and Skimmers)",NA,NA,NA,NA,"24 hour","Diurnal","Vertebrate & Carrion","No","No","No","Non-endemic","Wetland","Uncertain",NA,1,NA,"Arctic Tern","Sterna paradisaea","Arctic Tern","Sterna paradisaea","Least Concern","Schedule-II","","Appendix II",NA,"","","",NA,NA,NA,NA,NA,NA,NA,NA,NA,NA,NA,NA,NA,NA,NA,NA,NA,NA,NA,NA,NA,NA,NA,NA,NA,NA,NA,NA,NA,NA,NA,NA,NA
"Common Tern","Sterna hirundo","comter","Charadriiformes","Laridae (Gulls, Terns, and Skimmers)","Low","Data Deficient","Uncertain","Moderate","24 hour","Diurnal","Vertebrate & Carrion","No","No","No","Non-endemic","Wetland","Winter Migrant & Localized Summer Migrant",NA,NA,NA,"Common Tern","Sterna hirundo","Common Tern","Sterna hirundo","Least Concern","Schedule-II","","Appendix II",1000,"X","X","X",211,0.14218009478673,0.336018957345972,0.497630331753554,14.4549763033175,1.00631190178482,14.6312890514741,25.5474817337691,46.9447318062654,-6.33428083637574,-1.88509698875649,2.56408685886276,56.2533010111297,76.8648899089507,105.599607388832,52.7459388571999,75.3726335871881,108.47523222468,49.4313632648438,73.9452787998937,111.628014570255,46.3178233518858,72.5802223402552,115.035339254516,43.4037184717986,71.2749969476123,118.687270868706,40.6823227220694,70.0272641903775,122.58168612165,38.1443352228806,68.8348077696042,126.721603691691
"White-cheeked Tern","Sterna repressa","whcter1","Charadriiformes","Laridae (Gulls, Terns, and Skimmers)",NA,NA,NA,NA,"Diurnal","Diurnal","Vertebrate & Carrion","No","No","No","Non-endemic","Wetland","Passage Migrant",NA,NA,NA,"White-cheeked Tern","Sterna repressa","White-cheeked Tern","Sterna repressa","Least Concern","Schedule-II","","Appendix II",NA,"","","",NA,NA,NA,NA,NA,NA,NA,NA,NA,NA,NA,NA,NA,NA,NA,NA,NA,NA,NA,NA,NA,NA,NA,NA,NA,NA,NA,NA,NA,NA,NA,NA,NA
"Black-naped Tern","Sterna sumatrana","blnter1","Charadriiformes","Laridae (Gulls, Terns, and Skimmers)",NA,NA,NA,NA,"Diurnal","Diurnal","Vertebrate & Carrion","No","No","No","Non-endemic","Wetland","Resident",NA,NA,1,"Black-naped Tern","Sterna sumatrana","Black-naped Tern","Sterna sumatrana","Least Concern","Schedule-II","","",NA,"","","",39,0.153846153846154,0.358974358974359,0.538461538461538,6.28205128205128,1.498184143746,NA,NA,NA,NA,NA,NA,NA,NA,NA,NA,NA,NA,NA,NA,NA,NA,NA,NA,NA,NA,NA,NA,NA,NA,NA,NA,NA
"Roseate Tern","Sterna dougallii","roster","Charadriiformes","Laridae (Gulls, Terns, and Skimmers)",NA,NA,NA,NA,"Diurnal","Diurnal","Vertebrate & Carrion","No","No","No","Non-endemic","Wetland","Resident & Summer Migrant",NA,NA,NA,"Roseate Tern","Sterna dougallii","Roseate Tern","Sterna dougallii","Least Concern","Schedule-II","","Appendix II",100,"","","",3,NA,NA,NA,12.3333333333333,7.53460756185159,NA,NA,NA,NA,NA,NA,NA,NA,NA,NA,NA,NA,NA,NA,NA,NA,NA,NA,NA,NA,NA,NA,NA,NA,NA,NA,NA
"Black-bellied Tern","Sterna acuticauda","blbter1","Charadriiformes","Laridae (Gulls, Terns, and Skimmers)","High","Data Deficient","Data Deficient","Restricted","Diurnal","Diurnal","Vertebrate & Carrion","No","No","No","Non-endemic","Wetland","Resident & Local Migrant",1,NA,NA,"Black-bellied Tern","Sterna acuticauda","Black-bellied Tern","Sterna acuticauda","Endangered","Schedule-I","","",250,"","X","X",168,0.142857142857143,0.191071428571429,0.273809523809524,14.4404761904762,0.964608001283968,NA,NA,NA,-7.77749025680404,-2.35260789006932,3.0722744766654,72.2217225848861,125.720991805512,222.454073404983,65.4979392246284,123.460036336625,237.769144166475,59.3659679329445,121.388331778882,255.13301062087,53.8121350376042,119.497733233593,274.65910067702,48.8017373008369,117.780948774528,296.524691338274,44.2916076244603,116.231487353565,320.960590326209,40.2364772255621,114.843613352777,348.247979304801
"Sandwich Tern","Thalasseus sandvicensis","santer1","Charadriiformes","Laridae (Gulls, Terns, and Skimmers)",NA,NA,NA,NA,"Diurnal","Diurnal","Vertebrate & Carrion","No","No","No","Non-endemic","Wetland","Winter Migrant",NA,NA,NA,"Sandwich Tern","Thalasseus sandvicensis","Sandwich Tern","Thalasseus sandvicensis","Least Concern","Schedule-II","","Appendix II",NA,"","X","X",75,0.08,0.285333333333333,0.373333333333333,15.1066666666667,1.70811035334934,NA,NA,NA,-11.3706653962761,-5.59382314457588,0.183019107124371,15.2369159321728,32.618506186658,71.5136565098512,12.8542910085269,30.6733495357816,75.5112328841344,10.8358542591164,28.8878223373477,80.1299766150697,9.13548657248267,27.2473080281339,85.3772605334657,7.70728202003689,25.7386771458951,91.2847035938327,6.50931849980325,24.3501245266022,97.9018982212198,5.50486526775223,23.0710255394599,105.293534940781
"Lesser Crested Tern","Thalasseus bengalensis","lecter2","Charadriiformes","Laridae (Gulls, Terns, and Skimmers)","Low","Data Deficient","Uncertain","Moderate","24 hour","24 hour","Vertebrate & Carrion","No","No","No","Non-endemic","Wetland","Resident & Local Migrant",NA,NA,NA,"Lesser Crested Tern","Thalasseus bengalensis","Lesser Crested Tern","Thalasseus bengalensis","Least Concern","Schedule-II","","Appendix II",NA,"X","X","X",210,0.1,0.376190476190476,0.576190476190476,12.5095238095238,1.02692665984462,32.4770893331313,58.7393723679529,100.736796520487,-3.48891305104393,1.83385928793202,7.15663162690797,84.5139255185617,115.982196877954,160.106655897853,82.2463662650399,118.120357750132,170.955376722034,79.9925305703964,120.352334035726,182.867448517499,77.7835235198341,122.681832082869,195.888140761675,75.6368713681594,125.112750418402,210.084802209577,73.5621996586005,127.649189511672,225.541957710185,71.5643975532991,130.295462097639,242.35900592887
"Great Crested Tern","Thalasseus bergii","grcter1","Charadriiformes","Laridae (Gulls, Terns, and Skimmers)","Low","Data Deficient","Strong Increase","Moderate","24 hour","24 hour","Vertebrate & Carrion","No","No","No","Non-endemic","Wetland","Resident",NA,NA,NA,"Great Crested Tern","Thalasseus bergii","Greater Crested Tern","Thalasseus bergii","Least Concern","Schedule-II","","Appendix II",10000,"","X","X",160,0.125,0.409375,0.65,12.79375,1.19357554884552,NA,NA,NA,-3.49841553065969,5.82948742793823,15.1573903865362,106.917098381068,150.793704490265,214.339356997297,106.684492123808,158.046320598172,236.542335527077,106.413628912507,165.763672633385,261.613117338618,106.147595257174,173.979018344293,289.852171849082,105.913388300377,182.728251155616,321.622903494928,105.728515171461,192.050125165972,357.351607426023,105.604705223736,201.986500672842,397.531280548446
"White-tailed Tropicbird","Phaethon lepturus","whttro","Phaethontiformes","Phaethontidae (Tropicbirds)",NA,NA,NA,NA,"Diurnal","Diurnal","Vertebrate & Carrion","No","No","No","Non-endemic","Wetland","Resident",NA,1,NA,"White-tailed Tropicbird","Phaethon lepturus","White-tailed Tropicbird","Phaethon lepturus","Least Concern","Schedule-II","","",NA,"","","",3,NA,0.5,NA,13.3333333333333,12.5160661196364,NA,NA,NA,NA,NA,NA,NA,NA,NA,NA,NA,NA,NA,NA,NA,NA,NA,NA,NA,NA,NA,NA,NA,NA,NA,NA,NA
"Red-billed Tropicbird","Phaethon aethereus","rebtro","Phaethontiformes","Phaethontidae (Tropicbirds)",NA,NA,NA,NA,"Diurnal","Diurnal","Vertebrate & Carrion","No","No","No","Non-endemic","Wetland","Winter Migrant",NA,1,NA,"Red-billed Tropicbird","Phaethon aethereus","Red-billed Tropicbird","Phaethon aethereus","Least Concern","Schedule-II","","",NA,"","","",NA,NA,NA,NA,NA,NA,NA,NA,NA,NA,NA,NA,NA,NA,NA,NA,NA,NA,NA,NA,NA,NA,NA,NA,NA,NA,NA,NA,NA,NA,NA,NA,NA
"Red-tailed Tropicbird","Phaethon rubricauda","rettro","Phaethontiformes","Phaethontidae (Tropicbirds)",NA,NA,NA,NA,"Diurnal","Diurnal","Vertebrate & Carrion","No","No","No","Non-endemic","Wetland","Resident",NA,1,NA,"Red-tailed Tropicbird","Phaethon rubricauda","Red-tailed Tropicbird","Phaethon rubricauda","Least Concern","Schedule-II","","",NA,"","","",NA,NA,NA,NA,NA,NA,NA,NA,NA,NA,NA,NA,NA,NA,NA,NA,NA,NA,NA,NA,NA,NA,NA,NA,NA,NA,NA,NA,NA,NA,NA,NA,NA
"Red-throated Loon","Gavia stellata","retloo","Gaviiformes","Gaviidae (Loons)",NA,NA,NA,NA,"Diurnal","Diurnal","Vertebrate & Carrion","No","No","No","Non-endemic","Wetland","Uncertain",NA,1,NA,"Red-throated Diver","Gavia stellata","Red-throated Loon","Gavia stellata","Least Concern","Schedule-II","","Appendix II",NA,"","","",NA,NA,NA,NA,NA,NA,NA,NA,NA,NA,NA,NA,NA,NA,NA,NA,NA,NA,NA,NA,NA,NA,NA,NA,NA,NA,NA,NA,NA,NA,NA,NA,NA
"Arctic Loon","Gavia arctica","arcloo","Gaviiformes","Gaviidae (Loons)",NA,NA,NA,NA,"24 hour","Diurnal","Vertebrate & Carrion","No","No","No","Non-endemic","Wetland","Uncertain",NA,1,NA,"Black-throated Diver","Gavia arctica","Arctic Loon","Gavia arctica","Least Concern","Schedule-II","","Appendix II",NA,"","","",NA,NA,NA,NA,NA,NA,NA,NA,NA,NA,NA,NA,NA,NA,NA,NA,NA,NA,NA,NA,NA,NA,NA,NA,NA,NA,NA,NA,NA,NA,NA,NA,NA
"Light-mantled Albatross","Phoebetria palpebrata","limalb1","Procellariiformes","Diomedeidae (Albatrosses)",NA,NA,NA,NA,"Diurnal","Diurnal","Vertebrate & Carrion","No","No","No","Non-endemic","Wetland","Uncertain",NA,1,NA,"Light-mantled Albatross","Phoebetria palpebrata","Light-mantled Albatross","Phoebetria palpebrata","Near Threatened","Recent addition","","Appendix II",NA,"","","",NA,NA,NA,NA,NA,NA,NA,NA,NA,NA,NA,NA,NA,NA,NA,NA,NA,NA,NA,NA,NA,NA,NA,NA,NA,NA,NA,NA,NA,NA,NA,NA,NA
"Wilson's Storm-Petrel","Oceanites oceanicus","wispet","Procellariiformes","Oceanitidae (Southern Storm-Petrels)",NA,NA,NA,NA,"24 hour","Diurnal","Invertebrate","No","No","No","Non-endemic","Wetland","Summer Migrant",NA,NA,NA,"Wilson's Storm-Petrel","Oceanites oceanicus","Wilson's Storm-petrel","Oceanites oceanicus","Least Concern","Schedule-II","","",NA,"","","",7,NA,0.285714285714286,0.857142857142857,16.2857142857143,5.85996587020778,NA,NA,NA,NA,NA,NA,NA,NA,NA,NA,NA,NA,NA,NA,NA,NA,NA,NA,NA,NA,NA,NA,NA,NA,NA,NA,NA
"White-faced Storm-Petrel","Pelagodroma marina","wfspet","Procellariiformes","Oceanitidae (Southern Storm-Petrels)",NA,NA,NA,NA,"24 hour","Diurnal","Invertebrate","No","No","No","Non-endemic","Wetland","Summer Migrant",NA,1,NA,"White-faced Storm-Petrel","Pelagodroma marina","White-faced Storm-petrel","Pelagodroma marina","Least Concern","Schedule-II","","",NA,"","","",NA,NA,NA,NA,NA,NA,NA,NA,NA,NA,NA,NA,NA,NA,NA,NA,NA,NA,NA,NA,NA,NA,NA,NA,NA,NA,NA,NA,NA,NA,NA,NA,NA
"Black-bellied Storm-Petrel","Fregetta tropica","bbspet1","Procellariiformes","Oceanitidae (Southern Storm-Petrels)",NA,NA,NA,NA,"24 hour","Diurnal","Omnivore","No","No","No","Non-endemic","Wetland","Uncertain",NA,1,NA,"Black-bellied Storm-Petrel","Fregetta tropica","Black-bellied Storm-petrel","Fregetta tropica","Least Concern","Schedule-II","","",NA,"","","",NA,NA,NA,NA,NA,NA,NA,NA,NA,NA,NA,NA,NA,NA,NA,NA,NA,NA,NA,NA,NA,NA,NA,NA,NA,NA,NA,NA,NA,NA,NA,NA,NA
"Swinhoe's Storm-Petrel","Hydrobates monorhis","swspet","Procellariiformes","Hydrobatidae (Northern Storm-Petrels)",NA,NA,NA,NA,"24 hour","Diurnal","Invertebrate","No","No","No","Non-endemic","Wetland","Winter Migrant",NA,NA,NA,"Swinhoe's Storm-Petrel","Hydrobates monorhis","Swinhoe's Storm-petrel","Hydrobates monorhis","Near Threatened","Schedule-II","","",NA,"","","",NA,NA,NA,NA,NA,NA,NA,NA,NA,NA,NA,NA,NA,NA,NA,NA,NA,NA,NA,NA,NA,NA,NA,NA,NA,NA,NA,NA,NA,NA,NA,NA,NA
"Pintado Petrel","Daption capense","cappet","Procellariiformes","Procellariidae (Shearwaters and Petrels)",NA,NA,NA,NA,"24 hour","Diurnal","Invertebrate","No","No","No","Non-endemic","Wetland","Uncertain",NA,1,NA,"Cape Petrel",NA,"Cape Petrel","Daption capense",NA,NA,NA,NA,NA,"","","",NA,NA,NA,NA,NA,NA,NA,NA,NA,NA,NA,NA,NA,NA,NA,NA,NA,NA,NA,NA,NA,NA,NA,NA,NA,NA,NA,NA,NA,NA,NA,NA,NA
"Barau's Petrel","Pterodroma baraui","barpet1","Procellariiformes","Procellariidae (Shearwaters and Petrels)",NA,NA,NA,NA,"24 hour","Diurnal","Invertebrate","No","No","No","Non-endemic","Wetland","Uncertain",NA,1,NA,"Barau's Petrel","Pterodroma baraui","Barau's Petrel","Pterodroma baraui","Endangered","Schedule-II","","",NA,"","","",NA,NA,NA,NA,NA,NA,NA,NA,NA,NA,NA,NA,NA,NA,NA,NA,NA,NA,NA,NA,NA,NA,NA,NA,NA,NA,NA,NA,NA,NA,NA,NA,NA
"Jouanin's Petrel","Bulweria fallax","joupet","Procellariiformes","Procellariidae (Shearwaters and Petrels)",NA,NA,NA,NA,"24 hour","Diurnal","Omnivore","No","No","No","Non-endemic","Wetland","Uncertain",NA,NA,NA,"Jouanin's Petrel","Bulweria fallax","Jouanin's Petrel","Bulweria fallax","Near Threatened","Schedule-II","","",NA,"","","",NA,NA,NA,NA,NA,NA,NA,NA,NA,NA,NA,NA,NA,NA,NA,NA,NA,NA,NA,NA,NA,NA,NA,NA,NA,NA,NA,NA,NA,NA,NA,NA,NA
"Streaked Shearwater","Calonectris leucomelas","strshe","Procellariiformes","Procellariidae (Shearwaters and Petrels)",NA,NA,NA,NA,"24 hour","Diurnal","Omnivore","No","No","No","Non-endemic","Wetland","Winter Migrant",NA,NA,NA,"Streaked Shearwater","Calonectris leucomelas","Streaked Shearwater","Calonectris leucomelas","Near Threatened","Schedule-II","","",NA,"","","",NA,NA,NA,NA,NA,NA,NA,NA,NA,NA,NA,NA,NA,NA,NA,NA,NA,NA,NA,NA,NA,NA,NA,NA,NA,NA,NA,NA,NA,NA,NA,NA,NA
"Cory's Shearwater","Calonectris borealis","corshe1","Procellariiformes","Procellariidae (Shearwaters and Petrels)",NA,NA,NA,NA,"24 hour","Diurnal","Vertebrate & Carrion","No","No","No","Non-endemic","Wetland","Uncertain",NA,1,NA,"Cory's Shearwater","Calonectris borealis","Scopoli's Shearwater","Calonectris diomedea","Least Concern","Schedule-II","","",NA,"","","",NA,NA,NA,NA,NA,NA,NA,NA,NA,NA,NA,NA,NA,NA,NA,NA,NA,NA,NA,NA,NA,NA,NA,NA,NA,NA,NA,NA,NA,NA,NA,NA,NA
"Flesh-footed Shearwater","Ardenna carneipes","flfshe","Procellariiformes","Procellariidae (Shearwaters and Petrels)",NA,NA,NA,NA,"24 hour","Diurnal","Omnivore","No","No","No","Non-endemic","Wetland","Summer Migrant",NA,NA,NA,"Flesh-footed Shearwater","Ardenna carneipes","Flesh-footed Shearwater","Ardenna carneipes","Near Threatened","Schedule-II","","",NA,"","","",4,NA,0.291666666666667,0.5,15.75,10.4750035799517,NA,NA,NA,NA,NA,NA,NA,NA,NA,NA,NA,NA,NA,NA,NA,NA,NA,NA,NA,NA,NA,NA,NA,NA,NA,NA,NA
"Wedge-tailed Shearwater","Ardenna pacifica","wetshe","Procellariiformes","Procellariidae (Shearwaters and Petrels)",NA,NA,NA,NA,"24 hour","Diurnal","Omnivore","No","No","No","Non-endemic","Wetland","Summer Migrant",NA,NA,NA,"Wedge-tailed Shearwater","Ardenna pacifica","Wedge-tailed Shearwater","Ardenna pacifica","Least Concern","Schedule-II","","",NA,"","","",NA,NA,NA,NA,NA,NA,NA,NA,NA,NA,NA,NA,NA,NA,NA,NA,NA,NA,NA,NA,NA,NA,NA,NA,NA,NA,NA,NA,NA,NA,NA,NA,NA
"Sooty Shearwater","Ardenna grisea","sooshe","Procellariiformes","Procellariidae (Shearwaters and Petrels)",NA,NA,NA,NA,"24 hour","Diurnal","Omnivore","No","No","No","Non-endemic","Wetland","Summer Migrant",NA,NA,NA,"Sooty Shearwater","Ardenna grisea","Sooty Shearwater","Ardenna grisea","Near Threatened","Recent addition","","",NA,"","","",NA,NA,NA,NA,NA,NA,NA,NA,NA,NA,NA,NA,NA,NA,NA,NA,NA,NA,NA,NA,NA,NA,NA,NA,NA,NA,NA,NA,NA,NA,NA,NA,NA
"Short-tailed Shearwater","Ardenna tenuirostris","shtshe","Procellariiformes","Procellariidae (Shearwaters and Petrels)",NA,NA,NA,NA,"24 hour","Diurnal","Omnivore","No","No","No","Non-endemic","Wetland","Summer Migrant",NA,NA,NA,"Short-tailed Shearwater","Ardenna tenuirostris","Short-tailed Shearwater","Ardenna tenuirostris","Least Concern","Schedule-II","","",NA,"","","",NA,NA,NA,NA,NA,NA,NA,NA,NA,NA,NA,NA,NA,NA,NA,NA,NA,NA,NA,NA,NA,NA,NA,NA,NA,NA,NA,NA,NA,NA,NA,NA,NA
"Tropical Shearwater","Puffinus bailloni","troshe5","Procellariiformes","Procellariidae (Shearwaters and Petrels)",NA,NA,NA,NA,"24 hour","Diurnal","Omnivore","No","No","No","Non-endemic","Wetland","Uncertain",NA,1,NA,"Tropical Shearwater","Puffinus bailloni","Tropical Shearwater","Puffinus bailloni","Least Concern","Schedule-II","","",NA,"","","",NA,NA,NA,NA,NA,NA,NA,NA,NA,NA,NA,NA,NA,NA,NA,NA,NA,NA,NA,NA,NA,NA,NA,NA,NA,NA,NA,NA,NA,NA,NA,NA,NA
"Persian Shearwater","Puffinus persicus","pershe1","Procellariiformes","Procellariidae (Shearwaters and Petrels)",NA,NA,NA,NA,"24 hour","Diurnal","Omnivore","No","No","No","Non-endemic","Wetland","Winter Migrant",NA,NA,NA,"Persian Shearwater","Puffinus persicus","Persian Shearwater","Puffinus persicus","Least Concern","Schedule-II","","",NA,"","","",NA,NA,NA,NA,NA,NA,NA,NA,NA,NA,NA,NA,NA,NA,NA,NA,NA,NA,NA,NA,NA,NA,NA,NA,NA,NA,NA,NA,NA,NA,NA,NA,NA
"Asian Openbill","Anastomus oscitans","asiope1","Ciconiiformes","Ciconiidae (Storks)","Low","Stable","Strong Decline","Very Large","Diurnal","Diurnal","Invertebrate","No","No","No","Non-endemic","Wetland","Resident",NA,NA,NA,"Asian Openbill","Anastomus oscitans","Asian Openbill","Anastomus oscitans","Least Concern","Schedule-II","","",3000,"X","X","X",2952,0.0565718157181572,0.396951219512195,0.6039972899729,11.27472899729,0.242211596733614,157.516576801292,186.269490484541,219.461976291488,-1.58575161367243,-0.547253296516587,0.49124502063926,80.2683420523472,87.6628720700479,95.7715785033183,78.8297756238334,87.1981838655135,96.4985370188392,77.3938702591673,86.737991539975,97.2663567229518,75.9692319922143,86.2822493169016,98.0658457162793,74.5610742734138,85.8309119777467,98.8912246770505,73.17261073354,85.3839348547669,99.7387336980037,71.8058303825294,84.941273823943,100.605856700601
"African Openbill","Anastomus lamelligerus","afrope1","Ciconiiformes","Ciconiidae (Storks)",NA,NA,NA,NA,"Diurnal","Diurnal","Invertebrate","No","No","No","Non-endemic","Wetland","Uncertain",NA,NA,NA,"African Openbill","Anastomus lamelligerus","African Openbill","Anastomus lamelligerus","Least Concern","Recent addition","","",NA,"","","",NA,NA,NA,NA,NA,NA,NA,NA,NA,NA,NA,NA,NA,NA,NA,NA,NA,NA,NA,NA,NA,NA,NA,NA,NA,NA,NA,NA,NA,NA,NA,NA,NA
"Black Stork","Ciconia nigra","blasto1","Ciconiiformes","Ciconiidae (Storks)","Moderate","Uncertain","Strong Decline","Moderate","Diurnal","Diurnal","Vertebrate & Carrion","No","No","No","Non-endemic","Wetland","Winter Migrant",NA,NA,NA,"Black Stork","Ciconia nigra","Black Stork","Ciconia nigra","Least Concern","Schedule-II","Appendix II","Appendix II",100,"X","X","X",559,0.0715563506261181,0.23005366726297,0.311270125223614,14.561717352415,0.541877296809164,16.0850922806065,33.8093397498844,71.061991139569,-7.09204371874318,-3.04544991817069,1.0011438824018,68.3820871578422,99.4771880818095,146.046268229558,62.6397861429375,96.1887631025924,149.493578964272,57.3505310605962,93.0826507445472,153.414709304029,52.5042291421344,90.1482874669703,157.773582829861,48.0774786430616,87.3758252861169,162.556450766134,44.0412182113966,84.7560803073239,167.763555654327,40.3646768440111,82.2804852566304,173.404611049705
"Asian Woolly-necked Stork","Ciconia episcopus","wonsto1","Ciconiiformes","Ciconiidae (Storks)","Low","Stable","Moderate Decline","Very Large","Diurnal","Diurnal","Vertebrate & Carrion","No","No","No","Non-endemic","Open Habitat","Resident",NA,NA,NA,"Asian Woolly-necked Stork","Ciconia episcopus","Asian Woollyneck","Ciconia episcopus","Near Threatened","Schedule-II","","",250,"X","X","X",1997,0.0600901352028042,0.335703555333,0.489734601902854,12.4231347020531,0.302119560908044,54.3496689542421,73.4575477624689,102.417414829789,-3.68752525080861,-1.76291662825521,0.161691994298185,65.9123961516381,76.377924634944,88.6224903206994,63.3577671649028,74.996132464117,88.9268304896447,60.8772127479062,73.6471370749445,89.2938534499046,58.4799039662391,72.3300648765751,89.7088677697,56.1698293019171,71.0440679804299,90.1626584409032,53.9480224400415,69.7883233885463,90.64924443168,51.8137927303338,68.5620322091082,91.1646343740342
"White Stork","Ciconia ciconia","whisto1","Ciconiiformes","Ciconiidae (Storks)",NA,NA,NA,NA,"24 hour","24 hour","Vertebrate & Carrion","No","No","No","Non-endemic","Wetland","Winter Migrant",NA,NA,NA,"White Stork","Ciconia ciconia","White Stork","Ciconia ciconia","Least Concern","Schedule-I","","Appendix II",NA,"","","",119,0.19327731092437,0.145378151260504,0.142857142857143,17.4453781512605,1.11243294418346,NA,NA,NA,NA,NA,NA,NA,NA,NA,NA,NA,NA,NA,NA,NA,NA,NA,NA,NA,NA,NA,NA,NA,NA,NA,NA,NA
"Black-necked Stork","Ephippiorhynchus asiaticus","blnsto1","Ciconiiformes","Ciconiidae (Storks)","Moderate","Uncertain","Strong Decline","Moderate","24 hour","24 hour","Vertebrate & Carrion","No","No","No","Non-endemic","Wetland","Resident",NA,NA,NA,"Black-necked Stork","Ephippiorhynchus asiaticus","Black-necked Stork","Ephippiorhynchus asiaticus","Least Concern","Schedule-II","","",10,"X","X","X",310,0.103225806451613,0.278064516129032,0.393548387096774,13.3645161290323,0.720933649393039,29.6502142166132,50.1115935231095,80.3577961696415,-4.67557054776607,-0.643028406083325,3.38951373559942,64.4426486444068,86.353837729984,116.205988577649,61.3725232021139,85.7774375399371,120.554564825748,58.4122859676382,85.2355957464493,125.261489177815,55.5793924483719,84.7277459346814,130.310939208177,52.8808179017335,84.2533603600193,135.699587282637,50.3176730527538,83.8119490448711,141.431984636043,47.8877442349575,83.4030589425323,147.51803227878
"Lesser Adjutant","Leptoptilos javanicus","lesadj1","Ciconiiformes","Ciconiidae (Storks)","Moderate","Uncertain","Uncertain","Moderate","Diurnal","Diurnal","Vertebrate & Carrion","No","No","No","Non-endemic","Wetland","Resident & Local Migrant",NA,NA,NA,"Lesser Adjutant","Leptoptilos javanicus","Lesser Adjutant","Leptoptilos javanicus","Near Threatened","Schedule-I","","",50,"X","X","X",434,0.0898617511520737,0.32926267281106,0.486175115207373,13.0345622119816,0.621227665999123,36.0471922592278,61.2391891311876,100.969009850876,-5.57738209748059,-2.78450431948737,0.00837345850585525,56.62767892494,69.8286999790911,86.3465901536983,53.2711466118486,67.7048120311882,86.3631639656268,50.0912334332,65.6636797906767,86.4784807323369,47.0917256028397,63.7017351050315,86.6717055028384,44.2699093643534,61.8155788431603,86.9298431318991,41.6196818215226,60.0019723809851,87.2445268776934,39.1332346051481,58.2578295410577,87.6102424210789
"Greater Adjutant","Leptoptilos dubius","greadj1","Ciconiiformes","Ciconiidae (Storks)","High","Data Deficient","Data Deficient","Moderate","Diurnal","Diurnal","Vertebrate & Carrion","No","No","No","Non-endemic","Open Habitat","Resident",1,NA,NA,"Greater Adjutant","Leptoptilos dubius","Greater Adjutant","Leptoptilos dubius","Near Threatened","Schedule-I","","",7,"","","X",60,0.183333333333333,0.336666666666667,0.366666666666667,14.75,1.56302636331873,NA,NA,NA,NA,NA,NA,NA,NA,NA,NA,NA,NA,NA,NA,NA,NA,NA,NA,NA,NA,NA,NA,NA,NA,NA,NA,NA
"Painted Stork","Mycteria leucocephala","paisto1","Ciconiiformes","Ciconiidae (Storks)","Moderate","Uncertain","Uncertain","Very Large","24 hour","24 hour","Vertebrate & Carrion","No","No","No","Non-endemic","Wetland","Resident",NA,NA,NA,"Painted Stork","Mycteria leucocephala","Painted Stork","Mycteria leucocephala","Least Concern","Schedule-II","Appendix I","",250,"X","X","X",2199,0.0618462937698954,0.372487494315598,0.538426557526148,11.9031377899045,0.284786814328668,98.2395212684609,118.534564205088,141.231557430532,-2.66256251287567,-1.5592340456593,-0.455905578442921,75.3105408051628,83.1495278866885,91.8493836664663,73.0203192356348,81.7858682921152,91.6624480150025,70.7765095964294,80.4472173517012,91.5142630413731,68.5870563911954,79.1330797280035,91.3940888801675,66.4560728073845,77.8429705166578,91.295117088162,64.3854479982644,76.5764150151894,91.2128597069608,62.3757380478895,75.3329484971708,91.1442547807266
"Lesser Frigatebird","Fregata ariel","lesfri","Suliformes","Fregatidae (Frigatebirds)",NA,NA,NA,NA,"Diurnal","Diurnal","Vertebrate & Carrion","No","No","No","Non-endemic","Wetland","Uncertain",NA,1,NA,"Lesser Frigatebird","Fregata ariel","Lesser Frigatebird","Fregata ariel","Least Concern","Schedule-II","","",NA,"","","",1,NA,NA,NA,15,NA,NA,NA,NA,NA,NA,NA,NA,NA,NA,NA,NA,NA,NA,NA,NA,NA,NA,NA,NA,NA,NA,NA,NA,NA,NA,NA,NA
"Great Frigatebird","Fregata minor","grefri","Suliformes","Fregatidae (Frigatebirds)",NA,NA,NA,NA,"Diurnal","Diurnal","Vertebrate & Carrion","No","No","No","Non-endemic","Wetland","Uncertain",NA,1,NA,"Great Frigatebird","Fregata minor","Great Frigatebird","Fregata minor","Least Concern","Schedule-II","","",NA,"","","",NA,NA,NA,NA,NA,NA,NA,NA,NA,NA,NA,NA,NA,NA,NA,NA,NA,NA,NA,NA,NA,NA,NA,NA,NA,NA,NA,NA,NA,NA,NA,NA,NA
"Christmas Island Frigatebird","Fregata andrewsi","chifri1","Suliformes","Fregatidae (Frigatebirds)",NA,NA,NA,NA,"Diurnal","Diurnal","Vertebrate & Carrion","No","No","No","Non-endemic","Wetland","Uncertain",NA,1,NA,"Christmas Island Frigatebird","Fregata andrewsi","Christmas Island Frigatebird","Fregata andrewsi","Vulnerable","Schedule-I","Appendix I","Appendix I",NA,"","","",2,NA,NA,NA,11.5,14.7,NA,NA,NA,NA,NA,NA,NA,NA,NA,NA,NA,NA,NA,NA,NA,NA,NA,NA,NA,NA,NA,NA,NA,NA,NA,NA,NA
"Red-footed Booby","Sula sula","refboo","Suliformes","Sulidae (Boobies and Gannets)",NA,NA,NA,NA,"24 hour","24 hour","Omnivore","No","No","No","Non-endemic","Wetland","Uncertain",NA,1,NA,"Red-footed Booby","Sula sula","Red-footed Booby","Sula sula","Least Concern","Schedule-II","","",NA,"","","",NA,NA,NA,NA,NA,NA,NA,NA,NA,NA,NA,NA,NA,NA,NA,NA,NA,NA,NA,NA,NA,NA,NA,NA,NA,NA,NA,NA,NA,NA,NA,NA,NA
"Brown Booby","Sula leucogaster","brnboo","Suliformes","Sulidae (Boobies and Gannets)",NA,NA,NA,NA,"24 hour","24 hour","Vertebrate & Carrion","No","No","No","Non-endemic","Wetland","Uncertain",NA,1,NA,"Brown Booby","Sula leucogaster","Brown Booby","Sula leucogaster","Least Concern","Schedule-II","","",NA,"","","",NA,NA,NA,NA,NA,NA,NA,NA,NA,NA,NA,NA,NA,NA,NA,NA,NA,NA,NA,NA,NA,NA,NA,NA,NA,NA,NA,NA,NA,NA,NA,NA,NA
"Masked Booby","Sula dactylatra","masboo","Suliformes","Sulidae (Boobies and Gannets)",NA,NA,NA,NA,"Diurnal","Diurnal","Vertebrate & Carrion","No","No","No","Non-endemic","Wetland","Winter Migrant",NA,NA,NA,"Masked Booby","Sula dactylatra","Masked Booby","Sula dactylatra","Least Concern","Schedule-II","","",NA,"","","",6,NA,0.25,0.166666666666667,13,4.55462841513992,NA,NA,NA,NA,NA,NA,NA,NA,NA,NA,NA,NA,NA,NA,NA,NA,NA,NA,NA,NA,NA,NA,NA,NA,NA,NA,NA
"Oriental Darter","Anhinga melanogaster","darter2","Suliformes","Anhingidae (Anhingas)","Low","Uncertain","Moderate Decline","Very Large","Diurnal","Diurnal","Vertebrate & Carrion","No","No","No","Non-endemic","Wetland","Resident",NA,NA,NA,"Oriental Darter","Anhinga melanogaster","Oriental Darter","Anhinga melanogaster","Least Concern","Schedule-II","","",40,"X","X","X",1988,0.0573440643863179,0.362726358148893,0.572937625754527,12.9909456740443,0.298502824823961,130.929003015706,156.803747814878,191.414200071106,0.6316796170854,2.1868881099172,3.742096602749,96.4727617072017,109.677771634884,124.760532332116,96.5209793616952,111.790650777279,129.571686039939,96.5272213213222,113.947838852954,134.63936846233,96.505923167808,116.150330675699,139.958115465196,96.4662801976104,118.399144723869,145.528099262243,96.4143739119155,120.695323732337,151.353019687742,96.3543628193459,123.039935299926,157.438931972401
"Little Cormorant","Microcarbo niger","litcor1","Suliformes","Phalacrocoracidae (Cormorants and Shags)","Low","Stable","Strong Decline","Very Large","Diurnal","Diurnal","Vertebrate & Carrion","No","No","No","Non-endemic","Wetland","Resident",NA,NA,NA,"Little Cormorant","Microcarbo niger","Little Cormorant","Microcarbo niger","Least Concern","Schedule-II","","",2500,"X","X","X",3854,0.0762843798650752,0.463518422418267,0.679553710430721,10.345874416191,0.209625277286594,153.572580188094,169.934909695438,190.069487596544,0.000547193892627473,0.68266262754944,1.36477806120625,97.3075257933881,102.686178556948,108.376449935956,97.1870148196756,103.362473549885,109.949380525473,97.0481937293903,104.044118254052,111.569042293614,96.89721523849,104.731159572494,113.229724372343,96.7379905663001,105.42364485436,114.927965375992,96.5731021240425,106.121621899409,116.661640855369,96.4043130913387,106.825138962577,118.429453866571
"Great Cormorant","Phalacrocorax carbo","grecor","Suliformes","Phalacrocoracidae (Cormorants and Shags)","Low","Stable","Uncertain","Moderate","Diurnal","Diurnal","Vertebrate & Carrion","No","No","No","Non-endemic","Wetland","Resident & Winter Migrant",NA,NA,NA,"Great Cormorant","Phalacrocorax carbo","Great Cormorant","Phalacrocorax carbo","Least Concern","Schedule-II","","",1000,"X","X","X",2479,0.0528438886647842,0.341549011698265,0.5421540943929,12.161355385236,0.262952249994294,122.010415203995,145.899518885846,176.692376252137,-0.538859779770783,0.670743010362787,1.88034580049636,93.6667428357224,102.163867516818,111.478576899873,93.089422952124,102.81856120806,113.627042111325,92.489133995486,103.48026393535,115.858960441298,91.8756755860744,104.149054905067,118.165630753544,91.255236909129,104.825014362398,120.541995561409,90.6318677522483,105.508223605783,122.985170779198,90.0082997228944,106.198765001587,125.493625317047
"Indian Cormorant","Phalacrocorax fuscicollis","indcor1","Suliformes","Phalacrocoracidae (Cormorants and Shags)","Low","Moderate Increase","Strong Decline","Very Large","Diurnal","Diurnal","Vertebrate & Carrion","No","No","No","Non-endemic","Wetland","Resident",1,NA,NA,"Indian Cormorant","Phalacrocorax fuscicollis","Indian Cormorant","Phalacrocorax fuscicollis","Least Concern","Schedule-II","","",300,"X","X","X",2387,0.0418935902806871,0.381566820276498,0.576874738165061,12.0427314620863,0.272414207914908,186.435701510498,224.006555540123,268.399966087665,-1.56666174495012,-0.586613847990576,0.393434048968971,74.1422340697899,82.5809310804172,92.0125960116747,72.6018790253541,82.1382909382908,92.9703887392794,71.0668584772965,81.6995756576458,93.9786928014147,69.5469400593883,81.2647470756351,95.0269838659569,68.0479864687914,80.8337674624589,96.1086729131481,66.573560844745,80.406599516031,97.2195002216229,65.1258202027254,79.9832063567166,98.3566413203604
"Great White Pelican","Pelecanus onocrotalus","grwpel1","Pelecaniformes","Pelecanidae (Pelicans)","Low","Uncertain","Uncertain","Moderate","24 hour","24 hour","Vertebrate & Carrion","No","No","No","Non-endemic","Wetland","Winter Migrant",NA,NA,NA,"Great White Pelican","Pelecanus onocrotalus","Great White Pelican","Pelecanus onocrotalus","Least Concern","Schedule-II","","Appendix I",210,"X","X","X",329,0.0820668693009119,0.309422492401216,0.440729483282675,12.5349544072948,0.653922250372289,39.7937559687969,70.4028258056922,117.818109167933,-7.44307561101473,-4.95030498952183,-2.45753436802894,41.7953200187776,64.9389687771657,101.495432088568,36.7537044105306,60.8573329837366,101.552417454696,32.2819739159488,57.0525764692065,101.834068789416,28.3353683969366,53.5048073699111,102.289675613448,24.8628088405149,50.1956333823019,102.888019735065,21.8131547636699,47.1080438228397,103.609334486531,19.1380808603062,44.2263013273518,104.440894580655
"Spot-billed Pelican","Pelecanus philippensis","spbpel1","Pelecaniformes","Pelecanidae (Pelicans)","Moderate","Uncertain","Uncertain","Moderate","24 hour","24 hour","Vertebrate & Carrion","No","No","No","Non-endemic","Wetland","Resident",NA,NA,NA,"Spot-billed Pelican","Pelecanus philippensis","Spot-billed Pelican","Pelecanus philippensis","Near Threatened","Schedule-II","","",100,"X","X","X",377,0.0981432360742706,0.402652519893899,0.437665782493369,16.342175066313,0.669894918268903,66.4066507960854,105.007201506637,161.944117161994,-7.17913832634886,-5.32905981008801,-3.47898129382716,43.7576905275541,54.9295312034914,69.1635543046016,39.3790551717435,51.0810669208812,66.5252245073245,35.4191750371527,47.5135719079409,64.0632989693864,31.8485373565619,44.2057842697871,61.7491075571933,28.63465566149,41.1381041392306,59.5630870107523,25.7450916496898,38.2924598305233,57.4910843987233,23.1488888279823,35.652185073024,55.5223251912533
"Dalmatian Pelican","Pelecanus crispus","dalpel1","Pelecaniformes","Pelecanidae (Pelicans)","Moderate","Data Deficient","Uncertain","Moderate","24 hour","24 hour","Vertebrate & Carrion","No","No","No","Non-endemic","Wetland","Winter Migrant",NA,NA,NA,"Dalmatian Pelican","Pelecanus crispus","Dalmatian Pelican","Pelecanus crispus","Near Threatened","Schedule-II","Appendix I","Appendix I",NA,"X","X","X",234,0.047008547008547,0.323931623931624,0.474358974358974,12.5213675213675,0.770532642183027,43.0094427046213,106.774679241511,246.804669736923,-9.20476830759688,-5.77932102389428,-2.35387374019169,34.0392336528323,50.8698238872993,76.7757682284699,29.7713863565169,47.126316559834,75.570285072806,26.0258360731953,43.6920073567762,74.5740896543289,22.7511341129066,40.5392466207672,73.7444766112622,19.8941625630107,37.6430184607641,73.0542127671917,17.4044274792019,34.9806765367796,72.4851876113733,15.2357989401496,32.5317075445116,72.0249365895829
"Eurasian Bittern","Botaurus stellaris","grebit1","Pelecaniformes","Ardeidae (Herons, Egrets, and Bitterns)",NA,NA,NA,NA,"24 hour","Diurnal","Vertebrate & Carrion","No","No","No","Non-endemic","Wetland","Winter Migrant",NA,NA,NA,"Great Bittern","Botaurus stellaris","Eurasian Bittern","Botaurus stellaris","Least Concern","Schedule-II","","Appendix II",NA,"","","",19,0.157894736842105,0.146198830409357,0.157894736842105,16.6842105263158,2.81629239647079,NA,NA,NA,NA,NA,NA,NA,NA,NA,NA,NA,NA,NA,NA,NA,NA,NA,NA,NA,NA,NA,NA,NA,NA,NA,NA,NA
"Black Bittern","Botaurus flavicollis","blabit1","Pelecaniformes","Ardeidae (Herons, Egrets, and Bitterns)","Moderate","Uncertain","Strong Decline","Moderate","24 hour","24 hour","Vertebrate & Carrion","No","No","No","Non-endemic","Wetland","Resident & Local Migrant",NA,NA,NA,"Black Bittern","Botaurus flavicollis","Black Bittern","Ixobrychus flavicollis","Least Concern","Schedule-II","","",1000,"","","X",840,0.0369047619047619,0.270238095238095,0.455952380952381,14.9380952380952,0.458193753297503,NA,NA,NA,NA,NA,NA,NA,NA,NA,NA,NA,NA,NA,NA,NA,NA,NA,NA,NA,NA,NA,NA,NA,NA,NA,NA,NA
"Cinnamon Bittern","Botaurus cinnamomeus","cinbit1","Pelecaniformes","Ardeidae (Herons, Egrets, and Bitterns)","High","Strong Decline","Strong Decline","Moderate","24 hour","24 hour","Vertebrate & Carrion","No","No","No","Non-endemic","Wetland","Resident & Local Migrant",NA,NA,NA,"Cinnamon Bittern","Botaurus cinnamomeus","Cinnamon Bittern","Ixobrychus cinnamomeus","Least Concern","Schedule-I","","",10000,"","","X",1139,0.0430201931518876,0.285601404741001,0.4828797190518,14.4223002633889,0.386006175368345,NA,NA,NA,NA,NA,NA,NA,NA,NA,NA,NA,NA,NA,NA,NA,NA,NA,NA,NA,NA,NA,NA,NA,NA,NA,NA,NA
"Little Bittern","Botaurus minutus","litbit1","Pelecaniformes","Ardeidae (Herons, Egrets, and Bitterns)",NA,NA,NA,NA,"24 hour","24 hour","Invertebrate","No","No","No","Non-endemic","Wetland","Summer Migrant & Localized Winter Migrant",NA,NA,NA,"Little Bittern","Botaurus minutus","Common Little Bittern","Ixobrychus minutus","Least Concern","Schedule-II","","Appendix II",250,"","","",14,0.285714285714286,0.25,0.5,18.5714285714286,1.9461045904378,NA,NA,NA,NA,NA,NA,NA,NA,NA,NA,NA,NA,NA,NA,NA,NA,NA,NA,NA,NA,NA,NA,NA,NA,NA,NA,NA
"Yellow Bittern","Botaurus sinensis","yelbit","Pelecaniformes","Ardeidae (Herons, Egrets, and Bitterns)","Low","Uncertain","Uncertain","Moderate","24 hour","24 hour","Invertebrate","No","No","No","Non-endemic","Wetland","Resident & Local Migrant",NA,NA,NA,"Yellow Bittern","Botaurus sinensis","Yellow Bittern","Ixobrychus sinensis","Least Concern","Schedule-II","","",NA,"X","X","X",1012,0.0286561264822134,0.30296442687747,0.486166007905138,14.7697628458498,0.401735667238163,100.454468346551,150.179765545141,220.406983312299,-3.00426558851966,-1.02129119220307,0.961683204113529,83.5260266018767,95.8175762329285,110.05222363628,81.054226123583,94.8463593880656,111.163278847037,78.6252516017308,93.894739978201,112.359338762469,76.2519016753961,92.9623416954589,113.624706655874,73.9410943166147,92.0487975553892,114.949744581829,71.6963287882588,91.153749670774,116.328405660339,69.5190518761669,90.2768490317955,117.756862422036
"Black-crowned Night Heron","Nycticorax nycticorax","bcnher","Pelecaniformes","Ardeidae (Herons, Egrets, and Bitterns)","Low","Stable","Uncertain","Very Large","24 hour","24 hour","Vertebrate & Carrion","No","No","No","Non-endemic","Wetland","Resident",NA,NA,NA,"Black-crowned Night Heron","Nycticorax nycticorax","Black-crowned Night Heron","Nycticorax nycticorax","Least Concern","Schedule-II","","",1200,"X","X","X",2183,0.0554283096655978,0.331653687585891,0.524507558405863,13.0320659642694,0.279964610980548,85.3292003038217,100.162759294974,117.663323468922,-0.34927557106009,0.69361108398471,1.73649773902951,94.2999817113225,101.351920329913,108.962250998603,93.9672876025397,102.05556967316,110.881477242833,93.6129911043643,102.766263228293,112.86837349462,93.2451847521147,103.484079836129,114.915693553759,92.8690002984868,104.20909934348,117.019173164095,92.4878144016371,104.941402617051,119.176324808881,92.1039218299145,105.681071557535,121.385765001979
"Malayan Night Heron","Gorsachius melanolophus","manher1","Pelecaniformes","Ardeidae (Herons, Egrets, and Bitterns)","Moderate","Data Deficient","Data Deficient","Moderate","24 hour","24 hour","Invertebrate","No","No","No","Non-endemic","Forest","Summer Migrant & Localized Winter Migrant",NA,NA,NA,"Malayan Night Heron","Gorsachius melanolophus","Malay Night Heron","Gorsachius melanolophus","Least Concern","Schedule-II","","",NA,"","","",65,0.123076923076923,0.136923076923077,0.230769230769231,18.8461538461538,1.60584271596018,NA,NA,NA,NA,NA,NA,NA,NA,NA,NA,NA,NA,NA,NA,NA,NA,NA,NA,NA,NA,NA,NA,NA,NA,NA,NA,NA
"Pacific Reef-Heron","Egretta sacra","pacreh1","Pelecaniformes","Ardeidae (Herons, Egrets, and Bitterns)",NA,NA,NA,NA,"24 hour","24 hour","Omnivore","No","No","No","Non-endemic","Wetland","Resident",NA,NA,1,"Pacific Reef-Egret","Egretta sacra","Pacific Reef-egret","Egretta sacra","Least Concern","Schedule-II","","",10000,"","","",42,0.238095238095238,0.447619047619048,0.547619047619048,5.90476190476191,1.42921283316839,NA,NA,NA,NA,NA,NA,NA,NA,NA,NA,NA,NA,NA,NA,NA,NA,NA,NA,NA,NA,NA,NA,NA,NA,NA,NA,NA
"Chinese Egret","Egretta eulophotes","chiegr","Pelecaniformes","Ardeidae (Herons, Egrets, and Bitterns)",NA,NA,NA,NA,"No information","No information","Invertebrate","No","No","No","Non-endemic","Wetland","Winter Migrant",NA,NA,NA,"Chinese Egret","Egretta eulophotes","Chinese Egret","Egretta eulophotes","Vulnerable","Schedule-II","","Appendix I",NA,"","","",1,NA,1,NA,18,NA,NA,NA,NA,NA,NA,NA,NA,NA,NA,NA,NA,NA,NA,NA,NA,NA,NA,NA,NA,NA,NA,NA,NA,NA,NA,NA,NA
"Little Egret","Egretta garzetta","litegr","Pelecaniformes","Ardeidae (Herons, Egrets, and Bitterns)","Low","Stable","Strong Decline","Very Large","Diurnal","Diurnal","Invertebrate","No","No","No","Non-endemic","Wetland","Resident",NA,NA,NA,"Little Egret","Egretta garzetta","Little Egret","Egretta garzetta","Least Concern","Schedule-II","","",1400,"X","X","X",3854,0.0913336792942397,0.44704203425013,0.651790347690711,10.37493513233,0.209183780267039,93.585466146285,104.002703479884,116.435498693149,-1.15103265216723,-0.356720780443982,0.437591091279263,83.9549744247471,91.1828982427333,99.0518238762895,82.6520073153081,90.8496576750945,99.8851502360408,81.3454488990614,90.5187932631349,100.758544624584,80.0438173778635,90.1902884432262,101.663150808477,78.7523583485495,89.8641267927382,102.593396474992,77.4743847874359,89.5402920287921,103.545653086857,76.2120232808155,89.2187680070262,104.517489495434
"Western Reef-Heron","Egretta gularis","werher","Pelecaniformes","Ardeidae (Herons, Egrets, and Bitterns)","Low","Uncertain","Uncertain","Moderate","24 hour","24 hour","Invertebrate","No","No","No","Non-endemic","Wetland","Resident & Local Migrant",NA,NA,NA,"Western Reef-Egret","Egretta gularis","Western Reef-egret","Egretta gularis","Least Concern","Schedule-II","","",250,"X","X","X",523,0.110898661567878,0.392351816443595,0.512428298279159,15.3441682600382,0.613020223317096,23.6661318886585,37.4860901174078,59.4349814030042,-5.97098347379256,-3.12667332060038,-0.282363167408195,53.1605012326619,67.7863612293998,86.7410328398335,49.5716003266138,65.4614340732238,86.8451004177967,46.2007549698114,63.2352483291407,87.0633185249533,43.0488245621362,61.1031481772071,87.3717276237385,40.1096008226596,59.0607170305909,87.7554717652033,37.3733661919605,57.1037644014372,88.2050689526212,34.8287985307239,55.2283135291121,88.7143509168605
"White-eared Night Heron","Oroanassa magnifica","wenher1","Pelecaniformes","Ardeidae (Herons, Egrets, and Bitterns)",NA,NA,NA,NA,"24 hour","24 hour","Vertebrate & Carrion","No","No","No","Non-endemic","Wetland","Uncertain",NA,1,NA,"White-eared Night Heron","Oroanassa magnifica","White-eared Night Heron","Oroanassa magnifica","Near Threatened","Schedule-I","","",NA,"","","",NA,NA,NA,NA,NA,NA,NA,NA,NA,NA,NA,NA,NA,NA,NA,NA,NA,NA,NA,NA,NA,NA,NA,NA,NA,NA,NA,NA,NA,NA,NA,NA,NA
"Striated Heron","Butorides striata","strher","Pelecaniformes","Ardeidae (Herons, Egrets, and Bitterns)","Low","Stable","Uncertain","Large","24 hour","24 hour","Vertebrate & Carrion","No","No","No","Non-endemic","Wetland","Resident",NA,NA,NA,"Striated Heron","Butorides striata","Green-backed Heron","Butorides striata","Least Concern","Schedule-II","","",250,"X","X","X",1438,0.0549374130737135,0.285257301808067,0.456189151599444,14.4582753824757,0.35316720277047,48.6143304930832,63.2566812348152,84.5139771965001,-2.27303148857817,-0.576553635887696,1.11992421680278,85.2240901202891,96.9605974487176,110.402482612324,83.1871213014945,96.4273356085801,111.893346786777,81.1664189559387,95.9033742098044,113.469478592622,79.1751088951861,95.3885961593068,115.116568478034,77.2208432885942,94.8828867683463,116.825873492157,75.3080630439706,94.3861337119576,118.591953147927,73.4392561716651,93.898226989351,120.411409415418
"Indian Pond-Heron","Ardeola grayii","inpher1","Pelecaniformes","Ardeidae (Herons, Egrets, and Bitterns)","Low","Stable","Moderate Decline","Very Large","24 hour","24 hour","Omnivore","No","No","No","Non-endemic","Non-specialized","Resident",1,NA,NA,"Indian Pond-Heron","Ardeola grayii","Indian Pond Heron","Ardeola grayii","Least Concern","Schedule-II","","",10000,"X","X","X",4135,0.0996372430471584,0.473422007255139,0.677871825876663,10.0186215235792,0.202116063543158,111.539737941361,121.72370792427,134.66969264676,-0.937377139231646,-0.254895127685735,0.427586883860176,86.2970324276583,91.9616405127919,98.0125872844005,85.3011333899699,91.7427822970861,98.6900456926051,84.2976677347463,91.5253319947133,99.39734612558,83.2933435868028,91.3092818100219,100.127646131187,82.2923478499326,91.0946240085755,100.876628711096,81.297376635111,90.8813509166806,101.641471851378,80.3102093241852,90.6694549209187,102.420274418657
"Chinese Pond-Heron","Ardeola bacchus","chpher1","Pelecaniformes","Ardeidae (Herons, Egrets, and Bitterns)",NA,NA,NA,NA,"24 hour","24 hour","Invertebrate","No","No","No","Non-endemic","Wetland","Resident & Summer Migrant",NA,NA,NA,"Chinese Pond-Heron","Ardeola bacchus","Chinese Pond Heron","Ardeola bacchus","Least Concern","Schedule-II","","",NA,"","","",32,0.09375,0.221875,0.375,12.53125,2.42295506353695,NA,NA,NA,NA,NA,NA,NA,NA,NA,NA,NA,NA,NA,NA,NA,NA,NA,NA,NA,NA,NA,NA,NA,NA,NA,NA,NA
"Javan Pond-Heron","Ardeola speciosa","japher1","Pelecaniformes","Ardeidae (Herons, Egrets, and Bitterns)",NA,NA,NA,NA,"24 hour","24 hour","Invertebrate","No","No","No","Non-endemic","Wetland","Uncertain",NA,1,NA,"Javan Pond-Heron","Ardeola speciosa","Javan Pond Heron","Ardeola speciosa","Least Concern","Schedule-II","","",NA,"","","",2,NA,0.583333333333333,1,12.5,10.78,NA,NA,NA,NA,NA,NA,NA,NA,NA,NA,NA,NA,NA,NA,NA,NA,NA,NA,NA,NA,NA,NA,NA,NA,NA,NA,NA
"Eastern Cattle-Egret","Ardea coromanda","categr2","Pelecaniformes","Ardeidae (Herons, Egrets, and Bitterns)","Low","Stable","Strong Decline","Very Large","24 hour","24 hour","Invertebrate","No","No","No","Non-endemic","Wetland","Resident",NA,NA,NA,"Eastern Cattle-Egret","Ardea coromanda","",NA,"Not recognized","Schedule-II","","",20000,"X","X","X",4198,0.086469747498809,0.474059075750357,0.661267270128633,9.91424487851358,0.200620582518476,115.020945238902,128.128339754229,141.318955626009,-2.5743354480912,-2.03033212489595,-1.48632880170071,77.1993796115342,84.229215631749,91.9125004475473,74.4629550609109,82.2777508160907,90.9299646730572,71.8008598181818,80.3721850786814,89.9885436863815,69.2191117969881,78.5114230482131,89.0781323919106,66.7202114546073,76.6943958638567,88.1922947227182,64.3046419321648,74.9200605248803,87.3267577671506,61.9716983923782,73.1873992564339,86.4785769172813
"Great Egret","Ardea alba","greegr","Pelecaniformes","Ardeidae (Herons, Egrets, and Bitterns)","Low","Stable","Strong Decline","Very Large","Diurnal","Diurnal","Invertebrate","No","No","No","Non-endemic","Wetland","Resident",NA,NA,NA,"Great Egret","Ardea alba","Great White Egret","Ardea alba","Least Concern","Schedule-II","","",1000,"X","X","X",3134,0.0705169112954691,0.398053605615826,0.593171665603063,11.2913209955329,0.233128159020464,91.2247320585078,103.504116662516,118.496199149649,-0.964379718691041,-0.0723163644342842,0.819746989822472,84.2743874458222,92.7249129647991,102.046446232447,83.0393944032496,92.6416095163438,103.385578639229,81.7947822437163,92.5597914058423,104.782227975278,80.5504978942337,92.479455070674,106.226418265034,79.3127088462089,92.4005970227904,107.711969406976,78.085348658309,92.323213848482,109.234951641874,76.8709782190982,92.2473022081527,110.792824268217
"Medium Egret","Ardea intermedia","integr1","Pelecaniformes","Ardeidae (Herons, Egrets, and Bitterns)","Low","Stable","Strong Decline","Very Large","Diurnal","Diurnal","Invertebrate","No","No","No","Non-endemic","Wetland","Resident",NA,NA,NA,"Intermediate Egret","Ardea intermedia","Intermediate Egret","Ardea intermedia","Least Concern","Schedule-II","","",1000,"X","X","X",3242,0.0731030228254164,0.400524367674275,0.581739666872301,11.1366440468846,0.228948008852693,92.4841496824463,104.980456356339,119.696410483863,-2.5802661854694,-1.96142651572493,-1.34258684598046,74.5401106640523,79.4230145908809,84.6380094740582,72.2611451575465,77.7067914290839,83.5786604868415,70.036214884007,76.0285409504439,82.5535488935562,67.8696514403883,74.3874044777469,81.5557079356046,65.763376393023,72.7825431488238,80.5806644948051,63.7179209100983,71.2131374504858,79.6254167185288,61.7329901328394,69.6783867636236,78.6878669980022
"Gray Heron","Ardea cinerea","graher1","Pelecaniformes","Ardeidae (Herons, Egrets, and Bitterns)","Low","Stable","Uncertain","Very Large","24 hour","24 hour","Vertebrate & Carrion","No","No","No","Non-endemic","Wetland","Resident",NA,NA,NA,"Grey Heron","Ardea cinerea","Grey Heron","Ardea cinerea","Least Concern","Schedule-II","","",1000,"X","X","X",3008,0.0861037234042553,0.403224734042553,0.594747340425532,11.389295212766,0.238667110702945,86.9628799158218,98.9690448817188,113.02996692655,-1.68080553765399,-0.752086520712168,0.176632496229654,84.5990569179441,92.3906998472092,100.929941670651,82.8815100178662,91.678792631136,101.449383931953,81.174108894353,90.9741878826078,102.008213734053,79.4858344015089,90.2768007996063,102.596516832914,77.8220412923649,89.5865476820854,103.208031729185,76.1859503568861,88.9033459164577,103.838656887834,74.5794783947618,88.227113960317,104.485620141003
"Purple Heron","Ardea purpurea","purher1","Pelecaniformes","Ardeidae (Herons, Egrets, and Bitterns)","Low","Stable","Strong Decline","Very Large","24 hour","24 hour","Vertebrate & Carrion","No","No","No","Non-endemic","Wetland","Resident",NA,NA,NA,"Purple Heron","Ardea purpurea","Purple Heron","Ardea purpurea","Least Concern","Schedule-II","","",250,"X","X","X",2595,0.0566473988439306,0.38354527938343,0.576493256262042,12.0115606936416,0.25814276702299,139.364596326616,184.166304826584,240.952594258487,-1.70753609442781,0.504718439255196,2.7169729729382,84.3054904800005,96.0397669650171,109.512689599987,83.1535198026244,96.5306769731918,112.201568681032,81.9867049059793,97.0333270171863,115.027052187354,80.8184226133885,97.5478780715597,117.978153015589,79.6569167487606,98.0744951561226,121.049160287513,78.5073977695067,98.6133474167868,124.23754397201,77.3732141699322,99.164608208593,127.542787970834
"White-bellied Heron","Ardea insignis","whbher2","Pelecaniformes","Ardeidae (Herons, Egrets, and Bitterns)","High","Data Deficient","Data Deficient","Very Restricted","Diurnal","Diurnal","Vertebrate & Carrion","No","No","No","Non-endemic","Wetland","Resident & Local Migrant",1,NA,NA,"White-bellied Heron","Ardea insignis","White-bellied Heron","Ardea insignis","Critically Endangered","Schedule-I","","",5,"","","X",12,0.333333333333333,0.212962962962963,0.25,10.25,3.91349839618847,NA,NA,NA,NA,NA,NA,NA,NA,NA,NA,NA,NA,NA,NA,NA,NA,NA,NA,NA,NA,NA,NA,NA,NA,NA,NA,NA
"Goliath Heron","Ardea goliath","golher1","Pelecaniformes","Ardeidae (Herons, Egrets, and Bitterns)",NA,NA,NA,NA,"24 hour","24 hour","Vertebrate & Carrion","No","No","No","Non-endemic","Wetland","Uncertain",1,NA,NA,"Goliath Heron","Ardea goliath","Goliath Heron","Ardea goliath","Least Concern","Schedule-II","","",1,"","","X",1,NA,NA,NA,18,NA,NA,NA,NA,NA,NA,NA,NA,NA,NA,NA,NA,NA,NA,NA,NA,NA,NA,NA,NA,NA,NA,NA,NA,NA,NA,NA,NA
"Glossy Ibis","Plegadis falcinellus","gloibi","Pelecaniformes","Threskiornithidae (Ibises and Spoonbills)","Low","Strong Increase","Uncertain","Large","Diurnal","Diurnal","Invertebrate","No","No","No","Non-endemic","Wetland","Resident",NA,NA,NA,"Glossy Ibis","Plegadis falcinellus","Glossy Ibis","Plegadis falcinellus","Least Concern","Schedule-II","","Appendix II",NA,"","","X",1981,0.0328117112569409,0.350630994447249,0.589601211509339,12.8419989904089,0.296157428983682,NA,NA,NA,NA,NA,NA,NA,NA,NA,NA,NA,NA,NA,NA,NA,NA,NA,NA,NA,NA,NA,NA,NA,NA,NA,NA,NA
"Black-headed Ibis","Threskiornis melanocephalus","blhibi1","Pelecaniformes","Threskiornithidae (Ibises and Spoonbills)","Low","Moderate Increase","Uncertain","Very Large","Diurnal","Diurnal","Vertebrate & Carrion","No","No","No","Non-endemic","Wetland","Resident",NA,NA,NA,"Black-headed Ibis","Threskiornis melanocephalus","Black-headed Ibis","Threskiornis melanocephalus","Least Concern","Schedule-II","","",250,"X","X","X",2612,0.0424961715160796,0.392572741194487,0.610643185298622,11.9088820826953,0.258617453097603,193.24955731275,251.499110941918,312.540647879302,-0.215719349039303,1.78223228442542,3.78018391789015,98.5852237234735,110.543474950811,124.04928588029,98.544734532462,112.343663227266,128.206299268808,98.4698800462167,114.180262032858,132.570716127988,98.3738819123334,116.054098193754,137.135831630965,98.2651434635516,117.966019194198,141.900038814446,98.1492073236866,119.91689373441,146.864883179742,98.0298507987312,121.907612304624,152.033980072818
"Red-naped Ibis","Pseudibis papillosa","renibi1","Pelecaniformes","Threskiornithidae (Ibises and Spoonbills)","Low","Strong Increase","Uncertain","Very Large","Diurnal","Diurnal","Omnivore","No","Yes","No","Indian Subcontinent","Non-specialized","Resident",NA,NA,NA,"Red-naped Ibis","Pseudibis papillosa","Red-naped Ibis","Pseudibis papillosa","Least Concern","Schedule-II","","",100,"X","X","X",2552,0.0340909090909091,0.351057993730408,0.570532915360502,10.451802507837,0.245422271725456,220.716404113789,277.004540888339,349.644335826505,-0.736386309345505,0.700860366859223,2.13810704306395,92.718976166352,101.169912493591,110.439289633686,92.1852204321918,101.86642172692,112.628780332075,91.6290831168579,102.571770181153,114.90525638983,91.0602701129794,103.286073741408,117.260290228239,90.4849085918576,104.009450122603,119.689074502998,89.9070050740372,104.742018899713,122.188965125131,89.3292594951857,105.483901538572,124.758668322627
"Eurasian Spoonbill","Platalea leucorodia","eurspo1","Pelecaniformes","Threskiornithidae (Ibises and Spoonbills)","Low","Uncertain","Uncertain","Moderate","24 hour","24 hour","Invertebrate","No","No","No","Non-endemic","Wetland","Resident & Local Migrant",NA,NA,NA,"Eurasian Spoonbill","Platalea leucorodia","Eurasian Spoonbill","Platalea leucorodia","Least Concern","Schedule-I","Appendix II","Appendix II",NA,"X","X","X",1483,0.0782198246797033,0.330209035738368,0.479433580579906,12.5016857720836,0.338973302496617,39.436317980892,51.2229147338147,67.1553436620201,-5.65747365858244,-4.299452728203,-2.94143179782357,50.7632041713657,62.4066644797885,76.8127012943892,46.7791561900626,59.2549042878189,75.1758170143875,43.0788174320072,56.2667336003516,73.6394003353295,39.6540702086773,53.4334444571845,72.1812946033801,36.4914252973134,50.7468034524909,70.7872313912016,33.5750610556981,48.1990252961932,69.4475768680143,30.8884198310777,45.7827478793227,68.1555394619381
"Osprey","Pandion haliaetus","osprey","Accipitriformes","Pandionidae (Osprey)","Low","Uncertain","Uncertain","Large","Diurnal","Diurnal","Vertebrate & Carrion","No","No","No","Non-endemic","Wetland","Winter Migrant",NA,NA,NA,"Osprey","Pandion haliaetus","Osprey","Pandion haliaetus","Least Concern","Schedule-I","Appendix II","Appendix II",NA,"X","X","X",1208,0.0637417218543046,0.294039735099338,0.408940397350993,14.3783112582781,0.370030427749061,30.7919006249217,42.0141262870026,56.6147567813824,-5.58615169105719,-4.23229598681752,-2.87844028257784,55.9144603591788,64.0089343030826,73.3558047412837,52.0011897426924,60.7057141585826,70.9695931049226,48.3426436802047,57.578261121648,68.7048019050655,44.9307846572034,54.6169670050125,66.5442392362647,41.7539567266183,51.8127616648866,64.4761448038466,38.7989565714127,49.1570822058965,62.4919828567384,36.052125140203,46.6418439841569,60.5852250512086
"Black-winged Kite","Elanus caeruleus","bkskit1","Accipitriformes","Accipitridae (Hawks, Eagles, and Kites)","Low","Stable","Strong Decline","Very Large","Diurnal","Diurnal","Vertebrate & Carrion","No","No","No","Non-endemic","Open Habitat","Resident",NA,NA,NA,"Black-winged Kite","Elanus caeruleus","Black-winged Kite","Elanus caeruleus","Least Concern","Schedule-II","Appendix II","",NA,"X","X","X",3363,0.0728516205768659,0.372673208444841,0.537912578055308,11.0341956586381,0.223688498088904,46.0885904593533,53.4578158831087,61.535822374513,-4.52992649153693,-3.87199366907114,-3.21406084660534,56.7707249839036,63.1278071979763,70.2181147585391,53.2907312092501,60.1777544404634,67.9819676960247,50.0052842760414,57.3665864522664,65.8451397444259,46.9105797686177,54.687716685385,63.7948241752418,43.9997801096065,52.1348732244456,61.8222438981938,41.264592229618,49.702083649088,59.9210118715134,38.6961144639403,47.3836606298246,58.0862262148976
"Bearded Vulture","Gypaetus barbatus","lammer1","Accipitriformes","Accipitridae (Hawks, Eagles, and Kites)","Moderate","Moderate Decline","Moderate Decline","Moderate","Diurnal","Diurnal","Vertebrate & Carrion","No","No","No","Non-endemic","Non-specialized","Resident & Altitudinal Migrant",NA,NA,NA,"Bearded Vulture","Gypaetus barbatus","Bearded Vulture","Gypaetus barbatus","Near Threatened","Schedule-I","Appendix II","Appendix II",NA,"X","X","X",271,0.173431734317343,0.329151291512915,0.472324723247232,9.85977859778598,0.68819098581562,17.1974848174638,31.9272166841,63.214635044001,-8.02133748000129,-3.60931332009168,0.802710839817937,45.9703777254027,65.9292821394174,95.3899757770128,41.9584504636311,63.3628162694423,96.7990820829003,38.2803136134985,60.9395387831951,98.4564322750434,34.9245639331524,58.6506882886465,100.331806517135,31.871576669271,56.4881147620164,102.409323828947,29.0985263122145,54.444233633454,104.681807839682,26.5819423142471,52.5119836196714,107.147704389951
"Egyptian Vulture","Neophron percnopterus","egyvul1","Accipitriformes","Accipitridae (Hawks, Eagles, and Kites)","High","Moderate Decline","Strong Decline","Large","Diurnal","Diurnal","Vertebrate & Carrion","No","No","No","Non-endemic","Open Habitat","Resident & Winter Migrant",NA,NA,NA,"Egyptian Vulture","Neophron percnopterus","Egyptian Vulture","Neophron percnopterus","Endangered","Schedule-I","Appendix II","Appendix I",NA,"X","X","X",993,0.157099697885196,0.296173212487412,0.398791540785498,11.705941591138,0.423743781303946,13.5476475370807,18.5699623286393,25.243365492194,-6.06680121249735,-4.40790898468689,-2.74901675687643,45.9026246023294,53.6728724436654,62.8599897200815,42.4975774317187,50.8270857044375,60.9183068480718,39.3286796016053,48.1386798382357,59.0822202951944,36.3875171239151,45.5986228106332,57.3352855472947,33.662295970053,43.1984184005842,55.6663832175653,31.1398526820565,40.9300734429243,54.0675493578706,28.8067046264374,38.7860671296488,52.5327795423638
"European Honey-buzzard","Pernis apivorus","euhbuz1","Accipitriformes","Accipitridae (Hawks, Eagles, and Kites)",NA,NA,NA,NA,"Diurnal","Diurnal","Vertebrate & Carrion","No","No","No","Non-endemic","Non-specialized","Winter Migrant",NA,NA,NA,"European Honey-buzzard","Pernis apivorus","European Honey-buzzard","Pernis apivorus","Least Concern","Schedule-II","Appendix II","Appendix II",NA,"","","",2,NA,NA,NA,16,15.68,NA,NA,NA,NA,NA,NA,NA,NA,NA,NA,NA,NA,NA,NA,NA,NA,NA,NA,NA,NA,NA,NA,NA,NA,NA,NA,NA
"Oriental Honey-buzzard","Pernis ptilorhynchus","orihob2","Accipitriformes","Accipitridae (Hawks, Eagles, and Kites)","Low","Stable","Strong Decline","Very Large","Diurnal","Diurnal","Vertebrate & Carrion","No","No","No","Non-endemic","Forest & Plantation","Resident & Winter Migrant",NA,NA,NA,"Oriental Honey-buzzard","Pernis ptilorhynchus","Oriental Honey-buzzard","Pernis ptilorhynchus","Least Concern","Schedule-II","Appendix II","Appendix II",NA,"X","X","X",2566,0.0584567420109119,0.372525331254871,0.554169914263445,12.7272018706157,0.25555343238468,89.1021614343029,105.061467041469,126.06841690165,-1.55549892557977,-0.719834406166561,0.115830113246652,85.8472873814206,93.1759267644735,101.155133581001,84.1775319268784,92.4559799507782,101.58141519017,82.516632526248,91.7431698239851,102.043502501463,80.8730733559566,91.0374170764963,102.532081930797,79.251936805743,90.3386433680431,103.041263361179,77.656302199785,89.6467713130643,103.567180921253,76.0880238608846,88.961724468258,104.107214433756
"Jerdon's Baza","Aviceda jerdoni","jerbaz1","Accipitriformes","Accipitridae (Hawks, Eagles, and Kites)","Moderate","Data Deficient","Data Deficient","Moderate","Diurnal","Diurnal","Invertebrate","No","No","No","Non-endemic","Forest","Resident",1,NA,NA,"Jerdon's Baza","Aviceda jerdoni","Jerdon's Baza","Aviceda jerdoni","Least Concern","Schedule-I","Appendix II","Appendix II",NA,"","X","X",155,0.0387096774193548,0.223225806451613,0.32258064516129,13.8838709677419,1.08523398168561,NA,NA,NA,-8.36396771542556,-3.92436036411793,0.515246987189711,38.757782715678,57.6409286970966,86.5531962689839,35.1132233604182,55.2753069216424,88.1212482809028,31.7958457069188,53.0473183940851,89.9445594976773,28.7913673385038,50.9481214037388,91.9947532209093,26.0781559581187,48.9695129294607,94.2575597578676,23.6320235445421,47.1038791514428,96.7273048928042,21.4286250361223,45.344150101502,99.4038983670032
"Black Baza","Aviceda leuphotes","blabaz1","Accipitriformes","Accipitridae (Hawks, Eagles, and Kites)","Moderate","Data Deficient","Uncertain","Restricted","Diurnal","Diurnal","Invertebrate","No","No","No","Non-endemic","Forest","Within-India Migrant",NA,NA,NA,"Black Baza","Aviceda leuphotes","Black Baza","Aviceda leuphotes","Least Concern","Schedule-I","Appendix II","Appendix II",NA,"X","X","X",160,0.1,0.265625,0.3625,18.06875,1.10132616581387,32.2408127474883,73.3499335868741,176.687518414482,-6.96393930738208,-0.267910318172761,6.42811867103656,70.5535195932176,101.585322717821,147.508372632697,66.9082702380685,101.520963990602,155.758902836041,63.43990528385,101.562159427997,164.916001763539,60.165960195193,101.709026682396,175.009966414491,57.090104147213,101.961991064101,186.095986621107,54.208604853771,102.321787225718,198.248466690498,51.5138375307772,102.789462287604,211.558471833335
"Red-headed Vulture","Sarcogyps calvus","rehvul1","Accipitriformes","Accipitridae (Hawks, Eagles, and Kites)","High","Strong Decline","Strong Decline","Moderate","Diurnal","Diurnal","Vertebrate & Carrion","No","No","No","Non-endemic","Forest","Resident",1,NA,NA,"Red-headed Vulture","Sarcogyps calvus","Red-headed Vulture","Sarcogyps calvus","Critically Endangered","Schedule-I","Appendix II","Appendix I",NA,"X","X","X",293,0.201365187713311,0.262457337883959,0.382252559726962,14.5392491467577,0.793615454834764,8.45319567126526,13.4122818011438,23.6814203378637,-7.5664187188531,-4.94461769759651,-2.32281667633991,39.0796424060792,51.1040408147708,67.1219659940365,35.3286666172292,48.0141784393997,65.631405423768,31.9215367790849,45.1281463562949,64.2696909320924,28.8375058421139,42.431606043012,63.0102902267751,26.0517330257924,39.9112832904253,61.8358994642058,23.5384982061876,37.55488546633,60.7346490965203,21.2727754734901,35.351025477868,59.6980182029305
"Cinereous Vulture","Aegypius monachus","cinvul1","Accipitriformes","Accipitridae (Hawks, Eagles, and Kites)","Moderate","Data Deficient","Moderate Decline","Moderate","Diurnal","Diurnal","Vertebrate & Carrion","No","No","No","Non-endemic","Open Habitat","Winter Migrant",1,NA,NA,"Cinereous Vulture","Aegypius monachus","Cinereous Vulture","Aegypius monachus","Near Threatened","Schedule-I","Appendix II","Appendix II",NA,"X","X","X",164,0.140243902439024,0.277439024390244,0.451219512195122,14.6768292682927,0.976685590235853,14.9655601499208,31.4294458579815,64.7135117967362,-5.71741950622878,0.392234065870962,6.50188763797071,72.4152503763128,98.8790617539783,135.820842833236,69.5903146347321,99.3694058324075,143.004336851592,66.8520492502562,99.9297124416333,150.870863921474,64.2223935323439,100.561220859398,159.432445595288,61.7113174558033,101.265319287267,168.718565084175,59.3220486165146,102.043550230872,178.771300781751,57.0539550391315,102.897616441455,189.642859437291
"White-rumped Vulture","Gyps bengalensis","whrvul1","Accipitriformes","Accipitridae (Hawks, Eagles, and Kites)","High","Strong Decline","Strong Decline","Moderate","Diurnal","Diurnal","Vertebrate & Carrion","No","No","No","Non-endemic","Non-specialized","Resident",1,NA,NA,"White-rumped Vulture","Gyps bengalensis","White-rumped Vulture","Gyps bengalensis","Critically Endangered","Schedule-I","Appendix II","Appendix I",NA,"X","X","X",524,0.431297709923664,0.164503816793893,0.221374045801527,14.4465648854962,0.597375617160497,2.00869041848248,2.77863733445815,3.82456537770359,-5.46253240832599,-2.96966174813972,-0.476791087953447,49.5834361644217,62.1668162650411,78.1596113337414,46.5038646878073,60.2368903045908,78.3089707112925,43.5905716379501,58.3786752198736,78.5465438625301,40.8471693526053,56.5892175096298,78.8522675850847,38.2710244526588,54.865695716982,79.213626842875,35.856255004206,53.205414114138,79.6225569261959,33.5953513644213,51.6057967076409,80.0737302836405
"Indian Vulture","Gyps indicus","indvul1","Accipitriformes","Accipitridae (Hawks, Eagles, and Kites)","High","Strong Decline","Strong Decline","Moderate","Diurnal","Diurnal","Vertebrate & Carrion","No","Yes","No","Indian Subcontinent","Forest & Plantation","Resident",NA,NA,NA,"Indian Vulture","Gyps indicus","Indian Vulture","Gyps indicus","Critically Endangered","Schedule-I","Appendix II","Appendix I",NA,"X","X","X",396,0.204545454545455,0.231565656565657,0.345959595959596,13.1742424242424,0.69900720823884,3.63157014472448,5.49453912158037,8.13981344109399,-9.04184682864561,-7.31316199695917,-5.58447716527274,25.4427997866557,32.4714446241294,41.5796319715447,22.1188778154342,29.236839617597,38.8138840682816,19.2184447363426,26.3311427612589,36.2769747826203,16.6937831914008,23.7202651156794,33.9381338715889,14.4994581995273,21.3737143102074,31.7744875929574,12.5939371108413,19.2642086833798,29.7680544600549,10.940061126571,17.3673334793477,27.9040836874606
"Slender-billed Vulture","Gyps tenuirostris","slbvul1","Accipitriformes","Accipitridae (Hawks, Eagles, and Kites)","High","Data Deficient","Data Deficient","Restricted","Diurnal","Diurnal","Vertebrate & Carrion","No","No","No","Non-endemic","Open Habitat","Resident",1,NA,NA,"Slender-billed Vulture","Gyps tenuirostris","Slender-billed Vulture","Gyps tenuirostris","Critically Endangered","Schedule-I","Appendix II","Appendix I",NA,"","","X",62,0.387096774193548,0.183870967741935,0.258064516129032,14.8387096774194,1.51592867022212,NA,NA,NA,NA,NA,NA,NA,NA,NA,NA,NA,NA,NA,NA,NA,NA,NA,NA,NA,NA,NA,NA,NA,NA,NA,NA,NA
"Himalayan Griffon","Gyps himalayensis","himgri1","Accipitriformes","Accipitridae (Hawks, Eagles, and Kites)","Moderate","Uncertain","Uncertain","Moderate","Diurnal","Diurnal","Vertebrate & Carrion","No","No","No","Non-endemic","Non-specialized","Resident & Winter Migrant",NA,NA,NA,"Himalayan Vulture","Gyps himalayensis","Himalayan Griffon","Gyps himalayensis","Near Threatened","Schedule-I","Appendix II","Appendix II",NA,"X","X","X",518,0.133204633204633,0.404054054054054,0.540540540540541,11.6833976833977,0.540849775103885,41.183221125886,59.7099072154554,89.8711569003225,-4.74869346830522,-1.78021443912121,1.1882645900628,71.3428879763427,86.5350296496266,105.200266309068,68.0747677906734,84.9053773774452,106.211741212579,64.9304421461335,83.3297979346931,107.348338743804,61.9205606984646,81.8064025491097,108.589368130125,59.0483273053395,80.3333808726007,109.922419435966,56.3128129362231,78.9089975379194,111.340002792702,53.7107740974767,77.5315888808954,112.837686002841
"Eurasian Griffon","Gyps fulvus","eurgri1","Accipitriformes","Accipitridae (Hawks, Eagles, and Kites)","Moderate","Strong Decline","Uncertain","Moderate","Diurnal","Diurnal","Vertebrate & Carrion","No","No","No","Non-endemic","Open Habitat","Winter Migrant",NA,NA,NA,"Griffon Vulture","Gyps fulvus","Griffon Vulture","Gyps fulvus","Least Concern","Schedule-I","Appendix II","Appendix II",NA,"X","X","X",317,0.129337539432177,0.24384858044164,0.353312302839117,13.8264984227129,0.716472469514438,9.67300226169739,22.8002842639114,50.9782735989816,-9.38350389483625,-4.31831428284036,0.746875329155541,34.8155770068386,52.7269898774756,80.767933336157,31.2622527888004,50.2383614636779,81.9479686702119,28.0673551162001,47.9210028124579,83.3940231986448,25.2075228974632,45.761925648341,85.0777392985963,22.6538382456788,43.7492625145611,86.9852291404373,20.3763328622704,41.872161614248,89.1115029950432,18.3461239252019,40.120692350464,91.4574421743588
"Nicobar Serpent-Eagle","Spilornis klossi","nicsee1","Accipitriformes","Accipitridae (Hawks, Eagles, and Kites)","Moderate","Data Deficient","Data Deficient","Restricted","Diurnal","Diurnal","Vertebrate & Carrion","Yes","Yes","No","Nicobar Islands","Forest","Resident",NA,NA,1,"Nicobar Serpent-Eagle","Spilornis klossi","Great Nicobar Serpent-eagle","Spilornis klossi","Endangered","Schedule-I","Appendix II","",NA,"","","X",9,0.111111111111111,0.308641975308642,0.111111111111111,5.33333333333333,2.3781692304983,NA,NA,NA,NA,NA,NA,NA,NA,NA,NA,NA,NA,NA,NA,NA,NA,NA,NA,NA,NA,NA,NA,NA,NA,NA,NA,NA
"Crested Serpent-Eagle","Spilornis cheela","crseag1","Accipitriformes","Accipitridae (Hawks, Eagles, and Kites)","Low","Stable","Strong Decline","Very Large","Diurnal","Diurnal","Vertebrate & Carrion","No","No","No","Non-endemic","Forest","Resident",NA,NA,NA,"Crested Serpent-Eagle","Spilornis cheela","Crested Serpent-eagle","Spilornis cheela","Least Concern","Schedule-I","Appendix II","",NA,"X","X","X",1829,0.0847457627118644,0.371842536905413,0.535811919081465,13.0503007107709,0.317995262624682,64.4539315915979,79.9065973337315,98.9829419009692,-2.57888988127673,-1.35345434172971,-0.128018802182698,74.3037824687477,81.2816574237327,88.9572578216502,72.318629680512,80.1449906172348,88.8739435816035,70.366560141725,79.0275062659087,88.8254850014043,68.4549481888115,77.9288465626997,88.8025223603786,66.5878070207133,76.8486609442982,88.7991231896361,64.7671898098096,75.7866059350546,88.8113789350873,62.9939671958137,74.742344994436,88.8366253160496
"Andaman Serpent-Eagle","Spilornis elgini","anseag1","Accipitriformes","Accipitridae (Hawks, Eagles, and Kites)","High","Data Deficient","Uncertain","Restricted","Diurnal","Diurnal","Vertebrate & Carrion","Yes","Yes","No","Andaman Islands","Forest","Resident",NA,NA,1,"Andaman Serpent-Eagle","Spilornis elgini","Andaman Serpent-eagle","Spilornis elgini","Vulnerable","Schedule-I","Appendix II","",NA,"","X","X",25,0.12,0.5,0.6,7.48,1.95056931176516,NA,NA,NA,-8.45488404931331,-4.89612488931842,-1.33736572932353,41.443946012354,56.6957356514481,77.9993635694953,37.3688107216028,53.4675496490244,77.0705495495673,33.6821968572814,50.4553434775592,76.300122800121,30.359507657218,47.6432407937941,75.6557400798546,27.3712098721826,45.0166227218008,75.1168419189623,24.6868330914398,42.5620222539607,74.6698155437003,22.2768978110406,40.2670279635369,74.305337026916
"Short-toed Snake-Eagle","Circaetus gallicus","shteag1","Accipitriformes","Accipitridae (Hawks, Eagles, and Kites)","High","Strong Decline","Strong Decline","Very Large","Diurnal","Diurnal","Vertebrate & Carrion","No","No","No","Non-endemic","Open Habitat","Resident",NA,NA,NA,"Short-toed Snake-Eagle","Circaetus gallicus","Short-toed Snake-eagle","Circaetus gallicus","Least Concern","Schedule-I","Appendix II","Appendix II",NA,"X","X","X",1646,0.0522478736330498,0.276670716889429,0.382746051032807,13.636695018226,0.321645732277764,26.3788545735013,34.265126710955,43.4590218595468,-5.78125450749779,-4.77249571402042,-3.76373692054305,49.2257687903069,55.4734642037831,62.5629669032851,45.4803140196244,52.1463612649492,59.8507839221473,42.0041662799617,49.0215407490619,57.2862779769688,38.7846483184707,46.0865437500281,54.8528332375455,35.8067120717969,43.3296883123855,52.5383879084819,33.0545748282956,40.7400203977356,50.3336286582787,30.5125599531831,38.307267981578,48.2309940017033
"Legge's Hawk-Eagle","Nisaetus kelaarti","mouhae2","Accipitriformes","Accipitridae (Hawks, Eagles, and Kites)",NA,NA,NA,NA,"Diurnal","Diurnal","Vertebrate & Carrion","No","Yes","No","Western Ghats & Sri Lanka","Forest","Resident",NA,NA,NA,"Legge's Hawk-Eagle","Nisaetus kelaarti","",NA,"Not recognized","Schedule-II","Appendix II","",NA,"","","X",81,0.0493827160493827,0.318518518518519,0.37037037037037,22.9135802469136,0.594614626358099,NA,NA,NA,NA,NA,NA,NA,NA,NA,NA,NA,NA,NA,NA,NA,NA,NA,NA,NA,NA,NA,NA,NA,NA,NA,NA,NA
"Mountain Hawk-Eagle","Nisaetus nipalensis","mouhae1","Accipitriformes","Accipitridae (Hawks, Eagles, and Kites)",NA,NA,NA,NA,"Diurnal","Diurnal","Vertebrate & Carrion","No","No","No","Non-endemic","Forest","Resident",NA,NA,NA,"Mountain Hawk-Eagle","Nisaetus nipalensis","Mountain Hawk-eagle","Nisaetus nipalensis","Near Threatened","Schedule-I","Appendix II","",NA,"X","X","X",224,0.107142857142857,0.318303571428571,0.517857142857143,13.2410714285714,0.819053220646327,38.9821904511337,73.1581503796011,134.336670644933,-5.01295949290166,-1.08341774755629,2.84612399778907,75.8318782077055,98.138992252618,127.617047563849,72.3204850715792,97.1405716836713,131.300333069741,68.9388239545934,96.1917343521527,135.299007605135,65.7038177901057,95.2912192259135,139.593128608736,62.6217146455343,94.4378391568637,144.175314290366,59.692817734102,93.6304782534188,149.045989723384,56.9140842269983,92.8680894298761,154.210775200552
"Changeable Hawk-Eagle","Nisaetus cirrhatus","y00839","Accipitriformes","Accipitridae (Hawks, Eagles, and Kites)","Low","Stable","Moderate Decline","Large","Diurnal","Diurnal","Vertebrate & Carrion","No","No","No","Non-endemic","Forest","Resident",NA,NA,NA,"Changeable Hawk-Eagle","Nisaetus cirrhatus","Changeable Hawk-eagle","Nisaetus cirrhatus","Least Concern","Schedule-I","Appendix II","",NA,"X","X","X",812,0.100985221674877,0.377216748768473,0.577586206896552,15.8238916256158,0.468538433089928,61.2208930173913,79.5859359812373,104.951706312749,-1.97029041620574,-0.0930405245527291,1.78420936710028,88.7582978037735,98.6996932170133,109.845813021141,87.3437133619404,98.6302286040157,111.496727129598,85.9259427582223,98.5688774965619,113.229808533729,84.5163495092515,98.5156164416162,115.03384444889,83.1218326141739,98.4704240370182,116.902147416358,81.7466588524625,98.4332809175174,118.830723179311,80.3934835398755,98.4041697416845,120.817250166734
"Rufous-bellied Eagle","Lophotriorchis kienerii","rubeag2","Accipitriformes","Accipitridae (Hawks, Eagles, and Kites)","Moderate","Uncertain","Strong Decline","Moderate","Diurnal","Diurnal","Vertebrate & Carrion","No","No","No","Non-endemic","Forest","Resident",NA,NA,NA,"Rufous-bellied Eagle","Lophotriorchis kienerii","Rufous-bellied Eagle","Lophotriorchis kienerii","Near Threatened","Schedule-I","Appendix II","",NA,"X","X","X",292,0.0719178082191781,0.322602739726027,0.438356164383562,18.1541095890411,0.779098781206835,41.0768113182861,78.3540700466207,144.634854527239,-4.2832241866583,-0.68717144233864,2.90888130198102,61.5469706229949,79.729905239898,103.692329658289,58.9897414056941,79.3202544155753,107.210152893931,56.5049174039511,78.9352179078241,110.999722628601,54.1087505570773,78.5745008407501,115.046513553845,51.8088328501318,78.2378292351603,119.345907998647,49.607831556274,77.9249496367608,123.899467855508,47.5055532884617,77.6356287726876,128.712883781356
"Black Eagle","Ictinaetus malaiensis","blaeag1","Accipitriformes","Accipitridae (Hawks, Eagles, and Kites)","Low","Stable","Moderate Decline","Large","Diurnal","Diurnal","Vertebrate & Carrion","No","No","No","Non-endemic","Forest","Resident",NA,NA,NA,"Black Eagle","Ictinaetus malaiensis","Black Eagle","Ictinaetus malaiensis","Least Concern","Schedule-I","Appendix II","",NA,"X","X","X",815,0.0895705521472393,0.328098159509202,0.493251533742331,16.0453987730061,0.46880253566969,48.9361633411992,69.1496567232223,95.7055053205067,-3.68690282353871,-1.74518506491444,0.196532693709833,67.7463832341804,79.7431285855301,94.0040251497503,64.9723312533626,78.301363268349,94.5491396434104,62.2825574844527,76.893930784631,95.1699828573446,59.6874131943009,75.5199051905768,95.8497303401591,57.1912945149019,74.1783881803003,96.5778805869819,54.7952111418479,72.8685081965023,97.3476674808825,52.4982043663205,71.5894195715641,98.15462448874
"Indian Spotted Eagle","Clanga hastata","inseag1","Accipitriformes","Accipitridae (Hawks, Eagles, and Kites)","Moderate","Uncertain","Uncertain","Large","Diurnal","Diurnal","Vertebrate & Carrion","No","No","No","Non-endemic","Open Habitat","Resident & Within-India Migrant",1,NA,NA,"Indian Spotted Eagle","Clanga hastata","Indian Spotted Eagle","Clanga hastata","Near Threatened","Schedule-I","Appendix II","",NA,"X","X","X",585,0.0478632478632479,0.272991452991453,0.386324786324786,16.5213675213675,0.545794239709917,48.1068259371071,78.7260582997029,130.503869030544,-5.00024269773027,-2.68439218676309,-0.368541675795901,59.0810952169892,72.5731047232295,89.3504883541966,55.612402532581,70.3729166499053,89.3189857550384,52.3198040259676,68.2529968183095,89.3807211095992,49.2080956991094,66.2101226523365,89.5143939357743,46.2753398240478,64.2412113080845,89.7066504005321,43.5160388168171,62.343313245973,89.948822442145,40.9228588045931,60.5136061135414,90.2351238457798
"Greater Spotted Eagle","Clanga clanga","grseag1","Accipitriformes","Accipitridae (Hawks, Eagles, and Kites)","Moderate","Uncertain","Uncertain","Large","Diurnal","Diurnal","Vertebrate & Carrion","No","No","No","Non-endemic","Open Habitat","Winter Migrant",NA,NA,NA,"Greater Spotted Eagle","Clanga clanga","Greater Spotted Eagle","Clanga clanga","Vulnerable","Schedule-I","Appendix II","Appendix I",NA,"X","X","X",776,0.0541237113402062,0.306056701030928,0.462628865979381,16.1585051546392,0.457895978423171,77.2226992571859,112.513692573878,160.901645170868,-2.41130698129417,-0.368403821606842,1.67449933808048,86.3244143392053,100.671427231508,117.551445941788,84.1368449805069,100.328005381838,119.833592229023,81.9673195022101,99.9954469071626,122.247511936255,79.8316408591809,99.6736385242558,124.776943009031,77.7389489160651,99.3624704984839,127.412471264326,75.6944799705458,99.0618365851415,130.148769680478,73.7011018597288,98.771633972713,132.983062406415
"Booted Eagle","Hieraaetus pennatus","booeag1","Accipitriformes","Accipitridae (Hawks, Eagles, and Kites)","Low","Uncertain","Uncertain","Large","Diurnal","Diurnal","Vertebrate & Carrion","No","No","No","Non-endemic","Non-specialized","Winter Migrant",NA,NA,NA,"Booted Eagle","Hieraaetus pennatus","Booted Eagle","Hieraaetus pennatus","Least Concern","Schedule-I","Appendix II","Appendix II",NA,"X","X","X",1508,0.0530503978779841,0.326989389920424,0.455570291777188,14.9887267904509,0.332681965990105,73.1491007454586,94.8491575538111,125.590991896042,-3.37673860177641,-2.13516359055918,-0.893588579341953,76.5026316242874,85.4057324287027,95.4069479806376,73.504955329617,83.3794049971966,94.6610324227247,70.5998563288581,81.405349691833,93.9669028933552,67.7943815856696,79.4821285814621,93.3115277306265,65.0911129343643,77.6083454986979,92.6866053787364,62.4900961513811,75.7826447668964,92.0866232089538,59.9899054343852,74.0037099676941,91.5077815022228
"Tawny Eagle","Aquila rapax","taweag1","Accipitriformes","Accipitridae (Hawks, Eagles, and Kites)","High","Strong Decline","Strong Decline","Large","Diurnal","Diurnal","Vertebrate & Carrion","No","No","No","Non-endemic","Open Habitat","Resident & Winter Migrant",NA,NA,NA,"Tawny Eagle","Aquila rapax","Tawny Eagle","Aquila rapax","Vulnerable","Schedule-I","Appendix II","Appendix II",NA,"X","X","X",218,0.142201834862385,0.264678899082569,0.325688073394495,15.4220183486239,0.979281892468376,11.5282975046187,23.4246511105692,44.7508320314695,-8.45513255828518,-5.42112326644977,-2.38711397461435,41.182458841854,59.0255889108852,85.2512474454381,36.3679673901144,54.8927958425736,83.6938093674489,32.0973483214068,51.0798569923767,82.3456375528389,28.3234448780202,47.5601159280509,81.1633430757493,24.9957535427144,44.3092732274363,80.1190400405823,22.0651253420755,41.3051675402805,79.193978554681,19.4858277801642,38.5275778564431,78.3750543382024
"Steppe Eagle","Aquila nipalensis","steeag1","Accipitriformes","Accipitridae (Hawks, Eagles, and Kites)","High","Uncertain","Uncertain","Large","Diurnal","Diurnal","Vertebrate & Carrion","No","No","No","Non-endemic","Non-specialized","Winter Migrant",NA,NA,NA,"Steppe Eagle","Aquila nipalensis","Steppe Eagle","Aquila nipalensis","Endangered","Schedule-I","Appendix II","Appendix I",NA,"X","X","X",662,0.0845921450151057,0.318882175226586,0.430513595166163,14.2824773413897,0.491085457630305,18.3205547605897,64.2707852059632,213.583960517054,-12.2348696619854,-0.537163333790758,11.1605429944039,53.3562609486358,96.6577770448461,178.91698826319,48.9653394447527,96.5507128321492,195.836078213011,44.9742836371024,96.6958767936151,215.529295153603,41.3733869679758,97.0946797204789,238.331559681108,38.1379809169162,97.7507215081284,264.67874652834,35.2376590142994,98.6698681270388,295.111229335609,32.6408675077578,99.8603625146084,330.285500976285
"Imperial Eagle","Aquila heliaca","impeag1","Accipitriformes","Accipitridae (Hawks, Eagles, and Kites)","Moderate","Data Deficient","Uncertain","Moderate","Diurnal","Diurnal","Vertebrate & Carrion","No","No","No","Non-endemic","Open Habitat","Winter Migrant",NA,NA,NA,"Imperial Eagle","Aquila heliaca","Eastern Imperial Eagle","Aquila heliaca","Vulnerable","Schedule-I","Appendix I","Appendix I",NA,"X","X","X",180,0.0888888888888889,0.287222222222222,0.427777777777778,14.7833333333333,0.984342891158514,42.2620211514933,88.962060219764,195.627146912871,-4.92918418905058,0.483640797291865,5.89646578363431,87.1019958697275,120.15253995823,166.817257361809,83.8243000609763,121.116248222592,176.488042638112,80.6342466595783,122.166726591848,187.107551713292,77.5605702725081,123.306061822055,198.703255917756,74.6171528953337,124.536518471397,211.3254503232,71.8094363983185,125.86054555396,225.041469483979,69.1379695572407,127.280783749321,239.932853510748
"Golden Eagle","Aquila chrysaetos","goleag","Accipitriformes","Accipitridae (Hawks, Eagles, and Kites)","Moderate","Data Deficient","Strong Decline","Moderate","Diurnal","Diurnal","Vertebrate & Carrion","No","No","No","Non-endemic","Alpine & Cold Desert","Local Migrant & Winter Migrant",NA,NA,NA,"Golden Eagle","Aquila chrysaetos","Golden Eagle","Aquila chrysaetos","Least Concern","Schedule-I","Appendix II","Appendix II",NA,"X","X","X",209,0.15311004784689,0.277511961722488,0.368421052631579,9.63636363636364,0.766378495868262,24.0642431408429,47.5491871655849,94.4684070090376,-9.01944194221485,-5.55047979334695,-2.08151764447904,29.1825485621832,41.7833933112537,60.323649261088,25.8809589361154,39.0168566896671,59.4628398430516,22.9413960942938,36.4584910824777,58.7491623344367,20.3339735987168,34.0911706613279,58.1530716658444,18.0260840737177,31.8992817509819,57.6557166082719,15.9856935227478,29.868581216025,57.2445568371771,14.1828130557777,27.9860687974699,56.9109587574417
"Bonelli's Eagle","Aquila fasciata","boneag2","Accipitriformes","Accipitridae (Hawks, Eagles, and Kites)","Low","Uncertain","Uncertain","Large","Diurnal","Diurnal","Vertebrate & Carrion","No","No","No","Non-endemic","Non-specialized","Resident",NA,NA,NA,"Bonelli's Eagle","Aquila fasciata","Bonelli's Eagle","Aquila fasciata","Least Concern","Schedule-I","Appendix II","",NA,"X","X","X",1164,0.0309278350515464,0.270360824742268,0.379725085910653,14.4312714776632,0.39078271906369,58.108696973961,87.7904183377175,128.839667530304,-3.88252049308513,-2.46848373255652,-1.05444697202791,68.8146283681206,77.9713973846102,88.4272639961107,65.6690348896501,75.7671119347432,87.5227236912796,62.6430786129474,73.6304807681852,86.6775264420891,59.7422216366087,71.5592907379534,85.8776280553796,56.9672995747411,69.5514050256947,85.1140520303675,54.3165791980646,67.6047603860631,84.380808463321,51.7868886223572,65.7173644947289,83.673741689049
"White-eyed Buzzard","Butastur teesa","whebuz1","Accipitriformes","Accipitridae (Hawks, Eagles, and Kites)","Moderate","Stable","Strong Decline","Moderate","Diurnal","Diurnal","Vertebrate & Carrion","No","No","No","Non-endemic","Non-specialized","Resident & Local Migrant",NA,NA,NA,"White-eyed Buzzard","Butastur teesa","White-eyed Buzzard","Butastur teesa","Least Concern","Schedule-I","Appendix II","",NA,"X","X","X",1750,0.0451428571428571,0.284857142857143,0.4,13.088,0.317013875538491,43.6382487151229,56.06682285986,71.5642511693524,-5.27811739632182,-4.21026406490816,-3.14241073349451,53.5357222853475,61.2070353346393,70.0232251076069,49.7457396144218,57.9892602585988,67.6566617628809,46.2038473185861,54.9437098167136,65.4081820087822,42.9020623700424,52.061007498295,63.2614103270603,39.8289669333182,49.3322956272961,61.2051351671319,36.9716805003094,46.7492062073783,59.2312093231003,34.3168996048694,44.3038334294893,57.3333923566485
"Rufous-winged Buzzard","Butastur liventer","ruwbuz1","Accipitriformes","Accipitridae (Hawks, Eagles, and Kites)",NA,NA,NA,NA,"Diurnal","Diurnal","Vertebrate & Carrion","No","No","No","Non-endemic","Non-specialized","Uncertain",NA,1,NA,"Rufous-winged Buzzard","Butastur liventer","Rufous-winged Buzzard","Butastur liventer","Least Concern","Recent addition","Appendix II","",NA,"","","",NA,NA,NA,NA,NA,NA,NA,NA,NA,NA,NA,NA,NA,NA,NA,NA,NA,NA,NA,NA,NA,NA,NA,NA,NA,NA,NA,NA,NA,NA,NA,NA,NA
"Gray-faced Buzzard","Butastur indicus","gyfbuz1","Accipitriformes","Accipitridae (Hawks, Eagles, and Kites)",NA,NA,NA,NA,"Diurnal","Diurnal","Vertebrate & Carrion","No","No","No","Non-endemic","Non-specialized","Uncertain",NA,1,NA,"Grey-faced Buzzard","Butastur indicus","Grey-faced Buzzard","Butastur indicus","Least Concern","Schedule-I","Appendix II","Appendix II",NA,"","","",NA,NA,NA,NA,NA,NA,NA,NA,NA,NA,NA,NA,NA,NA,NA,NA,NA,NA,NA,NA,NA,NA,NA,NA,NA,NA,NA,NA,NA,NA,NA,NA,NA
"Western Marsh Harrier","Circus aeruginosus","wemhar1","Accipitriformes","Accipitridae (Hawks, Eagles, and Kites)","Low","Stable","Uncertain","Large","Diurnal","Diurnal","Vertebrate & Carrion","No","No","No","Non-endemic","Open Habitat","Winter Migrant",NA,NA,NA,"Western Marsh Harrier","Circus aeruginosus","Western Marsh-harrier","Circus aeruginosus","Least Concern","Schedule-I","Appendix II","Appendix II",NA,"X","X","X",1616,0.0928217821782178,0.328155940594059,0.449257425742574,13.4690594059406,0.329584571841312,31.6419953460937,42.6193036020585,58.1101868786993,-5.58219307636932,-3.99586319582855,-2.40953331528779,55.7932764453338,65.5638126923955,77.1593506296214,51.8601150641297,62.3809486406442,75.1817786434949,48.182428251731,59.3599779150239,73.3118776223456,44.753743686334,56.492336116853,71.5306309813391,41.5630668145705,53.7699278235751,69.825463341644,38.5973700083428,51.185100099946,68.1876009743386,35.8429097138757,48.7306175482771,66.610616376739
"Eastern Marsh Harrier","Circus spilonotus","easmah1","Accipitriformes","Accipitridae (Hawks, Eagles, and Kites)",NA,NA,NA,NA,"Diurnal","Diurnal","Vertebrate & Carrion","No","No","No","Non-endemic","Open Habitat","Winter Migrant",NA,NA,NA,"Eastern Marsh Harrier","Circus spilonotus","Eastern Marsh-harrier","Circus spilonotus","Least Concern","Schedule-I","Appendix II","Appendix II",NA,"","","",NA,NA,NA,NA,NA,NA,NA,NA,NA,NA,NA,NA,NA,NA,NA,NA,NA,NA,NA,NA,NA,NA,NA,NA,NA,NA,NA,NA,NA,NA,NA,NA,NA
"Hen Harrier","Circus cyaneus","norhar1","Accipitriformes","Accipitridae (Hawks, Eagles, and Kites)",NA,NA,NA,NA,"Diurnal","Diurnal","Vertebrate & Carrion","No","No","No","Non-endemic","Open Habitat","Winter Migrant",NA,NA,NA,"Hen Harrier","Circus cyaneus","Hen Harrier","Circus cyaneus","Least Concern","Schedule-I","Appendix II","Appendix II",NA,"","X","X",170,0.111764705882353,0.24,0.394117647058824,15.6470588235294,0.890223914049398,NA,NA,NA,-7.06067165981371,-2.93466260718037,1.19134644545296,68.1414358726364,97.926655146356,141.896482588537,62.7285547360186,94.9919638414044,145.417799355603,57.7118545005971,92.2072023421522,149.380587125657,53.0878988123169,89.5645096984596,153.751641782903,48.8398840648494,87.056515673111,158.518449312032,44.9448897547109,84.6763087591799,163.681450267032,41.377678587698,82.41740647954,169.24983809326
"Pallid Harrier","Circus macrourus","palhar1","Accipitriformes","Accipitridae (Hawks, Eagles, and Kites)","Moderate","Moderate Decline","Uncertain","Large","Diurnal","Diurnal","Vertebrate & Carrion","No","No","No","Non-endemic","Grassland","Winter Migrant",NA,NA,NA,"Pallid Harrier","Circus macrourus","Pallid Harrier","Circus macrourus","Near Threatened","Schedule-I","Appendix II","Appendix II",NA,"X","X","X",745,0.0912751677852349,0.250469798657718,0.330201342281879,15.5610738255034,0.466842644196152,9.52111084187013,19.4825762327861,40.8569927038761,-8.38430677177469,-5.02579665059978,-1.66728652942487,42.6231222438299,59.4598483805231,83.594265027652,38.0089125092597,55.6144985223368,82.2095608436023,33.8821056377338,52.0548291498542,81.0251419428951,30.2043542232071,48.7575925570889,80.0017125601828,26.9333530192915,45.7015718086912,79.1139578578677,24.0272371890989,42.8673927806235,78.3448153747586,21.4465816498523,40.2373544697667,77.6823309024758
"Pied Harrier","Circus melanoleucos","piehar1","Accipitriformes","Accipitridae (Hawks, Eagles, and Kites)",NA,NA,NA,NA,"Diurnal","Diurnal","Vertebrate & Carrion","No","No","No","Non-endemic","Open Habitat","Winter Migrant",NA,NA,NA,"Pied Harrier","Circus melanoleucos","Pied Harrier","Circus melanoleucos","Least Concern","Schedule-I","Appendix II","Appendix II",NA,"","X","X",198,0.141414141414141,0.233333333333333,0.343434343434343,14.9848484848485,0.827275377748289,NA,NA,NA,-7.00318090515603,-1.39760430413252,4.20797229689099,53.7214738061994,77.0181392655351,111.289187405279,50.4215792622124,76.0924027375023,116.020563940496,47.3094715014853,75.2344941488682,121.221606456302,44.3944387693141,74.4425231233654,126.882840708319,41.6750419156219,73.7147620547238,133.010439744355,39.1443179702213,73.0496400351459,139.620965266357,36.792577450975,72.445737408355,146.738565270918
"Montagu's Harrier","Circus pygargus","monhar1","Accipitriformes","Accipitridae (Hawks, Eagles, and Kites)","Moderate","Moderate Decline","Uncertain","Large","Diurnal","Diurnal","Vertebrate & Carrion","No","No","No","Non-endemic","Grassland","Winter Migrant",NA,NA,NA,"Montagu's Harrier","Circus pygargus","Montagu's Harrier","Circus pygargus","Least Concern","Schedule-I","Appendix II","Appendix II",NA,"X","X","X",705,0.0453900709219858,0.272340425531915,0.390070921985816,14.668085106383,0.487166900624439,18.5060890286561,53.5537699442154,150.198341787755,-10.001270348935,-3.88284987144516,2.23557060604464,48.3484900321653,77.1904923992772,125.041165023597,43.2187159481013,73.781715106925,128.382178653404,38.6372430924111,70.635816384834,132.319064343974,34.5640201354457,67.7321182352951,136.826827815043,30.9511766917774,65.051905109643,141.906988766094,27.7500548355376,62.5782338631116,147.578903754793,24.9144400387295,60.2957639716407,153.875312243876
"Crested Goshawk","Lophospiza trivirgata","cregos1","Accipitriformes","Accipitridae (Hawks, Eagles, and Kites)","Low","Uncertain","Uncertain","Large","Diurnal","Diurnal","Vertebrate & Carrion","No","No","No","Non-endemic","Forest","Resident & Local Migrant",NA,NA,NA,"Crested Goshawk","Lophospiza trivirgata","Crested Goshawk","Accipiter trivirgatus","Least Concern","Schedule-I","Appendix II","",NA,"X","X","X",436,0.0802752293577982,0.348165137614679,0.48394495412844,15.6811926605505,0.682437762474099,38.2560352015472,62.4607446119751,102.853570960752,-3.58311224360501,-0.457185743422022,2.66874075676097,74.982189185824,91.6293763458255,112.249288430715,72.5561421694043,91.2718006846168,115.187622941839,70.1754093709537,90.9372648180563,118.330296979513,67.8565617016301,90.6254946561114,121.661265401897,65.6083611925622,90.3362337175321,125.172911956197,63.4350557250243,90.0692428067611,128.862756383553,61.3382068197505,89.8242997124496,132.731630615126
"Shikra","Tachyspiza badia","shikra1","Accipitriformes","Accipitridae (Hawks, Eagles, and Kites)","Low","Stable","Stable","Very Large","Diurnal","Diurnal","Vertebrate & Carrion","No","No","No","Non-endemic","Non-specialized","Resident",NA,NA,NA,"Shikra","Tachyspiza badia","Shikra","Accipiter badius","Least Concern","Schedule-I","Appendix II","Appendix II",NA,"X","X","X",3651,0.0671049027663654,0.423390851821419,0.618460695699808,10.7940290331416,0.214031709408483,113.347417813827,127.345974092143,143.036618113054,-1.36775361068381,-0.779521486590668,-0.191289362497528,88.4158986039173,91.8072856437108,95.337968789232,87.225575435085,91.0675239039606,95.0907481798438,86.0399845580336,90.3345306103839,94.8587898649511,84.8630900700535,89.6082382297803,94.6378373760489,83.6973088264402,88.8885799512078,94.425186133662,82.5441447936085,88.1754896777859,94.2190490176205,81.4045419673508,87.4689020185952,94.0182033735046
"Nicobar Sparrowhawk","Tachyspiza butleri","nicspa1","Accipitriformes","Accipitridae (Hawks, Eagles, and Kites)","High","Data Deficient","Data Deficient","Restricted","Diurnal","Diurnal","Vertebrate & Carrion","Yes","Yes","No","Nicobar Islands","Forest","Resident",NA,NA,1,"Nicobar Sparrowhawk","Tachyspiza butleri","Nicobar Sparrowhawk","Accipiter butleri","Vulnerable","Schedule-I","Appendix II","",NA,"","","X",2,NA,0.833333333333333,NA,8,9.8,NA,NA,NA,NA,NA,NA,NA,NA,NA,NA,NA,NA,NA,NA,NA,NA,NA,NA,NA,NA,NA,NA,NA,NA,NA,NA,NA
"Levant Sparrowhawk","Tachyspiza brevipes","levspa1","Accipitriformes","Accipitridae (Hawks, Eagles, and Kites)",NA,NA,NA,NA,"Diurnal","Diurnal","Vertebrate & Carrion","No","No","No","Non-endemic","Non-specialized","Winter Migrant",NA,NA,NA,"Levant Sparrowhawk","Tachyspiza brevipes","Levant Sparrowhawk","Accipiter brevipes","Least Concern","Recent addition","Appendix II","Appendix II",NA,"","","",NA,NA,NA,NA,NA,NA,NA,NA,NA,NA,NA,NA,NA,NA,NA,NA,NA,NA,NA,NA,NA,NA,NA,NA,NA,NA,NA,NA,NA,NA,NA,NA,NA
"Chinese Sparrowhawk","Tachyspiza soloensis","grfhaw1","Accipitriformes","Accipitridae (Hawks, Eagles, and Kites)",NA,NA,NA,NA,"Diurnal","Diurnal","Vertebrate & Carrion","No","No","No","Non-endemic","Non-specialized","Winter Migrant",NA,NA,NA,"Chinese Sparrowhawk","Tachyspiza soloensis","Chinese Sparrowhawk","Accipiter soloensis","Least Concern","Schedule-I","Appendix II","Appendix II",NA,"","","",14,NA,0.357142857142857,0.5,7.14285714285714,2.25876753324258,NA,NA,NA,NA,NA,NA,NA,NA,NA,NA,NA,NA,NA,NA,NA,NA,NA,NA,NA,NA,NA,NA,NA,NA,NA,NA,NA
"Japanese Sparrowhawk","Tachyspiza gularis","japspa1","Accipitriformes","Accipitridae (Hawks, Eagles, and Kites)",NA,NA,NA,NA,"Diurnal","Diurnal","Vertebrate & Carrion","No","No","No","Non-endemic","Non-specialized","Winter Migrant",NA,NA,NA,"Japanese Sparrowhawk","Tachyspiza gularis","Japanese Sparrowhawk","Accipiter gularis","Least Concern","Schedule-I","Appendix II","Appendix II",NA,"","","",11,NA,0.222222222222222,0.363636363636364,9.27272727272727,2.42353474519286,NA,NA,NA,NA,NA,NA,NA,NA,NA,NA,NA,NA,NA,NA,NA,NA,NA,NA,NA,NA,NA,NA,NA,NA,NA,NA,NA
"Besra","Tachyspiza virgata","besra1","Accipitriformes","Accipitridae (Hawks, Eagles, and Kites)","Moderate","Data Deficient","Data Deficient","Moderate","Diurnal","Diurnal","Vertebrate & Carrion","No","No","No","Non-endemic","Forest","Resident & Local Migrant",NA,NA,NA,"Besra","Tachyspiza virgata","Besra","Accipiter virgatus","Least Concern","Schedule-I","Appendix II","Appendix II",NA,"","","X",355,0.076056338028169,0.211549295774648,0.276056338028169,17.6704225352113,0.646255703133369,NA,NA,NA,NA,NA,NA,NA,NA,NA,NA,NA,NA,NA,NA,NA,NA,NA,NA,NA,NA,NA,NA,NA,NA,NA,NA,NA
"Eurasian Sparrowhawk","Accipiter nisus","eurspa1","Accipitriformes","Accipitridae (Hawks, Eagles, and Kites)","Moderate","Moderate Decline","Uncertain","Moderate","Diurnal","Diurnal","Vertebrate & Carrion","No","No","No","Non-endemic","Non-specialized","Resident & Winter Migrant",NA,NA,NA,"Eurasian Sparrowhawk","Accipiter nisus","Eurasian Sparrowhawk","Accipiter nisus","Least Concern","Schedule-I","Appendix II","Appendix II",NA,"X","X","X",1021,0.0734573947110676,0.269049951028404,0.403525954946131,13.9696376101861,0.397871572360173,40.3388562354029,59.6305207005,88.5586781769029,-4.02029005802278,-1.40154292382589,1.21720421037099,74.4302032812041,92.1020117421377,114.264620726184,71.0665124356047,90.6862577823326,116.115878976653,67.8178970668117,89.3101699664358,118.124752238285,64.6986518034913,87.9725863655484,120.268411738993,61.7143798004984,86.6723867516327,122.533535974766,58.865793850846,85.4084910240683,124.912471135677,56.1508100142061,84.1798577021835,127.401102329542
"Eurasian Goshawk","Astur gentilis","norgos1","Accipitriformes","Accipitridae (Hawks, Eagles, and Kites)",NA,NA,NA,NA,"Diurnal","Diurnal","Vertebrate & Carrion","No","No","No","Non-endemic","Forest","Resident & Local Migrant",NA,NA,NA,"Northern Goshawk","Astur gentilis","Northern Goshawk","Accipiter gentilis","Least Concern","Schedule-I","Appendix II","Appendix II",NA,"","","",61,0.0983606557377049,0.131147540983607,0.213114754098361,15.1475409836066,1.62366714224384,NA,NA,NA,NA,NA,NA,NA,NA,NA,NA,NA,NA,NA,NA,NA,NA,NA,NA,NA,NA,NA,NA,NA,NA,NA,NA,NA
"Red Kite","Milvus milvus","redkit1","Accipitriformes","Accipitridae (Hawks, Eagles, and Kites)",NA,NA,NA,NA,"Diurnal","Diurnal","Vertebrate & Carrion","No","No","No","Non-endemic","Non-specialized","Uncertain",NA,1,NA,"Red Kite","Milvus milvus","Red Kite","Milvus milvus","Least Concern","Schedule-I","Appendix II","Appendix II",NA,"","","",NA,NA,NA,NA,NA,NA,NA,NA,NA,NA,NA,NA,NA,NA,NA,NA,NA,NA,NA,NA,NA,NA,NA,NA,NA,NA,NA,NA,NA,NA,NA,NA,NA
"Black Kite","Milvus migrans","blakit1","Accipitriformes","Accipitridae (Hawks, Eagles, and Kites)","Low","Stable","Uncertain","Large","Diurnal","Diurnal","Vertebrate & Carrion","No","No","No","Non-endemic","Non-specialized","Resident & Winter Migrant",1,NA,NA,"Black Kite","Milvus migrans","Black Kite","Milvus migrans","Least Concern","Schedule-II","Appendix II","Appendix II",NA,"X","X","X",3342,0.113405146618791,0.426301615798923,0.573309395571514,11.1310592459605,0.225417740246402,97.0952976502147,109.298563415962,123.693303307645,-2.55293898064194,-1.79368942985388,-1.03443987906582,75.0607550413169,79.7408228540212,84.7314691896268,72.9872009944567,78.2207125301939,83.853856378694,70.9564119231809,76.7308908073948,83.0060999627952,68.9728807885138,75.2707303517772,82.1816799068895,67.0388152825664,73.839617277251,81.3764218545412,65.1550972476119,72.4369508481635,80.5875358360504,63.3218143166159,71.0621431887408,79.813082814852
"Brahminy Kite","Haliastur indus","brakit1","Accipitriformes","Accipitridae (Hawks, Eagles, and Kites)","Low","Uncertain","Uncertain","Large","Diurnal","Diurnal","Vertebrate & Carrion","No","No","No","Non-endemic","Wetland","Resident",1,NA,NA,"Brahminy Kite","Haliastur indus","Brahminy Kite","Haliastur indus","Least Concern","Schedule-I","Appendix II","",NA,"X","X","X",1280,0.13984375,0.473203125,0.60234375,14.38046875,0.382581152680264,89.859816747879,118.856991427184,159.271429157913,-2.06083985961283,0.336976452676437,2.7347927649657,83.4824317646518,96.3404786784233,111.339244023916,82.0796434428651,96.7036999074855,114.14892179932,80.6690423017757,97.0799002791561,117.111851394237,79.2651112187476,97.4692066544716,120.216096673819,77.8766296503229,97.8717511077131,123.455627963054,76.5090145974889,98.2876710022158,126.827986520743,75.1656258459127,98.7171090698351,130.332985136766
"Pallas's Fish-Eagle","Haliaeetus leucoryphus","pafeag1","Accipitriformes","Accipitridae (Hawks, Eagles, and Kites)","High","Uncertain","Uncertain","Very Restricted","Diurnal","Diurnal","Vertebrate & Carrion","No","No","No","Non-endemic","Wetland","Winter Migrant",1,NA,NA,"Pallas's Fish-Eagle","Haliaeetus leucoryphus","Pallas's Fish-eagle","Haliaeetus leucoryphus","Endangered","Schedule-I","Appendix II","Appendix I",NA,"X","X","X",71,0.394366197183099,0.270422535211268,0.352112676056338,16.7605633802817,1.34917050787276,10.4496153708722,23.9741355543878,51.9846777637264,-9.00367066056075,-3.47412388714424,2.05542288627226,38.0594052068685,58.696484273536,91.6121983059662,34.523949113874,56.6329842163609,94.3628659991125,31.3089334887484,54.6991445483401,97.4817087694212,28.4003051165678,52.8863038280047,100.947408713621,25.7763366982342,51.1864938003345,104.754922329189,23.4126986312725,49.5923800004478,108.909638846229,21.2849706621314,48.0972079287557,113.424252213143
"White-tailed Eagle","Haliaeetus albicilla","whteag","Accipitriformes","Accipitridae (Hawks, Eagles, and Kites)",NA,NA,NA,NA,"Diurnal","Diurnal","Vertebrate & Carrion","No","No","No","Non-endemic","Wetland","Winter Migrant",NA,NA,NA,"White-tailed Eagle","Haliaeetus albicilla","White-tailed Sea-eagle","Haliaeetus albicilla","Least Concern","Schedule-I","Appendix I","Appendix I",NA,"","","",24,0.208333333333333,0.157407407407407,0.291666666666667,18.8333333333333,2.01486025216361,NA,NA,NA,NA,NA,NA,NA,NA,NA,NA,NA,NA,NA,NA,NA,NA,NA,NA,NA,NA,NA,NA,NA,NA,NA,NA,NA
"White-bellied Sea-Eagle","Icthyophaga leucogaster","wbseag1","Accipitriformes","Accipitridae (Hawks, Eagles, and Kites)","Moderate","Strong Decline","Uncertain","Moderate","Diurnal","Diurnal","Vertebrate & Carrion","No","No","No","Non-endemic","Wetland","Resident",NA,NA,NA,"White-bellied Sea-Eagle","Icthyophaga leucogaster","White-bellied Sea-eagle","Haliaeetus leucogaster","Least Concern","Schedule-I","Appendix II","Appendix II",NA,"X","X","X",244,0.151639344262295,0.452049180327869,0.577868852459016,13.2827868852459,0.967641086107966,18.9264890281183,38.6298792126192,85.2824519603451,-6.56779927619275,-0.92806727152692,4.71166473313891,62.8810249195145,88.4466445027901,125.493333489878,59.4035205795779,87.7387824292593,131.075207633866,56.1020108260848,87.1057338532525,137.223803675328,52.9894837030391,86.545540495084,143.936487792044,50.0672479753244,86.0564469927546,151.227943424297,47.3304513704054,85.6368916004073,159.124726463387,44.7710648699112,85.2854978803907,167.662413099849
"Lesser Fish-Eagle","Icthyophaga humilis","lefeag1","Accipitriformes","Accipitridae (Hawks, Eagles, and Kites)","Moderate","Data Deficient","Uncertain","Moderate","Diurnal","Diurnal","Vertebrate & Carrion","No","No","No","Non-endemic","Wetland","Resident",1,NA,NA,"Lesser Fish-Eagle","Icthyophaga humilis","Lesser Fish-eagle","Icthyophaga humilis","Near Threatened","Schedule-I","Appendix II","",NA,"X","X","X",119,0.100840336134454,0.308403361344538,0.378151260504202,21.655462184874,0.773841405072185,38.6303782068735,77.9138196710223,166.406645981503,-5.98238139650336,-1.99940874823439,1.98356390003458,48.5670710218104,67.0111252486603,92.9866834388769,45.436683950164,65.6578395672342,95.5873924113952,42.4817015249794,64.3600931808589,98.4366141596803,39.7092152392973,63.1156183451866,101.513622142753,37.1174856807767,61.9222667807617,104.809081294965,34.7001977225979,60.7780033000579,108.3206485344,32.4487545343354,59.6808998311007,112.050555877247
"Gray-headed Fish-Eagle","Icthyophaga ichthyaetus","gyhfie1","Accipitriformes","Accipitridae (Hawks, Eagles, and Kites)","Moderate","Uncertain","Uncertain","Moderate","Diurnal","Diurnal","Vertebrate & Carrion","No","No","No","Non-endemic","Wetland","Resident",NA,NA,NA,"Grey-headed Fish-Eagle","Icthyophaga ichthyaetus","Grey-headed Fish-eagle","Icthyophaga ichthyaetus","Near Threatened","Schedule-I","Appendix II","",NA,"X","X","X",190,0.0894736842105263,0.301578947368421,0.452631578947368,15.8789473684211,0.925238078550929,29.0027984584045,57.2860306173288,114.723099456318,-6.40199677627596,-1.93398121897467,2.53403433832662,55.5567398854593,75.7644713119614,103.970292360652,52.1098556868861,74.3059713657795,106.829080741708,48.855613919997,72.9188820888385,109.98066274607,45.8015069872898,71.6002806634567,113.404792197218,42.9454703970261,70.3474147195472,117.093810765049,40.2804948200188,69.1576931959582,121.047900689286,37.7971119809647,68.0286777919057,125.272489659752
"Rough-legged Hawk","Buteo lagopus","rolhaw","Accipitriformes","Accipitridae (Hawks, Eagles, and Kites)",NA,NA,NA,NA,"Diurnal","Diurnal","Vertebrate & Carrion","No","No","No","Non-endemic","Non-specialized","Uncertain",NA,1,NA,"Rough-legged Buzzard","Buteo lagopus","Rough-legged Buzzard","Buteo lagopus","Least Concern","Schedule-II","Appendix II","Appendix II",NA,"","","",NA,NA,NA,NA,NA,NA,NA,NA,NA,NA,NA,NA,NA,NA,NA,NA,NA,NA,NA,NA,NA,NA,NA,NA,NA,NA,NA,NA,NA,NA,NA,NA,NA
"Common Buzzard","Buteo buteo","combuz1","Accipitriformes","Accipitridae (Hawks, Eagles, and Kites)","Low","Data Deficient","Uncertain","Moderate","Diurnal","Diurnal","Vertebrate & Carrion","No","No","No","Non-endemic","Non-specialized","Winter Migrant",NA,NA,NA,"Common Buzzard","Buteo buteo","Eurasian Buzzard","Buteo buteo","Least Concern","Schedule-I","Appendix II","Appendix II",NA,"X","X","X",595,0.0689075630252101,0.271260504201681,0.374789915966387,15.2672268907563,0.539769461350031,31.4552820226914,49.6010553101294,78.5600513311634,-4.68912715678159,-1.47066883562338,1.74778948553483,80.5149013130185,103.035604818304,132.341717875431,76.5934031743856,101.570385397156,135.344069792095,72.8231349350586,100.157646657982,138.604113717305,69.2206364209648,98.7958016320706,142.096147870354,65.7914822784624,97.4833336725355,145.806978971104,62.5351569442022,96.2187936569814,149.730990197275,59.4477313184136,95.0007973341353,153.867415348149
"Himalayan Buzzard","Buteo refectus","combuz9","Accipitriformes","Accipitridae (Hawks, Eagles, and Kites)","Low","Uncertain","Uncertain","Moderate","Diurnal","Diurnal","Vertebrate & Carrion","No","No","No","Non-endemic","Non-specialized","Resident & Winter Migrant",NA,NA,NA,"Himalayan Buzzard","Buteo refectus","Himalayan Buzzard","Buteo refectus","Least Concern","Schedule-I","Appendix II","Appendix II",NA,"","","",NA,NA,NA,NA,NA,NA,NA,NA,NA,NA,NA,NA,NA,NA,NA,NA,NA,NA,NA,NA,NA,NA,NA,NA,NA,NA,NA,NA,NA,NA,NA,NA,NA
"Long-legged Buzzard","Buteo rufinus","lolbuz1","Accipitriformes","Accipitridae (Hawks, Eagles, and Kites)","Low","Uncertain","Uncertain","Moderate","Diurnal","Diurnal","Vertebrate & Carrion","No","No","No","Non-endemic","Non-specialized","Winter Migrant",NA,NA,NA,"Long-legged Buzzard","Buteo rufinus","Long-legged Buzzard","Buteo rufinus","Least Concern","Schedule-I","Appendix II","Appendix II",NA,"X","X","X",502,0.0796812749003984,0.2300796812749,0.288844621513944,13.0378486055777,0.581904020118839,13.8753019030418,33.5396016887836,74.2396030581356,-9.44669213997388,-6.2343387467074,-3.02198535344092,34.5198721421213,52.8531117339643,81.7921967824499,29.5792261870344,48.1540490406777,79.500845944475,25.3331709962114,43.9138463597134,77.500508460041,21.6967723106877,40.0844863215737,75.7343970782529,18.5884091305374,36.6232661953224,74.165091577934,15.9339225680205,33.4921810326342,72.7666489171368,13.6678309774914,30.6573814375615,71.5202860121081
"Upland Buzzard","Buteo hemilasius","uplbuz1","Accipitriformes","Accipitridae (Hawks, Eagles, and Kites)",NA,NA,NA,NA,"Diurnal","Diurnal","Vertebrate & Carrion","No","No","No","Non-endemic","Alpine & Cold Desert","Resident & Altitudinal Migrant",NA,NA,NA,"Upland Buzzard","Buteo hemilasius","Upland Buzzard","Buteo hemilasius","Least Concern","Schedule-I","Appendix II","Appendix II",NA,"","","",57,0.12280701754386,0.336842105263158,0.333333333333333,8.85964912280702,1.27695206904646,NA,NA,NA,NA,NA,NA,NA,NA,NA,NA,NA,NA,NA,NA,NA,NA,NA,NA,NA,NA,NA,NA,NA,NA,NA,NA,NA
"Australasian Grass-Owl","Tyto longimembris","ausgro1","Strigiformes","Tytonidae (Barn-Owls)",NA,NA,NA,NA,"Nocturnal","Nocturnal","Vertebrate & Carrion","No","No","No","Non-endemic","Grassland","Resident",NA,NA,NA,"Eastern Grass-Owl","Tyto longimembris","Eastern Grass-owl","Tyto longimembris","Least Concern","Schedule-II","Appendix II","",NA,"","","",11,NA,0.272727272727273,0.272727272727273,17.1818181818182,2.22406314197779,NA,NA,NA,NA,NA,NA,NA,NA,NA,NA,NA,NA,NA,NA,NA,NA,NA,NA,NA,NA,NA,NA,NA,NA,NA,NA,NA
"Eastern Barn Owl","Tyto javanica","eabowl1","Strigiformes","Tytonidae (Barn-Owls)",NA,NA,NA,NA,"Nocturnal","Nocturnal","Vertebrate & Carrion","No","No","No","Non-endemic","Non-specialized","Resident",NA,NA,NA,"Eastern Barn Owl","Tyto javanica","Common Barn-owl","Tyto alba","Least Concern","Schedule-I","Appendix II","",NA,"","","",1118,0.0277280858676208,0.225402504472272,0.328264758497317,15.1466905187835,0.393189847279878,NA,NA,NA,NA,NA,NA,NA,NA,NA,NA,NA,NA,NA,NA,NA,NA,NA,NA,NA,NA,NA,NA,NA,NA,NA,NA,NA
"Andaman Masked-Owl","Tyto deroepstorffi","barowl5","Strigiformes","Tytonidae (Barn-Owls)",NA,NA,NA,NA,"Nocturnal","Nocturnal","Vertebrate & Carrion","Yes","Yes","No","Andaman Islands","Non-specialized","Resident",NA,NA,1,"Andaman Barn Owl","Tyto deroepstorffi","",NA,"Not recognized","Schedule-I","Appendix II","",NA,"","","",13,NA,0.338461538461538,0.538461538461538,9.61538461538461,2.71384615384615,NA,NA,NA,NA,NA,NA,NA,NA,NA,NA,NA,NA,NA,NA,NA,NA,NA,NA,NA,NA,NA,NA,NA,NA,NA,NA,NA
"Oriental Bay-Owl","Phodilus badius","orbowl1","Strigiformes","Tytonidae (Barn-Owls)",NA,NA,NA,NA,"Nocturnal","Nocturnal","Vertebrate & Carrion","No","No","No","Non-endemic","Forest","Resident",1,NA,NA,"Oriental Bay-Owl","Phodilus badius","Oriental Bay-owl","Phodilus badius","Least Concern","Schedule-II","Appendix II","",NA,"","","",18,0.0555555555555556,0.183333333333333,0.333333333333333,14.1111111111111,2.52483035805664,NA,NA,NA,NA,NA,NA,NA,NA,NA,NA,NA,NA,NA,NA,NA,NA,NA,NA,NA,NA,NA,NA,NA,NA,NA,NA,NA
"Sri Lanka Bay-Owl","Phodilus assimilis","srlbao1","Strigiformes","Tytonidae (Barn-Owls)",NA,NA,NA,NA,"Nocturnal","Nocturnal","Vertebrate & Carrion","No","Yes","No","Western Ghats & Sri Lanka","Forest","Resident",NA,NA,NA,"Sri Lanka Bay-Owl","Phodilus assimilis","Sri Lanka Bay-owl","Phodilus assimilis","Least Concern","Schedule-II","Appendix II","",NA,"","","",21,0.0476190476190476,0.228571428571429,0.238095238095238,23.2857142857143,0.908742721199644,NA,NA,NA,NA,NA,NA,NA,NA,NA,NA,NA,NA,NA,NA,NA,NA,NA,NA,NA,NA,NA,NA,NA,NA,NA,NA,NA
"Andaman Scops-Owl","Otus balli","ansowl1","Strigiformes","Strigidae (Owls)",NA,NA,NA,NA,"Nocturnal","Nocturnal","Invertebrate","Yes","Yes","No","Andaman Islands","Forest","Resident",NA,NA,1,"Andaman Scops-Owl","Otus balli","Andaman Scops-owl","Otus balli","Least Concern","Schedule-II","Appendix II","",NA,"","","",18,0.0555555555555556,0.366666666666667,0.5,8.94444444444444,2.27688539828443,NA,NA,NA,NA,NA,NA,NA,NA,NA,NA,NA,NA,NA,NA,NA,NA,NA,NA,NA,NA,NA,NA,NA,NA,NA,NA,NA
"Mountain Scops-Owl","Otus spilocephalus","mosowl2","Strigiformes","Strigidae (Owls)",NA,NA,NA,NA,"Nocturnal","Nocturnal","Invertebrate","No","No","No","Non-endemic","Forest","Resident & Altitudinal Migrant",NA,NA,NA,"Mountain Scops-Owl","Otus spilocephalus","Mountain Scops-owl","Otus spilocephalus","Least Concern","Schedule-II","Appendix II","",NA,"","","",188,0.127659574468085,0.254255319148936,0.436170212765957,13.2393617021277,0.886149223714545,NA,NA,NA,NA,NA,NA,NA,NA,NA,NA,NA,NA,NA,NA,NA,NA,NA,NA,NA,NA,NA,NA,NA,NA,NA,NA,NA
"Indian Scops-Owl","Otus bakkamoena","insowl1","Strigiformes","Strigidae (Owls)",NA,NA,NA,NA,"Nocturnal","Nocturnal","Invertebrate","No","Yes","No","Indian Subcontinent","Forest & Plantation","Resident",NA,NA,NA,"Indian Scops-Owl","Otus bakkamoena","Indian Scops-owl","Otus bakkamoena","Least Concern","Schedule-II","Appendix II","",NA,"","","",979,0.041879468845761,0.269152196118488,0.449438202247191,15.5526046986721,0.42011915251786,NA,NA,NA,NA,NA,NA,NA,NA,NA,NA,NA,NA,NA,NA,NA,NA,NA,NA,NA,NA,NA,NA,NA,NA,NA,NA,NA
"Collared Scops-Owl","Otus lettia","cosowl1","Strigiformes","Strigidae (Owls)",NA,NA,NA,NA,"Nocturnal","Nocturnal","Invertebrate","No","No","No","Non-endemic","Forest & Plantation","Resident & Altitudinal Migrant",NA,NA,NA,"Collared Scops-Owl","Otus lettia","Collared Scops-owl","Otus lettia","Least Concern","Schedule-II","Appendix II","",NA,"","","",231,0.0606060606060606,0.232900432900433,0.484848484848485,13.7099567099567,0.828079482306769,NA,NA,NA,NA,NA,NA,NA,NA,NA,NA,NA,NA,NA,NA,NA,NA,NA,NA,NA,NA,NA,NA,NA,NA,NA,NA,NA
"Nicobar Scops-Owl","Otus alius","nicsco1","Strigiformes","Strigidae (Owls)",NA,NA,NA,NA,"Nocturnal","Nocturnal","Omnivore","Yes","Yes","No","Nicobar Islands","Forest","Resident",NA,NA,1,"Nicobar Scops-Owl","Otus alius","Nicobar Scops-owl","Otus alius","Near Threatened","Schedule-II","Appendix II","",NA,"","","",3,NA,0.583333333333333,0.666666666666667,5.66666666666667,3.63760605038228,NA,NA,NA,NA,NA,NA,NA,NA,NA,NA,NA,NA,NA,NA,NA,NA,NA,NA,NA,NA,NA,NA,NA,NA,NA,NA,NA
"Eurasian Scops-Owl","Otus scops","eursco1","Strigiformes","Strigidae (Owls)",NA,NA,NA,NA,"Nocturnal","Nocturnal","Invertebrate","No","No","No","Non-endemic","Forest & Plantation","Winter Migrant",NA,1,NA,"Eurasian Scops-Owl","Otus scops","Eurasian Scops-owl","Otus scops","Least Concern","Schedule-II","Appendix II","",NA,"","","",NA,NA,NA,NA,NA,NA,NA,NA,NA,NA,NA,NA,NA,NA,NA,NA,NA,NA,NA,NA,NA,NA,NA,NA,NA,NA,NA,NA,NA,NA,NA,NA,NA
"Pallid Scops-Owl","Otus brucei","pasowl3","Strigiformes","Strigidae (Owls)",NA,NA,NA,NA,"Nocturnal","Nocturnal","Invertebrate","No","No","No","Non-endemic","Forest & Plantation","Winter Migrant",NA,NA,NA,"Pallid Scops-Owl","Otus brucei","Pallid Scops-owl","Otus brucei","Least Concern","Schedule-II","Appendix II","",NA,"","","",46,0.0434782608695652,0.221739130434783,0.369565217391304,16.195652173913,1.91461183405678,NA,NA,NA,NA,NA,NA,NA,NA,NA,NA,NA,NA,NA,NA,NA,NA,NA,NA,NA,NA,NA,NA,NA,NA,NA,NA,NA
"Oriental Scops-Owl","Otus sunia","orsowl","Strigiformes","Strigidae (Owls)",NA,NA,NA,NA,"Nocturnal","Nocturnal","Invertebrate","No","No","No","Non-endemic","Forest & Plantation","Resident & Local Migrant",NA,NA,NA,"Oriental Scops-Owl","Otus sunia","Oriental Scops-owl","Otus sunia","Least Concern","Schedule-II","Appendix II","",NA,"","","",424,0.0471698113207547,0.240330188679245,0.429245283018868,16.0400943396226,0.664101544902257,NA,NA,NA,NA,NA,NA,NA,NA,NA,NA,NA,NA,NA,NA,NA,NA,NA,NA,NA,NA,NA,NA,NA,NA,NA,NA,NA
"Rock Eagle-Owl","Bubo bengalensis","roeowl1","Strigiformes","Strigidae (Owls)",NA,NA,NA,NA,"Nocturnal","Nocturnal","Vertebrate & Carrion","No","Yes","No","Indian Subcontinent","Open Habitat","Resident",NA,NA,NA,"Indian Eagle-Owl","Bubo bengalensis","Rock Eagle-owl","Bubo bengalensis","Least Concern","Schedule-I","Appendix II","",NA,"","","",2,NA,0.666666666666667,NA,24,1.96,NA,NA,NA,NA,NA,NA,NA,NA,NA,NA,NA,NA,NA,NA,NA,NA,NA,NA,NA,NA,NA,NA,NA,NA,NA,NA,NA
"Eurasian Eagle-Owl","Bubo bubo","eueowl1","Strigiformes","Strigidae (Owls)",NA,NA,NA,NA,"Nocturnal","Nocturnal","Vertebrate & Carrion","No","No","No","Non-endemic","Alpine & Cold Desert","Resident",NA,NA,NA,"Eurasian Eagle-Owl","Bubo bubo","Eurasian Eagle-owl","Bubo bubo","Least Concern","Schedule-I","Appendix II","",NA,"","","",31,0.0967741935483871,0.196774193548387,0.290322580645161,9.25806451612903,1.6585580454567,NA,NA,NA,NA,NA,NA,NA,NA,NA,NA,NA,NA,NA,NA,NA,NA,NA,NA,NA,NA,NA,NA,NA,NA,NA,NA,NA
"Buffy Fish-Owl","Ketupa ketupu","bufowl2","Strigiformes","Strigidae (Owls)",NA,NA,NA,NA,"Nocturnal","Nocturnal","Vertebrate & Carrion","No","No","No","Non-endemic","Forest","Resident",NA,NA,NA,"Buffy Fish-Owl","Ketupa ketupu","Buffy Fish-owl","Ketupa ketupu","Least Concern","Schedule-I","Appendix II","",NA,"","","",4,NA,0.5,1,13.5,4.11910993622004,NA,NA,NA,NA,NA,NA,NA,NA,NA,NA,NA,NA,NA,NA,NA,NA,NA,NA,NA,NA,NA,NA,NA,NA,NA,NA,NA
"Brown Fish-Owl","Ketupa zeylonensis","brfowl1","Strigiformes","Strigidae (Owls)","Low","Stable","Moderate Decline","Large","24 hour","24 hour","Vertebrate & Carrion","No","No","No","Non-endemic","Non-specialized","Resident",NA,NA,NA,"Brown Fish-Owl","Ketupa zeylonensis","Brown Fish-owl","Ketupa zeylonensis","Least Concern","Schedule-I","Appendix II","",NA,"X","X","X",655,0.0687022900763359,0.301526717557252,0.442748091603053,16.7740458015267,0.499941725959529,40.5846865367717,59.9728078063417,86.8718297925858,-5.07715540079462,-3.51182629792021,-1.94649719504579,56.9286800307309,66.7198968025933,78.3065573150355,53.3753851890651,64.0091379184697,76.9051685333269,50.0203178556122,61.4146676756782,75.5852911154312,46.8627635937851,58.9312578532823,74.3298036090313,43.8971736484113,56.5539251953332,73.1276301881063,41.1155651537008,54.2779195014227,71.9712553068126,38.5088144980264,52.0987123159222,70.8553513299206
"Tawny Fish-Owl","Ketupa flavipes","tafowl1","Strigiformes","Strigidae (Owls)",NA,NA,NA,NA,"Nocturnal","Nocturnal","Vertebrate & Carrion","No","No","No","Non-endemic","Forest","Resident",NA,NA,NA,"Tawny Fish-Owl","Ketupa flavipes","Tawny Fish-owl","Ketupa flavipes","Least Concern","Schedule-I","Appendix II","",NA,"","","",37,0.0540540540540541,0.256756756756757,0.351351351351351,17.7297297297297,1.61941034417957,NA,NA,NA,NA,NA,NA,NA,NA,NA,NA,NA,NA,NA,NA,NA,NA,NA,NA,NA,NA,NA,NA,NA,NA,NA,NA,NA
"Dusky Eagle-Owl","Ketupa coromanda","dueowl1","Strigiformes","Strigidae (Owls)","Moderate","Data Deficient","Data Deficient","Moderate","24 hour","24 hour","Vertebrate & Carrion","No","No","No","Non-endemic","Forest","Resident",1,NA,NA,"Dusky Eagle-Owl","Ketupa coromanda","Dusky Eagle-owl","Bubo coromandus","Least Concern","Schedule-II","Appendix II","",NA,"","","X",57,0.105263157894737,0.226315789473684,0.315789473684211,15.2105263157895,1.51355451705082,NA,NA,NA,NA,NA,NA,NA,NA,NA,NA,NA,NA,NA,NA,NA,NA,NA,NA,NA,NA,NA,NA,NA,NA,NA,NA,NA
"Spot-bellied Eagle-Owl","Ketupa nipalensis","sbeowl1","Strigiformes","Strigidae (Owls)",NA,NA,NA,NA,"Nocturnal","Nocturnal","Vertebrate & Carrion","No","No","No","Non-endemic","Forest","Resident",NA,NA,NA,"Spot-bellied Eagle-Owl","Ketupa nipalensis","Spot-bellied Eagle-owl","Bubo nipalensis","Least Concern","Schedule-I","Appendix II","",NA,"","","",139,0.0503597122302158,0.262589928057554,0.287769784172662,19.8992805755396,1.06698594496726,NA,NA,NA,NA,NA,NA,NA,NA,NA,NA,NA,NA,NA,NA,NA,NA,NA,NA,NA,NA,NA,NA,NA,NA,NA,NA,NA
"Asian Barred Owlet","Glaucidium cuculoides","asbowl1","Strigiformes","Strigidae (Owls)","Low","Uncertain","Uncertain","Large","Diurnal","Diurnal","Invertebrate","No","No","No","Non-endemic","Non-specialized","Resident",NA,NA,NA,"Asian Barred Owlet","Glaucidium cuculoides","Asian Barred Owlet","Glaucidium cuculoides","Least Concern","Schedule-II","Appendix II","",NA,"X","X","X",483,0.101449275362319,0.409109730848861,0.643892339544513,11.8944099378882,0.524219589282857,102.229302065591,141.172513010952,197.16015301338,-1.83273630714505,0.57588619194133,2.98450869102771,101.60967759428,117.068696872762,135.047765112872,100.192432281507,117.825532043675,138.788526653111,98.7569552740571,118.60183319971,142.732122600695,97.3206948770248,119.397913635838,146.865584218066,95.8943636415541,120.214095644784,151.182957524342,94.484695208225,121.05071071935,155.68255635335,93.0959826870004,121.908099761146,160.365434455832
"Jungle Owlet","Glaucidium radiatum","junowl1","Strigiformes","Strigidae (Owls)","Low","Uncertain","Uncertain","Large","24 hour","Diurnal","Invertebrate","No","Yes","No","Indian Subcontinent","Forest & Plantation","Resident",NA,NA,NA,"Jungle Owlet","Glaucidium radiatum","Jungle Owlet","Glaucidium radiatum","Least Concern","Schedule-II","Appendix II","",NA,"X","X","X",1085,0.0691244239631336,0.339447004608295,0.541935483870968,12.8221198156682,0.442052624298277,95.702783674657,128.181007226406,174.64150465821,1.12184338731334,3.61514598491867,6.108448582524,135.578377336296,154.193418098156,175.550471076601,137.478942890616,159.294878201748,184.829792974892,139.352945359306,164.578819039802,194.71709057097,141.219790258405,170.052193640755,205.226342928493,143.092172067829,175.722234745403,216.380274071727,144.9787953657,181.596466610969,228.207760800154,146.885903955213,187.682717335013,240.742440960871
"Collared Owlet","Taenioptynx brodiei","colowl1","Strigiformes","Strigidae (Owls)","Low","Uncertain","Uncertain","Moderate","Diurnal","Diurnal","Vertebrate & Carrion","No","No","No","Non-endemic","Forest","Resident & Altitudinal Migrant",NA,NA,NA,"Collared Owlet","Taenioptynx brodiei","Collared Owlet","Glaucidium brodiei","Least Concern","Schedule-II","Appendix II","",NA,"","","X",275,0.0727272727272727,0.301818181818182,0.505454545454545,11.88,0.767604922712369,NA,NA,NA,NA,NA,NA,NA,NA,NA,NA,NA,NA,NA,NA,NA,NA,NA,NA,NA,NA,NA,NA,NA,NA,NA,NA,NA
"Spotted Owlet","Athene brama","spoowl1","Strigiformes","Strigidae (Owls)",NA,NA,NA,NA,"Nocturnal","Nocturnal","Invertebrate","No","No","No","Non-endemic","Non-specialized","Resident",NA,NA,NA,"Spotted Owlet","Athene brama","Spotted Owlet","Athene brama","Least Concern","Schedule-II","Appendix II","",NA,"","","",2922,0.0595482546201232,0.359411362080767,0.543121149897331,11.6984941820671,0.239514973679298,NA,NA,NA,NA,NA,NA,NA,NA,NA,NA,NA,NA,NA,NA,NA,NA,NA,NA,NA,NA,NA,NA,NA,NA,NA,NA,NA
"Little Owl","Athene noctua","litowl1","Strigiformes","Strigidae (Owls)",NA,NA,NA,NA,"24 hour","Diurnal","Invertebrate","No","No","No","Non-endemic","Alpine & Cold Desert","Resident",NA,NA,NA,"Little Owl","Athene noctua","Little Owl","Athene noctua","Least Concern","Schedule-II","Appendix II","",NA,"","","",37,0.0810810810810811,0.262162162162162,0.378378378378378,9.48648648648649,1.61579628358977,NA,NA,NA,NA,NA,NA,NA,NA,NA,NA,NA,NA,NA,NA,NA,NA,NA,NA,NA,NA,NA,NA,NA,NA,NA,NA,NA
"Forest Owlet","Athene blewitti","forowl1","Strigiformes","Strigidae (Owls)","High","Data Deficient","Data Deficient","Restricted","Diurnal","Diurnal","Invertebrate","Yes","Yes","No","Central India","Forest","Resident",NA,NA,NA,"Forest Owlet","Athene blewitti","Forest Owlet","Athene blewitti","Endangered","Schedule-I","Appendix I","",NA,"","X","X",23,NA,0.408695652173913,0.608695652173913,14.1304347826087,2.1915349022323,NA,NA,NA,-9.72764523724893,-2.19559995761785,5.33644532201323,34.6554745714208,68.8072936989765,139.848203940423,30.4279427658542,66.6409041991671,150.508544413707,26.7059728090948,64.6571516910164,162.820122856029,23.4490172120255,62.8435122509216,176.90942549631,20.6081120501523,61.1887081821742,192.961513996393,18.1338402032805,59.6825942567879,211.214315807468,15.9798628964175,58.3160566018013,231.958911388189
"Mottled Wood-Owl","Strix ocellata","mowowl1","Strigiformes","Strigidae (Owls)",NA,NA,NA,NA,"Nocturnal","Nocturnal","Vertebrate & Carrion","No","Yes","No","Mainland India","Forest & Plantation","Resident",NA,NA,NA,"Mottled Wood-Owl","Strix ocellata","Mottled Wood-owl","Strix ocellata","Least Concern","Schedule-I","Appendix II","",NA,"","","",630,0.0285714285714286,0.254920634920635,0.415873015873016,16.1507936507937,0.530723699946498,NA,NA,NA,NA,NA,NA,NA,NA,NA,NA,NA,NA,NA,NA,NA,NA,NA,NA,NA,NA,NA,NA,NA,NA,NA,NA,NA
"Brown Wood-Owl","Strix leptogrammica","brwowl1","Strigiformes","Strigidae (Owls)",NA,NA,NA,NA,"Nocturnal","Nocturnal","Vertebrate & Carrion","No","No","No","Non-endemic","Forest","Resident",NA,NA,NA,"Brown Wood-Owl","Strix leptogrammica","Brown Wood-owl","Strix leptogrammica","Least Concern","Schedule-I","Appendix II","",NA,"","","",292,0.0616438356164384,0.28527397260274,0.48972602739726,17.9280821917808,0.71258525771425,NA,NA,NA,NA,NA,NA,NA,NA,NA,NA,NA,NA,NA,NA,NA,NA,NA,NA,NA,NA,NA,NA,NA,NA,NA,NA,NA
"Tawny Owl","Strix aluco","tawowl1","Strigiformes","Strigidae (Owls)",NA,NA,NA,NA,"Nocturnal","Nocturnal","Vertebrate & Carrion","No","No","No","Non-endemic","Forest","Resident",NA,NA,NA,"Tawny Owl","Strix aluco","Tawny Owl","Strix aluco","Least Concern","Schedule-II","Appendix II","",NA,"","","",13,0.307692307692308,0.371794871794872,0.538461538461538,13.3076923076923,3.24183063680261,NA,NA,NA,NA,NA,NA,NA,NA,NA,NA,NA,NA,NA,NA,NA,NA,NA,NA,NA,NA,NA,NA,NA,NA,NA,NA,NA
"Himalayan Owl","Strix nivicolum","himowl1","Strigiformes","Strigidae (Owls)",NA,NA,NA,NA,"Nocturnal","Nocturnal","Vertebrate & Carrion","No","No","No","Non-endemic","Forest","Resident & Altitudinal Migrant",NA,NA,NA,"Himalayan Owl","Strix nivicolum","Himalayan Owl","Strix nivicolum","Least Concern","Schedule-II","Appendix II","",NA,"","","",69,0.0579710144927536,0.205797101449275,0.318840579710145,14.3188405797101,1.52353519469669,NA,NA,NA,NA,NA,NA,NA,NA,NA,NA,NA,NA,NA,NA,NA,NA,NA,NA,NA,NA,NA,NA,NA,NA,NA,NA,NA
"Long-eared Owl","Asio otus","loeowl","Strigiformes","Strigidae (Owls)",NA,NA,NA,NA,"Nocturnal","Nocturnal","Vertebrate & Carrion","No","No","No","Non-endemic","Non-specialized","Passage Migrant & Localized Summer Migrant",NA,NA,NA,"Long-eared Owl","Asio otus","Long-eared Owl","Asio otus","Least Concern","Schedule-I","Appendix II","Appendix II",NA,"","","",7,0.571428571428571,0.142857142857143,NA,16.4285714285714,5.11207720338155,NA,NA,NA,NA,NA,NA,NA,NA,NA,NA,NA,NA,NA,NA,NA,NA,NA,NA,NA,NA,NA,NA,NA,NA,NA,NA,NA
"Short-eared Owl","Asio flammeus","sheowl","Strigiformes","Strigidae (Owls)","Low","Data Deficient","Uncertain","Moderate","24 hour","24 hour","Vertebrate & Carrion","No","No","No","Non-endemic","Grassland","Winter Migrant",NA,NA,NA,"Short-eared Owl","Asio flammeus","Short-eared Owl","Asio flammeus","Least Concern","Schedule-I","Appendix II","",NA,"","X","X",175,0.0685714285714286,0.208571428571429,0.245714285714286,16.24,0.914017240713675,NA,NA,NA,-8.92725803556296,-6.05668485556187,-3.18611167556078,46.2287431334946,75.0844941700856,123.33395702715,39.7320381428645,69.2495908636205,122.494052756133,34.1116933371258,63.9152772209079,122.0421923459,29.2714970789491,59.0353395624063,121.904931150557,25.1143638827694,54.5680907436249,122.037026871594,21.5495684727169,50.4759042464548,122.409934661177,18.495460140391,46.7247983084692,123.005524365698
"Boreal Owl","Aegolius funereus","borowl","Strigiformes","Strigidae (Owls)",NA,NA,NA,NA,"Nocturnal","Nocturnal","Vertebrate & Carrion","No","No","No","Non-endemic","Forest","Uncertain",NA,1,NA,"Boreal Owl","Aegolius funereus","Boreal Owl","Aegolius funereus","Least Concern","Schedule-II","Appendix II","",NA,"","","",NA,NA,NA,NA,NA,NA,NA,NA,NA,NA,NA,NA,NA,NA,NA,NA,NA,NA,NA,NA,NA,NA,NA,NA,NA,NA,NA,NA,NA,NA,NA,NA,NA
"Andaman Boobook","Ninox affinis","andhao1","Strigiformes","Strigidae (Owls)",NA,NA,NA,NA,"Nocturnal","Nocturnal","Invertebrate","Yes","Yes","No","Andaman Islands","Forest","Resident",NA,NA,1,"Andaman Boobook","Ninox affinis","Andaman Boobook","Ninox affinis","Least Concern","Schedule-II","Appendix II","",NA,"","","",15,0.133333333333333,0.44,0.866666666666667,9.2,2.51730225969522,NA,NA,NA,NA,NA,NA,NA,NA,NA,NA,NA,NA,NA,NA,NA,NA,NA,NA,NA,NA,NA,NA,NA,NA,NA,NA,NA
"Brown Boobook","Ninox scutulata","brnhao1","Strigiformes","Strigidae (Owls)",NA,NA,NA,NA,"Nocturnal","Nocturnal","Invertebrate","No","No","No","Non-endemic","Forest & Plantation","Resident",NA,NA,NA,"Brown Boobook","Ninox scutulata","Brown Boobook","Ninox scutulata","Least Concern","Schedule-II","Appendix II","",NA,"","","",565,0.0654867256637168,0.294867256637168,0.499115044247788,16.4725663716814,0.547346945787223,NA,NA,NA,NA,NA,NA,NA,NA,NA,NA,NA,NA,NA,NA,NA,NA,NA,NA,NA,NA,NA,NA,NA,NA,NA,NA,NA
"Hume's Boobook","Ninox obscura","brnhao3","Strigiformes","Strigidae (Owls)",NA,NA,NA,NA,"Nocturnal","Nocturnal","Invertebrate","Yes","Yes","No","Andaman Islands","Non-specialized","Resident",NA,NA,1,"Hume's Boobook","Ninox obscura","Hume's Boobook","Ninox obscura","Least Concern","Schedule-II","Appendix II","",NA,"","","",17,NA,0.4,0.823529411764706,9.17647058823529,2.36633979255745,NA,NA,NA,NA,NA,NA,NA,NA,NA,NA,NA,NA,NA,NA,NA,NA,NA,NA,NA,NA,NA,NA,NA,NA,NA,NA,NA
"Malabar Trogon","Harpactes fasciatus","maltro1","Trogoniformes","Trogonidae (Trogons)","Moderate","Moderate Decline","Uncertain","Moderate","Diurnal","Diurnal","Invertebrate","No","Yes","No","Indian Subcontinent","Forest","Resident",NA,NA,NA,"Malabar Trogon","Harpactes fasciatus","Malabar Trogon","Harpactes fasciatus","Least Concern","Schedule-II","","",NA,"X","X","X",198,0.156565656565657,0.545454545454545,0.641414141414141,19.2222222222222,0.86858244484329,34.5990996115523,59.5081323175222,104.385026488484,-4.2326655647132,-0.370972796775224,3.49071997116275,79.6773263278022,100.684535446303,127.66181845358,76.7871561273264,100.356153256619,131.74336029242,73.9696453659612,100.064393613736,136.135293587607,71.2440214614189,99.8088718816016,140.821065060331,68.6196668061522,99.5892427102541,145.795280164472,66.1003394384837,99.4051992397436,151.059492504023,63.6865080053423,99.2564723763149,156.61988511881
"Red-headed Trogon","Harpactes erythrocephalus","rehtro1","Trogoniformes","Trogonidae (Trogons)","Low","Data Deficient","Uncertain","Moderate","Diurnal","Diurnal","Invertebrate","No","No","No","Non-endemic","Forest","Resident",1,NA,NA,"Red-headed Trogon","Harpactes erythrocephalus","Red-headed Trogon","Harpactes erythrocephalus","Least Concern","Schedule-II","","",NA,"","","X",135,0.103703703703704,0.242962962962963,0.474074074074074,11.5111111111111,1.09670086629101,NA,NA,NA,NA,NA,NA,NA,NA,NA,NA,NA,NA,NA,NA,NA,NA,NA,NA,NA,NA,NA,NA,NA,NA,NA,NA,NA
"Ward's Trogon","Harpactes wardi","wartro1","Trogoniformes","Trogonidae (Trogons)","High","Data Deficient","Data Deficient","Very Restricted","Diurnal","Diurnal","Invertebrate","No","No","Yes","Eastern Himalayas","Forest","Resident",NA,NA,NA,"Ward's Trogon","Harpactes wardi","Ward's Trogon","Harpactes wardi","Least Concern","Schedule-I","","",NA,"","","X",16,NA,0.35,0.625,11.5,3.17051835930131,NA,NA,NA,NA,NA,NA,NA,NA,NA,NA,NA,NA,NA,NA,NA,NA,NA,NA,NA,NA,NA,NA,NA,NA,NA,NA,NA
"Eurasian Hoopoe","Upupa epops","hoopoe","Bucerotiformes","Upupidae (Hoopoes)","Moderate","Moderate Decline","Uncertain","Large","Diurnal","Diurnal","Invertebrate","No","No","No","Non-endemic","Non-specialized","Within-India Migrant & Winter Migrant",NA,NA,NA,"Eurasian Hoopoe","Upupa epops","Common Hoopoe","Upupa epops","Least Concern","Schedule-II","","",NA,"X","X","X",3468,0.0865051903114187,0.377566320645905,0.560841983852365,11.1147635524798,0.217179369128194,49.1623195686799,55.8571478190608,63.2923250079154,-2.97941574823936,-2.18811380333264,-1.39681185842592,73.7727839948369,81.4932460604969,90.0510668332607,70.9214062837328,79.4826267467193,89.11545939641,68.1565040208114,77.5231047480615,88.2251670068217,65.484188121982,75.6133461056275,87.3688873528044,62.9066821499132,73.7520525566778,86.5394198949614,60.4239972716223,71.9379605572872,85.7319818411118,58.034856860908,70.1698403323383,84.943274866097
"Great Hornbill","Buceros bicornis","grehor1","Bucerotiformes","Bucerotidae (Hornbills)","Moderate","Uncertain","Uncertain","Moderate","Diurnal","Diurnal","Fruit & Nect","No","No","No","Non-endemic","Forest","Resident",1,NA,NA,"Great Hornbill","Buceros bicornis","Great Hornbill","Buceros bicornis","Vulnerable","Schedule-I","Appendix I","",NA,"X","X","X",123,0.16260162601626,0.373170731707317,0.528455284552846,14.2764227642276,1.20486439118813,72.3413259048804,138.969687181575,270.486176282716,-5.98782455494865,-0.959919080466542,4.06798639401557,63.3183366871058,87.5020171755733,121.760551442468,59.9535813744167,86.77884848274,126.74985885208,56.7413282312528,86.1100031173539,132.200497741945,53.6968322892264,85.4945839773655,138.10201284483,50.8239382870017,84.9317887236801,144.459209268558,48.1203028792027,84.4209078823263,151.286976440137,45.5802434281439,83.9613232101925,158.607519232165
"Brown Hornbill","Anorrhinus austeni","brnhor1","Bucerotiformes","Bucerotidae (Hornbills)","High","Data Deficient","Data Deficient","Very Restricted","Diurnal","Diurnal","Fruit & Nect","No","No","No","Non-endemic","Forest","Resident",1,NA,NA,"Brown Hornbill","Anorrhinus austeni","Austen's Brown Hornbill","Anorrhinus austeni","Near Threatened","Schedule-I","Appendix II","",NA,"","","X",19,0.210526315789474,0.247368421052632,0.315789473684211,9,3.01637635513035,NA,NA,NA,NA,NA,NA,NA,NA,NA,NA,NA,NA,NA,NA,NA,NA,NA,NA,NA,NA,NA,NA,NA,NA,NA,NA,NA
"Indian Gray Hornbill","Ocyceros birostris","inghor2","Bucerotiformes","Bucerotidae (Hornbills)","Low","Uncertain","Uncertain","Very Large","Diurnal","Diurnal","Fruit & Nect","No","Yes","No","Indian Subcontinent","Non-specialized","Resident",NA,NA,NA,"Indian Grey Hornbill","Ocyceros birostris","Indian Grey Hornbill","Ocyceros birostris","Least Concern","Schedule-II","","",NA,"X","X","X",2360,0.0406779661016949,0.36635593220339,0.576694915254237,10.8716101694915,0.26852844200003,189.989779697604,239.416728275193,302.529737828491,0.00591662614714195,1.72750246260899,3.44908829907083,99.9230386842299,109.716936229086,120.540439042984,100.160209572097,111.476176408715,124.164719291544,100.368758629834,113.268967901677,127.951072482273,100.559478343321,115.096021019237,131.893239084664,100.739252434664,116.958062481972,135.989037786235,100.912643747279,118.85583582765,140.238784151246,101.082782753844,120.790101829899,144.64440892124
"Malabar Gray Hornbill","Ocyceros griseus","maghor2","Bucerotiformes","Bucerotidae (Hornbills)","Moderate","Moderate Decline","Uncertain","Moderate","Diurnal","Diurnal","Fruit & Nect","Yes","Yes","No","Western Ghats","Forest & Plantation","Resident",NA,NA,NA,"Malabar Grey Hornbill","Ocyceros griseus","Malabar Grey Hornbill","Ocyceros griseus","Vulnerable","Schedule-I","","",NA,"X","X","X",224,0.183035714285714,0.633928571428571,0.75,19.9464285714286,0.679253662571349,44.9969505982732,100.376648893965,215.778752434848,-5.33118120019277,2.19883903750193,9.72885927519664,82.2228928424215,116.724101503317,167.075582472008,79.9624106801418,119.353586276443,180.093737111364,77.7409642302138,122.140696680294,194.583640434938,75.5900051595402,125.093669242491,210.648516090083,73.526420948631,128.221350411877,228.424446213984,71.5587307306569,131.533241706532,248.076367086785,69.6905276214148,135.039548873006,269.797141841851
"Malabar Pied-Hornbill","Anthracoceros coronatus","maphor1","Bucerotiformes","Bucerotidae (Hornbills)","Moderate","Uncertain","Moderate Decline","Moderate","Diurnal","Diurnal","Fruit & Nect","No","Yes","No","Indian Subcontinent","Forest & Plantation","Resident",NA,NA,NA,"Malabar Pied-Hornbill","Anthracoceros coronatus","Malabar Pied Hornbill","Anthracoceros coronatus","Near Threatened","Schedule-I","Appendix II","",NA,"X","X","X",267,0.0636704119850187,0.439325842696629,0.629213483146067,17.0786516853933,0.784614770803229,80.866954929658,147.778979297598,273.102111569023,-2.80225999072165,1.48188842962129,5.76603684996423,93.8433404229308,117.332175206155,147.15809963776,92.2090123995653,119.06456743236,154.371306859815,90.5631977710732,120.862540952042,162.143000053944,88.9308416326844,122.728274655653,170.476743082214,87.3268456049199,124.664047549809,179.388606205855,85.760206138609,126.672243315313,188.903198157212,84.2363251620513,128.755355110637,199.051540794491
"Oriental Pied-Hornbill","Anthracoceros albirostris","orphor1","Bucerotiformes","Bucerotidae (Hornbills)","Low","Uncertain","Uncertain","Moderate","Diurnal","Diurnal","Fruit & Nect","No","No","No","Non-endemic","Forest & Plantation","Resident",NA,NA,NA,"Oriental Pied-Hornbill","Anthracoceros albirostris","Oriental Pied Hornbill","Anthracoceros albirostris","Least Concern","Schedule-I","Appendix II","",NA,"X","X","X",240,0.1125,0.355833333333333,0.483333333333333,12.8333333333333,0.814408313996174,72.7678369397182,125.042674914212,213.960260198043,-4.06141742218197,-0.56300360039139,2.93541022139919,76.2740977262081,93.8542844377794,115.822767688344,73.6526367800012,93.3793576546365,118.841958334602,71.0913364782287,92.9340781555296,122.081196973707,68.6068599226437,92.5180513043435,125.523675944897,66.2075892204717,92.1309134629602,129.161675002693,63.8971525690103,91.7723314169223,132.993033618641,61.6763773577204,91.4420018561278,137.019200710909
"Rufous-necked Hornbill","Aceros nipalensis","runhor1","Bucerotiformes","Bucerotidae (Hornbills)","High","Data Deficient","Uncertain","Restricted","Diurnal","Diurnal","Fruit & Nect","No","No","No","Non-endemic","Forest","Resident",1,NA,NA,"Rufous-necked Hornbill","Aceros nipalensis","Rufous-necked Hornbill","Aceros nipalensis","Vulnerable","Schedule-I","Appendix I","",NA,"","","X",43,0.116279069767442,0.293023255813953,0.372093023255814,12.7441860465116,2.28201979616724,NA,NA,NA,NA,NA,NA,NA,NA,NA,NA,NA,NA,NA,NA,NA,NA,NA,NA,NA,NA,NA,NA,NA,NA,NA,NA,NA
"Wreathed Hornbill","Rhyticeros undulatus","wrehor1","Bucerotiformes","Bucerotidae (Hornbills)","High","Data Deficient","Data Deficient","Restricted","Diurnal","Diurnal","Fruit & Nect","No","No","No","Non-endemic","Forest","Resident",1,NA,NA,"Wreathed Hornbill","Rhyticeros undulatus","Wreathed Hornbill","Rhyticeros undulatus","Vulnerable","Schedule-I","Appendix II","",NA,"","","X",66,0.181818181818182,0.303030303030303,0.46969696969697,11.1363636363636,1.50034256454215,NA,NA,NA,NA,NA,NA,NA,NA,NA,NA,NA,NA,NA,NA,NA,NA,NA,NA,NA,NA,NA,NA,NA,NA,NA,NA,NA
"Narcondam Hornbill","Rhyticeros narcondami","narhor1","Bucerotiformes","Bucerotidae (Hornbills)","High","Data Deficient","Data Deficient","Restricted","Diurnal","Diurnal","Fruit & Nect","Yes","Yes","No","Andaman Islands","Forest","Resident",NA,NA,1,"Narcondam Hornbill","Rhyticeros narcondami","Narcondam Hornbill","Rhyticeros narcondami","Vulnerable","Schedule-I","Appendix II","",NA,"","","X",1,1,1,1,1,NA,NA,NA,NA,NA,NA,NA,NA,NA,NA,NA,NA,NA,NA,NA,NA,NA,NA,NA,NA,NA,NA,NA,NA,NA,NA,NA,NA
"Blyth's Kingfisher","Alcedo hercules","blykin1","Coraciiformes","Alcedinidae (Kingfishers)",NA,NA,NA,NA,"Diurnal","Diurnal","Vertebrate & Carrion","No","No","No","Non-endemic","Forest","Resident",1,NA,NA,"Blyth's Kingfisher","Alcedo hercules","Blyth's Kingfisher","Alcedo hercules","Near Threatened","Schedule-I","","",NA,"","","X",16,0.125,0.25,0.3125,9.5625,2.36671352653139,NA,NA,NA,NA,NA,NA,NA,NA,NA,NA,NA,NA,NA,NA,NA,NA,NA,NA,NA,NA,NA,NA,NA,NA,NA,NA,NA
"Common Kingfisher","Alcedo atthis","comkin1","Coraciiformes","Alcedinidae (Kingfishers)","Low","Stable","Strong Decline","Very Large","Diurnal","Diurnal","Vertebrate & Carrion","No","No","No","Non-endemic","Wetland","Resident",NA,NA,NA,"Common Kingfisher","Alcedo atthis","Common Kingfisher","Alcedo atthis","Least Concern","Schedule-II","","",NA,"X","X","X",3394,0.0789628756629346,0.403005303476724,0.605774896876841,11.2592810842664,0.221458946987897,74.0307871388146,92.1640899883232,113.304093874022,-1.42340767083517,0.127257236376884,1.67792214358894,85.6520408686388,94.934689343429,105.287477603184,84.5019973121339,95.064912264323,107.033707547154,83.3406844893709,95.2000156585085,108.857970944795,82.178873747051,95.3400220366602,110.749949611275,81.0232252508933,95.4849546948472,112.703475989608,79.8779695185989,95.6348377216687,114.714852043733,78.7458448674146,95.7896960056283,116.781912268704
"Blue-eared Kingfisher","Alcedo meninting","blekin1","Coraciiformes","Alcedinidae (Kingfishers)","Low","Data Deficient","Uncertain","Moderate","Diurnal","Diurnal","Vertebrate & Carrion","No","No","No","Non-endemic","Forest","Resident",NA,NA,NA,"Blue-eared Kingfisher","Alcedo meninting","Blue-eared Kingfisher","Alcedo meninting","Least Concern","Schedule-II","","",NA,"","X","X",195,0.0256410256410256,0.293846153846154,0.466666666666667,15.8307692307692,0.989585533407086,NA,NA,NA,-6.05504966222006,-1.57070450418883,2.91364065384239,67.7025862872168,92.8281053090375,128.121966741139,63.7017684180516,91.4028227235656,132.28972305716,59.9112132938201,90.0554828222752,136.868960243265,56.3423911295098,88.7830452913459,141.83951686111,52.9949570679964,87.5826719741495,147.196910923253,49.8623599978721,86.4517152267625,152.946627092075,46.9348761019725,85.3877071485478,159.101013024219
"Black-backed Dwarf-Kingfisher","Ceyx erithaca","bkbkin1","Coraciiformes","Alcedinidae (Kingfishers)","Moderate","Data Deficient","Uncertain","Restricted","Diurnal","Diurnal","Invertebrate","No","No","No","Non-endemic","Forest","Local Migrant & Summer Migrant",NA,NA,NA,"Black-backed Dwarf-Kingfisher","Ceyx erithaca","Black-backed Dwarf-kingfisher","Ceyx erithaca","Near Threatened","Schedule-II","","",NA,"","X","X",124,0.032258064516129,0.32258064516129,0.387096774193548,18.5806451612903,1.0527580307215,NA,NA,NA,-8.25243152288934,-3.777097022101,0.69823747868733,46.9615712472758,72.6824669599601,113.760380264318,42.1703767286633,69.4835850988991,116.179532804995,37.8520847985162,66.489719677237,118.99598441643,33.979343299028,63.6864881647444,122.172437004994,30.5159757857547,61.0606546186168,125.692101299992,27.4235050531522,58.60003265341,129.550877118655,24.6643111554253,56.2933972961614,133.753111652606
"Rufous-backed Dwarf-Kingfisher","Ceyx rufidorsa","rubkin1","Coraciiformes","Alcedinidae (Kingfishers)","Moderate","Data Deficient","Uncertain","Restricted","Diurnal","Diurnal","Invertebrate","No","No","No","Non-endemic","Wetland","Uncertain",NA,1,NA,"Rufous-backed Dwarf-Kingfisher","Ceyx rufidorsa","Rufous-backed Dwarf-kingfisher","Ceyx rufidorsa","Least Concern","Schedule-II","","",NA,"","","",NA,NA,NA,NA,NA,NA,NA,NA,NA,NA,NA,NA,NA,NA,NA,NA,NA,NA,NA,NA,NA,NA,NA,NA,NA,NA,NA,NA,NA,NA,NA,NA,NA
"Brown-winged Kingfisher","Pelargopsis amauroptera","bnwkin1","Coraciiformes","Alcedinidae (Kingfishers)",NA,NA,NA,NA,"Diurnal","Diurnal","Omnivore","No","No","No","Non-endemic","Wetland","Resident",1,NA,NA,"Brown-winged Kingfisher","Pelargopsis amauroptera","Brown-winged Kingfisher","Pelargopsis amauroptera","Near Threatened","Schedule-II","","",NA,"","","X",13,NA,0.5,0.692307692307692,10.5384615384615,3.16675208023498,NA,NA,NA,NA,NA,NA,NA,NA,NA,NA,NA,NA,NA,NA,NA,NA,NA,NA,NA,NA,NA,NA,NA,NA,NA,NA,NA
"Stork-billed Kingfisher","Pelargopsis capensis","stbkin1","Coraciiformes","Alcedinidae (Kingfishers)","Low","Uncertain","Uncertain","Large","Diurnal","Diurnal","Vertebrate & Carrion","No","No","No","Non-endemic","Wetland","Resident",NA,NA,NA,"Stork-billed Kingfisher","Pelargopsis capensis","Stork-billed Kingfisher","Pelargopsis capensis","Least Concern","Schedule-II","","",NA,"X","X","X",923,0.0910075839653304,0.422318526543879,0.639219934994583,14.305525460455,0.461750315649649,72.8227785004,96.5564202050607,128.372181669755,-0.319330772680119,2.15971160819078,4.63875398906167,101.761127973733,115.882503390928,132.089498914898,101.884349018531,118.222487604166,137.352372108727,101.97044119157,120.621282236097,142.911586969822,102.034807609144,123.080556828182,148.763442284862,102.087262167263,125.602033233291,154.910419487657,102.134299029858,128.187487396976,161.358944082497,102.180363628347,130.838751204049,168.118147256214
"Ruddy Kingfisher","Halcyon coromanda","rudkin1","Coraciiformes","Alcedinidae (Kingfishers)",NA,NA,NA,NA,"Diurnal","Diurnal","Omnivore","No","No","No","Non-endemic","Forest","Resident & Summer Migrant",1,NA,NA,"Ruddy Kingfisher","Halcyon coromanda","Ruddy Kingfisher","Halcyon coromanda","Least Concern","Schedule-II","","",NA,"","","X",56,0.0535714285714286,0.323214285714286,0.553571428571429,12.25,1.56134382678978,NA,NA,NA,NA,NA,NA,NA,NA,NA,NA,NA,NA,NA,NA,NA,NA,NA,NA,NA,NA,NA,NA,NA,NA,NA,NA,NA
"White-throated Kingfisher","Halcyon smyrnensis","whtkin2","Coraciiformes","Alcedinidae (Kingfishers)","Low","Stable","Moderate Decline","Very Large","Diurnal","Diurnal","Vertebrate & Carrion","No","No","No","Non-endemic","Non-specialized","Resident",NA,NA,NA,"White-throated Kingfisher","Halcyon smyrnensis","White-throated Kingfisher","Halcyon smyrnensis","Least Concern","Schedule-II","","",NA,"X","X","X",4339,0.0944918183913344,0.481954367365752,0.703157409541369,9.80318045632634,0.19662799064365,153.117412695284,167.188048900025,179.809088701701,0.83058952927121,1.4890416109969,2.1474936927226,103.770778341831,109.294350949292,115.125410673749,104.433409975971,110.823102502895,117.621798990544,105.08077804984,112.374019915505,120.197016660759,105.718933203855,113.947435440362,122.846438665321,106.351742650291,115.543686467935,125.567656940137,106.981777445636,117.163115607707,128.359593913938,107.610808765098,118.806070771291,131.22200706395
"Black-capped Kingfisher","Halcyon pileata","blckin1","Coraciiformes","Alcedinidae (Kingfishers)","Moderate","Strong Decline","Uncertain","Moderate","Diurnal","Diurnal","Invertebrate","No","No","No","Non-endemic","Wetland","Winter Migrant",NA,NA,NA,"Black-capped Kingfisher","Halcyon pileata","Black-capped Kingfisher","Halcyon pileata","Vulnerable","Schedule-II","","",NA,"X","X","X",195,0.138461538461538,0.252307692307692,0.287179487179487,16.2205128205128,1.09954256886217,5.03591571684559,9.70487120893348,18.5425926551075,-8.71027963892428,-5.76869471958515,-2.82710980024603,38.7951528415815,53.8909218083388,75.3703448414007,34.2172184311177,49.8301201393347,73.2155230910405,30.1661070461551,46.1047147240967,71.2697231745465,26.5931393375235,42.6850868294847,69.4925610572827,23.4478596908835,39.5443839211173,67.8572238443931,20.6819510917236,36.6582483379968,66.3449259476283,18.2508805098882,34.0045737777239,64.9418678048093
"Collared Kingfisher","Todiramphus chloris","colkin1","Coraciiformes","Alcedinidae (Kingfishers)","Moderate","Data Deficient","Uncertain","Restricted","Diurnal","Diurnal","Invertebrate","No","No","No","Non-endemic","Forest","Resident",NA,NA,NA,"Collared Kingfisher","Todiramphus chloris","Collared Kingfisher","Todiramphus chloris","Least Concern","Schedule-II","","",NA,"","","X",73,0.0821917808219178,0.473972602739726,0.602739726027397,7.93150684931507,1.39084030530587,NA,NA,NA,NA,NA,NA,NA,NA,NA,NA,NA,NA,NA,NA,NA,NA,NA,NA,NA,NA,NA,NA,NA,NA,NA,NA,NA
"Crested Kingfisher","Megaceryle lugubris","crekin1","Coraciiformes","Alcedinidae (Kingfishers)","Low","Uncertain","Uncertain","Moderate","Diurnal","Diurnal","Omnivore","No","No","No","Non-endemic","Wetland","Resident & Altitudinal Migrant",NA,NA,NA,"Crested Kingfisher","Megaceryle lugubris","Crested Kingfisher","Megaceryle lugubris","Least Concern","Schedule-II","","",NA,"X","X","X",240,0.0875,0.344583333333333,0.508333333333333,13.1333333333333,0.778261190543797,55.2195788529009,100.221354460635,178.457454731598,-5.79134079600971,-2.86798067818927,0.0553794396311753,61.4984586942275,77.4957635273635,98.0047125502614,57.5784090319305,75.0189792993947,98.2028580890791,53.8818026998023,72.6443844994939,98.5306529922708,50.4114437943663,70.3672812612435,98.9627113519479,47.1623511296219,68.1832088617546,99.4833811073942,44.1255813174065,66.0879308619112,100.082766002423,41.2902862140036,64.0774229894899,100.754527013595
"Pied Kingfisher","Ceryle rudis","piekin1","Coraciiformes","Alcedinidae (Kingfishers)","Moderate","Moderate Decline","Strong Decline","Very Large","Diurnal","Diurnal","Vertebrate & Carrion","No","No","No","Non-endemic","Wetland","Resident",NA,NA,NA,"Pied Kingfisher","Ceryle rudis","Pied Kingfisher","Ceryle rudis","Least Concern","Schedule-II","","",NA,"X","X","X",2976,0.0799731182795699,0.372950268817204,0.573252688172043,11.4149865591398,0.241051540515383,48.0678164292432,55.3298514393398,63.1688132485636,-3.31786602483874,-2.4985263713902,-1.67918671794165,62.8197440711639,69.3973610164402,76.6889838421782,60.2745385678978,67.5532859326694,75.7437807097414,57.8125428467474,65.7594719345861,74.8401448049282,55.4384581340734,64.0145171844379,73.9682711595696,53.1536598526418,62.3170597817469,73.121900821108,50.9576442709389,60.6657766028767,72.2968644501941,48.8488259413881,59.0593821749446,71.4902755687324
"Blue-bearded Bee-eater","Nyctyornis athertoni","bbbeat1","Coraciiformes","Meropidae (Bee-eaters)","Low","Uncertain","Uncertain","Large","Diurnal","Diurnal","Invertebrate","No","No","No","Non-endemic","Forest","Resident",NA,NA,NA,"Blue-bearded Bee-eater","Nyctyornis athertoni","Blue-bearded Bee-eater","Nyctyornis athertoni","Least Concern","Schedule-II","","",NA,"X","X","X",529,0.0812854442344045,0.353686200378072,0.54820415879017,16.0586011342155,0.59794015085746,59.8316820025027,92.6524968398223,132.619564666691,-3.0282325847059,-0.268149714902946,2.49193315490001,82.3509122387112,98.5154267132827,118.075981869486,80.0648665638539,98.2907169308369,120.965268831495,77.8073938664061,98.0839106220388,124.037005590154,75.5955342462753,97.8948947801367,127.274741565332,73.4388170635094,97.7235653989274,130.669930831905,71.3423943166507,97.5698273556648,134.218799896997,69.3087822723633,97.4335943018109,137.920608209413
"Asian Green Bee-eater","Merops orientalis","grnbee3","Coraciiformes","Meropidae (Bee-eaters)","Low","Stable","Moderate Decline","Very Large","Diurnal","Diurnal","Invertebrate","No","No","No","Non-endemic","Non-specialized","Resident",NA,NA,NA,"Asian Green Bee-eater","Merops orientalis","Asian Green Bee-eater","Merops orientalis","Least Concern","Schedule-II","","",NA,"X","X","X",4038,0.091134224863794,0.470455671124319,0.688954928182268,9.98043585933631,0.205346301605188,110.722954851521,122.088387001991,136.164216390024,-0.72870397776769,0.0339584289878978,0.796620835743485,93.3989897756639,101.208846595439,109.692470382973,92.3306852944195,101.223781413347,111.000945617431,91.248525411213,101.239927222652,112.360913163162,90.1617209594307,101.257284278863,113.763235134072,89.0760381079001,101.27585287858,115.202227763127,87.9952050422775,101.295633359481,116.67425474635,86.9216961103403,101.316626100323,118.176943125846
"Blue-throated Bee-eater","Merops viridis","btbeat2","Coraciiformes","Meropidae (Bee-eaters)",NA,NA,NA,NA,"Diurnal","Diurnal","Invertebrate","No","No","No","Non-endemic","Non-specialized","Uncertain",NA,1,NA,"Blue-throated Bee-eater","Merops viridis","Blue-throated Bee-eater","Merops viridis","Least Concern","Schedule-II","","",NA,"","","",1,NA,NA,NA,23,NA,NA,NA,NA,NA,NA,NA,NA,NA,NA,NA,NA,NA,NA,NA,NA,NA,NA,NA,NA,NA,NA,NA,NA,NA,NA,NA,NA
"Blue-cheeked Bee-eater","Merops persicus","bcbeat1","Coraciiformes","Meropidae (Bee-eaters)","Low","Data Deficient","Uncertain","Moderate","Diurnal","Diurnal","Invertebrate","No","No","No","Non-endemic","Open Habitat","Resident & Summer Migrant",NA,NA,NA,"Blue-cheeked Bee-eater","Merops persicus","Blue-cheeked Bee-eater","Merops persicus","Least Concern","Schedule-II","","",NA,"","X","X",430,0.0325581395348837,0.272558139534884,0.42093023255814,12.406976744186,0.630314220064654,NA,NA,NA,-6.20763047873452,-1.21290298605187,3.78182450663078,54.8009210812583,75.9638491794346,105.999526826073,51.7622488741885,75.188901928206,110.170308032335,48.8691834849845,74.4648433573603,114.730048544887,46.1339417380139,73.7904033356655,119.667197956769,43.5587644594682,73.1644074109949,124.983499745419,41.1405378780381,72.5857733683901,130.689363397896,38.8733072418242,72.0535080689463,136.801373437067
"Blue-tailed Bee-eater","Merops philippinus","btbeat1","Coraciiformes","Meropidae (Bee-eaters)","Low","Uncertain","Uncertain","Large","Diurnal","Diurnal","Invertebrate","No","No","No","Non-endemic","Open Habitat","Within-India Migrant & Winter Migrant",NA,NA,NA,"Blue-tailed Bee-eater","Merops philippinus","Blue-tailed Bee-eater","Merops philippinus","Least Concern","Schedule-II","","",NA,"X","X","X",1825,0.0657534246575342,0.390575342465753,0.583013698630137,13.3139726027397,0.311532036154849,136.100489670515,169.654910044865,208.580974929612,3.36448374430428,5.52054356069848,7.67660337709268,127.930991279291,143.304028795129,160.627050824141,131.559009966574,149.810657603571,170.73757453101,135.239846435812,156.619458746896,181.573372539279,138.990609203742,163.744765644671,193.165863435919,142.823440857334,171.201605408572,205.554624745748,146.747560810173,179.005733065393,218.785567253491,150.770418105344,187.173667499847,232.910014380511
"European Bee-eater","Merops apiaster","eubeat1","Coraciiformes","Meropidae (Bee-eaters)",NA,NA,NA,NA,"Diurnal","Diurnal","Invertebrate","No","No","No","Non-endemic","Forest","Winter Migrant & Localized Summer Migrant",NA,NA,NA,"European Bee-eater","Merops apiaster","European Bee-eater","Merops apiaster","Least Concern","Schedule-II","","Appendix II",NA,"","","",58,0.137931034482759,0.286206896551724,0.396551724137931,20.3965517241379,1.25056913342587,NA,NA,NA,NA,NA,NA,NA,NA,NA,NA,NA,NA,NA,NA,NA,NA,NA,NA,NA,NA,NA,NA,NA,NA,NA,NA,NA
"Chestnut-headed Bee-eater","Merops leschenaulti","chbeat1","Coraciiformes","Meropidae (Bee-eaters)","Low","Uncertain","Uncertain","Moderate","Diurnal","Diurnal","Invertebrate","No","No","No","Non-endemic","Forest","Resident & Within-India Migrant",NA,NA,NA,"Chestnut-headed Bee-eater","Merops leschenaulti","Chestnut-headed Bee-eater","Merops leschenaulti","Least Concern","Schedule-II","","",NA,"X","X","X",671,0.104321907600596,0.442026825633383,0.596125186289121,15.4128166915052,0.545992959570684,75.5471955586738,113.970606662746,163.42901384268,-2.42311930367599,0.571902929060843,3.56692516179767,87.5815265831907,103.696765965709,123.011010815982,85.9833876918428,104.320034224163,126.88325930464,84.3794154703897,104.96626844147,130.992565159797,82.7873535673588,105.635839749586,135.327248821995,81.2178287282265,106.329134201637,139.883242641333,79.6772797099903,107.046553126845,144.661180872521,78.1695904161163,107.788513500567,149.664786916527
"European Roller","Coracias garrulus","eurrol1","Coraciiformes","Coraciidae (Rollers)","Low","Data Deficient","Uncertain","Large","Diurnal","Diurnal","Invertebrate","No","No","No","Non-endemic","Non-specialized","Passage Migrant & Localized Summer Migrant",NA,NA,NA,"European Roller","Coracias garrulus","European Roller","Coracias garrulus","Least Concern","Schedule-II","","Appendix I",NA,"X","X","X",635,0.0299212598425197,0.238110236220472,0.32755905511811,13.2377952755906,0.508850535934053,29.3900343349766,60.6078121430518,120.706654924676,-6.75437846848004,-2.91971625412921,0.914945960221623,50.1648367275225,76.6090469706636,117.842628125691,45.4139371592674,73.7145261296025,120.791783788641,41.0780013444111,70.9710396828636,124.11232947985,37.1428836613377,68.3698616925634,127.767340585409,33.5834543664408,65.9028344584731,131.739365009697,30.3703204785382,63.562328897883,136.022872400839,27.4732413654298,61.3412079055448,140.620129433709
"Indian Roller","Coracias benghalensis","indrol2","Coraciiformes","Coraciidae (Rollers)","Low","Stable","Strong Decline","Very Large","Diurnal","Diurnal","Omnivore","No","No","No","Non-endemic","Open Habitat","Resident",NA,NA,NA,"Indian Roller","Coracias benghalensis","Indian Roller","Coracias benghalensis","Near Threatened","Schedule-II","","",NA,"X","X","X",3381,0.0795622596864833,0.406713989943804,0.571724341910677,10.4477965099083,0.228134792083535,50.629544699387,58.9998407283974,68.7075831937547,-4.42904206818936,-3.72882064320718,-3.028599218225,58.7514835987789,64.021636292891,69.7865350767003,55.4608935536218,61.1935264954179,67.5466268168612,52.3390973477272,58.491546273331,65.4017332018532,49.3833346118592,55.9100183853577,63.3410028420252,46.5883196213385,53.443523408062,61.3568514763724,43.9475208839575,51.0868879270555,59.4436404594551,41.453851700188,48.835173273567,57.5969467043039
"Indochinese Roller","Coracias affinis","indrol3","Coraciiformes","Coraciidae (Rollers)",NA,NA,NA,NA,"Diurnal","Diurnal","Omnivore","No","No","No","Non-endemic","Open Habitat","Resident & Local Migrant",NA,NA,NA,"Indochinese Roller","Coracias affinis","Indochinese Roller","Coracias affinis","Least Concern","Schedule-II","","",NA,"X","X","X",281,0.0818505338078292,0.349110320284697,0.548042704626335,11.9181494661922,0.693813771062923,71.4801907627996,133.244198096081,231.61712898918,-4.93665836218156,-0.852539440669884,3.23157948084179,70.9289777967683,90.9684947199214,117.148740991386,67.9061908123044,90.2652467939927,120.632726184572,64.9856504090072,89.6054525968497,124.403042715804,62.1834340263094,88.9882255454947,128.442385594988,59.5061101689081,88.4127412540778,132.744520805532,56.9549141394813,87.8782357872891,137.310095764131,54.5280465234372,87.38400405321,142.144335731712
"Dollarbird","Eurystomus orientalis","dollar1","Coraciiformes","Coraciidae (Rollers)","Low","Uncertain","Uncertain","Moderate","Diurnal","Diurnal","Invertebrate","No","No","No","Non-endemic","Forest","Resident",NA,NA,NA,"Dollarbird","Eurystomus orientalis","Oriental Dollarbird","Eurystomus orientalis","Least Concern","Schedule-II","","",NA,"X","X","X",241,0.0995850622406639,0.318257261410788,0.489626556016597,15.1120331950207,0.965524334207332,65.5709291635239,124.326833060778,239.28735813955,-4.6709964086925,0.22904952978739,5.12909546826728,67.974669246623,91.9417005759079,125.030074393223,65.2557938358985,92.1712172680272,131.108614710808,62.612316853516,92.4426751675661,137.716663371102,60.0651161438355,92.7563175164232,144.852278181065,57.6240219184635,93.1124409360225,152.527807646117,55.2926026268164,93.511395633982,160.765240557202,53.0708083130986,93.9535857151369,169.593721204029
"Malabar Barbet","Psilopogon malabaricus","crfbar1","Piciformes","Megalaimidae (Asian Barbets)","Moderate","Moderate Decline","Uncertain","Moderate","Diurnal","Diurnal","Fruit & Nect","Yes","Yes","No","Western Ghats","Forest","Resident",NA,NA,NA,"Malabar Barbet","Psilopogon malabaricus","Malabar Barbet","Psilopogon malabaricus","Least Concern","Schedule-II","","",NA,"X","X","X",165,0.23030303030303,0.651515151515151,0.727272727272727,20.9333333333333,0.676981617455018,39.1529352658587,93.5146754548099,228.1885143964,-6.13478677543792,4.60386936407199,15.3425255035819,94.2003085497659,143.910549519257,222.580510068838,92.2263487135898,149.698344443576,246.957343146369,90.277606701041,155.894031766483,274.853247343043,88.3989398922172,162.528814994426,306.695836820119,86.6157647905245,169.636762644999,343.009421594922,84.9423017310231,177.255093852415,384.41941842695,83.3861758878854,185.424495649191,431.662673777606
"Coppersmith Barbet","Psilopogon haemacephalus","copbar1","Piciformes","Megalaimidae (Asian Barbets)","Low","Stable","Uncertain","Very Large","Diurnal","Diurnal","Fruit & Nect","No","No","No","Non-endemic","Forest & Plantation","Resident",NA,NA,NA,"Coppersmith Barbet","Psilopogon haemacephalus","Coppersmith Barbet","Psilopogon haemacephalus","Least Concern","Schedule-II","","",NA,"X","X","X",3286,0.0842970176506391,0.421028606208156,0.648813146682897,10.9476567255021,0.227417963482219,114.696839310433,130.73531760037,150.565976826824,-0.358001659654142,0.50491912349617,1.36783990664648,101.026774169931,108.859646073358,117.326364342894,100.45810579449,109.425645588513,119.229061782901,99.8665588996582,109.996192879646,121.19921537233,99.2612124410573,110.571328668979,123.228417566976,98.6478151033471,111.151094091624,125.311607485397,98.0301421688109,111.735530700081,127.445714362498,97.410752829271,112.324680468791,129.628900567472
"Blue-eared Barbet","Psilopogon cyanotis","buebar1","Piciformes","Megalaimidae (Asian Barbets)","Low","Data Deficient","Uncertain","Moderate","Diurnal","Diurnal","Fruit & Nect","No","No","No","Non-endemic","Forest","Resident",NA,NA,NA,"Blue-eared Barbet","Psilopogon cyanotis","Blue-eared Barbet","Psilopogon cyanotis","Least Concern","Schedule-II","","",NA,"","","X",156,0.0641025641025641,0.288461538461538,0.5,12.3461538461538,0.993069308455647,NA,NA,NA,NA,NA,NA,NA,NA,NA,NA,NA,NA,NA,NA,NA,NA,NA,NA,NA,NA,NA,NA,NA,NA,NA,NA,NA
"Great Barbet","Psilopogon virens","grebar1","Piciformes","Megalaimidae (Asian Barbets)","Low","Uncertain","Uncertain","Moderate","Diurnal","Diurnal","Fruit & Nect","No","No","No","Non-endemic","Forest","Resident & Altitudinal Migrant",NA,NA,NA,"Great Barbet","Psilopogon virens","Great Barbet","Psilopogon virens","Least Concern","Schedule-II","","",NA,"X","X","X",484,0.115702479338843,0.432231404958678,0.648760330578512,10.6280991735537,0.563300798701681,179.269623294365,265.094504299651,391.00684080487,0.0726803135439313,5.04284767471234,10.0130150358807,111.980369744155,136.398498866268,166.563278246015,113.291515778314,141.975151206553,178.513238315347,114.566769723052,147.813984170932,191.519339899372,115.83129514052,153.928558860171,205.639035896908,117.10156903787,160.333194994102,220.945650999055,118.388907159125,167.043016299523,237.525506772715,119.701448386539,174.073998779752,255.476648908496
"Lineated Barbet","Psilopogon lineatus","linbar1","Piciformes","Megalaimidae (Asian Barbets)","Low","Uncertain","Uncertain","Moderate","Diurnal","Diurnal","Fruit & Nect","No","No","No","Non-endemic","Forest & Plantation","Resident",NA,NA,NA,"Lineated Barbet","Psilopogon lineatus","Lineated Barbet","Psilopogon lineatus","Least Concern","Schedule-II","","",NA,"X","X","X",417,0.100719424460432,0.40863309352518,0.623501199040767,11.7146282973621,0.579245424481563,78.7164489627826,123.686583036417,192.733659294123,-2.43267095613174,1.16754003402709,4.76775102418592,95.4490895689244,116.998197440931,143.779365301534,93.7546678973389,118.346865502106,149.891240823258,92.0458277129389,119.737993993626,156.429458987535,90.3459859727009,121.172743909101,163.387996944113,88.6692205397151,122.652319386011,170.771540747333,87.0241089171781,124.177969297069,178.591726296389,85.4158711807416,125.750988908517,186.865082298523
"Brown-headed Barbet","Psilopogon zeylanicus","brhbar1","Piciformes","Megalaimidae (Asian Barbets)","Low","Uncertain","Uncertain","Large","Diurnal","Diurnal","Fruit & Nect","No","Yes","No","Indian Subcontinent","Non-specialized","Resident",NA,NA,NA,"Brown-headed Barbet","Psilopogon zeylanicus","Brown-headed Barbet","Psilopogon zeylanicus","Least Concern","Schedule-II","","",NA,"","","X",1484,0.066711590296496,0.337466307277628,0.578840970350404,10.644204851752,0.347000884347496,NA,NA,NA,NA,NA,NA,NA,NA,NA,NA,NA,NA,NA,NA,NA,NA,NA,NA,NA,NA,NA,NA,NA,NA,NA,NA,NA
"White-cheeked Barbet","Psilopogon viridis","whcbar1","Piciformes","Megalaimidae (Asian Barbets)","Low","Uncertain","Uncertain","Large","Diurnal","Diurnal","Fruit & Nect","Yes","Yes","No","Mainland India","Non-specialized","Resident",NA,NA,NA,"White-cheeked Barbet","Psilopogon viridis","White-cheeked Barbet","Psilopogon viridis","Least Concern","Schedule-II","","",NA,"X","X","X",452,0.254424778761062,0.726769911504425,0.856194690265487,18.608407079646,0.552422638088834,81.45636687422,168.258952643004,364.452341517703,-4.13122735660753,2.82082867968014,9.77288471596781,98.7980489373662,134.530270509763,184.320699639026,97.0060604784545,138.073462819241,198.12345770642,95.2118563650564,141.801082437963,213.3788383337,93.4504385866427,145.72276645197,230.177205859397,91.7421380536738,149.848791213463,248.638379654576,90.098726309136,154.190116989935,268.907136912708,88.5268278054682,158.758436146462,291.15161760415
"Golden-throated Barbet","Psilopogon franklinii","gotbar2","Piciformes","Megalaimidae (Asian Barbets)","Moderate","Data Deficient","Strong Decline","Moderate","Diurnal","Diurnal","Fruit & Nect","No","No","No","Non-endemic","Forest","Resident",NA,NA,NA,"Golden-throated Barbet","Psilopogon franklinii","Golden-throated Barbet","Psilopogon franklinii","Least Concern","Schedule-II","","",NA,"","","X",140,0.0785714285714286,0.302857142857143,0.542857142857143,9.66428571428571,1.03964602443096,NA,NA,NA,NA,NA,NA,NA,NA,NA,NA,NA,NA,NA,NA,NA,NA,NA,NA,NA,NA,NA,NA,NA,NA,NA,NA,NA
"Blue-throated Barbet","Psilopogon asiaticus","bltbar2","Piciformes","Megalaimidae (Asian Barbets)","Low","Uncertain","Uncertain","Large","Diurnal","Diurnal","Fruit & Nect","No","No","No","Non-endemic","Forest & Plantation","Resident",NA,NA,NA,"Blue-throated Barbet","Psilopogon asiaticus","Blue-throated Barbet","Psilopogon asiaticus","Least Concern","Schedule-II","","",NA,"X","X","X",757,0.0937912813738441,0.443989431968296,0.688243064729194,10.4782034346103,0.430888209174356,130.769740765914,182.89065889956,253.917496133271,-1.41527627141496,1.57778186793218,4.57084000727932,93.5182418630711,108.692669406094,126.516150189697,92.8604839902496,110.298157635315,131.264530859557,92.1719472060937,111.943643644646,136.293551606263,91.4694779104341,113.630212249276,141.596778335632,90.7636252075091,115.358982741902,147.174668338616,90.0612066347768,117.131110066834,153.032036392488,89.3667428953926,118.947786037702,159.176653818523
"Yellow-rumped Honeyguide","Indicator xanthonotus","yerhon1","Piciformes","Indicatoridae (Honeyguides)","Moderate","Data Deficient","Data Deficient","Restricted","Diurnal","Diurnal","Invertebrate","No","No","Yes","Himalayas","Forest","Resident & Altitudinal Migrant",NA,NA,NA,"Yellow-rumped Honeyguide","Indicator xanthonotus","Yellow-rumped Honeyguide","Indicator xanthonotus","Least Concern","Schedule-II","","",NA,"","","X",36,0.0277777777777778,0.302777777777778,0.555555555555556,14.4722222222222,1.88787351794369,NA,NA,NA,NA,NA,NA,NA,NA,NA,NA,NA,NA,NA,NA,NA,NA,NA,NA,NA,NA,NA,NA,NA,NA,NA,NA,NA
"Eurasian Wryneck","Jynx torquilla","eurwry","Piciformes","Picidae (Woodpeckers)","Low","Uncertain","Uncertain","Large","Diurnal","Diurnal","Invertebrate","No","No","No","Non-endemic","Open Habitat","Winter Migrant & Localized Summer Migrant",NA,NA,NA,"Eurasian Wryneck","Jynx torquilla","Eurasian Wryneck","Jynx torquilla","Least Concern","Schedule-II","","",NA,"X","X","X",1052,0.0370722433460076,0.249904942965779,0.4106463878327,14.1910646387833,0.375274498681875,47.273135574878,73.6592687099752,113.954364530313,-3.59460303682617,-0.951037111968455,1.69252881288926,83.2497715510579,103.257669785066,128.376642251808,79.9902303248913,102.354501710364,131.378189436158,76.8125588488668,101.476938323515,134.593914497123,73.7357359979663,100.624443615512,138.001438584562,70.769088958337,99.7965001205151,141.588773434078,67.916408507575,98.9926083884163,145.350193329129,65.1782271114752,98.2122864781474,149.28394682249
"Speckled Piculet","Picumnus innominatus","spepic1","Piciformes","Picidae (Woodpeckers)","Low","Uncertain","Uncertain","Large","Diurnal","Diurnal","Invertebrate","No","No","No","Non-endemic","Forest","Resident",NA,NA,NA,"Speckled Piculet","Picumnus innominatus","Speckled Piculet","Picumnus innominatus","Least Concern","Schedule-II","","",NA,"X","X","X",431,0.0904872389791183,0.324593967517401,0.464037122969838,15.3805104408353,0.647203022662323,56.8490011895568,104.105235979678,177.610734800458,-2.82791993749579,1.63040459791155,6.08872913331889,90.6555755521052,113.384654019751,142.285561218392,89.1509304979557,115.154889064182,149.394015273188,87.6334183450261,116.99166277608,157.056249863152,86.1270706700733,118.897254803036,165.277178063928,84.6462423317298,120.874048849749,174.073912706061,83.1995982902982,122.924537372545,183.471958293732,81.7923398108009,125.051326517591,193.503179553401
"White-browed Piculet","Sasia ochracea","whbpic3","Piciformes","Picidae (Woodpeckers)","Low","Data Deficient","Uncertain","Moderate","Diurnal","Diurnal","Invertebrate","No","No","No","Non-endemic","Forest","Resident",1,NA,NA,"White-browed Piculet","Sasia ochracea","White-browed Piculet","Sasia ochracea","Least Concern","Schedule-II","","",NA,"","","X",151,0.0794701986754967,0.255629139072848,0.536423841059603,11.4635761589404,1.00824023049161,NA,NA,NA,NA,NA,NA,NA,NA,NA,NA,NA,NA,NA,NA,NA,NA,NA,NA,NA,NA,NA,NA,NA,NA,NA,NA,NA
"Heart-spotted Woodpecker","Hemicircus canente","heswoo1","Piciformes","Picidae (Woodpeckers)","High","Strong Decline","Strong Decline","Moderate","Diurnal","Diurnal","Invertebrate","No","No","No","Non-endemic","Forest","Resident",1,NA,NA,"Heart-spotted Woodpecker","Hemicircus canente","Heart-spotted Woodpecker","Hemicircus canente","Least Concern","Schedule-I","","",NA,"X","X","X",208,0.1875,0.525,0.615384615384615,19.6105769230769,0.783572927863419,25.9522721702521,45.3221286124667,78.9669165356955,-3.76416025061725,0.284937631138546,4.33403551289434,83.1419965923992,106.417015211859,136.751150635186,80.5039334877538,106.760974089936,142.322514475601,77.9143616149302,107.14533808236,148.326719834928,75.3958839833644,107.570566343099,154.75415391589,72.9604525661428,108.037164463008,161.607763774624,70.6138757324947,108.545685236997,168.898623515444,68.3583194439591,109.096729517091,176.643518104363
"Brown-capped Pygmy Woodpecker","Yungipicus nanus","bncwoo3","Piciformes","Picidae (Woodpeckers)","Moderate","Moderate Decline","Uncertain","Large","Diurnal","Diurnal","Invertebrate","No","Yes","No","Indian Subcontinent","Forest & Plantation","Resident",NA,NA,NA,"Brown-capped Pygmy Woodpecker","Yungipicus nanus","Indian Pygmy Woodpecker","Picoides nanus","Least Concern","Schedule-II","","",NA,"X","X","X",1023,0.0733137829912024,0.327565982404692,0.457478005865103,13.8396871945259,0.438078166133527,39.0146663413145,54.5710320157008,75.224775027697,-1.88856590082006,0.337369058747417,2.5633040183149,86.4028968266833,101.931982125359,120.417624564507,84.6346223538657,102.26140986623,123.782726910218,82.8622857842798,102.602599018916,127.339472252724,81.1033456373502,102.955662698427,131.073610279258,79.3682866298139,103.320717993337,134.978145450457,77.6634865056947,103.697886025353,139.050477583511,75.9928141009462,104.087292010894,143.290811764148
"Gray-capped Pygmy Woodpecker","Yungipicus canicapillus","gycwoo1","Piciformes","Picidae (Woodpeckers)","Moderate","Uncertain","Moderate Decline","Moderate","Diurnal","Diurnal","Invertebrate","No","No","No","Non-endemic","Forest & Plantation","Resident & Altitudinal Migrant",NA,NA,NA,"Grey-capped Pygmy Woodpecker","Yungipicus canicapillus","Grey-capped Woodpecker","Picoides canicapillus","Least Concern","Schedule-II","","",NA,"X","X","X",308,0.0909090909090909,0.333441558441558,0.493506493506494,13.4512987012987,0.668214193273515,69.8198889337726,106.066315174158,160.032447696561,-2.29410064646604,0.880569277557549,4.05523920158114,88.2219085290694,108.271091111767,133.160515661983,86.3702067430485,109.182157254861,138.405676303331,84.5108842770669,110.120167818388,144.002708165234,82.6658700986272,111.085672154784,149.941466086707,80.848242409854,112.079238131511,156.221599776804,79.0658732070585,113.10145266581,162.848954383325,77.3234612766122,114.152922279321,169.833586096155
"Yellow-crowned Woodpecker","Leiopicus mahrattensis","yecwoo1","Piciformes","Picidae (Woodpeckers)","High","Strong Decline","Moderate Decline","Large","Diurnal","Diurnal","Invertebrate","No","No","No","Non-endemic","Forest & Plantation","Resident",1,NA,NA,"Yellow-crowned Woodpecker","Leiopicus mahrattensis","Yellow-crowned Woodpecker","Leiopicus mahrattensis","Least Concern","Schedule-I","","",NA,"X","X","X",1321,0.072672218016654,0.272975018925057,0.41332323996972,13.328538985617,0.361439467875081,22.3201711822427,29.0318334307906,37.8688207312323,-4.14806101703908,-2.59768503598284,-1.04730905492661,72.8327607567286,83.8079530252984,96.5445549669866,69.2863466126948,81.3655340579049,95.6904806189562,65.8845939584049,79.0011517963067,94.9063286589978,62.6334785114815,76.7121343071548,94.1750886411641,59.5334235735069,74.4959064382913,93.4859126903372,56.5817968214793,72.3499861416657,92.8315840381349,53.7742790690842,70.2719809419043,92.2071156171231
"Brown-fronted Woodpecker","Dendrocoptes auriceps","brfwoo1","Piciformes","Picidae (Woodpeckers)","Low","Uncertain","Uncertain","Moderate","Diurnal","Diurnal","Invertebrate","No","No","Yes","Himalayas","Forest & Plantation","Resident & Altitudinal Migrant",NA,NA,NA,"Brown-fronted Woodpecker","Dendrocoptes auriceps","Brown-fronted Woodpecker","Leiopicus auriceps","Least Concern","Schedule-II","","",NA,"X","X","X",185,0.178378378378378,0.469189189189189,0.627027027027027,13.4432432432432,0.828188667679674,48.0493906166945,89.5080501305915,178.542185979485,-5.31249465178238,0.398956161699016,6.11040697518042,79.7347002824755,108.729446965362,149.229142632399,76.6628528896164,109.311376536544,157.190273420972,73.682150496491,109.970265755958,165.915281337667,70.8170303491326,110.707676290999,175.419895474868,68.0788146359232,111.525339920668,185.739258103133,65.4714137113451,112.425164876062,196.922676949606,62.9944746766371,113.409242826579,209.031000100113
"Rufous-bellied Woodpecker","Dendrocopos hyperythrus","rubwoo1","Piciformes","Picidae (Woodpeckers)","Low","Data Deficient","Uncertain","Moderate","Diurnal","Diurnal","Invertebrate","No","No","No","Non-endemic","Forest","Resident & Altitudinal Migrant",NA,NA,NA,"Rufous-bellied Woodpecker","Dendrocopos hyperythrus","Rufous-bellied Woodpecker","Dendrocopos hyperythrus","Least Concern","Schedule-II","","",NA,"","X","X",98,0.0612244897959184,0.369387755102041,0.561224489795918,13.6836734693878,1.21438287751264,NA,NA,NA,-5.03037684509368,2.79970701011495,10.6297908653236,101.514508809431,146.566142589825,213.449521058978,98.7994146271142,150.367864753703,231.459799714459,96.1198918673147,154.393717331944,251.60602894375,93.5173122350181,158.656510078506,274.059259950682,91.0142443957432,163.169991724051,299.038510549071,88.6224098602378,167.948922567892,326.806486532336,86.3471106027097,173.009153467577,357.66936889029
"Fulvous-breasted Woodpecker","Dendrocopos macei","fubwoo2","Piciformes","Picidae (Woodpeckers)","Low","Uncertain","Uncertain","Large","Diurnal","Diurnal","Invertebrate","No","No","No","Non-endemic","Forest","Resident",NA,NA,NA,"Fulvous-breasted Woodpecker","Dendrocopos macei","Fulvous-breasted Woodpecker","Dendrocopos macei","Least Concern","Schedule-II","","",NA,"X","X","X",540,0.0759259259259259,0.348333333333333,0.511111111111111,12.3074074074074,0.492200049156919,71.6036148951984,105.887427906174,167.341034730009,-3.42930063193455,-1.50438457570559,0.420531480523378,66.5810061955119,78.8872022836535,93.5985639303949,63.9503076961176,77.6541738325786,94.4674509501019,61.3920305873135,76.4481044427499,95.4194377588752,58.9174978990962,75.2683226671843,96.4377635399471,56.5319632959587,74.1141757746891,97.5120584743096,54.2372063476344,72.9850291856752,98.6357333986813,52.0329675538049,71.8802659261142,99.804530574529
"Freckle-breasted Woodpecker","Dendrocopos analis","frbwoo1","Piciformes","Picidae (Woodpeckers)",NA,NA,NA,NA,"Diurnal","Diurnal","Invertebrate","No","No","No","Non-endemic","Forest & Plantation","Resident",NA,NA,1,"Freckle-breasted Woodpecker","Dendrocopos analis","Freckle-breasted Woodpecker","Dendrocopos analis","Least Concern","Schedule-II","","",NA,"","","",25,0.08,0.496,0.76,7.52,1.93077410382468,NA,NA,NA,NA,NA,NA,NA,NA,NA,NA,NA,NA,NA,NA,NA,NA,NA,NA,NA,NA,NA,NA,NA,NA,NA,NA,NA
"Stripe-breasted Woodpecker","Dendrocopos atratus","stbwoo4","Piciformes","Picidae (Woodpeckers)",NA,NA,NA,NA,"Diurnal","Diurnal","Invertebrate","No","No","No","Non-endemic","Forest","Resident",NA,NA,NA,"Stripe-breasted Woodpecker","Dendrocopos atratus","Stripe-breasted Woodpecker","Dendrocopos atratus","Least Concern","Schedule-II","","",NA,"","","",11,NA,0.181818181818182,0.0909090909090909,13.5454545454545,3.85136609872994,NA,NA,NA,NA,NA,NA,NA,NA,NA,NA,NA,NA,NA,NA,NA,NA,NA,NA,NA,NA,NA,NA,NA,NA,NA,NA,NA
"Darjeeling Woodpecker","Dendrocopos darjellensis","darwoo1","Piciformes","Picidae (Woodpeckers)","Moderate","Data Deficient","Data Deficient","Restricted","Diurnal","Diurnal","Invertebrate","No","No","No","Non-endemic","Forest","Resident",1,NA,NA,"Darjeeling Woodpecker","Dendrocopos darjellensis","Darjeeling Woodpecker","Dendrocopos darjellensis","Least Concern","Schedule-II","","",NA,"","","X",50,0.12,0.33,0.56,11.88,1.82549692960574,NA,NA,NA,NA,NA,NA,NA,NA,NA,NA,NA,NA,NA,NA,NA,NA,NA,NA,NA,NA,NA,NA,NA,NA,NA,NA,NA
"Great Spotted Woodpecker","Dendrocopos major","grswoo","Piciformes","Picidae (Woodpeckers)",NA,NA,NA,NA,"Diurnal","Diurnal","Omnivore","No","No","No","Non-endemic","Forest","Resident",NA,1,NA,"Great Spotted Woodpecker","Dendrocopos major","Great Spotted Woodpecker","Dendrocopos major","Least Concern","Schedule-II","","",NA,"","","",3,NA,0.333333333333333,NA,9,1.96,NA,NA,NA,NA,NA,NA,NA,NA,NA,NA,NA,NA,NA,NA,NA,NA,NA,NA,NA,NA,NA,NA,NA,NA,NA,NA,NA
"Himalayan Woodpecker","Dendrocopos himalayensis","himwoo1","Piciformes","Picidae (Woodpeckers)","Low","Uncertain","Uncertain","Moderate","Diurnal","Diurnal","Invertebrate","No","No","Yes","Himalayas","Forest","Resident & Altitudinal Migrant",NA,NA,NA,"Himalayan Woodpecker","Dendrocopos himalayensis","Himalayan Woodpecker","Dendrocopos himalayensis","Least Concern","Schedule-II","","",NA,"X","X","X",171,0.198830409356725,0.474853801169591,0.60233918128655,11.7426900584795,0.903610668010077,37.4398227334056,78.6847283809363,156.969217884162,-6.08352031259923,0.436498304324718,6.95651692124866,79.5525772840892,115.123227991037,168.067851002424,75.8922773745203,115.801535066885,178.744169028234,72.3746948168334,116.580830200515,190.570125696774,69.0253771180807,117.462740093376,203.593693314929,65.8539653236266,118.449145961421,217.891445381803,62.8613414072046,119.542189030778,233.562452641364,60.0435429411061,120.744277006447,250.725589506226
"Sind Woodpecker","Dendrocopos assimilis","sinwoo1","Piciformes","Picidae (Woodpeckers)",NA,NA,NA,NA,"Diurnal","Diurnal","Invertebrate","No","No","No","Non-endemic","Forest & Plantation","Resident",NA,1,NA,"Sind Woodpecker","Dendrocopos assimilis","Sind Woodpecker","Dendrocopos assimilis","Least Concern","Schedule-II","","",NA,"","","",1,NA,1,1,7,NA,NA,NA,NA,NA,NA,NA,NA,NA,NA,NA,NA,NA,NA,NA,NA,NA,NA,NA,NA,NA,NA,NA,NA,NA,NA,NA,NA
"Crimson-naped Woodpecker","Dryobates cathpharius","crbwoo6","Piciformes","Picidae (Woodpeckers)",NA,NA,NA,NA,"Diurnal","Diurnal","Invertebrate","No","No","No","Non-endemic","Forest","Resident",1,NA,NA,"Crimson-breasted Woodpecker","Dryobates cathpharius","Scarlet-breasted Woodpecker","Dryobates cathpharius","Least Concern","Schedule-II","","",NA,"","","X",51,0.137254901960784,0.345098039215686,0.509803921568627,11.843137254902,1.80838291631246,NA,NA,NA,NA,NA,NA,NA,NA,NA,NA,NA,NA,NA,NA,NA,NA,NA,NA,NA,NA,NA,NA,NA,NA,NA,NA,NA
"Bay Woodpecker","Blythipicus pyrrhotis","baywoo1","Piciformes","Picidae (Woodpeckers)","Low","Data Deficient","Uncertain","Moderate","Diurnal","Diurnal","Invertebrate","No","No","No","Non-endemic","Forest","Resident & Altitudinal Migrant",NA,NA,NA,"Bay Woodpecker","Blythipicus pyrrhotis","Bay Woodpecker","Blythipicus pyrrhotis","Least Concern","Schedule-II","","",NA,"","","X",153,0.0718954248366013,0.277124183006536,0.529411764705882,10.3725490196078,1.02866521260812,NA,NA,NA,NA,NA,NA,NA,NA,NA,NA,NA,NA,NA,NA,NA,NA,NA,NA,NA,NA,NA,NA,NA,NA,NA,NA,NA
"Greater Flameback","Chrysocolaptes guttacristatus","grefla1","Piciformes","Picidae (Woodpeckers)","Low","Stable","Uncertain","Large","Diurnal","Diurnal","Invertebrate","No","No","No","Non-endemic","Forest","Resident",1,NA,NA,"Greater Flameback","Chrysocolaptes guttacristatus","Greater Flameback","Chrysocolaptes guttacristatus","Least Concern","Schedule-II","","",NA,"X","X","X",641,0.106084243369735,0.441653666146646,0.56786271450858,15.0920436817473,0.536781795989582,72.2117891054129,104.649775769447,155.124632587511,-0.943916863480092,2.19467156789042,5.33325999926092,107.977946097442,130.797321495384,158.788221270058,107.300051970645,133.628516872061,166.898127657937,106.571382177469,136.543298460762,175.590145482481,105.816715171407,139.544445021593,184.870231807114,105.051610201386,142.634839639846,194.755690549412,104.286156088807,145.817474001573,205.271570571996,103.527070918716,149.095452858425,216.448723768273
"Malabar Flameback","Chrysocolaptes socialis","grefla4","Piciformes","Picidae (Woodpeckers)",NA,NA,NA,NA,"Diurnal","Diurnal","Invertebrate","Yes","Yes","No","Western Ghats","Forest","Resident",NA,NA,NA,"Malabar Flameback","Chrysocolaptes socialis","",NA,"Not recognized","Schedule-II","","",NA,"","","",NA,NA,NA,NA,NA,NA,NA,NA,NA,NA,NA,NA,NA,NA,NA,NA,NA,NA,NA,NA,NA,NA,NA,NA,NA,NA,NA,NA,NA,NA,NA,NA,NA
"White-naped Woodpecker","Chrysocolaptes festivus","whnwoo1","Piciformes","Picidae (Woodpeckers)","Low","Stable","Uncertain","Large","Diurnal","Diurnal","Invertebrate","No","Yes","No","Indian Subcontinent","Forest & Plantation","Resident",NA,NA,NA,"White-naped Woodpecker","Chrysocolaptes festivus","White-naped Woodpecker","Chrysocolaptes festivus","Least Concern","Schedule-II","","",NA,"X","X","X",678,0.0309734513274336,0.277728613569322,0.448377581120944,14.3746312684366,0.487765647646249,62.8433090103918,106.398680060044,177.970218676823,-1.39840314251197,1.90434976558954,5.20710267369105,104.587681172517,127.23558237209,155.104903006469,103.522656097169,129.558322360904,162.577673988465,102.417183843082,131.948712764204,170.579165666773,101.296051759194,134.408933870629,179.110517075743,100.174672749558,136.941247951227,188.184040991477,99.0629083725664,139.54800264337,197.819518241921,97.9672079856658,142.231634489979,208.042184471765
"Rufous Woodpecker","Micropternus brachyurus","rufwoo2","Piciformes","Picidae (Woodpeckers)","Low","Stable","Uncertain","Large","Diurnal","Diurnal","Invertebrate","No","No","No","Non-endemic","Forest & Plantation","Resident",1,NA,NA,"Rufous Woodpecker","Micropternus brachyurus","Rufous Woodpecker","Micropternus brachyurus","Least Concern","Schedule-II","","",NA,"X","X","X",728,0.0755494505494505,0.386401098901099,0.561813186813187,15.3667582417582,0.501989627531087,58.0728962520015,79.1003887894966,111.427102462194,-0.83913634467418,1.24207601459555,3.32328837386527,91.6495754727907,106.138556827631,123.049459156104,90.7603265927429,107.36335047379,127.181648937282,89.8392295593638,108.610268773771,131.53848610603,88.9026642108225,109.879754537344,136.110140051752,87.9608852477204,111.172260673369,140.893230653688,87.0205182641437,112.488250438641,145.888346401905,86.085954614926,113.828197693298,151.098664410342
"Pale-headed Woodpecker","Gecinulus grantia","pahwoo1","Piciformes","Picidae (Woodpeckers)","Moderate","Data Deficient","Data Deficient","Moderate","Diurnal","Diurnal","Invertebrate","No","No","No","Non-endemic","Forest","Resident",1,NA,NA,"Pale-headed Woodpecker","Gecinulus grantia","Pale-headed Woodpecker","Gecinulus grantia","Least Concern","Schedule-II","","",NA,"","","X",43,0.162790697674419,0.272093023255814,0.465116279069767,15.2093023255814,2.08979637555734,NA,NA,NA,NA,NA,NA,NA,NA,NA,NA,NA,NA,NA,NA,NA,NA,NA,NA,NA,NA,NA,NA,NA,NA,NA,NA,NA
"Himalayan Flameback","Dinopium shorii","himfla1","Piciformes","Picidae (Woodpeckers)","Moderate","Moderate Decline","Uncertain","Moderate","Diurnal","Diurnal","Invertebrate","No","No","Yes","Himalayas","Forest","Resident",NA,NA,NA,"Himalayan Flameback","Dinopium shorii","Himalayan Flameback","Dinopium shorii","Least Concern","Schedule-II","","",NA,"","","X",46,0.152173913043478,0.432608695652174,0.58695652173913,15.2173913043478,2.00670420972778,NA,NA,NA,NA,NA,NA,NA,NA,NA,NA,NA,NA,NA,NA,NA,NA,NA,NA,NA,NA,NA,NA,NA,NA,NA,NA,NA
"Common Flameback","Dinopium javanense","comfla1","Piciformes","Picidae (Woodpeckers)","Moderate","Data Deficient","Data Deficient","Moderate","Diurnal","Diurnal","Invertebrate","No","No","No","Non-endemic","Forest","Resident",1,NA,NA,"Common Flameback","Dinopium javanense","Common Flameback","Dinopium javanense","Least Concern","Schedule-II","","",NA,"","","X",86,0.209302325581395,0.380232558139535,0.36046511627907,22.6395348837209,0.711699412553347,NA,NA,NA,NA,NA,NA,NA,NA,NA,NA,NA,NA,NA,NA,NA,NA,NA,NA,NA,NA,NA,NA,NA,NA,NA,NA,NA
"Black-rumped Flameback","Dinopium benghalense","bkrfla1","Piciformes","Picidae (Woodpeckers)","Low","Stable","Moderate Increase","Very Large","Diurnal","Diurnal","Invertebrate","No","Yes","No","Indian Subcontinent","Non-specialized","Resident",NA,NA,NA,"Black-rumped Flameback","Dinopium benghalense","Black-rumped Flameback","Dinopium benghalense","Least Concern","Schedule-II","","",NA,"X","X","X",2466,0.0871857258718573,0.413868613138686,0.612327656123277,12.1488240064882,0.266238472244035,83.9406483326638,101.613997611649,125.083157688371,-0.409089349183432,1.15280351182466,2.71469637283275,105.403935220585,114.973607795181,125.471063149327,105.253650678527,116.262803565173,128.502633022261,105.075477791934,117.571839519694,131.65790732377,104.880204750271,118.901062880178,134.928679706717,104.674683345576,120.250827772205,138.310764326824,104.463430370591,121.62149537599,141.802397157004,104.249522629507,123.013434080441,145.403343783392
"Lesser Yellownape","Picus chlorolophus","lesyel1","Piciformes","Picidae (Woodpeckers)","Low","Uncertain","Uncertain","Large","Diurnal","Diurnal","Invertebrate","No","No","No","Non-endemic","Forest & Plantation","Resident",NA,NA,NA,"Lesser Yellownape","Picus chlorolophus","Lesser Yellownape","Picus chlorolophus","Least Concern","Schedule-II","","",NA,"X","X","X",545,0.132110091743119,0.403302752293578,0.530275229357798,15.9816513761468,0.569923577542897,96.3779407513842,135.519214483394,190.120578495283,-0.817418450995026,2.04279535380403,4.90300915860309,102.700593681152,119.236703487392,138.639718136772,102.445439564025,121.533120698097,144.456611238013,102.15061004663,123.889966886592,150.627960496389,101.834233961456,126.309039983657,157.150732131809,101.507785128777,128.792197952461,164.029407217439,101.178787600779,131.34136098042,171.273325525519,100.852330211407,133.958513757834,178.895223076502
"Streak-throated Woodpecker","Picus xanthopygaeus","sttwoo1","Piciformes","Picidae (Woodpeckers)","Low","Uncertain","Uncertain","Large","Diurnal","Diurnal","Invertebrate","No","No","No","Non-endemic","Forest & Plantation","Resident",NA,NA,NA,"Streak-throated Woodpecker","Picus xanthopygaeus","Streak-throated Woodpecker","Picus xanthopygaeus","Least Concern","Schedule-II","","",NA,"X","X","X",408,0.0882352941176471,0.333333333333333,0.450980392156863,16.9583333333333,0.665291970128768,72.0695938026758,120.125714937639,186.451714943217,-3.31604027454929,-0.397371521861421,2.52129723082645,64.346579424717,79.9083416020607,99.4811345867318,62.2163196075269,79.7132840121376,102.465133960064,60.1220167775259,79.5322826067539,105.649034758406,58.0795476705975,79.3652396275922,109.018153292678,56.0974730687935,79.212064443633,112.565668930495,54.1801132091295,79.0726734656362,116.289550957042,52.3292552940095,78.9469900670256,120.190854985454
"Scaly-bellied Woodpecker","Picus squamatus","scbwoo1","Piciformes","Picidae (Woodpeckers)","Low","Data Deficient","Uncertain","Moderate","Diurnal","Diurnal","Invertebrate","No","No","Yes","Himalayas","Forest & Plantation","Resident & Altitudinal Migrant",NA,NA,NA,"Scaly-bellied Woodpecker","Picus squamatus","Scaly-bellied Woodpecker","Picus squamatus","Least Concern","Schedule-II","","",NA,"X","X","X",193,0.160621761658031,0.398445595854922,0.507772020725389,11.7668393782383,0.822937342993479,32.0579682992904,63.4418458087166,123.523443447212,-5.85479207781304,-1.28874871719659,3.27729464341985,75.3260032610816,100.833594105903,135.72640882604,71.362850763754,99.6311926506379,140.109448125888,67.5828061736184,98.5048375204235,144.911830644388,64.0008026810277,97.4523346110781,150.115659844315,60.6197424140329,96.4716395455855,155.718515677096,57.4360351436327,95.5608512609821,161.727882615191,54.4426160219638,94.7182060546791,168.158125291896
"Gray-headed Woodpecker","Picus canus","gyfwoo1","Piciformes","Picidae (Woodpeckers)","Low","Uncertain","Uncertain","Moderate","Diurnal","Diurnal","Invertebrate","No","No","No","Non-endemic","Forest","Resident",NA,NA,NA,"Grey-headed Woodpecker","Picus canus","Grey-faced Woodpecker","Picus canus","Least Concern","Schedule-II","","",NA,"X","X","X",371,0.121293800539084,0.387870619946092,0.566037735849057,12.5660377358491,0.607311716342336,116.674660044563,172.108132282824,265.380727827933,0.780164117385798,4.52196008499445,8.2637560526031,137.433400461527,163.34450501314,194.490788433186,139.395810069893,169.859646692514,207.470777464718,141.323549395699,176.662761264072,221.506450584953,143.243426083629,183.767602096426,236.646169749991,145.173113934291,191.188623966554,252.953290569618,147.124860797841,198.941020952246,270.5029279697,149.107575793302,207.04076648007,289.380382014448
"Greater Yellownape","Chrysophlegma flavinucha","greyel1","Piciformes","Picidae (Woodpeckers)","Low","Uncertain","Uncertain","Moderate","Diurnal","Diurnal","Invertebrate","No","No","No","Non-endemic","Forest","Resident",NA,NA,NA,"Greater Yellownape","Chrysophlegma flavinucha","Greater Yellownape","Chrysophlegma flavinucha","Least Concern","Schedule-II","","",NA,"X","X","X",243,0.106995884773663,0.348559670781893,0.522633744855967,12.8559670781893,0.777431436174931,109.331702917282,190.417639492128,328.96489711442,-1.87701223791517,2.73938583860686,7.3557839151289,113.660200268594,143.743880205122,182.450513246204,112.723611357488,147.469328450305,193.845193668823,111.738256790171,151.337018563413,206.219203781351,110.736010540188,155.35298019134,219.607727175809,109.736673909313,159.52353362173,234.06389419871,108.752900052766,163.855304969941,249.654368471093,107.792953404738,168.35524222569,266.457147015485
"Great Slaty Woodpecker","Mulleripicus pulverulentus","grswoo1","Piciformes","Picidae (Woodpeckers)","High","Data Deficient","Data Deficient","Restricted","Diurnal","Diurnal","Invertebrate","No","No","No","Non-endemic","Forest","Resident",1,NA,NA,"Great Slaty Woodpecker","Mulleripicus pulverulentus","Great Slaty Woodpecker","Mulleripicus pulverulentus","Vulnerable","Schedule-I","","",NA,"","","X",47,0.0851063829787234,0.338297872340426,0.446808510638298,15.1489361702128,1.88039947529948,NA,NA,NA,NA,NA,NA,NA,NA,NA,NA,NA,NA,NA,NA,NA,NA,NA,NA,NA,NA,NA,NA,NA,NA,NA,NA,NA
"White-bellied Woodpecker","Dryocopus javensis","whbwoo2","Piciformes","Picidae (Woodpeckers)","Moderate","Moderate Decline","Uncertain","Moderate","Diurnal","Diurnal","Invertebrate","No","No","No","Non-endemic","Forest","Resident",NA,NA,NA,"White-bellied Woodpecker","Dryocopus javensis","White-bellied Woodpecker","Dryocopus javensis","Least Concern","Schedule-II","","",NA,"X","X","X",140,0.207142857142857,0.491428571428571,0.55,20.85,0.77133931918692,20.3255745421776,41.5422738535889,81.269130583462,-6.02309344918682,-0.363126722336971,5.29684000451288,62.2302717510076,86.9110167576735,122.264321382811,59.2796155751774,86.8559685146372,128.479655487679,56.4475376652222,86.8622566878878,135.304843536395,53.7514856796112,86.9296640906173,142.746387896151,51.1975972771156,87.0581023608908,150.827401353248,48.7857914951266,87.2476109496039,159.582758333938,46.5125562840223,87.4983565817573,169.056601928824
"Andaman Woodpecker","Dryocopus hodgei","andwoo1","Piciformes","Picidae (Woodpeckers)","High","Data Deficient","Data Deficient","Restricted","Diurnal","Diurnal","Invertebrate","Yes","Yes","No","Andaman Islands","Forest","Resident",NA,NA,1,"Andaman Woodpecker","Dryocopus hodgei","Andaman Woodpecker","Dryocopus hodgei","Vulnerable","Schedule-I","","",NA,"","X","X",24,0.125,0.5375,0.708333333333333,7.625,2.00150351095066,NA,NA,NA,-6.93179999266011,-0.136074946593173,6.65965009947376,52.0643636038193,81.1650655433914,127.695713605829,48.9441363065671,81.29217631748,136.643782528833,45.9863764559399,81.48790812344,146.607813001007,43.20674721129,81.7529785791654,157.634732531561,40.6078650030645,82.0882966201039,169.797529147075,38.1854658975119,82.4949677273561,183.190046581493,35.9317391179607,82.9743000814608,197.924813781068
"Pied Falconet","Microhierax melanoleucos","piefal2","Falconiformes","Falconidae (Falcons and Caracaras)",NA,NA,NA,NA,"Diurnal","Diurnal","Invertebrate","No","No","No","Non-endemic","Forest","Resident",1,NA,NA,"Pied Falconet","Microhierax melanoleucos","Pied Falconet","Microhierax melanoleucos","Least Concern","Schedule-II","Appendix II","Appendix II",NA,"","","X",42,0.166666666666667,0.276190476190476,0.380952380952381,12.1428571428571,1.88996838275271,NA,NA,NA,NA,NA,NA,NA,NA,NA,NA,NA,NA,NA,NA,NA,NA,NA,NA,NA,NA,NA,NA,NA,NA,NA,NA,NA
"Collared Falconet","Microhierax caerulescens","colfal1","Falconiformes","Falconidae (Falcons and Caracaras)","Moderate","Data Deficient","Data Deficient","Restricted","Diurnal","Diurnal","Invertebrate","No","No","No","Non-endemic","Forest","Resident",1,NA,NA,"Collared Falconet","Microhierax caerulescens","Collared Falconet","Microhierax caerulescens","Least Concern","Schedule-II","Appendix II","Appendix II",NA,"","","X",58,0.172413793103448,0.367241379310345,0.448275862068966,15.3103448275862,1.90052707271951,NA,NA,NA,NA,NA,NA,NA,NA,NA,NA,NA,NA,NA,NA,NA,NA,NA,NA,NA,NA,NA,NA,NA,NA,NA,NA,NA
"Lesser Kestrel","Falco naumanni","leskes1","Falconiformes","Falconidae (Falcons and Caracaras)",NA,NA,NA,NA,"Diurnal","Diurnal","Invertebrate","No","No","No","Non-endemic","Grassland","Passage Migrant",NA,NA,NA,"Lesser Kestrel","Falco naumanni","Lesser Kestrel","Falco naumanni","Least Concern","Schedule-II","Appendix II","Appendix I",NA,"","","",25,0.16,0.144,0.12,20.2,2.51512120317623,NA,NA,NA,NA,NA,NA,NA,NA,NA,NA,NA,NA,NA,NA,NA,NA,NA,NA,NA,NA,NA,NA,NA,NA,NA,NA,NA
"Eurasian Kestrel","Falco tinnunculus","eurkes","Falconiformes","Falconidae (Falcons and Caracaras)","Moderate","Moderate Decline","Strong Decline","Moderate","Diurnal","Diurnal","Vertebrate & Carrion","No","No","No","Non-endemic","Open Habitat","Resident & Winter Migrant",NA,NA,NA,"Common Kestrel","Falco tinnunculus","Common Kestrel","Falco tinnunculus","Least Concern","Schedule-II","Appendix II","Appendix II",NA,"X","X","X",2531,0.0999604899249309,0.306400632161201,0.418016594231529,12.4350059265113,0.259214244157227,24.7734312894944,28.8259267308703,33.6152687836826,-7.01432471591117,-6.31060181559058,-5.60687891526999,36.7041239269466,41.4044666676087,46.7308436833876,33.0642984905996,37.9554365982758,43.5996200613123,29.7732827349301,34.794828344731,40.6984943843748,26.802674225155,31.8984300940663,38.0040164547464,24.1241670545078,29.2440702779755,35.497467634196,21.7107559788778,26.8114449963724,33.1631931605087,19.5372529064296,24.5819600935815,30.9876676690987
"Red-necked Falcon","Falco chicquera","renfal1","Falconiformes","Falconidae (Falcons and Caracaras)","High","Strong Decline","Strong Decline","Large","Diurnal","Diurnal","Vertebrate & Carrion","No","No","No","Non-endemic","Open Habitat","Resident",NA,NA,NA,"Red-necked Falcon","Falco chicquera","Red-headed Falcon","Falco chicquera","Near Threatened","Schedule-I","Appendix II","Appendix II",NA,"X","X","X",749,0.0360480640854473,0.232576769025367,0.337783711615487,15.543391188251,0.462930776388762,25.8734985215819,43.391468935434,72.3292175953594,-5.99213892181961,-4.23097920380254,-2.46981948578547,53.1458323419583,65.0272071427316,79.7368055443615,48.9842544969974,61.7118867364885,77.9671863867583,45.1223771629222,58.5742233333774,76.312152089724,41.550653996274,55.6042749008404,74.7484218345048,38.2542029977501,52.7926778665157,73.2608215533355,35.2158977717952,50.130612246221,71.8389507411186,32.4179837232458,47.6097689437251,70.4753459654387
"Red-footed Falcon","Falco vespertinus","reffal1","Falconiformes","Falconidae (Falcons and Caracaras)",NA,NA,NA,NA,"Diurnal","Diurnal","Invertebrate","No","No","No","Non-endemic","Open Habitat","Uncertain",NA,NA,NA,"Red-footed Falcon","Falco vespertinus","Red-footed Falcon","Falco vespertinus","Vulnerable","Schedule-II","Appendix II","Appendix I",NA,"","","",NA,NA,NA,NA,NA,NA,NA,NA,NA,NA,NA,NA,NA,NA,NA,NA,NA,NA,NA,NA,NA,NA,NA,NA,NA,NA,NA,NA,NA,NA,NA,NA,NA
"Amur Falcon","Falco amurensis","amufal1","Falconiformes","Falconidae (Falcons and Caracaras)","Low","Data Deficient","Uncertain","Moderate","Diurnal","Diurnal","Invertebrate","No","No","No","Non-endemic","Open Habitat","Passage Migrant",1,NA,NA,"Amur Falcon","Falco amurensis","Amur Falcon","Falco amurensis","Least Concern","Schedule-I","Appendix II","Appendix II",NA,"","X","X",253,0.0118577075098814,0.209486166007905,0.276679841897233,16.2648221343874,0.812988017423532,NA,NA,NA,-9.53898496818912,-6.35822677006904,-3.17746857194896,38.0175834824672,64.0522629129545,109.267540623514,32.0567582618016,58.2337278239052,107.525940885117,27.005209735477,52.9898167798629,106.163254779273,22.7421725104921,48.2599049510018,105.100917511088,19.153132922027,43.9901325825021,104.289143020132,16.1354487433695,40.1326118913512,103.695085708377,13.599730414981,36.6447311488509,103.296382255977
"Merlin","Falco columbarius","merlin","Falconiformes","Falconidae (Falcons and Caracaras)",NA,NA,NA,NA,"Diurnal","Diurnal","Vertebrate & Carrion","No","No","No","Non-endemic","Grassland","Winter Migrant",NA,NA,NA,"Merlin","Falco columbarius","Merlin","Falco columbarius","Least Concern","Schedule-II","Appendix II","Appendix II",NA,"","","",40,0.1,0.1875,0.25,13.275,2.03397299102154,NA,NA,NA,NA,NA,NA,NA,NA,NA,NA,NA,NA,NA,NA,NA,NA,NA,NA,NA,NA,NA,NA,NA,NA,NA,NA,NA
"Eurasian Hobby","Falco subbuteo","eurhob","Falconiformes","Falconidae (Falcons and Caracaras)","Low","Data Deficient","Uncertain","Moderate","Diurnal","Diurnal","Invertebrate","No","No","No","Non-endemic","Open Habitat","Winter Migrant & Localized Summer Migrant",NA,NA,NA,"Eurasian Hobby","Falco subbuteo","Eurasian Hobby","Falco subbuteo","Least Concern","Schedule-II","Appendix II","Appendix II",NA,"X","X","X",334,0.0718562874251497,0.208083832335329,0.263473053892216,15.7544910179641,0.68869278849659,22.4804829022916,43.8484406300139,88.0939322352363,-7.17406894732506,-3.50972931855256,0.154610310219936,45.8841974697343,66.6786255006536,97.616396471993,41.7089095503889,63.9522403376609,99.0147929612242,37.8878515483215,61.3709555373462,100.650715167872,34.4084776584793,58.9259782944553,102.490198503674,31.2496112407587,56.6091048510696,104.514186320055,28.3867479983954,54.4126779181388,106.712551269882,25.7947527337774,52.3295473709488,109.080811541648
"Oriental Hobby","Falco severus","orihob1","Falconiformes","Falconidae (Falcons and Caracaras)",NA,NA,NA,NA,"Diurnal","Diurnal","Vertebrate & Carrion","No","No","No","Non-endemic","Forest","Resident & Local Migrant",1,NA,NA,"Oriental Hobby","Falco severus","Oriental Hobby","Falco severus","Least Concern","Schedule-II","Appendix II","Appendix II",NA,"","","X",56,0.0714285714285714,0.194642857142857,0.428571428571429,14.3035714285714,1.76860384073272,NA,NA,NA,NA,NA,NA,NA,NA,NA,NA,NA,NA,NA,NA,NA,NA,NA,NA,NA,NA,NA,NA,NA,NA,NA,NA,NA
"Laggar Falcon","Falco jugger","lagfal1","Falconiformes","Falconidae (Falcons and Caracaras)","Moderate","Data Deficient","Uncertain","Moderate","Diurnal","Diurnal","Vertebrate & Carrion","No","No","No","Non-endemic","Grassland","Resident",1,NA,NA,"Laggar Falcon","Falco jugger","Laggar Falcon","Falco jugger","Near Threatened","Schedule-I","Appendix I","Appendix II",NA,"","X","X",166,0.0963855421686747,0.213253012048193,0.271084337349398,12.6325301204819,1.14188340654484,NA,NA,NA,-10.0359193709064,-6.89751321361261,-3.75910705631882,26.7689805523138,40.2222971918687,61.0659317333214,22.6578403893429,36.1077672177015,58.3305497028861,19.169353075277,32.4455680653848,55.8823607957207,16.2183055810077,29.1831230648146,53.6699742706179,13.7260030955962,26.2742612857975,51.6580327138444,11.6227857749613,23.6784041353666,49.8208117466431,9.84834817314829,21.3598591558218,48.1387090483658
"Saker Falcon","Falco cherrug","sakfal1","Falconiformes","Falconidae (Falcons and Caracaras)",NA,NA,NA,NA,"Diurnal","Diurnal","Vertebrate & Carrion","No","No","No","Non-endemic","Open Habitat","Winter Migrant & Localized Summer Migrant",1,NA,NA,"Saker Falcon","Falco cherrug","Saker Falcon","Falco cherrug","Endangered","Schedule-I","Appendix II","Appendix I",NA,"","","",NA,NA,NA,NA,NA,NA,NA,NA,NA,NA,NA,NA,NA,NA,NA,NA,NA,NA,NA,NA,NA,NA,NA,NA,NA,NA,NA,NA,NA,NA,NA,NA,NA
"Peregrine Falcon","Falco peregrinus","perfal","Falconiformes","Falconidae (Falcons and Caracaras)","Low","Stable","Uncertain","Moderate","Diurnal","Diurnal","Vertebrate & Carrion","No","No","No","Non-endemic","Open Habitat","Resident & Winter Migrant",NA,NA,NA,"Peregrine Falcon","Falco peregrinus","Peregrine Falcon","Falco peregrinus","Least Concern","Schedule-I","Appendix I","Appendix II",NA,"X","X","X",1305,0.0559386973180077,0.286206896551724,0.399233716475096,15.3272030651341,0.35191444084031,41.7428476143165,56.4422619329189,75.2860370381408,-2.96826955266663,-1.42405833399946,0.120152884667705,77.3024856425518,89.3168486683236,103.276636568049,74.5051436532408,87.9083164713806,103.825694344492,71.7756638899466,86.5280571986024,104.444919828168,69.1256808582869,85.1754294793657,105.117826702446,66.5609196918596,83.8498080799267,105.8340683437,64.0836990467839,82.5505834623352,106.586924995507,61.6943169996901,81.2771613563042,107.371908414133
"Alexandrine Parakeet","Psittacula eupatria","alepar2","Psittaciformes","Psittaculidae (Old World Parrots)","Low","Uncertain","Moderate Increase","Very Large","Diurnal","Diurnal","Fruit & Nect","No","No","No","Non-endemic","Forest & Plantation","Resident",NA,NA,NA,"Alexandrine Parakeet","Psittacula eupatria","Alexandrine Parakeet","Palaeornis eupatria","Least Concern","Schedule-II","Appendix II","",NA,"","","X",1901,0.0478695423461336,0.31462388216728,0.539715938979484,10.9952656496581,0.289382331163655,NA,NA,NA,NA,NA,NA,NA,NA,NA,NA,NA,NA,NA,NA,NA,NA,NA,NA,NA,NA,NA,NA,NA,NA,NA,NA,NA
"Rose-ringed Parakeet","Psittacula krameri","rorpar","Psittaciformes","Psittaculidae (Old World Parrots)","Low","Stable","Stable","Very Large","Diurnal","Diurnal","Fruit & Nect","No","No","No","Non-endemic","Non-specialized","Resident",NA,NA,NA,"Rose-ringed Parakeet","Psittacula krameri","Rose-ringed Parakeet","Alexandrinus krameri","Least Concern","Schedule-II","","",NA,"X","X","X",4077,0.0905077262693157,0.471179789060584,0.693892568064754,10.0689232278636,0.204007178850094,141.035849933264,160.172395640282,183.276922505801,1.03203970166905,2.28011277698872,3.52818585230838,115.706850268324,122.745080299608,130.242631656898,117.12873969937,125.321459078177,134.12935947655,118.545370623691,127.955062895016,138.16707365515,119.964390038152,130.647224917174,142.352595229439,121.390785222083,133.399310705753,146.685551142612,122.827964422526,136.212719033796,151.167298554093,124.278362348578,139.088882725573,155.800324516669
"Slaty-headed Parakeet","Psittacula himalayana","slhpar1","Psittaciformes","Psittaculidae (Old World Parrots)","Low","Uncertain","Uncertain","Moderate","Diurnal","Diurnal","Plant & Seed","No","Yes","Yes","Indian Subcontinent","Forest & Plantation","Resident & Altitudinal Migrant",NA,NA,NA,"Slaty-headed Parakeet","Psittacula himalayana","Slaty-headed Parakeet","Himalayapsitta himalayana","Least Concern","Schedule-II","Appendix II","",NA,"X","X","X",219,0.150684931506849,0.458904109589041,0.570776255707763,13.2283105022831,0.829378687161544,69.9358102334321,129.722097622075,241.748617047743,-4.71808793546485,0.923552384080889,6.56519270362662,80.8050186951541,110.650560898124,152.490471689508,78.0941620595515,111.879982559066,161.629948140199,75.4377381302747,113.185655229327,171.646161741404,72.8632813508223,114.569819916354,182.565304903569,70.3850505483508,116.034865641095,194.43366076719,68.0096880219916,117.583335797146,207.312491039847,65.739358637309,119.217934952055,221.275511893861
"Gray-headed Parakeet","Psittacula finschii","gyhpar2","Psittaciformes","Psittaculidae (Old World Parrots)",NA,NA,NA,NA,"Diurnal","Diurnal","Plant & Seed","No","No","No","Non-endemic","Forest","Summer Migrant & Localized Winter Migrant",1,NA,NA,"Grey-headed Parakeet","Psittacula finschii","Grey-headed Parakeet","Himalayapsitta finschii","Near Threatened","Schedule-II","Appendix II","",NA,"","","X",23,0.0434782608695652,0.165217391304348,0.478260869565217,10.2173913043478,1.73372702091636,NA,NA,NA,NA,NA,NA,NA,NA,NA,NA,NA,NA,NA,NA,NA,NA,NA,NA,NA,NA,NA,NA,NA,NA,NA,NA,NA
"Plum-headed Parakeet","Psittacula cyanocephala","plhpar1","Psittaciformes","Psittaculidae (Old World Parrots)","Low","Stable","Uncertain","Very Large","Diurnal","Diurnal","Fruit & Nect","No","Yes","No","Indian Subcontinent","Forest","Resident",NA,NA,NA,"Plum-headed Parakeet","Psittacula cyanocephala","Plum-headed Parakeet","Himalayapsitta cyanocephala","Least Concern","Schedule-II","Appendix II","",NA,"X","X","X",2458,0.0772986167615948,0.379373474369406,0.582587469487388,11.3295362082994,0.271859930922046,82.547028176647,98.6587997132897,120.392675577042,0.317122039452738,1.94624717526852,3.57537231108429,113.793349342215,124.164918896225,135.549091064037,114.407429658379,126.422722596917,139.790923639505,114.993152062142,128.727086927805,144.221265778154,115.561803376673,131.079059227165,148.834432670892,116.120608784684,133.479712066726,153.6290116181,116.67438090579,135.930143894967,158.606221176193,117.226443056792,138.431479697626,163.768996454392
"Blossom-headed Parakeet","Psittacula roseata","blhpar3","Psittaciformes","Psittaculidae (Old World Parrots)",NA,NA,NA,NA,"Diurnal","Diurnal","Fruit & Nect","No","No","No","Non-endemic","Forest & Plantation","Resident",1,NA,NA,"Blossom-headed Parakeet","Psittacula roseata","Blossom-headed Parakeet","Himalayapsitta roseata","Near Threatened","Schedule-II","Appendix II","",NA,"","","X",49,0.142857142857143,0.228571428571429,0.346938775510204,13.9795918367347,1.82133650560973,NA,NA,NA,NA,NA,NA,NA,NA,NA,NA,NA,NA,NA,NA,NA,NA,NA,NA,NA,NA,NA,NA,NA,NA,NA,NA,NA
"Malabar Parakeet","Psittacula columboides","malpar1","Psittaciformes","Psittaculidae (Old World Parrots)","Moderate","Moderate Decline","Uncertain","Moderate","Diurnal","Diurnal","Plant & Seed","Yes","Yes","No","Western Ghats","Forest","Resident",NA,NA,NA,"Malabar Parakeet","Psittacula columboides","Malabar Parakeet","Nicopsitta columboides","Least Concern","Schedule-II","Appendix II","",NA,"X","X","X",211,0.241706161137441,0.615165876777251,0.729857819905213,20.7440758293839,0.618348567070337,39.3138586193873,88.8334596224698,201.272956907661,-5.86561056627743,1.97856841925693,9.8227474047913,89.7186190189728,129.612779698723,188.883931158963,86.8113266407632,132.212783509385,203.67063751511,83.9799040737994,134.997003525809,220.192107054535,81.2582385101901,137.974960426958,238.576500750971,78.6632467430147,141.156982075411,258.992676348051,76.2022111575587,144.554267454995,281.645781282122,73.8768395139116,148.17895705021,306.776586054031
"Derbyan Parakeet","Psittacula derbiana","derpar1","Psittaciformes","Psittaculidae (Old World Parrots)",NA,NA,NA,NA,"Diurnal","Diurnal","Omnivore","No","No","No","Non-endemic","Forest","Resident",NA,NA,NA,"Derbyan Parakeet","Psittacula derbiana","Lord Derby's Parakeet","Psittacula derbiana","Least Concern","Schedule-I","Appendix II","",NA,"","","",NA,NA,NA,NA,NA,NA,NA,NA,NA,NA,NA,NA,NA,NA,NA,NA,NA,NA,NA,NA,NA,NA,NA,NA,NA,NA,NA,NA,NA,NA,NA,NA,NA
"Red-breasted Parakeet","Psittacula alexandri","rebpar4","Psittaciformes","Psittaculidae (Old World Parrots)","Moderate","Uncertain","Uncertain","Moderate","Diurnal","Diurnal","Fruit & Nect","No","No","No","Non-endemic","Forest","Resident",NA,NA,NA,"Red-breasted Parakeet","Psittacula alexandri","Red-breasted Parakeet","Psittacula alexandri","Near Threatened","Schedule-I","Appendix II","",NA,"X","X","X",254,0.125984251968504,0.374015748031496,0.55511811023622,12.7204724409449,0.782367822369665,69.5011816578413,123.888207668946,220.624043369049,-4.03121507205087,1.06065079918545,6.15251667042177,82.735312467634,109.38243365485,145.367201136878,80.3357374531277,110.56351917277,153.20755396324,77.9669489089313,111.806688318071,161.737164813229,75.6552032741581,113.113952504523,170.967733200023,73.4149212113804,114.487436181924,180.927172227472,71.253662700367,115.929382413083,191.654967007956,69.1748939846238,117.442158796668,203.199779393499
"Nicobar Parakeet","Psittacula caniceps","nicpar1","Psittaciformes","Psittaculidae (Old World Parrots)","Moderate","Data Deficient","Data Deficient","Restricted","Diurnal","Diurnal","Fruit & Nect","Yes","Yes","No","Nicobar Islands","Forest","Resident",NA,NA,1,"Nicobar Parakeet","Psittacula caniceps","Nicobar Parakeet","Psittacula caniceps","Near Threatened","Schedule-II","Appendix II","",NA,"","","X",9,0.111111111111111,0.416666666666667,0.555555555555556,5,2.48781921458221,NA,NA,NA,NA,NA,NA,NA,NA,NA,NA,NA,NA,NA,NA,NA,NA,NA,NA,NA,NA,NA,NA,NA,NA,NA,NA,NA
"Long-tailed Parakeet","Psittacula longicauda","lotpar2","Psittaciformes","Psittaculidae (Old World Parrots)","Low","Data Deficient","Moderate Increase","Restricted","Diurnal","Diurnal","Omnivore","No","No","No","Non-endemic","Forest & Plantation","Resident",1,NA,1,"Long-tailed Parakeet","Psittacula longicauda","Long-tailed Parakeet","Belocercus longicaudus","Vulnerable","Schedule-II","Appendix II","",NA,"","","X",41,0.170731707317073,0.507317073170732,0.609756097560976,6.07317073170732,1.43147474738791,NA,NA,NA,NA,NA,NA,NA,NA,NA,NA,NA,NA,NA,NA,NA,NA,NA,NA,NA,NA,NA,NA,NA,NA,NA,NA,NA
"Vernal Hanging-Parrot","Loriculus vernalis","vehpar1","Psittaciformes","Psittaculidae (Old World Parrots)","Low","Uncertain","Uncertain","Moderate","Diurnal","Diurnal","Fruit & Nect","No","No","No","Non-endemic","Forest & Plantation","Resident & Local Migrant",NA,NA,NA,"Vernal Hanging-Parrot","Loriculus vernalis","Vernal Hanging-parrot","Loriculus vernalis","Least Concern","Schedule-II","Appendix II","",NA,"X","X","X",444,0.175675675675676,0.532882882882883,0.686936936936937,16.3873873873874,0.672958779457258,70.2811741024292,120.571504901469,211.161471698936,-1.8698393889175,4.71014551895608,11.2901304268297,126.423984598511,163.544397679922,212.442820226591,126.884509659388,170.335268694415,229.911448222752,127.293196066783,177.487587467914,249.197402699544,127.688055554706,185.023128044895,270.433113973719,128.093498814373,192.965110543394,293.782902574403,128.525873229579,201.338304906347,319.439473907406,128.996578526313,210.169142598177,347.623072277326
"Long-tailed Broadbill","Psarisomus dalhousiae","lotbro1","Passeriformes","Eurylaimidae (Asian and Grauer's Broadbills)","Low","Data Deficient","Uncertain","Moderate","Diurnal","Diurnal","Invertebrate","No","No","No","Non-endemic","Forest","Resident & Altitudinal Migrant",1,NA,NA,"Long-tailed Broadbill","Psarisomus dalhousiae","Long-tailed Broadbill","Psarisomus dalhousiae","Least Concern","Schedule-II","","",NA,"","","X",186,0.0752688172043011,0.293548387096774,0.505376344086022,12.1774193548387,0.943352694108274,NA,NA,NA,NA,NA,NA,NA,NA,NA,NA,NA,NA,NA,NA,NA,NA,NA,NA,NA,NA,NA,NA,NA,NA,NA,NA,NA
"Gray-lored Broadbill","Serilophus rubropygius","sibbro2","Passeriformes","Eurylaimidae (Asian and Grauer's Broadbills)",NA,NA,NA,NA,"Diurnal","Diurnal","Invertebrate","No","No","No","Non-endemic","Forest","Resident",1,NA,NA,"Grey-lored Broadbill","Serilophus rubropygius","Grey-browed Broadbill","Serilophus rubropygius","Least Concern","Schedule-II","","",NA,"","","X",43,0.0697674418604651,0.293023255813953,0.488372093023256,12.8372093023256,1.94794925285265,NA,NA,NA,NA,NA,NA,NA,NA,NA,NA,NA,NA,NA,NA,NA,NA,NA,NA,NA,NA,NA,NA,NA,NA,NA,NA,NA
"Blue-naped Pitta","Hydrornis nipalensis","blnpit1","Passeriformes","Pittidae (Pittas)","Moderate","Data Deficient","Data Deficient","Moderate","Diurnal","Diurnal","Invertebrate","No","No","No","Non-endemic","Forest","Resident",1,NA,NA,"Blue-naped Pitta","Hydrornis nipalensis","Blue-naped Pitta","Hydrornis nipalensis","Least Concern","Schedule-II","","",NA,"","","X",78,0.0897435897435897,0.262820512820513,0.576923076923077,13.0384615384615,1.35887065620069,NA,NA,NA,NA,NA,NA,NA,NA,NA,NA,NA,NA,NA,NA,NA,NA,NA,NA,NA,NA,NA,NA,NA,NA,NA,NA,NA
"Blue Pitta","Hydrornis cyaneus","blupit1","Passeriformes","Pittidae (Pittas)",NA,NA,NA,NA,"Diurnal","Diurnal","Invertebrate","No","No","No","Non-endemic","Forest","Summer Migrant",NA,1,NA,"Blue Pitta","Hydrornis cyaneus","Blue Pitta","Hydrornis cyaneus","Least Concern","Schedule-II","","",NA,"","","",1,NA,NA,NA,10,NA,NA,NA,NA,NA,NA,NA,NA,NA,NA,NA,NA,NA,NA,NA,NA,NA,NA,NA,NA,NA,NA,NA,NA,NA,NA,NA,NA
"Indian Pitta","Pitta brachyura","indpit1","Passeriformes","Pittidae (Pittas)","Low","Uncertain","Uncertain","Large","Diurnal","Diurnal","Invertebrate","No","Yes","No","Indian Subcontinent","Forest & Plantation","Within-India Migrant",NA,NA,NA,"Indian Pitta","Pitta brachyura","Indian Pitta","Pitta brachyura","Least Concern","Schedule-II","","",NA,"X","X","X",1049,0.0610104861773117,0.352240228789323,0.550047664442326,15.8293612964728,0.396839037602175,57.0062681963049,80.1257859309037,110.195350280242,-0.715760467703825,1.52844382650205,3.77264812070793,103.826552773156,117.427234735393,132.933655690526,103.48829367392,119.14539716205,137.339429596361,103.114910886467,120.898965744387,141.972024937576,102.721575043356,122.68876576663,146.823325529063,102.317884067848,124.515644176448,151.891107771206,101.910129750977,126.380470202387,157.176788220147,101.502565411498,128.284135990227,162.684170754255
"Blue-winged Pitta","Pitta moluccensis","blwpit1","Passeriformes","Pittidae (Pittas)",NA,NA,NA,NA,"Diurnal","Diurnal","Invertebrate","No","No","No","Non-endemic","Forest","Uncertain",NA,1,NA,"Blue-winged Pitta","Pitta moluccensis","Blue-winged Pitta","Pitta moluccensis","Least Concern","Schedule-II","","",NA,"","","",NA,NA,NA,NA,NA,NA,NA,NA,NA,NA,NA,NA,NA,NA,NA,NA,NA,NA,NA,NA,NA,NA,NA,NA,NA,NA,NA,NA,NA,NA,NA,NA,NA
"Nicobar Hooded Pitta","Pitta abbotti","hoopit4","Passeriformes","Pittidae (Pittas)",NA,NA,NA,NA,"Diurnal","Diurnal","Invertebrate","Yes","Yes","No","Nicobar Islands","Forest","Resident",NA,NA,1,"Nicobar Hooded Pitta","Pitta abbotti","",NA,"Not recognized","Schedule-II","","",NA,"","","",NA,NA,NA,NA,NA,NA,NA,NA,NA,NA,NA,NA,NA,NA,NA,NA,NA,NA,NA,NA,NA,NA,NA,NA,NA,NA,NA,NA,NA,NA,NA,NA,NA
"Western Hooded Pitta","Pitta sordida","wehpit1","Passeriformes","Pittidae (Pittas)",NA,NA,NA,NA,"Diurnal","Diurnal","Invertebrate","No","No","No","Non-endemic","Forest","Resident & Summer Migrant",1,NA,NA,"Western Hooded Pitta","Pitta sordida","Western Hooded Pitta","Pitta sordida","Least Concern","Schedule-II","","",NA,"","","X",76,NA,0.284210526315789,0.605263157894737,14.0131578947368,1.47565977231189,NA,NA,NA,NA,NA,NA,NA,NA,NA,NA,NA,NA,NA,NA,NA,NA,NA,NA,NA,NA,NA,NA,NA,NA,NA,NA,NA
"Mangrove Pitta","Pitta megarhyncha","manpit1","Passeriformes","Pittidae (Pittas)",NA,NA,NA,NA,"Diurnal","Diurnal","Invertebrate","No","No","No","Non-endemic","Wetland","Resident",1,NA,NA,"Mangrove Pitta","Pitta megarhyncha","Mangrove Pitta","Pitta megarhyncha","Near Threatened","Schedule-II","","",NA,"","","X",10,NA,0.44,0.7,11.9,3.3626045460823,NA,NA,NA,NA,NA,NA,NA,NA,NA,NA,NA,NA,NA,NA,NA,NA,NA,NA,NA,NA,NA,NA,NA,NA,NA,NA,NA
"White-bellied Minivet","Pericrocotus erythropygius","whbmin3","Passeriformes","Campephagidae (Cuckooshrikes)","Low","Data Deficient","Uncertain","Moderate","Diurnal","Diurnal","Invertebrate","Yes","Yes","No","Mainland India","Forest","Resident",NA,NA,NA,"White-bellied Minivet","Pericrocotus erythropygius","White-bellied Minivet","Pericrocotus erythropygius","Least Concern","Schedule-II","","",NA,"","X","X",285,0.0280701754385965,0.246666666666667,0.4,14.6982456140351,0.750523229974989,NA,NA,NA,-3.86352374035277,-0.747075661965527,2.36937241642172,87.676024223793,115.583251511603,152.992531650685,83.7649140050704,114.940250856503,158.560974054681,79.9703157262839,114.333030106283,164.579379927127,76.3169248636543,113.761084291658,171.028408674123,72.8160895438185,113.223942428258,177.904312592708,69.4715759522678,112.721166827771,185.213210261341,66.2827540537709,112.252352461353,192.967951842272
"Small Minivet","Pericrocotus cinnamomeus","smamin1","Passeriformes","Campephagidae (Cuckooshrikes)","High","Strong Decline","Strong Decline","Very Large","Diurnal","Diurnal","Invertebrate","No","No","No","Non-endemic","Forest & Plantation","Resident",1,NA,NA,"Small Minivet","Pericrocotus cinnamomeus","Small Minivet","Pericrocotus cinnamomeus","Least Concern","Schedule-I","","",NA,"X","X","X",2329,0.0807213396307428,0.362687848862173,0.55130957492486,12.2292829540575,0.277506883526127,56.3266554585251,68.2663377409777,81.8613938818865,0.18032488993642,1.56011122008373,2.93989755023104,105.199871904439,113.728633318461,122.994052805588,105.559418553082,115.413314462837,126.24793038196,105.893588342622,117.126776877037,129.631390258902,106.211790480118,118.86956017906,133.138098144038,106.520030916059,120.642214857261,136.76522100061,106.822295162008,122.445302502355,140.512047460541,107.121321845171,124.279396044615,144.379217611093
"Gray-chinned Minivet","Pericrocotus solaris","gycmin1","Passeriformes","Campephagidae (Cuckooshrikes)",NA,NA,NA,NA,"Diurnal","Diurnal","Invertebrate","No","No","No","Non-endemic","Forest","Resident & Altitudinal Migrant",NA,NA,NA,"Grey-chinned Minivet","Pericrocotus solaris","Grey-chinned Minivet","Pericrocotus solaris","Least Concern","Schedule-II","","",NA,"","","",108,0.0925925925925926,0.263888888888889,0.398148148148148,11.1851851851852,1.23772026656965,NA,NA,NA,NA,NA,NA,NA,NA,NA,NA,NA,NA,NA,NA,NA,NA,NA,NA,NA,NA,NA,NA,NA,NA,NA,NA,NA
"Short-billed Minivet","Pericrocotus brevirostris","shbmin2","Passeriformes","Campephagidae (Cuckooshrikes)","Low","Uncertain","Uncertain","Moderate","Diurnal","Diurnal","Invertebrate","No","No","No","Non-endemic","Forest","Resident & Altitudinal Migrant",NA,NA,NA,"Short-billed Minivet","Pericrocotus brevirostris","Short-billed Minivet","Pericrocotus brevirostris","Least Concern","Schedule-II","","",NA,"X","X","X",157,0.127388535031847,0.292993630573248,0.464968152866242,13.1974522292994,0.981110052460861,27.0340077729249,53.7474238283956,111.278380977013,-4.64620348332616,2.64885377836981,9.94391104006578,92.4582901167819,132.107139529437,190.333228863536,90.2555751121929,135.767299079266,206.462878898203,88.0693202134088,139.641702673666,224.508457001381,85.9367965064526,143.74279961323,244.626997521938,83.8789360687893,148.083956720265,267.018148322314,81.9071956564426,152.679529073177,291.920664366637,80.0273837541036,157.544936862077,319.61242308692
"Long-tailed Minivet","Pericrocotus ethologus","lotmin1","Passeriformes","Campephagidae (Cuckooshrikes)","Moderate","Uncertain","Moderate Decline","Large","Diurnal","Diurnal","Invertebrate","No","No","No","Non-endemic","Forest & Plantation","Resident & Within-India Migrant",NA,NA,NA,"Long-tailed Minivet","Pericrocotus ethologus","Long-tailed Minivet","Pericrocotus ethologus","Least Concern","Schedule-II","","",NA,"X","X","X",467,0.137044967880086,0.367023554603854,0.513918629550321,12.4089935760171,0.561665397446865,56.0590589220188,80.9541871338768,114.156207819514,-3.65200593094611,-1.10219716291886,1.44761160510839,68.6365521255649,81.6880398843808,97.3920624877425,66.2166269748031,80.8141523258579,98.8569944538959,63.8537316555871,79.9630263256067,100.431262218536,61.5604233333505,79.1341375045991,102.098571872592,59.3429622775234,78.3269776816854,103.849262806972,57.2039860877736,77.5410543864112,105.677621658136,55.1439905588758,76.7758903889,107.580390541232
"Orange Minivet","Pericrocotus flammeus","scamin3","Passeriformes","Campephagidae (Cuckooshrikes)","Low","Uncertain","Uncertain","Moderate","Diurnal","Diurnal","Invertebrate","No","Yes","No","Indian Subcontinent","Forest","Resident",NA,NA,NA,"Orange Minivet","Pericrocotus flammeus","","","Not recognized","Schedule-II","","",NA,"X","X","X",336,0.220238095238095,0.632440476190476,0.782738095238095,19.2678571428571,0.591803824057562,36.0303241171524,64.7421228328763,110.309850734102,-5.08182601338024,-0.467817521119582,4.14619097114107,69.4014113595896,91.1833684022102,120.365017781944,66.4781051612307,90.8296598338668,124.867462754588,63.6527829109959,90.5215877421633,129.747988512712,60.943013004471,90.2587005959701,134.994180086263,58.3561601702995,90.0406155223155,140.60607231144,55.8938674623739,89.8670176366664,146.591698001504,53.5545236064013,89.7376595476833,152.964665470674
"Scarlet Minivet","Pericrocotus speciosus","scamin1","Passeriformes","Campephagidae (Cuckooshrikes)","Low","Uncertain","Uncertain","Large","Diurnal","Diurnal","Invertebrate","No","No","No","Non-endemic","Forest","Resident",NA,NA,NA,"Scarlet Minivet","Pericrocotus speciosus","Scarlet Minivet","Pericrocotus speciosus","Least Concern","Schedule-II","","",NA,"X","X","X",632,0.0759493670886076,0.345727848101266,0.54746835443038,10.626582278481,0.487411626849053,85.6452354994625,124.091403016836,178.456806034138,-2.57529766404403,-0.224559696807231,2.12617827042956,86.0283482168934,99.3588971886704,114.90500197792,84.0920628456176,99.166817661548,117.14439864034,82.1675436877339,98.9875752092044,119.511888828054,80.2695117998262,98.8211208237624,121.992943184458,78.4065706341381,98.6674107760463,124.57933064689,76.5837350374021,98.5264066034049,127.266590043532,74.803838718035,98.3980751012393,130.052623549877
"Ashy Minivet","Pericrocotus divaricatus","ashmin1","Passeriformes","Campephagidae (Cuckooshrikes)",NA,NA,NA,NA,"Diurnal","Diurnal","Invertebrate","No","No","No","Non-endemic","Forest & Plantation","Winter Migrant",NA,NA,NA,"Ashy Minivet","Pericrocotus divaricatus","Ashy Minivet","Pericrocotus divaricatus","Least Concern","Schedule-II","","",NA,"","","",17,0.117647058823529,0.276470588235294,0.470588235294118,14.6470588235294,3.66659766108916,NA,NA,NA,NA,NA,NA,NA,NA,NA,NA,NA,NA,NA,NA,NA,NA,NA,NA,NA,NA,NA,NA,NA,NA,NA,NA,NA
"Brown-rumped Minivet","Pericrocotus cantonensis","brrmin1","Passeriformes","Campephagidae (Cuckooshrikes)",NA,NA,NA,NA,"Diurnal","Diurnal","Invertebrate","No","No","No","Non-endemic","Forest","Winter Migrant",NA,NA,NA,"Brown-rumped Minivet","Pericrocotus cantonensis","Brown-rumped Minivet","Pericrocotus cantonensis","Least Concern","Schedule-II","","",NA,"","","",8,NA,0.2,0.25,13.875,3.74892317872746,NA,NA,NA,NA,NA,NA,NA,NA,NA,NA,NA,NA,NA,NA,NA,NA,NA,NA,NA,NA,NA,NA,NA,NA,NA,NA,NA
"Rosy Minivet","Pericrocotus roseus","rosmin1","Passeriformes","Campephagidae (Cuckooshrikes)",NA,NA,NA,NA,"Diurnal","Diurnal","Invertebrate","No","No","No","Non-endemic","Forest","Resident & Local Migrant",NA,NA,NA,"Rosy Minivet","Pericrocotus roseus","Rosy Minivet","Pericrocotus roseus","Least Concern","Schedule-II","","",NA,"","X","X",161,0.0496894409937888,0.252795031055901,0.409937888198758,13.8012422360248,1.00802830248021,NA,NA,NA,-6.64954581120274,-1.99634359009387,2.65685863101501,49.1016752681189,76.4643523007245,120.370092434933,45.2761646984096,75.1161291558385,126.404332281547,41.7137768921989,73.8306933983468,133.068405212544,38.4197461555408,72.6056393814165,140.355781643954,35.386746354854,71.4387009460719,148.280300504578,32.6013285729828,70.3277444119742,156.869606511897,30.0473349320854,69.2707620391002,166.161701144937
"Indian Cuckooshrike","Coracina macei","larcuc1","Passeriformes","Campephagidae (Cuckooshrikes)","High","Strong Decline","Moderate Decline","Large","Diurnal","Diurnal","Invertebrate","No","Yes","No","Indian Subcontinent","Forest & Plantation","Resident",NA,NA,NA,"Indian Cuckooshrike","Coracina macei","Indian Cuckooshrike","Coracina macei","Least Concern","Schedule-II","","",NA,"X","X","X",1600,0.091875,0.31175,0.474375,12.955625,0.340440086323709,34.1419974581357,43.4008517563939,54.8268788583882,-2.10015880467443,-0.490742736239618,1.1186733321952,86.7668203324645,97.8263874358962,110.376216920254,84.8564568874852,97.3483397723335,111.786214557637,82.9572713886893,96.8784878659377,113.274375397479,81.0817624881481,96.4167323938072,114.827248162608,79.2373053152034,95.9629761069569,116.436577564644,77.4282647135373,95.5171237935583,118.097189768785,75.6571710199189,95.0790822430527,119.805815397332
"Oriental Cuckooshrike","Coracina javensis","larcuc11","Passeriformes","Campephagidae (Cuckooshrikes)",NA,NA,NA,NA,"Diurnal","Diurnal","Invertebrate","No","No","No","Non-endemic","Forest & Plantation","Resident",NA,NA,NA,"Oriental Cuckooshrike","Coracina javensis","Large Cuckooshrike","Coracina javensis","Least Concern","Schedule-II","","",NA,"","","",NA,NA,NA,NA,NA,NA,NA,NA,NA,NA,NA,NA,NA,NA,NA,NA,NA,NA,NA,NA,NA,NA,NA,NA,NA,NA,NA,NA,NA,NA,NA,NA,NA
"Andaman Cuckooshrike","Coracina dobsoni","andcus1","Passeriformes","Campephagidae (Cuckooshrikes)","Moderate","Data Deficient","Data Deficient","Restricted","Diurnal","Diurnal","Invertebrate","Yes","Yes","No","Andaman Islands","Forest","Resident",NA,NA,1,"Andaman Cuckooshrike","Coracina dobsoni","Andaman Cuckooshrike","Coracina dobsoni","Near Threatened","Schedule-II","","",NA,"","X","X",18,0.0555555555555556,0.427777777777778,0.611111111111111,8.94444444444444,2.26028352795059,NA,NA,NA,-12.2115657587907,-2.4327335646661,7.34609862945852,31.6232205765125,57.1087298681047,105.527872376795,28.7824669308426,56.473891642625,114.188686970402,26.2115172793399,55.9578126604363,124.13099249258,23.9003157111949,55.5577288645173,135.468280500204,21.8300759086478,55.2715726718029,148.356434596913,19.9789785910215,55.0979513290369,162.991109674403,18.3249605364932,55.0361315553798,179.609045006261
"Pied Triller","Lalage nigra","pietri1","Passeriformes","Campephagidae (Cuckooshrikes)",NA,NA,NA,NA,"Diurnal","Diurnal","Invertebrate","No","No","No","Non-endemic","Forest & Plantation","Resident",NA,NA,1,"Pied Triller","Lalage nigra","Pied Triller","Lalage nigra","Least Concern","Schedule-II","","",NA,"","","",4,NA,0.5,NA,6.25,4.48200475977733,NA,NA,NA,NA,NA,NA,NA,NA,NA,NA,NA,NA,NA,NA,NA,NA,NA,NA,NA,NA,NA,NA,NA,NA,NA,NA,NA
"Black-winged Cuckooshrike","Lalage melaschistos","bkwcus1","Passeriformes","Campephagidae (Cuckooshrikes)","Low","Uncertain","Uncertain","Moderate","Diurnal","Diurnal","Invertebrate","No","No","No","Non-endemic","Forest & Plantation","Resident & Within-India Migrant",NA,NA,NA,"Black-winged Cuckooshrike","Lalage melaschistos","Black-winged Cuckooshrike","Lalage melaschistos","Least Concern","Schedule-II","","",NA,"X","X","X",369,0.0731707317073171,0.283739837398374,0.439024390243902,13.5013550135501,0.629252303492428,59.7260780659666,96.3672394263247,152.433510689551,-4.25465915710249,-1.1214884676064,2.01168222188969,68.3456832408922,86.9643912752121,111.036752754874,65.308348535725,86.0336107753904,113.849706087622,62.3700009235942,85.1333088997835,116.879002950477,59.5463516002044,84.2627518973643,120.104179976168,56.8440667494727,83.421233957363,123.51482547816,54.2647051673453,82.608076322238,127.106614936166,51.8068896526571,81.8226264389006,130.879116953772
"Black-headed Cuckooshrike","Lalage melanoptera","bkhcus1","Passeriformes","Campephagidae (Cuckooshrikes)","Moderate","Moderate Decline","Uncertain","Moderate","Diurnal","Diurnal","Invertebrate","No","Yes","No","Indian Subcontinent","Forest & Plantation","Within-India Migrant",NA,NA,NA,"Black-headed Cuckooshrike","Lalage melanoptera","Black-headed Cuckooshrike","Lalage melanoptera","Least Concern","Schedule-II","","",NA,"X","X","X",1142,0.095446584938704,0.351926444833625,0.496497373029772,15.7635726795096,0.369471415607037,40.2888139643337,51.2705468851719,64.983400989116,-1.39233241720489,0.238248224548094,1.86882886630108,89.7394599354267,100.044514844695,111.611265142957,88.5621669683351,100.296792283295,113.690974192724,87.3710964445544,100.555248054696,115.865193133151,86.1781607979493,100.819924865483,118.122853070053,84.9907302459342,101.09086659438,120.457484468235,83.81349025478,101.36811830562,122.86536062069,82.6494773215391,101.651726262744,125.344462858338
"Black-headed Shrike-Babbler","Pteruthius rufiventer","bhsbab1","Passeriformes","Vireonidae (Vireos, Shrike-Babblers, and Erpornis)","Moderate","Data Deficient","Data Deficient","Moderate","Diurnal","Diurnal","Invertebrate","No","No","Yes","Eastern Himalayas","Forest","Resident & Altitudinal Migrant",NA,NA,NA,"Black-headed Shrike-Babbler","Pteruthius rufiventer","Black-headed Shrike-babbler","Pteruthius rufiventer","Least Concern","Schedule-II","","",NA,"","","X",51,0.156862745098039,0.286274509803922,0.549019607843137,11.5882352941176,1.83139906434179,NA,NA,NA,NA,NA,NA,NA,NA,NA,NA,NA,NA,NA,NA,NA,NA,NA,NA,NA,NA,NA,NA,NA,NA,NA,NA,NA
"White-browed Shrike-Babbler","Pteruthius aeralatus","whbshb1","Passeriformes","Vireonidae (Vireos, Shrike-Babblers, and Erpornis)","Moderate","Data Deficient","Data Deficient","Moderate","Diurnal","Diurnal","Invertebrate","No","No","No","Non-endemic","Forest","Resident & Altitudinal Migrant",NA,NA,NA,"White-browed Shrike-Babbler","Pteruthius aeralatus","White-browed Shrike-babbler","Pteruthius aeralatus","Least Concern","Schedule-II","","",NA,"","","X",198,0.0909090909090909,0.31969696969697,0.535353535353535,12.2777777777778,0.874993591275875,NA,NA,NA,NA,NA,NA,NA,NA,NA,NA,NA,NA,NA,NA,NA,NA,NA,NA,NA,NA,NA,NA,NA,NA,NA,NA,NA
"Green Shrike-Babbler","Pteruthius xanthochlorus","grsbab1","Passeriformes","Vireonidae (Vireos, Shrike-Babblers, and Erpornis)","Low","Data Deficient","Uncertain","Moderate","Diurnal","Diurnal","Invertebrate","No","No","No","Non-endemic","Forest","Resident",NA,NA,NA,"Green Shrike-Babbler","Pteruthius xanthochlorus","Green Shrike-babbler","Pteruthius xanthochlorus","Least Concern","Schedule-II","","",NA,"","X","X",78,0.102564102564103,0.328205128205128,0.474358974358974,13.474358974359,1.47066856671114,NA,NA,NA,-8.01821263747883,0.104645842183203,8.22750432184524,66.8794560687174,101.684499084379,156.559538099738,63.2773271786656,102.134068211049,167.593703700663,59.8630672524297,102.707597290277,179.968300481377,56.654794692736,103.407382492706,193.769323428738,53.6554904199907,104.236188087461,209.119119035091,50.8601819448629,105.197262426984,226.171370073756,48.2598203617997,106.294356698535,245.109824063153
"Black-eared Shrike-Babbler","Pteruthius melanotis","besbab1","Passeriformes","Vireonidae (Vireos, Shrike-Babblers, and Erpornis)",NA,NA,NA,NA,"Diurnal","Diurnal","Invertebrate","No","No","No","Non-endemic","Forest","Resident & Altitudinal Migrant",NA,NA,NA,"Black-eared Shrike-Babbler","Pteruthius melanotis","Black-eared Shrike-babbler","Pteruthius melanotis","Least Concern","Schedule-II","","",NA,"","","X",76,0.144736842105263,0.317105263157895,0.552631578947368,10.3684210526316,1.40421098924214,NA,NA,NA,NA,NA,NA,NA,NA,NA,NA,NA,NA,NA,NA,NA,NA,NA,NA,NA,NA,NA,NA,NA,NA,NA,NA,NA
"Clicking Shrike-Babbler","Pteruthius intermedius","clishb1","Passeriformes","Vireonidae (Vireos, Shrike-Babblers, and Erpornis)",NA,NA,NA,NA,"Diurnal","Diurnal","Invertebrate","No","No","No","Non-endemic","Forest","Uncertain",NA,1,NA,"Clicking Shrike-Babbler","Pteruthius intermedius","",NA,"Not recognized","Schedule-II","","",NA,"","","",NA,NA,NA,NA,NA,NA,NA,NA,NA,NA,NA,NA,NA,NA,NA,NA,NA,NA,NA,NA,NA,NA,NA,NA,NA,NA,NA,NA,NA,NA,NA,NA,NA
"White-bellied Erpornis","Erpornis zantholeuca","whbyuh1","Passeriformes","Vireonidae (Vireos, Shrike-Babblers, and Erpornis)","Low","Data Deficient","Uncertain","Moderate","Diurnal","Diurnal","Invertebrate","No","No","No","Non-endemic","Forest","Resident",NA,NA,NA,"White-bellied Erpornis","Erpornis zantholeuca","White-bellied Erpornis","Erpornis zantholeuca","Least Concern","Schedule-II","","",NA,"","","X",166,0.108433734939759,0.27710843373494,0.5,11.7771084337349,1.0289580357449,NA,NA,NA,NA,NA,NA,NA,NA,NA,NA,NA,NA,NA,NA,NA,NA,NA,NA,NA,NA,NA,NA,NA,NA,NA,NA,NA
"Mangrove Whistler","Pachycephala cinerea","manwhi1","Passeriformes","Pachycephalidae (Whistlers and Allies)",NA,NA,NA,NA,"Diurnal","Diurnal","Invertebrate","No","No","No","Non-endemic","Wetland","Resident",NA,NA,NA,"Mangrove Whistler","Pachycephala cinerea","Mangrove Whistler","Pachycephala cinerea","Least Concern","Schedule-II","","",NA,"","","",34,0.0882352941176471,0.361764705882353,0.588235294117647,8.82352941176471,1.81198929089314,NA,NA,NA,NA,NA,NA,NA,NA,NA,NA,NA,NA,NA,NA,NA,NA,NA,NA,NA,NA,NA,NA,NA,NA,NA,NA,NA
"Eurasian Golden Oriole","Oriolus oriolus","eugori2","Passeriformes","Oriolidae (Old World Orioles)",NA,NA,NA,NA,"Diurnal","Diurnal","Omnivore","No","No","No","Non-endemic","Non-specialized","Uncertain",NA,1,NA,"Eurasian Golden Oriole","Oriolus oriolus","Eurasian Golden Oriole","Oriolus oriolus","Least Concern","Schedule-II","","Appendix II",NA,"","","",NA,NA,NA,NA,NA,NA,NA,NA,NA,NA,NA,NA,NA,NA,NA,NA,NA,NA,NA,NA,NA,NA,NA,NA,NA,NA,NA,NA,NA,NA,NA,NA,NA
"Indian Golden Oriole","Oriolus kundoo","ingori1","Passeriformes","Oriolidae (Old World Orioles)","Low","Stable","Uncertain","Large","Diurnal","Diurnal","Omnivore","No","No","No","Non-endemic","Non-specialized","Within-India Migrant",1,NA,NA,"Indian Golden Oriole","Oriolus kundoo","Indian Golden Oriole","Oriolus kundoo","Least Concern","Schedule-II","","Appendix II",NA,"X","X","X",2767,0.0867365377665342,0.391073364654861,0.578966389591616,11.7766534152512,0.248954595596721,78.8158179325221,90.9409722224471,104.186290540388,-1.097934115889,-0.261553675258687,0.574826765371628,91.2160776148891,99.229172871549,107.974523517249,89.8518054185247,98.9462397490323,108.998690873669,88.4817960355197,98.6656749249537,110.07007145085,87.1154867953551,98.3874629201582,111.178955936415,85.7587032822774,98.1115884071597,112.319259917089,84.4151375707671,97.8380362087965,113.487045505257,83.0871716160964,97.5667912969008,114.679697815711
"Black-naped Oriole","Oriolus chinensis","blnori1","Passeriformes","Oriolidae (Old World Orioles)","Low","Uncertain","Uncertain","Moderate","Diurnal","Diurnal","Fruit & Nect","No","No","No","Non-endemic","Forest & Plantation","Winter Migrant",NA,NA,NA,"Black-naped Oriole","Oriolus chinensis","Black-naped Oriole","Oriolus chinensis","Least Concern","Schedule-II","","Appendix II",NA,"X","X","X",575,0.0539130434782609,0.347652173913043,0.464347826086957,16.2330434782609,0.583372252443831,60.0754309489283,99.9630682487479,173.337730634966,-3.79731938991877,-0.306158249131671,3.18500289165543,71.1223031365709,88.8199883341319,111.272872762651,68.6961784942337,88.5749643674425,114.680925637746,66.3221029712936,88.3551042033391,118.333092924679,64.0171338042781,88.1602161237304,122.214013361344,61.7900264845689,87.9901311668646,126.31749114651,59.644760698948,87.8447028425973,130.642975138998,57.5824943444964,87.7238068839,135.193613473314
"Slender-billed Oriole","Oriolus tenuirostris","slbori1","Passeriformes","Oriolidae (Old World Orioles)",NA,NA,NA,NA,"Diurnal","Diurnal","Fruit & Nect","No","No","No","Non-endemic","Forest & Plantation","Summer Migrant & Localized Winter Migrant",1,NA,NA,"Slender-billed Oriole","Oriolus tenuirostris","Slender-billed Oriole","Oriolus tenuirostris","Least Concern","Schedule-II","","Appendix II",NA,"","","X",14,NA,0.228571428571429,0.285714285714286,14.1428571428571,2.74782151475002,NA,NA,NA,NA,NA,NA,NA,NA,NA,NA,NA,NA,NA,NA,NA,NA,NA,NA,NA,NA,NA,NA,NA,NA,NA,NA,NA
"Black-hooded Oriole","Oriolus xanthornus","blhori1","Passeriformes","Oriolidae (Old World Orioles)","Low","Stable","Uncertain","Large","Diurnal","Diurnal","Fruit & Nect","No","No","No","Non-endemic","Forest & Plantation","Resident & Local Migrant",NA,NA,NA,"Black-hooded Oriole","Oriolus xanthornus","Black-hooded Oriole","Oriolus xanthornus","Least Concern","Schedule-II","","",NA,"X","X","X",1875,0.0890666666666667,0.40832,0.630933333333333,11.4378666666667,0.322034148786742,86.6821532894044,114.514364139288,154.976810923187,-0.984275423691066,1.61590073148205,4.21607688665516,100.093113648376,113.799434958655,129.518089027297,99.7468792868766,115.532245244601,133.999443594929,99.3671952692145,117.304832146691,138.723372234007,98.969268030611,119.118209265748,143.682965964544,98.5627019083298,120.97341952066,148.87733095164,98.1537778839266,122.871536063033,154.309329948432,97.7467282194554,124.813663222345,159.984328921062
"Maroon Oriole","Oriolus traillii","marori2","Passeriformes","Oriolidae (Old World Orioles)","Low","Uncertain","Uncertain","Moderate","Diurnal","Diurnal","Fruit & Nect","No","No","No","Non-endemic","Forest","Resident & Local Migrant",NA,NA,NA,"Maroon Oriole","Oriolus traillii","Maroon Oriole","Oriolus traillii","Least Concern","Schedule-II","","",NA,"X","X","X",312,0.0833333333333333,0.333653846153846,0.528846153846154,11.8397435897436,0.718462085607112,91.6419353011642,160.09085295093,289.289459535845,-2.68192208162321,2.11380277423862,6.90952763010045,94.3197106603227,120.874649512211,155.496797069908,92.8532108295906,123.323074911132,164.610270799317,91.3645095778437,125.865451883755,174.500378156849,89.8814830111228,128.505574730212,185.188385387576,88.4209015409089,131.247422477691,196.711196094873,86.9929949015679,134.095168474003,209.117167642699,85.6040042006232,137.053190528655,222.463977986934
"Ashy Woodswallow","Artamus fuscus","ashwoo2","Passeriformes","Artamidae (Woodswallows, Bellmagpies, and Allies)","Moderate","Stable","Strong Decline","Large","Diurnal","Diurnal","Invertebrate","No","No","No","Non-endemic","Non-specialized","Resident",NA,NA,NA,"Ashy Woodswallow","Artamus fuscus","Ashy Woodswallow","Artamus fuscus","Least Concern","Schedule-II","","",NA,"X","X","X",1217,0.101889893179951,0.408545603944125,0.585045193097781,14.4535743631882,0.387761217986887,50.587061073236,69.6981749754452,98.3475069980727,-2.53845161137418,0.204952871703058,2.9483573547803,79.3668339197652,92.9296392783871,108.974028430442,77.7764600461271,93.1670096333568,111.823493855709,76.1873378564148,93.4194806833476,114.83813333496,74.6144713164525,93.6871828515147,118.005467576667,73.0667705267568,93.9702539489339,121.319381680703,71.54956362252,94.2688392682893,124.777619476193,70.0659962603761,94.5830916832022,128.380390874975
"White-breasted Woodswallow","Artamus leucorynchus","whbwoo4","Passeriformes","Artamidae (Woodswallows, Bellmagpies, and Allies)",NA,NA,NA,NA,"Diurnal","Diurnal","Invertebrate","No","No","No","Non-endemic","Non-specialized","Resident",NA,NA,1,"White-breasted Woodswallow","Artamus leucorynchus","White-breasted Woodswallow","Artamus leucoryn","Least Concern","Schedule-II","","",NA,"","","",24,NA,0.4,0.625,7.41666666666667,2.08696842287267,NA,NA,NA,NA,NA,NA,NA,NA,NA,NA,NA,NA,NA,NA,NA,NA,NA,NA,NA,NA,NA,NA,NA,NA,NA,NA,NA
"Malabar Woodshrike","Tephrodornis sylvicola","malwoo1","Passeriformes","Vangidae (Vangas, Helmetshrikes, and Allies)","Moderate","Strong Decline","Uncertain","Moderate","Diurnal","Diurnal","Invertebrate","Yes","Yes","No","Western Ghats","Forest","Resident",NA,NA,NA,"Malabar Woodshrike","Tephrodornis sylvicola","Malabar Woodshrike","Tephrodornis sylvicola","Least Concern","Schedule-II","","",NA,"X","X","X",152,0.25,0.595394736842105,0.684210526315789,21.8552631578947,0.601387886532527,27.2601116036218,54.8472939021766,103.089077360667,-4.70747802666346,0.0479416157729848,4.80336125820943,75.1897347676089,99.9368623645557,133.53728084254,72.3057650098703,100.111271175743,139.579637515653,69.5027632153023,100.336520419459,146.145059098977,66.8022843527941,100.612924910739,153.229766549447,64.2144921261081,100.940884900715,160.844592082474,61.7430881946988,101.320887336915,169.010194891891,59.3880354541267,101.753507395432,177.754507651525
"Large Woodshrike","Tephrodornis virgatus","larwoo1","Passeriformes","Vangidae (Vangas, Helmetshrikes, and Allies)","Low","Uncertain","Uncertain","Moderate","Diurnal","Diurnal","Invertebrate","No","No","No","Non-endemic","Forest","Resident",NA,NA,NA,"Large Woodshrike","Tephrodornis virgatus","Large Woodshrike","Tephrodornis virgatus","Least Concern","Schedule-II","","",NA,"X","X","X",206,0.106796116504854,0.283495145631068,0.461165048543689,12.6601941747573,0.846885547111184,44.5617212827304,80.4273044166632,148.115262862154,-5.96255906622644,-2.0098714677638,1.94281613069884,65.881456828284,87.8646459087955,117.829232717636,61.8938725026854,86.0469518471313,120.493527072662,58.1208847683673,84.311542628141,123.442221454322,54.5712320630429,82.6549594284496,126.650742833684,51.2431542957883,81.073932255355,130.107935362706,48.1294091918509,79.56536954687,133.810903509817,45.2199832214644,78.126348424216,137.762184166316
"Common Woodshrike","Tephrodornis pondicerianus","comwoo1","Passeriformes","Vangidae (Vangas, Helmetshrikes, and Allies)","High","Strong Decline","Strong Decline","Very Large","Diurnal","Diurnal","Invertebrate","No","No","No","Non-endemic","Forest & Plantation","Resident",1,NA,NA,"Common Woodshrike","Tephrodornis pondicerianus","Common Woodshrike","Tephrodornis pondicerianus","Least Concern","Schedule-II","","",NA,"X","X","X",2197,0.0760127446517979,0.340737369139736,0.54665452890305,12.7237141556668,0.284210964613247,42.5246300801867,53.8366743680148,67.4250044697041,-0.959184012030264,1.14903173721571,3.25724748646169,95.6774374143802,107.226588653843,120.268370790467,95.1365558185647,108.390958625065,123.624809567926,94.5680575012853,109.576743032381,127.141904442439,93.984980277806,110.78436027126,130.810563955227,93.3955294270826,112.014238325071,134.626698791019,92.8050460944764,113.266814995081,138.58925978865,92.2171071622092,114.54253813646,142.699144769847
"Bar-winged Flycatcher-shrike","Hemipus picatus","bwfshr1","Passeriformes","Vangidae (Vangas, Helmetshrikes, and Allies)","Moderate","Moderate Decline","Uncertain","Large","Diurnal","Diurnal","Invertebrate","No","No","No","Non-endemic","Forest","Resident",NA,NA,NA,"Bar-winged Flycatcher-shrike","Hemipus picatus","Bar-winged Flycatcher-shrike","Hemipus picatus","Least Concern","Schedule-II","","",NA,"X","X","X",539,0.128014842300557,0.373654916512059,0.538033395176252,15.7884972170686,0.579986725432118,44.9561717654946,63.4805589678951,90.5979405301251,-0.891303693520351,2.23058856733464,5.35248082818964,96.0989906384644,115.365747341025,138.724877544021,95.5341274204103,117.75577882999,145.46174273971,94.9258072417006,120.213748724157,152.660706587372,94.2950291347334,122.741841141002,160.323448619021,93.6549902900303,125.342317722883,168.460925960313,93.0142588135615,128.017520599119,177.090295274834,92.3785503650319,130.769875468623,186.233237359583
"Common Iora","Aegithina tiphia","comior1","Passeriformes","Aegithinidae (Ioras)","Moderate","Moderate Decline","Moderate Decline","Very Large","Diurnal","Diurnal","Invertebrate","No","No","No","Non-endemic","Forest & Plantation","Resident",NA,NA,NA,"Common Iora","Aegithina tiphia","Common Iora","Aegithina tiphia","Least Concern","Schedule-II","","",NA,"X","X","X",2715,0.0898710865561694,0.422099447513812,0.61731123388582,11.7565377532228,0.251832459243632,77.1181665734082,88.9808235433523,103.266851896397,1.61897690235098,2.88196502323809,4.1449531441252,118.009142822882,130.245045430524,143.799476250539,119.402748632398,133.681937081562,149.736818139241,120.771556757603,137.212495468924,155.982141061014,122.128386960129,140.839351859384,162.534741921908,123.481512622805,144.565213595718,169.399005066223,124.836503239942,148.392866357705,176.582584547488,126.197258048618,152.32517649213,184.09539641301
"White-tailed Iora","Aegithina nigrolutea","whtior1","Passeriformes","Aegithinidae (Ioras)","Low","Data Deficient","Uncertain","Moderate","Diurnal","Diurnal","Invertebrate","No","Yes","No","Indian Subcontinent","Forest","Resident",NA,NA,NA,"White-tailed Iora","Aegithina nigrolutea","Marshall's Iora","Aegithina nigrolutea","Least Concern","Schedule-II","","",NA,"","","X",220,0.0454545454545455,0.286363636363636,0.504545454545455,16.2454545454545,0.783692059980937,NA,NA,NA,NA,NA,NA,NA,NA,NA,NA,NA,NA,NA,NA,NA,NA,NA,NA,NA,NA,NA,NA,NA,NA,NA,NA,NA
"White-throated Fantail","Rhipidura albicollis","whtfan1","Passeriformes","Rhipiduridae (Fantails)","Low","Uncertain","Uncertain","Large","Diurnal","Diurnal","Invertebrate","No","No","No","Non-endemic","Forest & Plantation","Resident & Altitudinal Migrant",NA,NA,NA,"White-throated Fantail","Rhipidura albicollis","White-throated Fantail","Rhipidura albicollis","Least Concern","Schedule-II","","",NA,"X","X","X",679,0.0765832106038292,0.372312223858616,0.600883652430044,11.2739322533137,0.45485325103484,123.800496241269,189.242720976815,283.852012672223,-0.82057078546411,2.50204857294466,5.82466793135343,105.15383506653,123.559246714643,145.436925889901,105.067541899218,126.364801040772,152.323049805751,104.93892782209,129.254425654713,159.664098903239,104.78789997748,132.230954647962,167.462506598155,104.627078080627,135.297327848864,175.72939235722,104.464754883967,138.456595082524,184.481689857714,104.30655486593,141.711920613997,193.740582885686
"Spot-breasted Fantail","Rhipidura albogularis","spbfan1","Passeriformes","Rhipiduridae (Fantails)","Low","Uncertain","Strong Increase","Large","Diurnal","Diurnal","Invertebrate","Yes","Yes","No","Mainland India","Forest & Plantation","Resident",NA,NA,NA,"Spot-breasted Fantail","Rhipidura albogularis","White-spotted Fantail","Rhipidura albogularis","Least Concern","Schedule-II","","",NA,"","","X",964,0.0425311203319502,0.367946058091286,0.648340248962656,13.2344398340249,0.402025817736123,NA,NA,NA,NA,NA,NA,NA,NA,NA,NA,NA,NA,NA,NA,NA,NA,NA,NA,NA,NA,NA,NA,NA,NA,NA,NA,NA
"White-browed Fantail","Rhipidura aureola","whbfan2","Passeriformes","Rhipiduridae (Fantails)","Low","Stable","Uncertain","Large","Diurnal","Diurnal","Invertebrate","No","No","No","Non-endemic","Forest & Plantation","Resident & Altitudinal Migrant",NA,NA,NA,"White-browed Fantail","Rhipidura aureola","White-browed Fantail","Rhipidura aureola","Least Concern","Schedule-II","","",NA,"X","X","X",1181,0.0533446232006774,0.297290431837426,0.46740050804403,11.8679085520745,0.389482082079454,46.4744066364306,62.6574404527687,88.7918601041429,-3.71208528258428,-1.6423936779473,0.427297926689674,74.681522741082,86.2289151851689,99.6927930021055,71.8622894365266,84.7187631709297,100.047676353334,69.122760772031,83.2460037689644,100.475888335172,66.4731391473896,81.8096093856053,100.961410161909,63.917940400669,80.4085838459472,101.494223302179,61.4584332578381,79.0419613598916,102.067854931247,59.0939872887243,77.7088055244523,102.678015708611
"Black Drongo","Dicrurus macrocercus","bladro1","Passeriformes","Dicruridae (Drongos)","Low","Stable","Moderate Decline","Very Large","Diurnal","Diurnal","Omnivore","No","No","No","Non-endemic","Open Habitat","Resident & Local Migrant",NA,NA,NA,"Black Drongo","Dicrurus macrocercus","Black Drongo","Dicrurus macrocercus","Least Concern","Schedule-II","","",NA,"X","X","X",4320,0.0925925925925926,0.494421296296296,0.708796296296296,9.61574074074074,0.197621192133194,141.071656846192,153.97770819336,169.348174974398,-0.405636957603015,0.207896756735733,0.821430471074481,94.2227369245349,98.6498349204803,103.296936020001,93.7937205349719,98.8572175864454,104.209943944746,93.3514595387606,99.0658138150006,105.150424118103,92.9011272882539,99.2756291721253,106.113298972266,92.4460023982001,99.486669264515,107.095387546871,91.988241280266,99.6989397398029,108.094632973048,91.5293090142175,99.9124462867836,109.10967162116
"Ashy Drongo","Dicrurus leucophaeus","ashdro1","Passeriformes","Dicruridae (Drongos)","Low","Stable","Uncertain","Moderate","Diurnal","Diurnal","Invertebrate","No","No","No","Non-endemic","Forest & Plantation","Within-India Migrant",NA,NA,NA,"Ashy Drongo","Dicrurus leucophaeus","Ashy Drongo","Dicrurus leucophaeus","Least Concern","Schedule-II","","",NA,"X","X","X",2152,0.0924721189591078,0.389637546468401,0.5432156133829,13.1579925650558,0.28199338694602,77.9296853454241,92.8393132069368,109.823342251689,-0.857574292225786,0.361268274322618,1.58011084087102,100.343087987807,112.020125404561,125.115104677284,99.1112544495466,112.425150388394,127.606592162211,97.8580306434624,112.835213707228,130.207714146982,96.597011785647,113.250361778662,132.906080051294,95.336688011631,113.670641671218,135.694459090964,94.0825283440465,114.096101112603,138.568697429773,92.8381432726732,114.526788498099,141.526556763394
"White-bellied Drongo","Dicrurus caerulescens","whbdro1","Passeriformes","Dicruridae (Drongos)","Moderate","Stable","Strong Decline","Large","Diurnal","Diurnal","Invertebrate","No","Yes","No","Indian Subcontinent","Forest & Plantation","Resident",NA,NA,NA,"White-bellied Drongo","Dicrurus caerulescens","White-bellied Drongo","Dicrurus caerulescens","Least Concern","Schedule-II","","",NA,"X","X","X",1389,0.0705543556515479,0.318934485241181,0.446364290856731,12.5169186465083,0.367255908052191,48.8228425791695,64.6849362246764,86.5790639189873,-3.7475508392363,-1.99605536386549,-0.244559888494691,69.3240032187623,80.0380599806219,92.5148210688713,66.4599415738165,78.3420563300656,92.4886953813463,63.6876489887759,76.6891873902464,92.5240981603781,61.0158078254378,75.0782397198394,92.6055631679119,58.447745368879,73.5080368762676,92.7233313608421,55.9837561033001,71.9774382123744,92.871010439673,53.6223824049015,70.4853377144012,93.0442769721057
"Crow-billed Drongo","Dicrurus annectens","crbdro1","Passeriformes","Dicruridae (Drongos)",NA,NA,NA,NA,"Diurnal","Diurnal","Invertebrate","No","No","No","Non-endemic","Forest","Summer Migrant",NA,NA,NA,"Crow-billed Drongo","Dicrurus annectens","Crow-billed Drongo","Dicrurus annectens","Least Concern","Schedule-II","","",NA,"","","",20,0.1,0.115,0.2,16.75,3.32220076075135,NA,NA,NA,NA,NA,NA,NA,NA,NA,NA,NA,NA,NA,NA,NA,NA,NA,NA,NA,NA,NA,NA,NA,NA,NA,NA,NA
"Bronzed Drongo","Dicrurus aeneus","brodro1","Passeriformes","Dicruridae (Drongos)","Low","Stable","Uncertain","Large","Diurnal","Diurnal","Invertebrate","No","No","No","Non-endemic","Forest","Resident",NA,NA,NA,"Bronzed Drongo","Dicrurus aeneus","Bronzed Drongo","Dicrurus aeneus","Least Concern","Schedule-II","","",NA,"X","X","X",870,0.132183908045977,0.432873563218391,0.631034482758621,13.6402298850575,0.488974982365218,69.0980025616781,96.7435464179139,134.584023977476,-1.22015712875487,1.63686754527748,4.49389221930983,103.974579404083,120.779735890519,140.492932752696,103.337567349318,122.665037908563,145.86847171873,102.664649525984,124.597036213107,151.561094946175,101.974436234457,126.577005269512,157.564098241056,101.278603436606,128.606259930876,163.878378550223,100.584717079499,130.686156831937,170.509644633503,99.8978127459184,132.818095836278,177.466874467781
"Lesser Racket-tailed Drongo","Dicrurus remifer","lrtdro1","Passeriformes","Dicruridae (Drongos)","Low","Uncertain","Uncertain","Moderate","Diurnal","Diurnal","Invertebrate","No","No","No","Non-endemic","Forest","Resident & Local Migrant",NA,NA,NA,"Lesser Racket-tailed Drongo","Dicrurus remifer","Lesser Racquet-tailed Drongo","Dicrurus remifer","Least Concern","Schedule-II","","",NA,"X","X","X",282,0.0815602836879433,0.298936170212766,0.471631205673759,12.3936170212766,0.767520317748913,61.494049128469,117.038118505501,224.852924699946,-6.5053533288915,-3.23732921550073,0.030694897890041,51.5839913965038,66.718409344714,86.6565745536089,47.9288372249678,64.3315434230295,86.8248868549133,44.5122679197527,62.0560284523753,87.1252309934343,41.3327390279739,59.886046363498,87.5325850457885,38.3816196944739,57.8161135122251,88.0315778923223,35.6469026420041,55.8410599608508,88.6125494668634,33.1151719790965,53.9560101297232,89.2693761477103
"Hair-crested Drongo","Dicrurus hottentottus","hacdro1","Passeriformes","Dicruridae (Drongos)","Low","Uncertain","Uncertain","Moderate","Diurnal","Diurnal","Omnivore","No","No","No","Non-endemic","Forest & Plantation","Resident & Winter Migrant",NA,NA,NA,"Hair-crested Drongo","Dicrurus hottentottus","Hair-crested Drongo","Dicrurus hottentottus","Least Concern","Schedule-II","","",NA,"X","X","X",711,0.113924050632911,0.350070323488045,0.506329113924051,14.4261603375527,0.507240438164727,52.2058641174005,73.7775500233678,103.090839803653,-4.01425173062815,-1.76291861178372,0.488414507060714,71.1237615862595,83.2612833038457,97.6326665722314,68.2089375488398,81.6887474842605,98.0462885519119,65.3871967663778,80.1584813032355,98.5406440053218,62.6684277692553,78.6692032345461,99.0986572573792,60.0565198095714,77.21967588745,99.7096817105515,57.5519691149351,75.8087043539789,100.366870580216,55.1533158439068,74.435134623191,101.065718346853
"Andaman Drongo","Dicrurus andamanensis","anddro1","Passeriformes","Dicruridae (Drongos)","Moderate","Data Deficient","Uncertain","Restricted","Diurnal","Diurnal","Invertebrate","No","No","No","Andaman Islands","Forest","Resident",NA,NA,1,"Andaman Drongo","Dicrurus andamanensis","Andaman Drongo","Dicrurus andamanensis","Least Concern","Schedule-II","","",NA,"","X","X",26,0.115384615384615,0.603846153846154,0.769230769230769,7.26923076923077,1.91903824531515,NA,NA,NA,-5.03221064948852,-1.91874096289854,1.19472872369144,58.3670826311632,75.2171308884231,97.2622433755956,55.2360524649635,73.8257842284516,99.113432398417,52.2420037415551,72.4786865281694,101.129175520489,49.3956441224276,71.1743611715891,103.287332857988,46.6993729455231,69.9113891589996,105.575309546928,44.1510487488934,68.688406713604,107.986215938048,41.7460493865914,67.5041029957201,110.516742028045
"Greater Racket-tailed Drongo","Dicrurus paradiseus","grtdro1","Passeriformes","Dicruridae (Drongos)","Moderate","Moderate Decline","Uncertain","Large","Diurnal","Diurnal","Invertebrate","No","No","No","Non-endemic","Forest","Resident",NA,NA,NA,"Greater Racket-tailed Drongo","Dicrurus paradiseus","Greater Racquet-tailed Drongo","Dicrurus paradiseus","Least Concern","Schedule-II","","",NA,"X","X","X",946,0.132135306553911,0.445031712473573,0.581395348837209,13.8054968287526,0.471365245621828,57.6743456460425,80.9378688735436,110.892206105966,-2.20071210039004,0.284182843024472,2.76907778643898,93.2725053797577,108.639962061328,126.712404573765,91.5056516692018,108.957636070119,129.97067055028,89.7358546775127,109.291077653545,133.412399074188,87.9802659866129,109.64043255555,137.023242240827,86.2491609587677,110.005853359778,140.79599842451,84.5487679531028,110.387499595547,144.727789368641,82.8828450688046,110.785537848723,148.818490300725
"Black-naped Monarch","Hypothymis azurea","blnmon1","Passeriformes","Monarchidae (Monarch Flycatchers)","Moderate","Moderate Decline","Uncertain","Large","Diurnal","Diurnal","Invertebrate","No","No","No","Non-endemic","Forest & Plantation","Resident & Within-India Migrant",NA,NA,NA,"Black-naped Monarch","Hypothymis azurea","Black-naped Monarch","Hypothymis azurea","Least Concern","Schedule-II","","",NA,"X","X","X",1323,0.0793650793650794,0.367120181405896,0.558578987150416,13.8012093726379,0.379763512519498,69.1487169526968,92.2055625844738,123.331355778121,-0.519765282139189,1.57854989601018,3.67686507415956,95.8126684998368,109.522746029137,125.320645414844,95.3567150994979,111.132047455389,129.688273376608,94.8639192677579,112.772975796443,134.289379491934,94.3496074973544,114.446240816781,139.116223234427,93.8234703666135,116.152570143093,144.167056701729,93.2918542797227,117.892709758761,149.443849437451,92.7590433031284,119.667424513341,154.951023987758
"Amur Paradise-Flycatcher","Terpsiphone incei","amupaf1","Passeriformes","Monarchidae (Monarch Flycatchers)",NA,NA,NA,NA,"Diurnal","Diurnal","Invertebrate","No","No","No","Non-endemic","Forest","Winter Migrant",NA,1,NA,"Amur Paradise-Flycatcher","Terpsiphone incei","Chinese Paradise-flycatcher","Terpsiphone incei","Least Concern","Schedule-II","","Appendix II",NA,"","","",2,NA,0.5,NA,11.5,12.74,NA,NA,NA,NA,NA,NA,NA,NA,NA,NA,NA,NA,NA,NA,NA,NA,NA,NA,NA,NA,NA,NA,NA,NA,NA,NA,NA
"Blyth's Paradise-Flycatcher","Terpsiphone affinis","blypaf1","Passeriformes","Monarchidae (Monarch Flycatchers)",NA,NA,NA,NA,"Diurnal","Diurnal","Invertebrate","No","No","No","Non-endemic","Forest","Resident & Summer Migrant",NA,NA,NA,"Blyth's Paradise-Flycatcher","Terpsiphone affinis","Oriental Paradise-flycatcher","Terpsiphone affinis","Least Concern","Schedule-II","","Appendix II",NA,"","","",60,0.0166666666666667,0.248333333333333,0.5,12.3166666666667,1.35143246593426,NA,NA,NA,NA,NA,NA,NA,NA,NA,NA,NA,NA,NA,NA,NA,NA,NA,NA,NA,NA,NA,NA,NA,NA,NA,NA,NA
"Indian Paradise-Flycatcher","Terpsiphone paradisi","aspfly1","Passeriformes","Monarchidae (Monarch Flycatchers)","Low","Stable","Uncertain","Large","Diurnal","Diurnal","Invertebrate","No","No","No","Non-endemic","Forest & Plantation","Resident & Within-India Migrant",1,NA,NA,"Indian Paradise-Flycatcher","Terpsiphone paradisi","Indian Paradise-flycatcher","Terpsiphone paradisi","Least Concern","Schedule-II","","Appendix II",NA,"X","X","X",2065,0.0837772397094431,0.41317191283293,0.576271186440678,13.4992736077482,0.284336870609668,76.839354831783,91.4701071649616,106.667633508346,-1.43539851680824,-0.432174174961225,0.571050166885785,87.9076696941093,95.2181892504704,103.169804385148,86.5150545930157,94.8019085701686,103.926323202456,85.1213998921641,94.3896728518702,104.723493490842,83.7352670903845,93.9814456807853,105.552340303912,82.3618970228215,93.5771910736007,106.407224176813,81.0045708071358,93.1768734735595,107.284479953732,79.6653675921262,92.7804577456076,108.181658820278
"Tiger Shrike","Lanius tigrinus","tigshr1","Passeriformes","Laniidae (Shrikes)",NA,NA,NA,NA,"Diurnal","Diurnal","Invertebrate","No","No","No","Non-endemic","Forest & Plantation","Uncertain",NA,1,NA,"Tiger Shrike","Lanius tigrinus","Tiger Shrike","Lanius tigrinus","Least Concern","Recent addition","","",NA,"","","",NA,NA,NA,NA,NA,NA,NA,NA,NA,NA,NA,NA,NA,NA,NA,NA,NA,NA,NA,NA,NA,NA,NA,NA,NA,NA,NA,NA,NA,NA,NA,NA,NA
"Red-backed Shrike","Lanius collurio","rebshr1","Passeriformes","Laniidae (Shrikes)",NA,NA,NA,NA,"Diurnal","Diurnal","Invertebrate","No","No","No","Non-endemic","Open Habitat","Passage Migrant",NA,NA,NA,"Red-backed Shrike","Lanius collurio","Red-backed Shrike","Lanius collurio","Least Concern","Schedule-II","","",NA,"","","",57,0.0350877192982456,0.229824561403509,0.491228070175439,14.8245614035088,1.49626933218429,NA,NA,NA,NA,NA,NA,NA,NA,NA,NA,NA,NA,NA,NA,NA,NA,NA,NA,NA,NA,NA,NA,NA,NA,NA,NA,NA
"Red-tailed Shrike","Lanius phoenicuroides","rutshr2","Passeriformes","Laniidae (Shrikes)",NA,NA,NA,NA,"Diurnal","Diurnal","Invertebrate","No","No","No","Non-endemic","Open Habitat","Passage Migrant",NA,NA,NA,"Red-tailed Shrike","Lanius phoenicuroides","Red-tailed Shrike","Lanius phoenicuroides","Least Concern","Schedule-II","","",NA,"","","",57,0.0175438596491228,0.203508771929825,0.403508771929825,14.8245614035088,1.55465147627397,NA,NA,NA,NA,NA,NA,NA,NA,NA,NA,NA,NA,NA,NA,NA,NA,NA,NA,NA,NA,NA,NA,NA,NA,NA,NA,NA
"Isabelline Shrike","Lanius isabellinus","isashr1","Passeriformes","Laniidae (Shrikes)","Low","Uncertain","Uncertain","Large","Diurnal","Diurnal","Invertebrate","No","No","No","Non-endemic","Open Habitat","Winter Migrant",NA,NA,NA,"Isabelline Shrike","Lanius isabellinus","Isabelline Shrike","Lanius isabellinus","Least Concern","Schedule-II","","",NA,"X","X","X",602,0.0448504983388704,0.265282392026578,0.355481727574751,12.7159468438538,0.514520718000991,32.6387069685812,68.3334243678154,142.206586444331,-7.97238900105454,-4.23155454055239,-0.490720080050235,45.4082630621877,63.0923412919879,88.2469631722469,41.152141510863,59.9401808446659,88.068270125154,37.2810979392753,56.9847865974478,88.073844048287,33.7748057084354,54.2126293493596,88.2297173851864,30.606446709928,51.6111915829524,88.5150572719706,27.7472907377851,49.168886915076,88.9168070552343,25.1689611581792,46.8749863207449,89.4267408990072
"Brown Shrike","Lanius cristatus","brnshr","Passeriformes","Laniidae (Shrikes)","Low","Stable","Moderate Decline","Large","Diurnal","Diurnal","Invertebrate","No","No","No","Non-endemic","Forest & Plantation","Winter Migrant",NA,NA,NA,"Brown Shrike","Lanius cristatus","Brown Shrike","Lanius cristatus","Least Concern","Schedule-II","","",NA,"X","X","X",1940,0.0974226804123711,0.389742268041237,0.589690721649485,12.880412371134,0.305820946203064,58.9651800221989,87.3998008068107,137.453313591189,-3.15237108391953,0.294301888191715,3.74097486030296,84.7466081310426,104.25930681321,128.633970841466,82.5300209804991,104.60170716425,133.077607460981,80.3359940249292,104.971128601589,137.824367322908,78.1849166191327,105.367873069012,142.860845208609,76.0883011240794,105.792266731542,148.183414947117,74.0524858541495,106.24466055189,153.794555660017,72.0806949463429,106.725430911192,159.700824609585
"Burmese Shrike","Lanius collurioides","burshr1","Passeriformes","Laniidae (Shrikes)",NA,NA,NA,NA,"Diurnal","Diurnal","Invertebrate","No","No","No","Non-endemic","Non-specialized","Winter Migrant & Localized Summer Migrant",NA,NA,NA,"Burmese Shrike","Lanius collurioides","Burmese Shrike","Lanius collurioides","Least Concern","Schedule-II","","",NA,"","","",11,NA,0.222222222222222,0.181818181818182,11.7272727272727,3.06037322846751,NA,NA,NA,NA,NA,NA,NA,NA,NA,NA,NA,NA,NA,NA,NA,NA,NA,NA,NA,NA,NA,NA,NA,NA,NA,NA,NA
"Bay-backed Shrike","Lanius vittatus","babshr1","Passeriformes","Laniidae (Shrikes)","Moderate","Moderate Decline","Uncertain","Very Large","Diurnal","Diurnal","Invertebrate","No","No","No","Non-endemic","Open Habitat","Resident & Local Migrant",1,NA,NA,"Bay-backed Shrike","Lanius vittatus","Bay-backed Shrike","Lanius vittatus","Least Concern","Schedule-II","","",NA,"X","X","X",2177,0.0666054203031695,0.32875516766192,0.494258153422141,12.210840606339,0.283279130276696,39.9790380936351,48.4567214586064,59.0701143809755,-2.33323091496012,-0.9975123007171,0.338206313525921,82.1363217744018,91.358854249548,101.678202826522,80.0250180321786,90.3931091693171,102.185279447178,77.9415181330766,89.4418125061535,102.742719310955,75.8959101785491,88.5047188195052,103.338487979007,73.8938940642343,87.5815873562516,103.965012354077,71.9386031257371,86.6721819537511,104.617356679932,70.0316160049139,85.776270945033,105.292208409057
"Long-tailed Shrike","Lanius schach","lotshr1","Passeriformes","Laniidae (Shrikes)","Moderate","Stable","Strong Decline","Large","Diurnal","Diurnal","Invertebrate","No","No","No","Non-endemic","Open Habitat","Resident & Within-India Migrant",NA,NA,NA,"Long-tailed Shrike","Lanius schach","Long-tailed Shrike","Lanius schach","Least Concern","Schedule-II","","",NA,"X","X","X",3371,0.0854345891426876,0.385078611687926,0.57816671610798,11.0694156036784,0.220856536422574,72.9041807570017,83.6509083897683,96.9485075589633,-1.36728012008734,-0.482552061649271,0.4021759967888,90.0646417602308,95.4720480626338,101.226781314183,88.8697031115182,95.0047162208717,101.593094197146,87.6736067084067,94.54149045416,101.985625427839,86.4827087304432,94.082332972825,102.397706012277,85.3009224495438,93.6272064002225,102.825117007981,84.1307187070913,93.1760737679277,103.265088923803,82.9736829101809,92.728898510986,103.715744603384
"Gray-backed Shrike","Lanius tephronotus","gybshr1","Passeriformes","Laniidae (Shrikes)","Low","Uncertain","Uncertain","Moderate","Diurnal","Diurnal","Invertebrate","No","No","No","Non-endemic","Open Habitat","Winter Migrant & Localized Summer Migrant",NA,NA,NA,"Grey-backed Shrike","Lanius tephronotus","Grey-backed Shrike","Lanius tephronotus","Least Concern","Schedule-II","","",NA,"X","X","X",413,0.14043583535109,0.364406779661017,0.598062953995157,11.3341404358354,0.610119576332165,53.7788513981276,93.7107406110745,159.244711049394,-4.3124306975219,0.228331403965096,4.76909350545209,75.1937061162415,96.0167633940167,123.102104443556,72.8059222160493,96.2946447725199,128.037942451606,70.4656053498174,96.6134892984246,133.364393545283,68.1925556857585,96.9735868262357,139.073473499848,65.9970733692763,97.3752790685098,145.168543470793,63.8839949887426,97.8189601887424,151.660346395149,61.8549315787213,98.3050775023877,158.564852723512
"Great Gray Shrike","Lanius excubitor","norshr1","Passeriformes","Laniidae (Shrikes)","High","Strong Decline","Moderate Decline","Moderate","Diurnal","Diurnal","Vertebrate & Carrion","No","No","No","Non-endemic","Grassland","Resident & Winter Migrant",1,NA,NA,"Great Grey Shrike","Lanius excubitor","Great Grey Shrike","Lanius excubitor","Least Concern","Schedule-II","","",NA,"X","X","X",724,0.125690607734807,0.247375690607735,0.321823204419889,11.578729281768,0.469601124337568,8.74759013993553,12.6510027940419,18.0546499174973,-7.30730737838133,-5.42644147508422,-3.5455755717871,34.5012753567015,44.0592524245648,56.4216305220416,30.9828134715168,40.9863944722244,54.4176702172639,27.805292745215,38.1356686548068,52.5476711500171,24.9447490327711,35.4904997934413,50.7881087125185,22.3745679941099,33.0355851463308,49.1232158701623,20.0680881763934,30.7567941906705,47.5418087402691,17.9998383318329,28.641076483815,46.035543527038
"Lesser Gray Shrike","Lanius minor","legshr2","Passeriformes","Laniidae (Shrikes)",NA,NA,NA,NA,"Diurnal","Diurnal","Invertebrate","No","No","No","Non-endemic","Grassland","Uncertain",NA,1,NA,"Lesser Grey Shrike","Lanius minor","Lesser Grey Shrike","Lanius minor","Least Concern","Schedule-II","","Appendix II",NA,"","","",1,1,NA,NA,15,NA,NA,NA,NA,NA,NA,NA,NA,NA,NA,NA,NA,NA,NA,NA,NA,NA,NA,NA,NA,NA,NA,NA,NA,NA,NA,NA,NA
"Giant Shrike","Lanius giganteus","chgshr3","Passeriformes","Laniidae (Shrikes)",NA,NA,NA,NA,"Diurnal","Diurnal","Invertebrate","No","No","No","Non-endemic","Non-specialized","Uncertain",NA,1,NA,"Giant Shrike","Lanius giganteus","Giant Grey Shrike","Lanius giganteus","Least Concern","Recent addition","","",NA,"","","",NA,NA,NA,NA,NA,NA,NA,NA,NA,NA,NA,NA,NA,NA,NA,NA,NA,NA,NA,NA,NA,NA,NA,NA,NA,NA,NA,NA,NA,NA,NA,NA,NA
"Masked Shrike","Lanius nubicus","masshr1","Passeriformes","Laniidae (Shrikes)",NA,NA,NA,NA,"Diurnal","Diurnal","Invertebrate","No","No","No","Non-endemic","Non-specialized","Uncertain",NA,1,NA,"Masked Shrike","Lanius nubicus","Masked Shrike","Lanius nubicus","Least Concern","Schedule-II","","",NA,"","","",NA,NA,NA,NA,NA,NA,NA,NA,NA,NA,NA,NA,NA,NA,NA,NA,NA,NA,NA,NA,NA,NA,NA,NA,NA,NA,NA,NA,NA,NA,NA,NA,NA
"Woodchat Shrike","Lanius senator","wooshr1","Passeriformes","Laniidae (Shrikes)",NA,NA,NA,NA,"Diurnal","Diurnal","Invertebrate","No","No","No","Non-endemic","Non-specialized","Uncertain",NA,1,NA,"Woodchat Shrike","Lanius senator","Woodchat Shrike","Lanius senator","Near Threatened","Schedule-II","","",NA,"","","",NA,NA,NA,NA,NA,NA,NA,NA,NA,NA,NA,NA,NA,NA,NA,NA,NA,NA,NA,NA,NA,NA,NA,NA,NA,NA,NA,NA,NA,NA,NA,NA,NA
"Eurasian Jay","Garrulus glandarius","eurjay1","Passeriformes","Corvidae (Crows, Jays, and Magpies)","Low","Data Deficient","Uncertain","Moderate","Diurnal","Diurnal","Omnivore","No","No","No","Non-endemic","Forest","Resident & Altitudinal Migrant",NA,NA,NA,"Eurasian Jay","Garrulus glandarius","Eurasian Jay","Garrulus glandarius","Least Concern","Schedule-II","","",NA,"X","X","X",148,0.135135135135135,0.371621621621622,0.554054054054054,13.2837837837838,1.01008602429654,31.4009593642112,57.5975289972454,106.251644502321,-5.8174093796544,-1.19001470918268,3.43737996128904,67.0111165900527,89.6627386519481,120.622980289421,63.531552278364,88.6434935003891,124.563602218321,60.2061571495514,87.6829423298416,128.864347963513,57.0491324909219,86.7794180289568,133.507936399737,54.0639304111242,85.931354979002,138.490593840016,51.2481623470179,85.1372848415765,143.817108137438,48.5962780779876,84.3958326119779,149.498132300387
"Black-headed Jay","Garrulus lanceolatus","blhjay1","Passeriformes","Corvidae (Crows, Jays, and Magpies)","Low","Uncertain","Uncertain","Moderate","Diurnal","Diurnal","Omnivore","No","No","Yes","Western Himalayas","Forest & Plantation","Resident & Altitudinal Migrant",NA,NA,NA,"Black-headed Jay","Garrulus lanceolatus","Black-headed Jay","Garrulus lanceolatus","Least Concern","Schedule-II","","",NA,"X","X","X",151,0.158940397350993,0.431788079470199,0.509933774834437,12.1986754966887,0.95043882618062,34.4891958859358,72.0221411499153,162.478678521904,-5.43107349622396,1.35076322016036,8.13259993654469,86.508265853499,124.917000144189,182.209380576364,83.2383383575655,126.698950197514,195.42599715705,80.0613788984157,128.608934244281,210.128630210787,77.0093301277792,130.651695863032,226.407953013549,74.097322756567,132.83235252929,244.389374954568,71.330994958873,135.156415155525,264.227643810931,68.7105348290682,137.629809304715,286.105008576582
"Yellow-billed Blue-Magpie","Urocissa flavirostris","gobmag1","Passeriformes","Corvidae (Crows, Jays, and Magpies)","Low","Uncertain","Uncertain","Moderate","Diurnal","Diurnal","Omnivore","No","No","Yes","Himalayas","Forest","Resident & Altitudinal Migrant",NA,NA,NA,"Yellow-billed Blue-Magpie","Urocissa flavirostris","Yellow-billed Blue Magpie","Urocissa flavirostris","Least Concern","Schedule-II","","",NA,"X","X","X",227,0.145374449339207,0.454625550660793,0.594713656387665,11.6563876651982,0.806638183011014,77.4999171429559,153.264960690525,319.869853910121,-5.34533098235088,0.398078386806531,6.14148775596394,83.7269370423361,118.36362904567,168.631263015974,80.1192288368982,119.033813378844,178.658547253795,76.6360781998923,119.793564102352,189.707099218101,73.3050206519003,120.64485471507,201.809250556405,70.1378927056571,121.589880669143,215.022670120837,67.1377444144519,122.63106935076,229.424199507922,64.3026458230666,123.771091131664,245.106909737146
"Red-billed Blue-Magpie","Urocissa erythroryncha","rbbmag","Passeriformes","Corvidae (Crows, Jays, and Magpies)","Low","Uncertain","Uncertain","Moderate","Diurnal","Diurnal","Omnivore","No","No","No","Non-endemic","Non-specialized","Resident",NA,NA,NA,"Red-billed Blue-Magpie","Urocissa erythroryncha","Red-billed Blue Magpie","Urocissa erythroryncha","Least Concern","Schedule-II","","",NA,"X","X","X",169,0.159763313609467,0.532544378698225,0.710059171597633,14.0532544378698,0.900606984348071,53.7415067307454,120.903481192855,258.087908188067,-6.15577547842183,-0.630795611028381,4.89418425636506,67.7953110466392,94.1296562052508,131.641770462336,64.3663808074682,93.6774458807904,137.63273919483,61.0897581187282,93.2945699109664,144.20614736025,57.9823201161615,92.9803595158133,151.360398736018,55.0487543095592,92.7342842008674,159.111187453856,52.2871256327844,92.5559503760938,167.486080715645,49.6919142743533,92.4451003907105,176.521679378501
"Common Green-Magpie","Cissa chinensis","gremag1","Passeriformes","Corvidae (Crows, Jays, and Magpies)","Low","Uncertain","Uncertain","Moderate","Diurnal","Diurnal","Omnivore","No","No","No","Non-endemic","Forest","Resident",NA,NA,NA,"Common Green-Magpie","Cissa chinensis","Common Green Magpie","Cissa chinensis","Least Concern","Schedule-II","","",NA,"","","X",188,0.143617021276596,0.317553191489362,0.537234042553192,12,0.946131093436078,NA,NA,NA,NA,NA,NA,NA,NA,NA,NA,NA,NA,NA,NA,NA,NA,NA,NA,NA,NA,NA,NA,NA,NA,NA,NA,NA
"Rufous Treepie","Dendrocitta vagabunda","ruftre2","Passeriformes","Corvidae (Crows, Jays, and Magpies)","Low","Stable","Uncertain","Very Large","Diurnal","Diurnal","Omnivore","No","No","No","Non-endemic","Non-specialized","Resident",1,NA,NA,"Rufous Treepie","Dendrocitta vagabunda","Rufous Treepie","Dendrocitta vagabunda","Least Concern","Schedule-II","","",NA,"X","X","X",3362,0.0773349196906603,0.439886972040452,0.638013087447948,10.7486615110054,0.227567826661271,129.071957553483,147.330054513101,167.940690505352,-1.50781814175577,-0.712531269982353,0.0827556017910677,87.7618184408205,92.4295390718294,97.3605873932271,86.4692859096853,91.7552465485743,97.3841146268401,85.1808790462099,91.0873379190205,97.42861539124,83.9020508879429,90.425744648793,97.4882293502903,82.6361205670263,89.7703990231434,97.5592379509216,81.3851485772765,89.1212341363386,97.6391890040293,80.1504237756107,88.478183881197,97.7264095341504
"Gray Treepie","Dendrocitta formosae","grytre1","Passeriformes","Corvidae (Crows, Jays, and Magpies)","Low","Uncertain","Strong Increase","Moderate","Diurnal","Diurnal","Omnivore","No","No","No","Non-endemic","Forest","Resident",NA,NA,NA,"Grey Treepie","Dendrocitta formosae","Grey Treepie","Dendrocitta formosae","Least Concern","Schedule-II","","",NA,"X","X","X",427,0.11943793911007,0.391569086651054,0.60655737704918,11.5878220140515,0.586818528060063,148.771584592073,227.017613170318,349.15229779429,-0.482728991532902,3.75729252510222,7.99731404173735,118.758051999635,142.939124776152,172.434664591756,119.4322675158,147.648770106909,183.075725009052,120.059017805002,152.54721302273,194.565230578332,120.663663421891,157.642884369258,206.934902680643,121.262533314055,162.944624715836,220.229950388689,121.866588259733,168.461705668222,234.5057684555,122.483478697407,174.203852355292,249.826271583101
"White-bellied Treepie","Dendrocitta leucogastra","whbtre1","Passeriformes","Corvidae (Crows, Jays, and Magpies)","Moderate","Moderate Decline","Uncertain","Moderate","Diurnal","Diurnal","Omnivore","Yes","Yes","No","Western Ghats","Forest","Resident",NA,NA,NA,"White-bellied Treepie","Dendrocitta leucogastra","White-bellied Treepie","Dendrocitta leucogastra","Least Concern","Schedule-II","","",NA,"X","X","X",106,0.216981132075472,0.59622641509434,0.622641509433962,22.2641509433962,0.632376843576237,29.7113165576114,66.407477269203,145.161169555597,-6.31891013419741,1.37697002005121,9.07285017429982,76.4592990534398,113.181367027869,169.168644505121,73.2562712400332,114.706953443903,181.898986198189,70.16535648848,116.361718506738,196.109525282017,67.2150123984272,118.151258373988,211.897421414554,64.4175995970901,120.081662475916,229.395495377453,61.7765033088802,122.159547764978,248.767265507439,59.290052159052,124.392096204996,270.205526369314
"Collared Treepie","Dendrocitta frontalis","coltre1","Passeriformes","Corvidae (Crows, Jays, and Magpies)","Moderate","Data Deficient","Uncertain","Restricted","Diurnal","Diurnal","Omnivore","No","No","No","Non-endemic","Forest","Resident",1,NA,NA,"Collared Treepie","Dendrocitta frontalis","Collared Treepie","Dendrocitta frontalis","Least Concern","Schedule-II","","",NA,"","","X",41,0.0975609756097561,0.278048780487805,0.463414634146341,8.97560975609756,1.92805435583341,NA,NA,NA,NA,NA,NA,NA,NA,NA,NA,NA,NA,NA,NA,NA,NA,NA,NA,NA,NA,NA,NA,NA,NA,NA,NA,NA
"Andaman Treepie","Dendrocitta bayleii","andtre1","Passeriformes","Corvidae (Crows, Jays, and Magpies)","High","Data Deficient","Data Deficient","Restricted","Diurnal","Diurnal","Omnivore","Yes","Yes","No","Andaman Islands","Forest","Resident",NA,NA,1,"Andaman Treepie","Dendrocitta bayleii","Andaman Treepie","Dendrocitta bayleii","Vulnerable","Schedule-I","","",NA,"","X","X",20,0.1,0.55,0.75,8.45,2.15400625518322,NA,NA,NA,-8.209200836377,-2.42646536213425,3.35627011210851,47.32932639304,74.1281591795825,117.493747400058,43.5301089383298,72.6829611168579,123.27077143365,40.0200152156386,71.3356291189967,129.71530098939,36.797500510635,70.0815752260909,136.829508859978,33.8496684157588,68.9165665650634,144.637711205659,31.158549540914,67.8367023074851,153.179975158752,28.70435519324,66.8383925473228,162.508920910395
"Black-rumped Magpie","Pica bottanensis","eurmag6","Passeriformes","Corvidae (Crows, Jays, and Magpies)",NA,NA,NA,NA,"Diurnal","Diurnal","Vertebrate & Carrion","No","No","No","Non-endemic","Alpine & Cold Desert","Uncertain",NA,NA,NA,"Black-rumped Magpie","Pica bottanensis","",NA,"Not recognized","Recent addition","","",NA,"","","",NA,NA,NA,NA,NA,NA,NA,NA,NA,NA,NA,NA,NA,NA,NA,NA,NA,NA,NA,NA,NA,NA,NA,NA,NA,NA,NA,NA,NA,NA,NA,NA,NA
"Eurasian Magpie","Pica pica","eurmag1","Passeriformes","Corvidae (Crows, Jays, and Magpies)",NA,NA,NA,NA,"Diurnal","Diurnal","Vertebrate & Carrion","No","No","No","Non-endemic","Alpine & Cold Desert","Resident",NA,NA,NA,"Eurasian Magpie","Pica pica","Eurasian Magpie","Pica pica","Least Concern","Schedule-II","","",NA,"","","",96,0.166666666666667,0.45,0.614583333333333,6.02083333333333,0.854629699059552,NA,NA,NA,NA,NA,NA,NA,NA,NA,NA,NA,NA,NA,NA,NA,NA,NA,NA,NA,NA,NA,NA,NA,NA,NA,NA,NA
"Southern Nutcracker","Nucifraga hemispila","eurnut4","Passeriformes","Corvidae (Crows, Jays, and Magpies)",NA,NA,NA,NA,"Diurnal","Diurnal","Plant & Seed","No","No","No","Non-endemic","Forest","Resident",NA,NA,NA,"Spotted Nutcracker","Nucifraga hemispila","Southern Nutcracker","Nucifraga hemispila","Least Concern","Schedule-II","","",NA,"","X","X",96,0.135416666666667,0.392708333333333,0.572916666666667,12.7083333333333,1.26414757586575,NA,NA,NA,-9.5218646330255,-1.12993009312466,7.26200444677618,67.5418104557551,113.282036997308,193.590745109356,62.2278573013564,112.386167510613,208.050334048382,57.3518027364372,111.714407492573,224.619737889176,52.908397296391,111.262583786347,243.480854767776,48.8748863939287,111.027755307091,264.885226669694,45.2211106990147,111.008190206721,289.149862304462,41.9146593955983,111.203354805253,316.659721097709
"Kashmir Nutcracker","Nucifraga multipunctata","sponut1","Passeriformes","Corvidae (Crows, Jays, and Magpies)","Moderate","Data Deficient","Data Deficient","Restricted","Diurnal","Diurnal","Plant & Seed","No","No","Yes","Western Himalayas","Forest","Resident",NA,NA,NA,"Kashmir Nutcracker","Nucifraga multipunctata","Large-spotted Nutcracker","Nucifraga multipunctata","Least Concern","Schedule-II","","",NA,"","","X",39,0.153846153846154,0.217948717948718,0.333333333333333,9.12820512820513,1.87784063469814,NA,NA,NA,NA,NA,NA,NA,NA,NA,NA,NA,NA,NA,NA,NA,NA,NA,NA,NA,NA,NA,NA,NA,NA,NA,NA,NA
"Red-billed Chough","Pyrrhocorax pyrrhocorax","rebcho1","Passeriformes","Corvidae (Crows, Jays, and Magpies)","Low","Uncertain","Uncertain","Moderate","Diurnal","Diurnal","Omnivore","No","No","No","Non-endemic","Alpine & Cold Desert","Resident & Altitudinal Migrant",NA,NA,NA,"Red-billed Chough","Pyrrhocorax pyrrhocorax","Red-billed Chough","Pyrrhocorax pyrrhocorax","Least Concern","Schedule-II","","",NA,"","","X",242,0.231404958677686,0.365702479338843,0.533057851239669,7.97520661157025,0.68635547648433,NA,NA,NA,NA,NA,NA,NA,NA,NA,NA,NA,NA,NA,NA,NA,NA,NA,NA,NA,NA,NA,NA,NA,NA,NA,NA,NA
"Yellow-billed Chough","Pyrrhocorax graculus","yebcho1","Passeriformes","Corvidae (Crows, Jays, and Magpies)","Low","Data Deficient","Uncertain","Moderate","Diurnal","Diurnal","Omnivore","No","No","No","Non-endemic","Alpine & Cold Desert","Resident & Altitudinal Migrant",NA,NA,NA,"Yellow-billed Chough","Pyrrhocorax graculus","Yellow-billed Chough","Pyrrhocorax graculus","Least Concern","Schedule-II","","",NA,"","X","X",228,0.131578947368421,0.332894736842105,0.486842105263158,8.15350877192983,0.746395846124053,NA,NA,NA,-10.0217767311199,-4.75971696499151,0.502342801136906,35.424897269659,53.9167429221802,82.9673059623457,31.5000478768956,50.9155556779086,83.4880935523326,28.0102808840487,48.1456001097328,84.281728175461,24.9199154330358,45.5875348759564,85.3139656382905,22.1890991674906,43.2238400484818,86.5664571451184,19.7784305176515,41.0386351265414,88.0305857401215,17.6510181186876,39.0175166551908,89.704125405856
"Eurasian Jackdaw","Coloeus monedula","eurjac","Passeriformes","Corvidae (Crows, Jays, and Magpies)",NA,NA,NA,NA,"Diurnal","Diurnal","Omnivore","No","No","No","Non-endemic","Non-specialized","Resident",NA,NA,NA,"Eurasian Jackdaw","Coloeus monedula","Eurasian Jackdaw","Corvus monedula","Least Concern","Schedule-II","","",NA,"","","",57,0.12280701754386,0.333333333333333,0.403508771929825,10.2631578947368,1.38638625618508,NA,NA,NA,NA,NA,NA,NA,NA,NA,NA,NA,NA,NA,NA,NA,NA,NA,NA,NA,NA,NA,NA,NA,NA,NA,NA,NA
"House Crow","Corvus splendens","houcro1","Passeriformes","Corvidae (Crows, Jays, and Magpies)","Low","Moderate Increase","Stable","Very Large","Diurnal","Diurnal","Vertebrate & Carrion","No","No","No","Non-endemic","Non-specialized","Resident",NA,NA,NA,"House Crow","Corvus splendens","House Crow","Corvus splendens","Least Concern","Not scheduled","","",NA,"X","X","X",4305,0.0936120789779326,0.471405342624855,0.672241579558653,9.80627177700348,0.198427065999311,122.396344479637,135.2176029006,149.424454457423,-2.66339321503866,-2.08387938761734,-1.50436556019602,76.8180691045085,80.9569229397185,85.3320308963545,74.4961351226955,79.1096833262758,84.0260765155466,72.2311733999869,77.3054203654033,82.7576834976143,70.0265500818651,75.5431158131667,81.520764954599,67.8835907209014,73.8217759691398,80.3113578532678,65.8024474583088,72.1404310750774,79.1267531859296,63.7825787712708,70.4981347285522,77.9650136618429
"Rook","Corvus frugilegus","rook1","Passeriformes","Corvidae (Crows, Jays, and Magpies)",NA,NA,NA,NA,"Diurnal","Diurnal","Omnivore","No","No","No","Non-endemic","Open Habitat","Winter Migrant",NA,NA,NA,"Rook","Corvus frugilegus","Rook","Corvus frugilegus","Least Concern","Schedule-II","","",NA,"","","",7,NA,0.485714285714286,0.571428571428571,12.1428571428571,5.26320561381876,NA,NA,NA,NA,NA,NA,NA,NA,NA,NA,NA,NA,NA,NA,NA,NA,NA,NA,NA,NA,NA,NA,NA,NA,NA,NA,NA
"Carrion Crow","Corvus corone","carcro1","Passeriformes","Corvidae (Crows, Jays, and Magpies)",NA,NA,NA,NA,"Diurnal","Diurnal","Vertebrate & Carrion","No","No","No","Non-endemic","Alpine & Cold Desert","Resident",NA,NA,NA,"Carrion Crow","Corvus corone","Carrion Crow","Corvus corone","Least Concern","Schedule-II","","",NA,"","","",55,0.309090909090909,0.236363636363636,0.454545454545455,9.58181818181818,1.2944245621303,NA,NA,NA,NA,NA,NA,NA,NA,NA,NA,NA,NA,NA,NA,NA,NA,NA,NA,NA,NA,NA,NA,NA,NA,NA,NA,NA
"Hooded Crow","Corvus cornix","hoocro1","Passeriformes","Corvidae (Crows, Jays, and Magpies)",NA,NA,NA,NA,"Diurnal","Diurnal","Vertebrate & Carrion","No","No","No","Non-endemic","Non-specialized","Uncertain",NA,1,NA,"Hooded Crow","Corvus cornix","",NA,"Not recognized","Schedule-II","","",NA,"","","",1,1,NA,NA,23,NA,NA,NA,NA,NA,NA,NA,NA,NA,NA,NA,NA,NA,NA,NA,NA,NA,NA,NA,NA,NA,NA,NA,NA,NA,NA,NA,NA
"Large-billed Crow","Corvus macrorhynchos","labcro1","Passeriformes","Corvidae (Crows, Jays, and Magpies)","Low","Stable","Uncertain","Very Large","Diurnal","Diurnal","Omnivore","No","No","No","Non-endemic","Non-specialized","Resident",NA,NA,NA,"Large-billed Crow","Corvus macrorhynchos","Large-billed Crow","Corvus macrorhynchos","Least Concern","Schedule-II","","",NA,"X","X","X",3706,0.114948731786293,0.452347544522396,0.623313545601727,10.4633027522936,0.213293138910765,82.6418486090561,92.4074133155568,104.447226766055,-2.44570068755034,-1.70741315512838,-0.969125622706424,81.2348155851645,86.8070295277053,92.7810680255353,78.9524549402665,85.1839584114244,91.9327770969976,76.7166883051543,83.5926313725617,91.1171032769292,74.5329645767667,82.0324027482643,90.3263314711345,72.4040103828832,80.5026404742192,89.5555376457421,70.330971890443,79.0027257890895,88.8014448586364,68.3140476009392,77.5320529455619,88.0617883733262
"Pied Crow","Corvus albus","piecro1","Passeriformes","Corvidae (Crows, Jays, and Magpies)",NA,NA,NA,NA,"Diurnal","Diurnal","Vertebrate & Carrion","No","No","No","Non-endemic","Non-specialized","Uncertain",NA,1,NA,"Pied Crow","Corvus albus","Pied Crow","Corvus albus","Least Concern","Schedule-II","","",NA,"","","",NA,NA,NA,NA,NA,NA,NA,NA,NA,NA,NA,NA,NA,NA,NA,NA,NA,NA,NA,NA,NA,NA,NA,NA,NA,NA,NA,NA,NA,NA,NA,NA,NA
"Common Raven","Corvus corax","comrav","Passeriformes","Corvidae (Crows, Jays, and Magpies)","Low","Data Deficient","Uncertain","Moderate","Diurnal","Diurnal","Vertebrate & Carrion","No","No","No","Non-endemic","Open Habitat","Resident & Altitudinal Migrant",NA,NA,NA,"Common Raven","Corvus corax","Common Raven","Corvus corax","Least Concern","Schedule-II","","",NA,"X","X","X",210,0.152380952380952,0.268095238095238,0.361904761904762,8.83809523809524,0.736930461475508,11.7774152600998,21.857423377065,40.7742923606952,-8.94646814910044,-5.78442795286558,-2.62238775663072,32.3736884125154,44.3268718888041,61.056669271673,28.6409797156455,41.0313544068908,59.244289238589,25.3282911149286,38.0058413580358,57.6031472931347,22.3978912579488,35.2266978511267,56.1015543779642,19.8104424744275,32.6724675484142,54.7184181143493,17.528109612506,30.3236632362966,53.4389242033906,15.5158885716728,28.1625782538794,52.2521670739284
"Yellow-bellied Fairy-Fantail","Chelidorhynx hypoxanthus","yebfan1","Passeriformes","Stenostiridae (Fairy Flycatchers)","Low","Uncertain","Uncertain","Moderate","Diurnal","Diurnal","Invertebrate","No","No","No","Non-endemic","Forest & Plantation","Resident & Altitudinal Migrant",NA,NA,NA,"Yellow-bellied Fairy-Fantail","Chelidorhynx hypoxanthus","Yellow-bellied Fairy-fantail","Chelidorhynx hypoxanthus","Least Concern","Schedule-II","","",NA,"X","X","X",306,0.150326797385621,0.366666666666667,0.513071895424837,11.8202614379085,0.726284342894773,35.4009538418127,62.5138750174943,112.61240343947,-5.08189672530342,-1.00476792892066,3.0723608674621,66.3284348141958,87.6372616547921,116.361362393514,63.0807414462637,86.7550779460877,120.084923348031,59.9606765546005,85.9171075239641,124.126237228911,56.9836955770011,85.1221680243717,128.46705122371,54.1550493688519,84.3691410579573,133.101314389074,51.4743435174342,83.6569696697091,138.030588142003,48.9380391703942,82.9846559449577,143.261527268671
"Gray-headed Canary-Flycatcher","Culicicapa ceylonensis","gyhcaf1","Passeriformes","Stenostiridae (Fairy Flycatchers)","Moderate","Moderate Decline","Moderate Decline","Moderate","Diurnal","Diurnal","Invertebrate","No","No","No","Non-endemic","Forest & Plantation","Resident & Within-India Migrant",NA,NA,NA,"Grey-headed Canary-Flycatcher","Culicicapa ceylonensis","Grey-headed Canary-flycatcher","Culicicapa ceylonensis","Least Concern","Schedule-II","","",NA,"X","X","X",1230,0.117886178861789,0.349186991869919,0.528455284552846,13.0447154471545,0.372752140202613,46.0171212465871,58.3952918492777,75.2102828979282,-2.73659571316777,-0.909139693438056,0.918316326291662,73.4942740975377,84.6625634737713,97.638353761467,71.3806599453756,83.9265907343014,98.8241567236712,69.2987542588258,83.2039268723073,100.088874004636,67.2604710761117,82.4943333170917,101.418387720847,65.2724054105833,81.7975768257507,102.804037864956,63.3380518109104,81.1134293590993,104.240399498573,61.4590363763937,80.4416679608216,105.724046725269
"Fire-capped Tit","Cephalopyrus flammiceps","fictit1","Passeriformes","Paridae (Tits, Chickadees, and Titmice)","Moderate","Data Deficient","Data Deficient","Restricted","Diurnal","Diurnal","Invertebrate","No","No","No","Non-endemic","Forest","Local Migrant",NA,NA,NA,"Fire-capped Tit","Cephalopyrus flammiceps","Fire-capped Tit","Cephalopyrus flammiceps","Least Concern","Schedule-II","","",NA,"","","",73,0.150684931506849,0.20958904109589,0.205479452054795,14.5205479452055,1.50190262353659,NA,NA,NA,NA,NA,NA,NA,NA,NA,NA,NA,NA,NA,NA,NA,NA,NA,NA,NA,NA,NA,NA,NA,NA,NA,NA,NA
"Yellow-browed Tit","Sylviparus modestus","yebtit3","Passeriformes","Paridae (Tits, Chickadees, and Titmice)","Moderate","Moderate Decline","Uncertain","Moderate","Diurnal","Diurnal","Invertebrate","No","No","No","Non-endemic","Forest","Resident & Altitudinal Migrant",NA,NA,NA,"Yellow-browed Tit","Sylviparus modestus","Yellow-browed Tit","Sylviparus modestus","Least Concern","Schedule-II","","",NA,"X","X","X",112,0.160714285714286,0.350892857142857,0.5,12.9821428571429,1.25042974594719,15.1086093549198,35.4867497544924,80.4302649277612,-5.79900715060699,2.0475318054719,9.89407076155079,107.782373536269,156.122742508899,228.337962650713,104.555349383676,159.70997907844,247.078083195358,101.400679655462,163.535685061084,268.071611288268,98.3600993521378,167.612809393307,291.5024495435,95.4550235334439,171.955330555208,317.608375804644,92.6952839564929,176.578331706446,346.676757786935,90.0839709531818,181.49808253506,379.044882816324
"Sultan Tit","Melanochlora sultanea","sultit1","Passeriformes","Paridae (Tits, Chickadees, and Titmice)","Low","Data Deficient","Uncertain","Moderate","Diurnal","Diurnal","Invertebrate","No","No","No","Non-endemic","Forest & Plantation","Resident",NA,NA,NA,"Sultan Tit","Melanochlora sultanea","Sultan Tit","Melanochlora sultanea","Least Concern","Schedule-II","","",NA,"","X","X",117,0.145299145299145,0.336752136752137,0.52991452991453,11.4017094017094,1.22228860143036,NA,NA,NA,-5.48015651674306,-0.743912909271357,3.99233069820035,73.0561099864954,98.2431837573993,132.867414555786,69.5821759684895,97.640442231607,138.039391958017,66.2471083293588,97.0977146899711,143.678889266429,63.0689278966055,96.6142347649088,149.774499345987,60.0538239872427,96.189341737424,156.330034632506,57.2014564498631,95.8224787496702,163.359278135592,54.507862075086,95.5131913122333,170.883155896975
"Coal Tit","Periparus ater","coatit2","Passeriformes","Paridae (Tits, Chickadees, and Titmice)","Low","Uncertain","Uncertain","Moderate","Diurnal","Diurnal","Omnivore","No","No","No","Non-endemic","Forest","Resident & Altitudinal Migrant",NA,NA,NA,"Coal Tit","Periparus ater","Coal Tit","Periparus ater","Least Concern","Schedule-II","","",NA,"X","X","X",228,0.201754385964912,0.446052631578947,0.679824561403509,11.469298245614,0.796949920149141,45.3600554781178,84.0264494540061,156.87261287878,-6.23399478586162,-1.26115571679426,3.71168335227309,67.134582857422,94.2455291138277,133.288355283204,63.2562712293502,93.2457102149399,138.795591684104,59.5691512995594,92.3115779862577,144.838781366583,56.0882528851581,91.4413808845878,151.407631254755,52.8158502804613,90.6334995520496,158.509489310571,49.7474036879623,89.8864417582781,166.163436316232,46.8747866952,89.1988377664656,174.397136215153
"Rufous-naped Tit","Periparus rufonuchalis","bkbtit2","Passeriformes","Paridae (Tits, Chickadees, and Titmice)","Low","Data Deficient","Uncertain","Moderate","Diurnal","Diurnal","Invertebrate","No","No","No","Non-endemic","Forest","Resident & Altitudinal Migrant",1,NA,NA,"Rufous-naped Tit","Periparus rufonuchalis","Rufous-naped Tit","Periparus rufonuchalis","Least Concern","Schedule-II","","",NA,"","X","X",137,0.18978102189781,0.287591240875912,0.45985401459854,10.8686131386861,0.973629177918948,NA,NA,NA,-6.9789472213819,4.75561647837792,16.4901801781377,69.5992353206738,113.072432513248,186.173334660343,67.6236765004141,117.717941972052,208.542589710383,65.6835978206576,122.689500499689,234.347710806222,63.8159019269623,128.012121926112,264.03631986457,62.0402958110161,133.713115951279,298.155489799936,60.3666685857721,139.82231973569,337.358031534296,58.7991934199276,146.372355670641,382.414524417769
"Rufous-vented Tit","Periparus rubidiventris","ruvtit2","Passeriformes","Paridae (Tits, Chickadees, and Titmice)","Low","Data Deficient","Uncertain","Moderate","Diurnal","Diurnal","Invertebrate","No","No","No","Non-endemic","Forest","Resident & Altitudinal Migrant",NA,NA,NA,"Rufous-vented Tit","Periparus rubidiventris","Rufous-vented Tit","Periparus rubidiventris","Least Concern","Schedule-II","","",NA,"","","",67,0.119402985074627,0.377611940298507,0.626865671641791,13.3880597014925,1.63149120147993,NA,NA,NA,NA,NA,NA,NA,NA,NA,NA,NA,NA,NA,NA,NA,NA,NA,NA,NA,NA,NA,NA,NA,NA,NA,NA,NA
"Gray-crested Tit","Lophophanes dichrous","gyctit1","Passeriformes","Paridae (Tits, Chickadees, and Titmice)","Low","Data Deficient","Uncertain","Moderate","Diurnal","Diurnal","Invertebrate","No","No","No","Non-endemic","Forest","Resident & Altitudinal Migrant",NA,NA,NA,"Grey-crested Tit","Lophophanes dichrous","Grey-crested Tit","Lophophanes dichrous","Least Concern","Schedule-II","","",NA,"","X","X",84,0.19047619047619,0.326190476190476,0.523809523809524,13.3928571428571,1.36227794697678,NA,NA,NA,-10.2222857362449,-1.78775908188251,6.64676757247992,39.0751598674426,65.9320619055848,113.278211809213,35.7821675426899,65.0497186934167,121.092192250665,32.7655834436214,64.2784682456165,129.970665610887,30.0203909448251,63.6144194690037,139.980714277876,27.5311976306138,63.0541851951858,151.222767760243,25.2783490928365,62.5948551287677,163.826063427355,23.2410306456522,62.2339722450108,177.94769004641
"Azure Tit","Cyanistes cyanus","azutit2","Passeriformes","Paridae (Tits, Chickadees, and Titmice)",NA,NA,NA,NA,"Diurnal","Diurnal","Invertebrate","No","No","No","Non-endemic","Non-specialized","Uncertain",NA,1,NA,"Azure Tit","Cyanistes cyanus","Azure Tit","Cyanistes cyanus","Least Concern","Schedule-II","","",NA,"","","",NA,NA,NA,NA,NA,NA,NA,NA,NA,NA,NA,NA,NA,NA,NA,NA,NA,NA,NA,NA,NA,NA,NA,NA,NA,NA,NA,NA,NA,NA,NA,NA,NA
"Ground Tit","Pseudopodoces humilis","grotit1","Passeriformes","Paridae (Tits, Chickadees, and Titmice)",NA,NA,NA,NA,"Diurnal","Diurnal","Invertebrate","No","No","No","Non-endemic","Alpine & Cold Desert","Resident",NA,NA,NA,"Ground Tit","Pseudopodoces humilis","Ground Tit","Pseudopodoces humilis","Least Concern","Schedule-II","","",NA,"","","",40,0.075,0.285,0.4,8.175,1.5501317644573,NA,NA,NA,NA,NA,NA,NA,NA,NA,NA,NA,NA,NA,NA,NA,NA,NA,NA,NA,NA,NA,NA,NA,NA,NA,NA,NA
"Green-backed Tit","Parus monticolus","grbtit1","Passeriformes","Paridae (Tits, Chickadees, and Titmice)","Low","Uncertain","Uncertain","Moderate","Diurnal","Diurnal","Omnivore","No","No","No","Non-endemic","Non-specialized","Resident & Altitudinal Migrant",NA,NA,NA,"Green-backed Tit","Parus monticolus","Green-backed Tit","Parus monticolus","Least Concern","Schedule-II","","",NA,"X","X","X",342,0.192982456140351,0.449707602339181,0.62280701754386,11.0701754385965,0.669723651323208,57.4983213604654,101.948032593683,179.840781201743,-3.92165146145142,0.834216102610025,5.59008366667147,81.2852535033746,104.188575900003,134.039904474797,79.122798627814,105.106263365991,140.299646593997,76.985971433292,106.07719903329,147.065027887139,74.8976014146356,107.102740375213,154.33554820891,72.8703359001059,108.184331245428,162.123408586381,70.9109111683145,109.323505384072,170.449393936965,69.022527936035,110.521890165532,179.34066832642
"Asian Tit","Parus cinereus","cintit13","Passeriformes","Paridae (Tits, Chickadees, and Titmice)","Low","Stable","Uncertain","Very Large","Diurnal","Diurnal","Omnivore","No","No","No","Non-endemic","Non-specialized","Resident",NA,NA,NA,"Cinereous Tit","Parus cinereus","",NA,"Not recognized","Schedule-II","","",NA,"X","X","X",2088,0.0933908045977011,0.386111111111111,0.549329501915709,11.9113984674329,0.282199788245467,93.2869902000886,113.027942216229,135.223316952874,-0.55842144837428,1.05963492902012,2.67769130641452,99.8789406156806,110.243356607535,121.749933203552,99.4709722790541,111.374507056586,124.792123710153,99.0339910510639,112.522809867002,127.966212617418,98.5797485199688,113.688557225422,131.263247508512,98.1156827436397,114.872046924779,134.678688920766,97.646673802478,116.073582480033,138.210658138326,97.1760247448993,117.293473246451,141.858959716901
"White-naped Tit","Machlolophus nuchalis","whwtit2","Passeriformes","Paridae (Tits, Chickadees, and Titmice)","High","Data Deficient","Data Deficient","Restricted","Diurnal","Diurnal","Invertebrate","Yes","Yes","No","Mainland India","Forest","Resident",NA,NA,NA,"White-naped Tit","Machlolophus nuchalis","White-naped Tit","Machlolophus nuchalis","Near Threatened","Schedule-I","","",NA,"","","X",91,0.043956043956044,0.250549450549451,0.43956043956044,14.3406593406593,1.42718742914952,NA,NA,NA,NA,NA,NA,NA,NA,NA,NA,NA,NA,NA,NA,NA,NA,NA,NA,NA,NA,NA,NA,NA,NA,NA,NA,NA
"Himalayan Black-lored Tit","Machlolophus xanthogenys","blltit1","Passeriformes","Paridae (Tits, Chickadees, and Titmice)","Low","Uncertain","Uncertain","Moderate","Diurnal","Diurnal","Invertebrate","No","No","Yes","Himalayas","Forest & Plantation","Resident & Altitudinal Migrant",NA,NA,NA,"Himalayan Black-lored Tit","Machlolophus xanthogenys","Black-lored Tit","Machlolophus xanthogenys","Least Concern","Schedule-II","","",NA,"X","X","X",139,0.172661870503597,0.472661870503597,0.618705035971223,14.1079136690647,0.952420137095101,56.6982488637943,108.492494525497,207.182562230007,-4.82491114092174,1.95921537337584,8.74334188767343,73.6988509546514,101.027922764798,139.366867544997,71.7764160771605,102.938094029337,148.853620631654,69.8786854768576,104.950981572076,159.29782036844,68.0317946547123,107.07143063933,170.745876659939,66.2501510024355,109.304615622458,183.264708788487,64.5413744871039,111.656062070394,196.937682302047,62.909047033584,114.131670436558,211.862848245379
"Indian Yellow Tit","Machlolophus aplonotus","indtit1","Passeriformes","Paridae (Tits, Chickadees, and Titmice)","Low","Stable","Uncertain","Large","Diurnal","Diurnal","Invertebrate","Yes","Yes","No","Mainland India","Forest & Plantation","Resident",NA,NA,NA,"Indian Black-lored Tit","Machlolophus aplonotus","",NA,"Not recognized","Schedule-II","","",NA,"X","X","X",521,0.113243761996161,0.359309021113244,0.525911708253359,14.4644913627639,0.605146728632768,34.3834304583544,51.0053920734138,75.7359610028915,-3.25044947924473,-0.853235526569749,1.54397842610523,82.1915542869307,95.7200796613135,111.643322439937,79.7226563556485,94.9096265862197,113.212848622848,77.2982367927162,94.120119677516,114.891787334148,74.9321003045537,93.3511350810141,116.663526766184,72.6316192581619,92.6022615582506,118.518139880149,70.4004363330131,91.873100137283,120.449673959404,68.2399638039568,91.1632637750054,122.454644120718
"Yellow-cheeked Tit","Machlolophus spilonotus","yectit1","Passeriformes","Paridae (Tits, Chickadees, and Titmice)","Low","Data Deficient","Uncertain","Moderate","Diurnal","Diurnal","Invertebrate","No","No","No","Non-endemic","Forest","Resident",NA,NA,NA,"Yellow-cheeked Tit","Machlolophus spilonotus","Yellow-cheeked Tit","Machlolophus spilonotus","Least Concern","Schedule-II","","",NA,"","","X",98,0.102040816326531,0.318367346938775,0.571428571428571,10.3571428571429,1.26799297536186,NA,NA,NA,NA,NA,NA,NA,NA,NA,NA,NA,NA,NA,NA,NA,NA,NA,NA,NA,NA,NA,NA,NA,NA,NA,NA,NA
"White-crowned Penduline-Tit","Remiz coronatus","wcptit1","Passeriformes","Remizidae (Penduline-Tits)",NA,NA,NA,NA,"Diurnal","Diurnal","Invertebrate","No","No","No","Non-endemic","Wetland","Winter Migrant",NA,NA,NA,"White-crowned Penduline-Tit","Remiz coronatus","White-crowned Penduline-tit","Remiz coronatus","Least Concern","Schedule-II","","",NA,"","","",9,0.111111111111111,0.263888888888889,0.333333333333333,14,5.98789890807563,NA,NA,NA,NA,NA,NA,NA,NA,NA,NA,NA,NA,NA,NA,NA,NA,NA,NA,NA,NA,NA,NA,NA,NA,NA,NA,NA
"Greater Hoopoe-Lark","Alaemon alaudipes","grhlar1","Passeriformes","Alaudidae (Larks)",NA,NA,NA,NA,"Diurnal","Diurnal","Invertebrate","No","No","No","Non-endemic","Grassland","Resident",NA,NA,NA,"Greater Hoopoe-Lark","Alaemon alaudipes","Greater Hoopoe-lark","Alaemon alaudipes","Least Concern","Schedule-II","","",NA,"","","",44,0.0681818181818182,0.272727272727273,0.545454545454545,11.3636363636364,2.16767537443355,NA,NA,NA,NA,NA,NA,NA,NA,NA,NA,NA,NA,NA,NA,NA,NA,NA,NA,NA,NA,NA,NA,NA,NA,NA,NA,NA
"Rufous-tailed Lark","Ammomanes phoenicura","rutlar2","Passeriformes","Alaudidae (Larks)","Moderate","Strong Decline","Uncertain","Large","Diurnal","Diurnal","Omnivore","No","Yes","No","Indian Subcontinent","Open Habitat","Resident",NA,NA,NA,"Rufous-tailed Lark","Ammomanes phoenicura","Rufous-tailed Lark","Ammomanes phoenicura","Near Threatened","Schedule-II","","",NA,"X","X","X",1662,0.0589651022864019,0.302105896510229,0.462695547533093,11.7683513838748,0.314435164832159,25.7030164246523,33.1847568443325,42.6383683686984,-5.3373326768371,-4.14703105413958,-2.95672943144205,55.2058302668873,62.386681021781,70.5580789053305,51.4828931192969,59.2190767149088,68.1894005247727,47.9931297051012,56.2162964521343,65.9369322853458,44.7296316418649,53.3695684910748,63.7852699931044,41.6822455646602,50.6705977113058,61.723776142314,38.8393966503592,48.1115392126822,59.7446482790995,36.1890540782427,45.6849734026291,57.8418533215999
"Desert Lark","Ammomanes deserti","deslar1","Passeriformes","Alaudidae (Larks)",NA,NA,NA,NA,"Diurnal","Diurnal","Omnivore","No","No","No","Non-endemic","Grassland","Resident",NA,NA,NA,"Desert Lark","Ammomanes deserti","Desert Lark","Ammomanes deserti","Least Concern","Schedule-II","","",NA,"","","",38,0.157894736842105,0.297368421052632,0.578947368421053,8.57894736842105,1.78739090573562,NA,NA,NA,NA,NA,NA,NA,NA,NA,NA,NA,NA,NA,NA,NA,NA,NA,NA,NA,NA,NA,NA,NA,NA,NA,NA,NA
"Black-crowned Sparrow-Lark","Eremopterix nigriceps","bcslar1","Passeriformes","Alaudidae (Larks)",NA,NA,NA,NA,"Diurnal","Diurnal","Plant & Seed","No","No","No","Non-endemic","Grassland","Resident",NA,NA,NA,"Black-crowned Sparrow-Lark","Eremopterix nigriceps","Black-crowned Sparrow-lark","Eremopterix nigriceps","Least Concern","Schedule-II","","",NA,"","","",55,0.127272727272727,0.250909090909091,0.436363636363636,8.54545454545454,1.60018633748129,NA,NA,NA,NA,NA,NA,NA,NA,NA,NA,NA,NA,NA,NA,NA,NA,NA,NA,NA,NA,NA,NA,NA,NA,NA,NA,NA
"Ashy-crowned Sparrow-Lark","Eremopterix griseus","ascspl1","Passeriformes","Alaudidae (Larks)","Moderate","Moderate Decline","Uncertain","Very Large","Diurnal","Diurnal","Plant & Seed","No","Yes","No","Indian Subcontinent","Open Habitat","Resident",NA,NA,NA,"Ashy-crowned Sparrow-Lark","Eremopterix griseus","Ashy-crowned Sparrow-lark","Eremopterix griseus","Least Concern","Schedule-II","","",NA,"X","X","X",2456,0.0647394136807818,0.33578990228013,0.494706840390879,11.3118892508143,0.261065424823806,37.3484133522323,45.1452443571556,54.9435977500954,-4.20762704657826,-3.19222981170281,-2.17683257682736,66.9053284664071,75.1436447948963,84.4413360137721,63.3142826811449,72.3178063817248,82.6594022576683,59.8929611119672,69.6011877056915,80.9552859456568,56.6424169503605,66.9894594351312,79.3149702075296,53.5595635357903,64.4784679008943,77.7293010837115,50.6391285095308,62.0642278128096,76.1919916387812,47.874717513456,59.7429152842942,74.6985189917533
"Singing Bushlark","Mirafra javanica","sinbus6","Passeriformes","Alaudidae (Larks)","Moderate","Data Deficient","Strong Decline","Moderate","Diurnal","Diurnal","Omnivore","No","No","No","Non-endemic","Open Habitat","Within-India Migrant",1,NA,NA,"Singing Bushlark","Mirafra javanica","Horsfield's Bushlark","Mirafra javanica","Least Concern","Schedule-II","","",NA,"","","X",70,0.0285714285714286,0.18,0.285714285714286,13.0714285714286,1.50099213565706,NA,NA,NA,NA,NA,NA,NA,NA,NA,NA,NA,NA,NA,NA,NA,NA,NA,NA,NA,NA,NA,NA,NA,NA,NA,NA,NA
"Bengal Bushlark","Plocealauda assamica","benbus1","Passeriformes","Alaudidae (Larks)","Low","Data Deficient","Uncertain","Moderate","Diurnal","Diurnal","Omnivore","No","Yes","No","Indian Subcontinent","Open Habitat","Resident",NA,NA,NA,"Bengal Bushlark","Plocealauda assamica","Bengal Bushlark","Mirafra assamica","Least Concern","Schedule-II","","",NA,"X","X","X",471,0.0530785562632696,0.306794055201699,0.494692144373673,11.7770700636943,0.536393631589201,78.211860770254,130.641916993855,214.914607673082,-3.50079786374544,-0.555191015869235,2.39041583200696,82.0695983740595,98.6974018927294,118.950994872531,79.5056266077914,98.1976450676933,121.628430776491,76.9882864487973,97.7216659683536,124.488173208541,74.5343534891703,97.2691682804413,127.512674609314,72.1527778818823,96.8398724121613,130.692697282317,69.8479771150105,96.4335152100326,134.02401778415,67.6216632826715,96.0498496935822,137.505598200777
"Jerdon's Bushlark","Plocealauda affinis","jerbus2","Passeriformes","Alaudidae (Larks)","Low","Uncertain","Uncertain","Large","Diurnal","Diurnal","Omnivore","No","Yes","No","Indian Subcontinent","Open Habitat","Resident",NA,NA,NA,"Jerdon's Bushlark","Plocealauda affinis","Jerdon's Bushlark","Mirafra affinis","Least Concern","Schedule-II","","",NA,"X","X","X",669,0.0687593423019432,0.431539611360239,0.66965620328849,15.2167414050822,0.530620615894226,97.7629386920933,139.281201500816,199.554677212737,-0.377836745172949,2.80192906529133,5.9816948757556,100.767748418636,118.221612287336,138.909010076713,100.901004981348,121.142045214929,145.732810156957,100.990641056941,124.15085318985,153.010111761754,101.05542774293,127.251044976922,160.745081724188,101.107335233478,130.445742372895,168.95011028598,101.154292534771,133.738184827725,177.643142011964,101.201734646275,137.131734270356,186.846225288518
"Indian Bushlark","Plocealauda erythroptera","indbus2","Passeriformes","Alaudidae (Larks)","Low","Stable","Uncertain","Large","Diurnal","Diurnal","Omnivore","No","Yes","No","Indian Subcontinent","Open Habitat","Resident",NA,NA,NA,"Indian Bushlark","Plocealauda erythroptera","Indian Bushlark","Mirafra erythroptera","Least Concern","Schedule-II","","",NA,"","","X",1307,0.0520275439938791,0.278729915837796,0.495791889824025,11.3259372609028,0.326398193157557,NA,NA,NA,NA,NA,NA,NA,NA,NA,NA,NA,NA,NA,NA,NA,NA,NA,NA,NA,NA,NA,NA,NA,NA,NA,NA,NA
"Horned Lark","Eremophila alpestris","horlar","Passeriformes","Alaudidae (Larks)",NA,NA,NA,NA,"Diurnal","Diurnal","Omnivore","No","No","No","Non-endemic","Alpine & Cold Desert","Resident",NA,NA,NA,"Horned Lark","Eremophila alpestris","Horned Lark","Eremophila alpestris","Least Concern","Schedule-II","","",NA,"","","X",118,0.228813559322034,0.369491525423729,0.508474576271186,6.74576271186441,0.798665211838457,NA,NA,NA,NA,NA,NA,NA,NA,NA,NA,NA,NA,NA,NA,NA,NA,NA,NA,NA,NA,NA,NA,NA,NA,NA,NA,NA
"Greater Short-toed Lark","Calandrella brachydactyla","gstlar1","Passeriformes","Alaudidae (Larks)","Low","Uncertain","Uncertain","Moderate","Diurnal","Diurnal","Invertebrate","No","No","No","Non-endemic","Open Habitat","Winter Migrant",NA,NA,NA,"Greater Short-toed Lark","Calandrella brachydactyla","Greater Short-toed Lark","Calandrella brachydactyla","Least Concern","Schedule-II","","",NA,"X","X","X",743,0.0524899057873486,0.257604306864065,0.380888290713324,13.9138627187079,0.496244810446613,40.9690213543957,67.5557454599927,113.074106903696,-5.53007031297292,-2.71113436652911,0.107801579914704,115.91614149271,200.975868670332,350.580703283209,105.737237769048,198.548656630164,375.814224517771,96.2866343432288,196.207577340114,403.917642369134,87.5863595569856,193.950258904329,434.978974758733,79.6189120479793,191.77443016933,469.161672515794,72.3472510960096,189.677916899612,506.685783416606,65.7254490187019,187.658638137474,547.818880215707
"Mongolian Short-toed Lark","Calandrella dukhunensis","sstlar4","Passeriformes","Alaudidae (Larks)",NA,NA,NA,NA,"Diurnal","Diurnal","Invertebrate","No","No","No","Non-endemic","Grassland","Winter Migrant",NA,NA,NA,"Mongolian Short-toed Lark","Calandrella dukhunensis","Mongolian Short-toed Lark","Calandrella dukhunensis","Least Concern","Schedule-II","","",NA,"","","",NA,NA,NA,NA,NA,NA,NA,NA,NA,NA,NA,NA,NA,NA,NA,NA,NA,NA,NA,NA,NA,NA,NA,NA,NA,NA,NA,NA,NA,NA,NA,NA,NA
"Hume's Lark","Calandrella acutirostris","humlar1","Passeriformes","Alaudidae (Larks)",NA,NA,NA,NA,"Diurnal","Diurnal","Omnivore","No","No","No","Non-endemic","Open Habitat","Winter Migrant & Localized Summer Migrant",1,NA,NA,"Hume's Short-toed Lark","Calandrella acutirostris","Hume's Lark","Calandrella acutirostris","Least Concern","Schedule-II","","",NA,"","","X",84,0.226190476190476,0.207142857142857,0.380952380952381,11.0952380952381,1.36655911027447,NA,NA,NA,NA,NA,NA,NA,NA,NA,NA,NA,NA,NA,NA,NA,NA,NA,NA,NA,NA,NA,NA,NA,NA,NA,NA,NA
"Bimaculated Lark","Melanocorypha bimaculata","bimlar1","Passeriformes","Alaudidae (Larks)",NA,NA,NA,NA,"Diurnal","Diurnal","Omnivore","No","No","No","Non-endemic","Open Habitat","Winter Migrant",NA,NA,NA,"Bimaculated Lark","Melanocorypha bimaculata","Bimaculated Lark","Melanocorypha bimaculata","Least Concern","Schedule-II","","",NA,"","","",80,0.125,0.20375,0.25,13.775,1.50573670517672,NA,NA,NA,NA,NA,NA,NA,NA,NA,NA,NA,NA,NA,NA,NA,NA,NA,NA,NA,NA,NA,NA,NA,NA,NA,NA,NA
"Tibetan Lark","Melanocorypha maxima","tiblar1","Passeriformes","Alaudidae (Larks)",NA,NA,NA,NA,"Diurnal","Diurnal","Plant & Seed","No","No","No","Non-endemic","Alpine & Cold Desert","Resident",NA,NA,NA,"Tibetan Lark","Melanocorypha maxima","Tibetan Lark","Melanocorypha maxima","Least Concern","Schedule-II","","",NA,"","","",8,0.25,0.319444444444444,0.375,6.125,1.97525314833314,NA,NA,NA,NA,NA,NA,NA,NA,NA,NA,NA,NA,NA,NA,NA,NA,NA,NA,NA,NA,NA,NA,NA,NA,NA,NA,NA
"Turkestan Short-toed Lark","Alaudala heinei","tstlar1","Passeriformes","Alaudidae (Larks)",NA,NA,NA,NA,"Diurnal","Diurnal","Omnivore","No","No","No","Non-endemic","Grassland","Winter Migrant",NA,1,NA,"Turkestan Short-toed Lark","Alaudala heinei","Turkestan Short-toed Lark","Alaudala heinei","Least Concern","Schedule-II","","",NA,"","","",1,NA,NA,NA,25,NA,NA,NA,NA,NA,NA,NA,NA,NA,NA,NA,NA,NA,NA,NA,NA,NA,NA,NA,NA,NA,NA,NA,NA,NA,NA,NA,NA
"Sand Lark","Alaudala raytal","sanlar1","Passeriformes","Alaudidae (Larks)","Moderate","Moderate Decline","Uncertain","Moderate","Diurnal","Diurnal","Invertebrate","No","No","No","Non-endemic","Open Habitat","Resident",NA,NA,NA,"Sand Lark","Alaudala raytal","Sand Lark","Alaudala raytal","Least Concern","Schedule-II","","",NA,"","","X",366,0.0519125683060109,0.25983606557377,0.461748633879781,12.6830601092896,0.652362110801844,NA,NA,NA,NA,NA,NA,NA,NA,NA,NA,NA,NA,NA,NA,NA,NA,NA,NA,NA,NA,NA,NA,NA,NA,NA,NA,NA
"Eurasian Skylark","Alauda arvensis","skylar","Passeriformes","Alaudidae (Larks)",NA,NA,NA,NA,"Diurnal","Diurnal","Plant & Seed","No","No","No","Non-endemic","Open Habitat","Winter Migrant & Localized Summer Migrant",NA,NA,NA,"Eurasian Skylark","Alauda arvensis","Eurasian Skylark","Alauda arvensis","Least Concern","Schedule-II","","",NA,"","","",36,0.0277777777777778,0.205555555555556,0.333333333333333,13.8333333333333,1.93258606247921,NA,NA,NA,NA,NA,NA,NA,NA,NA,NA,NA,NA,NA,NA,NA,NA,NA,NA,NA,NA,NA,NA,NA,NA,NA,NA,NA
"Oriental Skylark","Alauda gulgula","orisky1","Passeriformes","Alaudidae (Larks)","Moderate","Strong Decline","Uncertain","Large","Diurnal","Diurnal","Omnivore","No","No","No","Non-endemic","Open Habitat","Resident & Local Migrant",NA,NA,NA,"Oriental Skylark","Alauda gulgula","Oriental Skylark","Alauda gulgula","Least Concern","Schedule-II","","",NA,"X","X","X",1326,0.0716440422322775,0.270588235294118,0.392156862745098,13.9585218702866,0.370701705630018,30.1394697056328,38.2526754147456,48.7710853918228,-5.38821972877791,-4.27535731226986,-3.16249489576181,52.9827694574948,59.4314696452318,66.7085045207377,49.4527211129643,56.4012584352465,64.381110966,46.1415533298601,53.5287109710072,62.1663346957919,43.0426437919998,50.8054667076126,60.0500482445334,40.1464714402681,48.2236164216374,58.0224095660737,37.4422524042427,45.7756774345112,56.0761294248415,34.918806222043,43.4545702178672,54.2055154348935
"Crested Lark","Galerida cristata","crelar1","Passeriformes","Alaudidae (Larks)","Moderate","Moderate Decline","Uncertain","Large","Diurnal","Diurnal","Plant & Seed","No","No","No","Non-endemic","Open Habitat","Resident",NA,NA,NA,"Crested Lark","Galerida cristata","Crested Lark","Galerida cristata","Least Concern","Schedule-II","","",NA,"X","X","X",656,0.0701219512195122,0.296493902439024,0.466463414634146,10.7362804878049,0.467136768527563,38.1739512336326,54.7831925533158,78.0245762139037,-4.76894957169642,-2.85495444101359,-0.940959310330765,63.7323943221736,76.1224305503341,91.0687959664616,60.0553433208163,73.5997772908242,90.3911517291063,56.5622119628573,71.1709299567245,89.7966936021281,53.2567392610187,68.8321204870945,89.2653550748081,50.136446993033,66.5797415731212,88.7843792009384,47.1955703329341,64.410339458626,88.3453132902252,44.426650410186,62.3206070763986,87.9423469460061
"Malabar Lark","Galerida malabarica","mallar1","Passeriformes","Alaudidae (Larks)","Moderate","Moderate Decline","Moderate Decline","Moderate","Diurnal","Diurnal","Omnivore","Yes","Yes","No","Mainland India","Open Habitat","Resident",NA,NA,NA,"Malabar Lark","Galerida malabarica","Malabar Lark","Galerida malabarica","Least Concern","Schedule-II","","",NA,"X","X","X",280,0.110714285714286,0.4225,0.55,17.95,0.714428854270053,21.5031170083645,37.8776208954187,64.2869837806207,-6.50374886658957,-3.73508537987116,-0.966421893152762,56.1902602373955,70.8276083971645,89.5907783932833,51.9320166718634,67.6841668481193,88.6200604168255,47.9755687788419,64.7040529232148,87.7786408899106,44.3132355088125,61.8779008613464,87.0393821534243,40.9307654585882,59.1969240282484,86.3848948983979,37.8110413011935,56.6528769192466,85.8035362026218,34.9360185220887,54.2380197777072,85.2872024113541
"Tawny Lark","Galerida deva","tawlar1","Passeriformes","Alaudidae (Larks)","Low","Data Deficient","Uncertain","Large","Diurnal","Diurnal","Omnivore","Yes","Yes","No","Mainland India","Grassland & Scrub","Resident",NA,NA,NA,"Tawny Lark","Galerida deva","Sykes's Lark","Galerida deva","Least Concern","Schedule-II","","",NA,"X","X","X",464,0.0366379310344828,0.284051724137931,0.461206896551724,13.5711206896552,0.572260903654502,39.655114946636,69.9326991335953,125.186125252212,-4.73202791305334,-2.25182971555525,0.228368481942853,66.4832202981705,81.9076222995106,101.167465067904,62.9788043461352,79.958656677105,101.855329297473,59.6281860862189,78.0715313772739,102.655105327135,56.440321280306,76.2440253370555,103.544008727685,53.4164747158612,74.4740065252147,104.507976658155,50.5537177384176,72.7594280580492,105.538101260057,47.8468400031169,71.0983244973945,106.628654092276
"Common Tailorbird","Orthotomus sutorius","comtai1","Passeriformes","Cisticolidae (Cisticolas and Allies)","Low","Stable","Moderate Increase","Very Large","Diurnal","Diurnal","Invertebrate","No","No","No","Non-endemic","Non-specialized","Resident",NA,NA,NA,"Common Tailorbird","Orthotomus sutorius","Common Tailorbird","Orthotomus sutorius","Least Concern","Schedule-II","","",NA,"X","X","X",3923,0.0762171807290339,0.44789701758858,0.711700229416263,10.3530461381596,0.2062322513511,192.512821330531,210.979967469576,231.340558770347,5.602736418307,6.54260298647244,7.48246955463788,152.65621264982,162.682240611359,173.385660618161,159.06207353399,171.080820171477,184.034028454144,165.698677125547,179.914181107271,195.384940449767,172.585324968046,189.204893461126,207.472176762033,179.738685248141,198.97670213634,220.335265101755,187.174049759789,209.254588220896,234.018410893157,194.906052382405,220.064833520871,248.569977366896
"Dark-necked Tailorbird","Orthotomus atrogularis","dantai1","Passeriformes","Cisticolidae (Cisticolas and Allies)",NA,NA,NA,NA,"Diurnal","Diurnal","Invertebrate","No","No","No","Non-endemic","Forest","Resident",1,NA,NA,"Dark-necked Tailorbird","Orthotomus atrogularis","Dark-necked Tailorbird","Orthotomus atrogularis","Least Concern","Schedule-II","","",NA,"","","X",73,0.0958904109589041,0.287671232876712,0.561643835616438,12.2191780821918,1.46751014089719,NA,NA,NA,NA,NA,NA,NA,NA,NA,NA,NA,NA,NA,NA,NA,NA,NA,NA,NA,NA,NA,NA,NA,NA,NA,NA,NA
"Himalayan Prinia","Prinia crinigera","strpri2","Passeriformes","Cisticolidae (Cisticolas and Allies)","Low","Uncertain","Uncertain","Moderate","Diurnal","Diurnal","Invertebrate","No","No","No","Non-endemic","Grassland & Scrub","Resident & Altitudinal Migrant",NA,NA,NA,"Himalayan Prinia","Prinia crinigera","Striated Prinia","Prinia crinigera","Least Concern","Schedule-II","","",NA,"X","X","X",207,0.1256038647343,0.395652173913044,0.555555555555556,13.1545893719807,0.839401820540385,68.8890913188221,130.110809036289,244.644951761769,-2.75462054850855,5.6012514271508,13.9571234028101,101.316681314762,135.225789447494,181.523705212227,101.629350473078,141.372904644116,198.14436742755,101.906446158139,147.884240363744,216.676054534999,102.18208566237,154.784204275258,237.28699037014,102.478065592932,162.099025880404,260.182226539779,102.808895795626,169.856904068839,285.601687270422,103.184632478604,178.088167500615,313.820824558024
"Black-throated Prinia","Prinia atrogularis","hilpri1","Passeriformes","Cisticolidae (Cisticolas and Allies)","Moderate","Data Deficient","Data Deficient","Moderate","Diurnal","Diurnal","Invertebrate","No","No","Yes","Eastern Himalayas","Grassland & Scrub","Resident",NA,NA,NA,"Black-throated Prinia","Prinia atrogularis","Black-throated Prinia","Prinia atrogularis","Least Concern","Schedule-II","","",NA,"","","X",50,0.14,0.404,0.7,11.72,2.00041531687797,NA,NA,NA,NA,NA,NA,NA,NA,NA,NA,NA,NA,NA,NA,NA,NA,NA,NA,NA,NA,NA,NA,NA,NA,NA,NA,NA
"Rufous-crowned Prinia","Prinia khasiana","bktpri2","Passeriformes","Cisticolidae (Cisticolas and Allies)",NA,NA,NA,NA,"Diurnal","Diurnal","Invertebrate","No","No","No","Himalayas","Grassland & Scrub","Resident",NA,NA,NA,"Rufous-crowned Prinia","Prinia khasiana","Rufous-crowned Prinia","Prinia khasiana","Least Concern","Schedule-II","","",NA,"","","X",40,0.025,0.2875,0.525,9.375,1.51932420030783,NA,NA,NA,NA,NA,NA,NA,NA,NA,NA,NA,NA,NA,NA,NA,NA,NA,NA,NA,NA,NA,NA,NA,NA,NA,NA,NA
"Hill Prinia","Prinia superciliaris","hilpri2","Passeriformes","Cisticolidae (Cisticolas and Allies)",NA,NA,NA,NA,"Diurnal","Diurnal","Invertebrate","No","No","No","Non-endemic","Grassland & Scrub","Resident",NA,NA,NA,"Hill Prinia","Prinia superciliaris","Hill Prinia","Prinia superciliaris","Least Concern","Schedule-II","","",NA,"","","",14,NA,0.380952380952381,0.642857142857143,5.78571428571429,1.96192213442289,NA,NA,NA,NA,NA,NA,NA,NA,NA,NA,NA,NA,NA,NA,NA,NA,NA,NA,NA,NA,NA,NA,NA,NA,NA,NA,NA
"Gray-crowned Prinia","Prinia cinereocapilla","gycpri1","Passeriformes","Cisticolidae (Cisticolas and Allies)","High","Data Deficient","Data Deficient","Very Restricted","Diurnal","Diurnal","Invertebrate","No","Yes","Yes","Indian Subcontinent","Grassland & Scrub","Resident",NA,NA,NA,"Grey-crowned Prinia","Prinia cinereocapilla","Grey-crowned Prinia","Prinia cinereocapilla","Vulnerable","Schedule-I","","",NA,"","X","X",10,0.1,0.35,0.5,21.2,4.35141581046394,NA,NA,NA,-168.398277888122,16.6937595957886,201.785797079699,68.7531282191911,236.357197378964,903.883547084637,64.849687179541,266.597603966324,1261.21653428578,61.2278484710902,302.257970615299,1786.49468222159,57.9472782473331,344.436004681144,2564.89080340663,55.02343202704,394.476955483341,3728.46825919816,52.4497776443684,454.033900446926,5483.46140375539,50.2095683781937,525.143682524705,8154.35587340192
"Rufous-fronted Prinia","Prinia buchanani","rufpri2","Passeriformes","Cisticolidae (Cisticolas and Allies)","High","Strong Decline","Strong Decline","Large","Diurnal","Diurnal","Invertebrate","No","Yes","No","Indian Subcontinent","Grassland & Scrub","Resident",NA,NA,NA,"Rufous-fronted Prinia","Prinia buchanani","Rufous-fronted Prinia","Prinia buchanani","Least Concern","Schedule-I","","",NA,"","","X",432,0.0740740740740741,0.2625,0.502314814814815,11.7685185185185,0.567493696841746,NA,NA,NA,NA,NA,NA,NA,NA,NA,NA,NA,NA,NA,NA,NA,NA,NA,NA,NA,NA,NA,NA,NA,NA,NA,NA,NA
"Rufescent Prinia","Prinia rufescens","rufpri1","Passeriformes","Cisticolidae (Cisticolas and Allies)",NA,NA,NA,NA,"Diurnal","Diurnal","Invertebrate","No","No","No","Non-endemic","Forest","Resident",1,NA,NA,"Rufescent Prinia","Prinia rufescens","Rufescent Prinia","Prinia rufescens","Least Concern","Schedule-II","","",NA,"","","X",136,0.0514705882352941,0.247058823529412,0.507352941176471,10.8676470588235,1.06645904722013,NA,NA,NA,NA,NA,NA,NA,NA,NA,NA,NA,NA,NA,NA,NA,NA,NA,NA,NA,NA,NA,NA,NA,NA,NA,NA,NA
"Gray-breasted Prinia","Prinia hodgsonii","gybpri1","Passeriformes","Cisticolidae (Cisticolas and Allies)","Low","Stable","Uncertain","Very Large","Diurnal","Diurnal","Invertebrate","No","No","No","Non-endemic","Non-specialized","Resident",NA,NA,NA,"Grey-breasted Prinia","Prinia hodgsonii","Grey-breasted Prinia","Prinia hodgsonii","Least Concern","Schedule-II","","",NA,"","","X",2122,0.0645617342130066,0.351790763430726,0.614985862393968,12.5895381715363,0.282003541553958,NA,NA,NA,NA,NA,NA,NA,NA,NA,NA,NA,NA,NA,NA,NA,NA,NA,NA,NA,NA,NA,NA,NA,NA,NA,NA,NA
"Delicate Prinia","Prinia lepida","delpri1","Passeriformes","Cisticolidae (Cisticolas and Allies)","Low","Data Deficient","Moderate Increase","Large","Diurnal","Diurnal","Invertebrate","No","No","No","Non-endemic","Grassland","Resident",NA,NA,NA,"Delicate Prinia","Prinia lepida","",NA,"Not recognized","Schedule-II","","",NA,"","","X",369,0.0514905149051491,0.256910569105691,0.520325203252033,12.1815718157182,0.655771739712025,NA,NA,NA,NA,NA,NA,NA,NA,NA,NA,NA,NA,NA,NA,NA,NA,NA,NA,NA,NA,NA,NA,NA,NA,NA,NA,NA
"Jungle Prinia","Prinia sylvatica","junpri1","Passeriformes","Cisticolidae (Cisticolas and Allies)","Low","Stable","Uncertain","Large","Diurnal","Diurnal","Invertebrate","No","Yes","No","Indian Subcontinent","Forest","Resident",NA,NA,NA,"Jungle Prinia","Prinia sylvatica","Jungle Prinia","Prinia sylvatica","Least Concern","Schedule-II","","",NA,"","","X",1415,0.03886925795053,0.301413427561837,0.51660777385159,13.278445229682,0.342931382646392,NA,NA,NA,NA,NA,NA,NA,NA,NA,NA,NA,NA,NA,NA,NA,NA,NA,NA,NA,NA,NA,NA,NA,NA,NA,NA,NA
"Yellow-bellied Prinia","Prinia flaviventris","yebpri1","Passeriformes","Cisticolidae (Cisticolas and Allies)","Low","Data Deficient","Uncertain","Moderate","Diurnal","Diurnal","Invertebrate","No","No","No","Non-endemic","Wetland","Resident",NA,NA,NA,"Yellow-bellied Prinia","Prinia flaviventris","Yellow-bellied Prinia","Prinia flaviventris","Least Concern","Schedule-II","","",NA,"","","X",257,0.0505836575875486,0.289105058365759,0.536964980544747,12.7237354085603,0.761277882937258,NA,NA,NA,NA,NA,NA,NA,NA,NA,NA,NA,NA,NA,NA,NA,NA,NA,NA,NA,NA,NA,NA,NA,NA,NA,NA,NA
"Ashy Prinia","Prinia socialis","ashpri1","Passeriformes","Cisticolidae (Cisticolas and Allies)","Low","Strong Increase","Uncertain","Very Large","Diurnal","Diurnal","Invertebrate","No","Yes","No","Indian Subcontinent","Non-specialized","Resident",NA,NA,NA,"Ashy Prinia","Prinia socialis","Ashy Prinia","Prinia socialis","Least Concern","Schedule-II","","",NA,"X","X","X",3235,0.0531684698608964,0.437279752704791,0.668006182380216,10.5239567233385,0.232045691080543,241.198174018291,285.537047119762,339.841232282595,1.49926797193672,3.24717199518755,4.99507601843838,121.049699388154,134.156350831709,148.764483497061,122.748716402848,138.080393836918,155.439950281844,124.430087912113,142.124999724451,162.487048177474,126.107562291181,146.294031851262,169.908650766625,127.790101806833,150.591481997673,177.713240866685,129.483823223571,155.021474777646,185.913012101761,131.19308726269,159.588272205051,194.522823843412
"Plain Prinia","Prinia inornata","plapri1","Passeriformes","Cisticolidae (Cisticolas and Allies)","Low","Strong Increase","Uncertain","Very Large","Diurnal","Diurnal","Invertebrate","No","No","No","Non-endemic","Non-specialized","Resident",NA,NA,NA,"Plain Prinia","Prinia inornata","Plain Prinia","Prinia inornata","Least Concern","Schedule-II","","",NA,"X","X","X",3341,0.0445974259203831,0.392098174199342,0.595330739299611,10.9278659084107,0.225637097067838,215.17433914425,251.078518129899,295.48760253337,-0.442308191919057,0.63956349804029,1.72143518799964,100.79952709957,112.751090498997,126.161534269165,99.8172290063554,113.481678159494,129.072836062243,98.8058801709694,114.219612719835,132.111263675393,97.7793258943462,114.964974781354,135.264939206984,96.7462825017636,115.717845965134,138.527182143715,95.7124276161614,116.478308925902,141.894420889775,94.6815671029277,117.246447366135,145.365027684119
"Zitting Cisticola","Cisticola juncidis","zitcis1","Passeriformes","Cisticolidae (Cisticolas and Allies)","Low","Stable","Moderate Decline","Very Large","Diurnal","Diurnal","Invertebrate","No","No","No","Non-endemic","Open Habitat","Resident",NA,NA,NA,"Zitting Cisticola","Cisticola juncidis","Zitting Cisticola","Cisticola juncidis","Least Concern","Schedule-II","","",NA,"","","X",2240,0.0450892857142857,0.3240625,0.567410714285714,12.7879464285714,0.275946583029653,NA,NA,NA,NA,NA,NA,NA,NA,NA,NA,NA,NA,NA,NA,NA,NA,NA,NA,NA,NA,NA,NA,NA,NA,NA,NA,NA
"Golden-headed Cisticola","Cisticola exilis","gohcis1","Passeriformes","Cisticolidae (Cisticolas and Allies)","Moderate","Data Deficient","Data Deficient","Moderate","Diurnal","Diurnal","Invertebrate","No","No","No","Non-endemic","Grassland","Resident",1,NA,NA,"Golden-headed Cisticola","Cisticola exilis","Golden-headed Cisticola","Cisticola exilis","Least Concern","Schedule-II","","",NA,"","X","X",74,0.0810810810810811,0.318918918918919,0.527027027027027,17.7027027027027,1.36849148643224,NA,NA,NA,-8.38290260208012,0.434433285622337,9.25176917332479,66.4749562316733,105.834136208461,170.894467036085,62.7534366076472,106.77445166205,185.074981314921,59.2362602375865,107.871911846703,201.148446748377,55.9430460933002,109.131863486537,219.282163063732,52.876632252285,110.560469004219,239.6974094057,50.031104483679,112.164755658898,262.666346154001,47.396119740922,113.952672979895,288.51364063288
"Thick-billed Warbler","Arundinax aedon","thbwar1","Passeriformes","Acrocephalidae (Reed Warblers and Allies)","Low","Data Deficient","Uncertain","Moderate","Diurnal","Diurnal","Invertebrate","No","No","No","Non-endemic","Non-specialized","Winter Migrant",NA,NA,NA,"Thick-billed Warbler","Arundinax aedon","Thick-billed Warbler","Arundinax aedon","Least Concern","Schedule-II","","Appendix II",NA,"X","X","X",361,0.0664819944598338,0.255401662049861,0.385041551246537,17.6759002770083,0.686710196632928,37.8370873624629,64.9188955247657,113.839407102643,-1.32589970650348,4.96143418220032,11.2487680709041,95.9136978350908,131.017284482357,179.895089111492,95.5764171342173,136.548459179782,196.408835067245,95.1771901799528,142.368026249949,214.802857276591,94.7514402696311,148.492906766926,235.232553738532,94.3214460627558,154.941120163045,257.888556790341,93.9016833929991,161.731861985806,282.99401100442,93.5018296844464,168.88558760451,310.804513892845
"Booted Warbler","Iduna caligata","boowar1","Passeriformes","Acrocephalidae (Reed Warblers and Allies)","Low","Uncertain","Uncertain","Large","24 hour","Diurnal","Invertebrate","No","No","No","Non-endemic","Open Habitat","Winter Migrant",NA,NA,NA,"Booted Warbler","Iduna caligata","Booted Warbler","Iduna caligata","Least Concern","Schedule-II","","Appendix II",NA,"X","X","X",1755,0.0404558404558405,0.326438746438746,0.513390313390313,13.6307692307692,0.307639813835675,91.5654335629948,122.416117423215,159.966339336031,-0.444825225971964,1.83541441544752,4.11565405686701,122.734502782703,148.825134986105,180.701804951194,121.64728759,151.681190090386,189.459907964232,120.495666811332,154.604776252627,198.810964145858,119.308513150906,157.597688442799,208.753510503186,118.104000745032,160.661774445158,219.29844876085,116.89395339406,163.798936547526,230.464796535514,115.686279029568,167.01113328865,242.277358532347
"Sykes's Warbler","Iduna rama","sykwar2","Passeriformes","Acrocephalidae (Reed Warblers and Allies)",NA,NA,NA,NA,"24 hour","Diurnal","Invertebrate","No","No","No","Non-endemic","Forest & Plantation","Winter Migrant",NA,NA,NA,"Sykes's Warbler","Iduna rama","Sykes's Warbler","Iduna rama","Least Concern","Schedule-II","","Appendix II",NA,"","","",NA,NA,NA,NA,NA,NA,NA,NA,NA,NA,NA,NA,NA,NA,NA,NA,NA,NA,NA,NA,NA,NA,NA,NA,NA,NA,NA,NA,NA,NA,NA,NA,NA
"Black-browed Reed Warbler","Acrocephalus bistrigiceps","bbrwar1","Passeriformes","Acrocephalidae (Reed Warblers and Allies)",NA,NA,NA,NA,"24 hour","Diurnal","Invertebrate","No","No","No","Non-endemic","Wetland","Winter Migrant",NA,NA,NA,"Black-browed Reed Warbler","Acrocephalus bistrigiceps","Black-browed Reed-warbler","Acrocephalus bistrigiceps","Least Concern","Schedule-II","","Appendix II",NA,"","","",14,NA,0.364285714285714,0.571428571428571,13.5,4.32817246919262,NA,NA,NA,NA,NA,NA,NA,NA,NA,NA,NA,NA,NA,NA,NA,NA,NA,NA,NA,NA,NA,NA,NA,NA,NA,NA,NA
"Moustached Warbler","Acrocephalus melanopogon","mouwar1","Passeriformes","Acrocephalidae (Reed Warblers and Allies)",NA,NA,NA,NA,"Diurnal","Diurnal","Invertebrate","No","No","No","Non-endemic","Wetland","Winter Migrant",NA,NA,NA,"Moustached Warbler","Acrocephalus melanopogon","Moustached Warbler","Acrocephalus melanopogon","Least Concern","Schedule-II","","Appendix II",NA,"","","",51,0.0588235294117647,0.254901960784314,0.274509803921569,14.7843137254902,1.74041086153121,NA,NA,NA,NA,NA,NA,NA,NA,NA,NA,NA,NA,NA,NA,NA,NA,NA,NA,NA,NA,NA,NA,NA,NA,NA,NA,NA
"Sedge Warbler","Acrocephalus schoenobaenus","sedwar1","Passeriformes","Acrocephalidae (Reed Warblers and Allies)",NA,NA,NA,NA,"24 hour","Diurnal","Invertebrate","No","No","No","Non-endemic","Non-specialized","Uncertain",NA,NA,NA,"Sedge Warbler","Acrocephalus schoenobaenus","Sedge Warbler","Acrocephalus schoenobaenus","Least Concern","Schedule-II","","Appendix II",NA,"","","",2,1,NA,NA,19,7.84,NA,NA,NA,NA,NA,NA,NA,NA,NA,NA,NA,NA,NA,NA,NA,NA,NA,NA,NA,NA,NA,NA,NA,NA,NA,NA,NA
"Paddyfield Warbler","Acrocephalus agricola","padwar1","Passeriformes","Acrocephalidae (Reed Warblers and Allies)","Low","Uncertain","Uncertain","Large","Diurnal","No information","Invertebrate","No","No","No","Non-endemic","Wetland","Winter Migrant",NA,NA,NA,"Paddyfield Warbler","Acrocephalus agricola","Paddyfield Warbler","Acrocephalus agricola","Least Concern","Schedule-II","","Appendix II",NA,"X","X","X",771,0.0466926070038911,0.261608300907912,0.402075226977951,15.757457846952,0.447981338228757,36.7784536148792,105.412346684494,322.242708634321,-10.4382678228056,-1.82265925490124,6.79294931300315,56.6056437820768,93.1673383049085,155.747927002035,51.7683952712375,91.4814096544949,164.997669205035,47.3588780083164,89.9894711518531,175.526314949386,43.3634594632651,88.683456087068,187.399717196027,39.7551041062289,87.5564521213018,200.72676601043,36.5017391064807,86.6026376506968,215.652572621234,33.5704313272044,85.8172283729179,232.356620746343
"Blunt-winged Warbler","Acrocephalus concinens","blwwar1","Passeriformes","Acrocephalidae (Reed Warblers and Allies)",NA,NA,NA,NA,"Diurnal","Diurnal","Invertebrate","No","No","No","Non-endemic","Open Habitat","Winter Migrant & Localized Summer Migrant",NA,NA,NA,"Blunt-winged Warbler","Acrocephalus concinens","Blunt-winged Warbler","Acrocephalus concinens","Least Concern","Schedule-II","","Appendix II",NA,"","","",NA,NA,NA,NA,NA,NA,NA,NA,NA,NA,NA,NA,NA,NA,NA,NA,NA,NA,NA,NA,NA,NA,NA,NA,NA,NA,NA,NA,NA,NA,NA,NA,NA
"Blyth's Reed Warbler","Acrocephalus dumetorum","blrwar1","Passeriformes","Acrocephalidae (Reed Warblers and Allies)","Low","Uncertain","Uncertain","Very Large","24 hour","Diurnal","Invertebrate","No","No","No","Non-endemic","Non-specialized","Winter Migrant",NA,NA,NA,"Blyth's Reed Warbler","Acrocephalus dumetorum","Blyth's Reed-warbler","Acrocephalus dumetorum","Least Concern","Schedule-II","","Appendix II",NA,"X","X","X",2304,0.0837673611111111,0.393446180555556,0.559027777777778,13.0794270833333,0.269128726695715,75.6708945068578,97.5845942379029,121.380120928858,-2.86262802309333,-0.983207186128318,0.896213650836694,82.7628877700362,104.434121381005,131.955785519188,79.29349316738,103.484741747395,135.292894245896,75.9116416463114,102.552614222723,138.853175514236,72.6383458467299,101.63742819952,142.61103896528,69.4840478675743,100.738880450278,146.552129900528,66.4531129671679,99.8566749585127,150.668818134352,63.5463186933575,98.990522754769,154.957693224553
"Large-billed Reed Warbler","Acrocephalus orinus","labrew1","Passeriformes","Acrocephalidae (Reed Warblers and Allies)",NA,NA,NA,NA,"Diurnal","Diurnal","Invertebrate","No","No","No","Non-endemic","Wetland","Uncertain",NA,1,NA,"Large-billed Reed Warbler","Acrocephalus orinus","Large-billed Reed-warbler","Acrocephalus orinus","Least Concern","Schedule-II","","Appendix II",NA,"","","",NA,NA,NA,NA,NA,NA,NA,NA,NA,NA,NA,NA,NA,NA,NA,NA,NA,NA,NA,NA,NA,NA,NA,NA,NA,NA,NA,NA,NA,NA,NA,NA,NA
"Great Reed Warbler","Acrocephalus arundinaceus","grrwar1","Passeriformes","Acrocephalidae (Reed Warblers and Allies)",NA,NA,NA,NA,"24 hour","Diurnal","Invertebrate","No","No","No","Non-endemic","Wetland","Uncertain",NA,NA,NA,"Great Reed Warbler","Acrocephalus arundinaceus","Great Reed-warbler","Acrocephalus arundinaceus","Least Concern","Schedule-II","","Appendix II",NA,"","","",NA,NA,NA,NA,NA,NA,NA,NA,NA,NA,NA,NA,NA,NA,NA,NA,NA,NA,NA,NA,NA,NA,NA,NA,NA,NA,NA,NA,NA,NA,NA,NA,NA
"Oriental Reed Warbler","Acrocephalus orientalis","orrwar1","Passeriformes","Acrocephalidae (Reed Warblers and Allies)",NA,NA,NA,NA,"24 hour","Diurnal","","No","No","No","Non-endemic","Wetland","Winter Migrant",NA,NA,NA,"Oriental Reed Warbler","Acrocephalus orientalis","Oriental Reed-warbler","Acrocephalus orientalis","Least Concern","Schedule-II","","Appendix II",NA,"","","",13,0.153846153846154,0.407692307692308,0.461538461538462,10.0769230769231,4.17234153983699,NA,NA,NA,NA,NA,NA,NA,NA,NA,NA,NA,NA,NA,NA,NA,NA,NA,NA,NA,NA,NA,NA,NA,NA,NA,NA,NA
"Clamorous Reed Warbler","Acrocephalus stentoreus","clrwar1","Passeriformes","Acrocephalidae (Reed Warblers and Allies)","Low","Uncertain","Uncertain","Large","24 hour","Diurnal","Invertebrate","No","No","No","Non-endemic","Wetland","Resident & Winter Migrant",NA,NA,NA,"Clamorous Reed Warbler","Acrocephalus stentoreus","Clamorous Reed-warbler","Acrocephalus stentoreus","Least Concern","Schedule-II","","Appendix II",NA,"X","X","X",1550,0.0509677419354839,0.33458064516129,0.484516129032258,14.3438709677419,0.323350157209502,75.6785380978402,97.2224764164045,123.891173820265,-2.61086117669786,-1.19453943402327,0.221782308651332,84.7318694457568,97.5214594774034,112.329810010624,81.9725358765019,96.2878693918745,113.219824419612,79.2665860309572,95.0751033011162,114.18657945892,76.6272636500379,93.8827681680042,115.213029836663,74.0616015738159,92.7104791698833,116.288517244759,71.5730260254666,91.5578595131786,117.406159393257,69.1628011285171,90.4245402524799,118.561399110287
"Pallas's Grasshopper Warbler","Helopsaltes certhiola","pagwar1","Passeriformes","Locustellidae (Grassbirds and Allies)",NA,NA,NA,NA,"Diurnal","Diurnal","Invertebrate","No","No","No","Non-endemic","Wetland","Winter Migrant",1,NA,NA,"Rusty-rumped Warbler","Helopsaltes certhiola","Pallas's Grasshopper-warbler","Helopsaltes certhiola","Least Concern","Schedule-II","","Appendix II",NA,"","","X",56,0.107142857142857,0.275,0.428571428571429,18,1.62610521855696,NA,NA,NA,NA,NA,NA,NA,NA,NA,NA,NA,NA,NA,NA,NA,NA,NA,NA,NA,NA,NA,NA,NA,NA,NA,NA,NA
"Lanceolated Warbler","Locustella lanceolata","lanwar","Passeriformes","Locustellidae (Grassbirds and Allies)",NA,NA,NA,NA,"24 hour","Diurnal","Invertebrate","No","No","No","Non-endemic","Wetland","Winter Migrant",NA,NA,NA,"Lanceolated Warbler","Locustella lanceolata","Lanceolated Warbler","Locustella lanceolata","Least Concern","Schedule-II","","Appendix II",NA,"","","",2,NA,0.666666666666667,0.5,21,5.88,NA,NA,NA,NA,NA,NA,NA,NA,NA,NA,NA,NA,NA,NA,NA,NA,NA,NA,NA,NA,NA,NA,NA,NA,NA,NA,NA
"Brown Bush Warbler","Locustella luteoventris","brbwar2","Passeriformes","Locustellidae (Grassbirds and Allies)",NA,NA,NA,NA,"Diurnal","Diurnal","Invertebrate","No","No","No","Non-endemic","Grassland & Scrub","Summer Migrant",NA,NA,NA,"Brown Bush Warbler","Locustella luteoventris","Brown Grasshopper-warbler","Locustella luteoventris","Least Concern","Schedule-II","","Appendix II",NA,"","","",8,NA,0.390625,0.75,12.5,3.20780298646909,NA,NA,NA,NA,NA,NA,NA,NA,NA,NA,NA,NA,NA,NA,NA,NA,NA,NA,NA,NA,NA,NA,NA,NA,NA,NA,NA
"Common Grasshopper Warbler","Locustella naevia","cogwar1","Passeriformes","Locustellidae (Grassbirds and Allies)",NA,NA,NA,NA,"24 hour","Diurnal","Invertebrate","No","No","No","Non-endemic","Grassland & Scrub","Winter Migrant",NA,1,NA,"Grasshopper Warbler","Locustella naevia","Common Grasshopper-warbler","Locustella naevia","Least Concern","Schedule-II","","Appendix II",NA,"","","",72,0.0555555555555556,0.201388888888889,0.319444444444444,19.5138888888889,1.29916461093867,NA,NA,NA,NA,NA,NA,NA,NA,NA,NA,NA,NA,NA,NA,NA,NA,NA,NA,NA,NA,NA,NA,NA,NA,NA,NA,NA
"Long-billed Bush Warbler","Locustella major","lbbwar1","Passeriformes","Locustellidae (Grassbirds and Allies)",NA,NA,NA,NA,"Diurnal","Diurnal","Invertebrate","No","No","No","Non-endemic","Grassland & Scrub","Summer Migrant",1,NA,NA,"Long-billed Bush Warbler","Locustella major","Long-billed Grasshopper-warbler","Locustella major","Endangered","Schedule-II","","Appendix II",NA,"","","X",1,1,NA,NA,14,NA,NA,NA,NA,NA,NA,NA,NA,NA,NA,NA,NA,NA,NA,NA,NA,NA,NA,NA,NA,NA,NA,NA,NA,NA,NA,NA,NA
"Chinese Bush Warbler","Locustella tacsanowskia","chbwar1","Passeriformes","Locustellidae (Grassbirds and Allies)",NA,NA,NA,NA,"24 hour","Diurnal","Invertebrate","No","No","No","Non-endemic","Wetland","Uncertain",NA,1,NA,"Chinese Bush Warbler","Locustella tacsanowskia","Chinese Grasshopper-warbler","Locustella tacsanowskia","Least Concern","Schedule-II","","Appendix II",NA,"","","",1,NA,NA,NA,19,NA,NA,NA,NA,NA,NA,NA,NA,NA,NA,NA,NA,NA,NA,NA,NA,NA,NA,NA,NA,NA,NA,NA,NA,NA,NA,NA,NA
"Baikal Bush Warbler","Locustella davidi","spobuw1","Passeriformes","Locustellidae (Grassbirds and Allies)",NA,NA,NA,NA,"24 hour","Diurnal","Invertebrate","No","No","No","Non-endemic","Wetland","Winter Migrant",NA,NA,NA,"Baikal Bush Warbler","Locustella davidi","Baikal Grasshopper-warbler","Locustella davidi","Least Concern","Schedule-II","","Appendix II",NA,"","","",NA,NA,NA,NA,NA,NA,NA,NA,NA,NA,NA,NA,NA,NA,NA,NA,NA,NA,NA,NA,NA,NA,NA,NA,NA,NA,NA,NA,NA,NA,NA,NA,NA
"West Himalayan Bush Warbler","Locustella kashmirensis","spobuw2","Passeriformes","Locustellidae (Grassbirds and Allies)","High","Data Deficient","Data Deficient","Very Restricted","Diurnal","Diurnal","Invertebrate","No","No","Yes","Western Himalayas","Grassland & Scrub","Within-India Migrant",NA,NA,NA,"West Himalayan Bush Warbler","Locustella kashmirensis","Himalayan Grasshopper-warbler","Locustella kashmirensis","Least Concern","Schedule-I","","",NA,"","","X",13,NA,0.175824175824176,0.230769230769231,15.5384615384615,3.79627222946889,NA,NA,NA,NA,NA,NA,NA,NA,NA,NA,NA,NA,NA,NA,NA,NA,NA,NA,NA,NA,NA,NA,NA,NA,NA,NA,NA
"Spotted Bush Warbler","Locustella thoracica","spobuw3","Passeriformes","Locustellidae (Grassbirds and Allies)","Moderate","Data Deficient","Data Deficient","Restricted","Diurnal","Diurnal","Invertebrate","No","No","No","Non-endemic","Grassland","Local Migrant & Winter Migrant",NA,NA,NA,"Spotted Bush Warbler","Locustella thoracica","Spotted Grasshopper-warbler","Locustella thoracica","Least Concern","Schedule-II","","Appendix II",NA,"","","",50,0.06,0.248,0.52,16.46,1.48078444076104,NA,NA,NA,NA,NA,NA,NA,NA,NA,NA,NA,NA,NA,NA,NA,NA,NA,NA,NA,NA,NA,NA,NA,NA,NA,NA,NA
"Russet Bush Warbler","Locustella mandelli","rubwar1","Passeriformes","Locustellidae (Grassbirds and Allies)",NA,NA,NA,NA,"Diurnal","Diurnal","Invertebrate","No","No","No","Non-endemic","Grassland & Scrub","Summer Migrant & Localized Winter Migrant",NA,NA,NA,"Russet Bush Warbler","Locustella mandelli","Russet Grasshopper-warbler","Locustella mandelli","Least Concern","Schedule-II","","Appendix II",NA,"","","",28,0.107142857142857,0.292857142857143,0.642857142857143,13.8928571428571,2.60815459096472,NA,NA,NA,NA,NA,NA,NA,NA,NA,NA,NA,NA,NA,NA,NA,NA,NA,NA,NA,NA,NA,NA,NA,NA,NA,NA,NA
"Broad-tailed Grassbird","Schoenicola platyurus","brtgra2","Passeriformes","Locustellidae (Grassbirds and Allies)","High","Data Deficient","Data Deficient","Restricted","Diurnal","Diurnal","Invertebrate","Yes","Yes","No","Western Ghats","Grassland & Scrub","Resident & Local Migrant",NA,NA,NA,"Broad-tailed Grassbird","Schoenicola platyurus","Broad-tailed Grassbird","Schoenicola platyurus","Near Threatened","Schedule-I","","",NA,"","","X",41,0.0731707317073171,0.204878048780488,0.219512195121951,23.1951219512195,0.731508363195762,NA,NA,NA,NA,NA,NA,NA,NA,NA,NA,NA,NA,NA,NA,NA,NA,NA,NA,NA,NA,NA,NA,NA,NA,NA,NA,NA
"Bristled Grassbird","Schoenicola striatus","brigra2","Passeriformes","Locustellidae (Grassbirds and Allies)","High","Data Deficient","Data Deficient","Restricted","Diurnal","Diurnal","Invertebrate","No","Yes","No","Indian Subcontinent","Wetland","Within-India Migrant",NA,NA,NA,"Bristled Grassbird","Schoenicola striatus","Bristled Grassbird","Schoenicola striatus","Vulnerable","Schedule-I","","",NA,"","","X",48,0.0625,0.26875,0.4375,17.625,1.86255320262915,NA,NA,NA,NA,NA,NA,NA,NA,NA,NA,NA,NA,NA,NA,NA,NA,NA,NA,NA,NA,NA,NA,NA,NA,NA,NA,NA
"Striated Grassbird","Megalurus palustris","strgra1","Passeriformes","Locustellidae (Grassbirds and Allies)","Low","Data Deficient","Uncertain","Moderate","Diurnal","Diurnal","Invertebrate","No","No","No","Non-endemic","Wetland","Resident",NA,NA,NA,"Striated Grassbird","Megalurus palustris","Striated Grassbird","Megalurus palustris","Least Concern","Schedule-II","","",NA,"","","X",286,0.0909090909090909,0.325174825174825,0.58041958041958,12.5314685314685,0.730977232423991,NA,NA,NA,NA,NA,NA,NA,NA,NA,NA,NA,NA,NA,NA,NA,NA,NA,NA,NA,NA,NA,NA,NA,NA,NA,NA,NA
"Scaly-breasted Cupwing","Pnoepyga albiventer","scbcup3","Passeriformes","Pnoepygidae (Cupwings)","Low","Data Deficient","Uncertain","Moderate","Diurnal","Diurnal","Omnivore","No","No","No","Non-endemic","Forest","Resident & Altitudinal Migrant",NA,NA,NA,"Scaly-breasted Cupwing","Pnoepyga albiventer","Scaly-breasted Cupwing","Pnoepyga albiventer","Least Concern","Schedule-II","","",NA,"X","X","X",153,0.104575163398693,0.359477124183007,0.581699346405229,13.7516339869281,0.985090909098303,92.6315040186444,217.90295138433,487.270717515479,-2.41388718009129,4.54549823846219,11.5048836570157,108.520590413289,159.678280214713,236.858409053871,107.184034834952,166.753771866742,262.202838367115,105.780926169939,174.238990828547,290.934846832428,104.361596255427,182.160794042123,323.421243237502,102.956885951495,190.547986258062,360.107291515477,101.586106312721,199.431472114123,401.517310803138,100.261513580806,208.844420858379,448.260071895551
"Immaculate Cupwing","Pnoepyga immaculata","immwrb1","Passeriformes","Pnoepygidae (Cupwings)","Moderate","Data Deficient","Data Deficient","Restricted","Diurnal","Diurnal","Invertebrate","No","No","Yes","Himalayas","Forest","Resident & Altitudinal Migrant",NA,NA,NA,"Immaculate Cupwing","Pnoepyga immaculata","Nepal Cupwing","Pnoepyga immaculata","Least Concern","Schedule-II","","",NA,"","","X",40,0.025,0.3425,0.4,16.325,1.90958198540266,NA,NA,NA,NA,NA,NA,NA,NA,NA,NA,NA,NA,NA,NA,NA,NA,NA,NA,NA,NA,NA,NA,NA,NA,NA,NA,NA
"Pygmy Cupwing","Pnoepyga pusilla","pywbab1","Passeriformes","Pnoepygidae (Cupwings)","Low","Data Deficient","Uncertain","Moderate","Diurnal","Diurnal","Invertebrate","No","No","No","Non-endemic","Forest","Resident & Altitudinal Migrant",NA,NA,NA,"Pygmy Cupwing","Pnoepyga pusilla","Pygmy Cupwing","Pnoepyga pusilla","Least Concern","Schedule-II","","",NA,"","","X",169,0.0946745562130177,0.285798816568047,0.633136094674556,12.0414201183432,1.02933952709961,NA,NA,NA,NA,NA,NA,NA,NA,NA,NA,NA,NA,NA,NA,NA,NA,NA,NA,NA,NA,NA,NA,NA,NA,NA,NA,NA
"Gray-throated Martin","Riparia chinensis","gytmar1","Passeriformes","Hirundinidae (Swallows)","Low","Stable","Uncertain","Large","Diurnal","Diurnal","Invertebrate","No","No","No","Non-endemic","Wetland","Resident",NA,NA,NA,"Grey-throated Martin","Riparia chinensis","Asian Plain Martin","Riparia chinensis","Least Concern","Schedule-II","","",NA,"","","X",1056,0.0653409090909091,0.263920454545455,0.450757575757576,12.0217803030303,0.390101071070474,NA,NA,NA,NA,NA,NA,NA,NA,NA,NA,NA,NA,NA,NA,NA,NA,NA,NA,NA,NA,NA,NA,NA,NA,NA,NA,NA
"Bank Swallow","Riparia riparia","banswa","Passeriformes","Hirundinidae (Swallows)",NA,NA,NA,NA,"Diurnal","Diurnal","Invertebrate","No","No","No","Non-endemic","Wetland","Winter Migrant",NA,NA,NA,"Sand Martin","Riparia riparia","Collared Sand Martin","Riparia riparia","Least Concern","Schedule-II","","",NA,"","","X",203,0.0640394088669951,0.231527093596059,0.443349753694581,16,0.863335809346257,NA,NA,NA,NA,NA,NA,NA,NA,NA,NA,NA,NA,NA,NA,NA,NA,NA,NA,NA,NA,NA,NA,NA,NA,NA,NA,NA
"Pale Martin","Riparia diluta","pasmar1","Passeriformes","Hirundinidae (Swallows)",NA,NA,NA,NA,"Diurnal","Diurnal","Invertebrate","No","No","No","Non-endemic","Wetland","Resident & Winter Migrant",NA,NA,NA,"Pale Martin","Riparia diluta","Pale Sand Martin","Riparia diluta","Least Concern","Schedule-II","","",NA,"","","",NA,NA,NA,NA,NA,NA,NA,NA,NA,NA,NA,NA,NA,NA,NA,NA,NA,NA,NA,NA,NA,NA,NA,NA,NA,NA,NA,NA,NA,NA,NA,NA,NA
"Eurasian Crag-Martin","Ptyonoprogne rupestris","eurcrm1","Passeriformes","Hirundinidae (Swallows)","Moderate","Strong Decline","Uncertain","Moderate","Diurnal","Diurnal","Invertebrate","No","No","No","Non-endemic","Alpine & Cold Desert","Summer Migrant & Winter Migrant",NA,NA,NA,"Eurasian Crag-Martin","Ptyonoprogne rupestris","Eurasian Crag Martin","Ptyonoprogne rupestris","Least Concern","Schedule-II","","",NA,"X","X","X",247,0.194331983805668,0.250202429149798,0.404858299595142,12.9352226720648,0.890725673693739,15.8825398808735,33.9721760327057,76.2578004065802,-8.63466580938073,-3.58083368287979,1.47299844362114,45.2985766401599,67.9150466808325,102.921938702053,41.107909679488,65.3175313022606,105.257417419825,37.2929977848781,62.8811598552331,107.953157125661,33.8372962783188,60.5950537358573,110.980987144879,30.7157071376159,58.4491973138342,114.330088289494,27.9002020525776,56.4343638602483,118.000533764563,25.3626226278924,54.5420484164067,121.999798432388
"Dusky Crag-Martin","Ptyonoprogne concolor","duscrm1","Passeriformes","Hirundinidae (Swallows)","Low","Stable","Strong Increase","Very Large","Diurnal","Diurnal","Invertebrate","No","No","No","Non-endemic","Non-specialized","Resident",NA,NA,NA,"Dusky Crag-Martin","Ptyonoprogne concolor","Dusky Crag Martin","Ptyonoprogne concolor","Least Concern","Schedule-II","","",NA,"X","X","X",1720,0.0831395348837209,0.35343023255814,0.550581395348837,12.7732558139535,0.316500393191187,55.7382554940407,67.4920408069087,80.2227694481425,0.859526986179059,2.42987496080186,4.00022293542466,129.221341719115,147.76085006045,169.067151160567,129.796398404967,151.332345021118,176.588071730706,130.314705636148,154.996168695787,184.54789228253,130.795995306245,158.754835549394,192.945447741922,131.25287267633,162.610931499124,201.787638861229,131.693704219752,166.567116018592,211.086592968441,132.124236742767,170.62612430591,220.858096008886
"Hill Swallow","Hirundo domicola","pacswa3","Passeriformes","Hirundinidae (Swallows)","Moderate","Data Deficient","Uncertain","Restricted","Diurnal","Diurnal","Invertebrate","No","Yes","No","Western Ghats & Sri Lanka","Non-specialized","Resident",NA,NA,NA,"Hill Swallow","Hirundo domicola","",NA,"Not recognized","Schedule-II","","",NA,"","","X",57,0.245614035087719,0.549122807017544,0.719298245614035,23.7368421052632,0.448385222190946,NA,NA,NA,NA,NA,NA,NA,NA,NA,NA,NA,NA,NA,NA,NA,NA,NA,NA,NA,NA,NA,NA,NA,NA,NA,NA,NA
"Pacific Swallow","Hirundo javanica","pacswa1","Passeriformes","Hirundinidae (Swallows)",NA,NA,NA,NA,"Diurnal","Diurnal","Invertebrate","No","No","No","Non-endemic","Non-specialized","Resident",NA,NA,1,"Pacific Swallow","Hirundo javanica","Tahiti Swallow","Hirundo tahitica","Least Concern","Schedule-II","","",NA,"","","",25,0.08,0.508,0.72,7.44,1.96678292989677,NA,NA,NA,NA,NA,NA,NA,NA,NA,NA,NA,NA,NA,NA,NA,NA,NA,NA,NA,NA,NA,NA,NA,NA,NA,NA,NA
"Barn Swallow","Hirundo rustica","barswa","Passeriformes","Hirundinidae (Swallows)","Low","Stable","Uncertain","Very Large","Diurnal","Diurnal","Invertebrate","No","No","No","Non-endemic","Non-specialized","Within-India Migrant & Winter Migrant",NA,NA,NA,"Barn Swallow","Hirundo rustica","Barn Swallow","Hirundo rustica","Least Concern","Schedule-II","","",NA,"X","X","X",3319,0.100331425128051,0.410394697197951,0.602892437481169,11.469719795119,0.221918087813341,71.8227928764904,80.5817238820579,91.1394407053911,-3.81472650203513,-3.16031123211165,-2.50589596218817,61.832563620778,69.1408317983906,77.3321278007813,58.7016052453008,66.7124364296909,75.8412221138706,55.7068484588709,64.3701846678007,74.4118189175115,52.8505616368489,62.1109908747692,73.0320068109554,50.1312981613643,59.9318809942448,71.6940876364013,47.5456016986272,57.8299884787848,70.392844784116,45.0889386194623,55.8025503671807,69.1245857741012
"Wire-tailed Swallow","Hirundo smithii","witswa1","Passeriformes","Hirundinidae (Swallows)","Low","Stable","Uncertain","Very Large","Diurnal","Diurnal","Invertebrate","No","No","No","Non-endemic","Non-specialized","Resident",NA,NA,NA,"Wire-tailed Swallow","Hirundo smithii","Wire-tailed Swallow","Hirundo smithii","Least Concern","Schedule-II","","",NA,"X","X","X",2509,0.0577919489836588,0.374013551215624,0.573535273017138,11.1857313670785,0.256403836748729,104.562268083771,139.89485392132,186.808493626792,-0.210145014178502,2.39078772343162,4.99172046104174,107.903877634537,121.90831789683,137.872962204063,108.320926394831,124.560481999672,143.429367120152,108.702735645008,127.283195189409,149.298511377016,109.064461074186,130.078560176669,155.478190918891,109.415804113908,132.948748269717,161.972323905316,109.763225814977,135.896001789436,168.788772654815,110.111187291914,138.9226365756,175.938141033824
"Western House-Martin","Delichon urbicum","comhom1","Passeriformes","Hirundinidae (Swallows)",NA,NA,NA,NA,"Diurnal","Diurnal","Invertebrate","No","No","No","Non-endemic","Non-specialized","Winter Migrant & Localized Summer Migrant",NA,NA,NA,"Northern House-Martin","Delichon urbicum","Northern House Martin","Delichon urbicum","Least Concern","Schedule-II","","",NA,"","","",198,0.176767676767677,0.175757575757576,0.348484848484849,15.3282828282828,1.08539075825439,NA,NA,NA,NA,NA,NA,NA,NA,NA,NA,NA,NA,NA,NA,NA,NA,NA,NA,NA,NA,NA,NA,NA,NA,NA,NA,NA
"Siberian House-Martin","Delichon lagopodum","comhom2","Passeriformes","Hirundinidae (Swallows)",NA,NA,NA,NA,"Diurnal","Diurnal","Invertebrate","No","No","No","Non-endemic","Non-specialized","Uncertain",NA,NA,NA,"Siberian House-Martin","Delichon lagopodum","Eastern House Martin","Delichon lagopodum","Least Concern","Schedule-II","","",NA,"","","",NA,NA,NA,NA,NA,NA,NA,NA,NA,NA,NA,NA,NA,NA,NA,NA,NA,NA,NA,NA,NA,NA,NA,NA,NA,NA,NA,NA,NA,NA,NA,NA,NA
"Asian House-Martin","Delichon dasypus","ashmar1","Passeriformes","Hirundinidae (Swallows)",NA,NA,NA,NA,"Diurnal","Diurnal","Invertebrate","No","No","No","Non-endemic","Non-specialized","Winter Migrant & Localized Summer Migrant",1,NA,NA,"Asian House-Martin","Delichon dasypus","Asian House Martin","Delichon dasypus","Least Concern","Schedule-II","","",NA,"","","X",118,0.110169491525424,0.175423728813559,0.296610169491525,12.0508474576271,1.08024074296347,NA,NA,NA,NA,NA,NA,NA,NA,NA,NA,NA,NA,NA,NA,NA,NA,NA,NA,NA,NA,NA,NA,NA,NA,NA,NA,NA
"Nepal House-Martin","Delichon nipalense","nephom1","Passeriformes","Hirundinidae (Swallows)","Moderate","Data Deficient","Uncertain","Restricted","Diurnal","Diurnal","Invertebrate","No","No","No","Non-endemic","Non-specialized","Resident & Altitudinal Migrant",NA,NA,NA,"Nepal House-Martin","Delichon nipalense","Nepal House Martin","Delichon nipalense","Least Concern","Schedule-II","","",NA,"","X","X",159,0.119496855345912,0.293710691823899,0.421383647798742,12.5974842767296,1.05250786667825,NA,NA,NA,-6.25883013628307,-1.60274906586409,3.05333200455488,71.7822915111629,96.3927184549693,130.192293654806,67.7120178604244,94.8756572938091,133.950545627497,63.8487268362883,93.4418161802021,138.086047378332,60.2043480853569,92.0882024198756,142.57759542297,56.779182438484,90.8120161091052,147.419052231736,53.5673703450008,89.6106403179449,152.613784216828,50.5598570021469,88.4816319831966,158.171630673483
"European Red-rumped Swallow","Cecropis rufula","rerswa8","Passeriformes","Hirundinidae (Swallows)",NA,NA,NA,NA,"Diurnal","Diurnal","Invertebrate","No","No","No","Non-endemic","Non-specialized","Resident & Winter Migrant",NA,NA,NA,"European Red-rumped Swallow","Cecropis rufula","","","Not recognized","Schedule-II","","",NA,"","","",NA,NA,NA,NA,NA,NA,NA,NA,NA,NA,NA,NA,NA,NA,NA,NA,NA,NA,NA,NA,NA,NA,NA,NA,NA,NA,NA,NA,NA,NA,NA,NA,NA
"Eastern Red-rumped Swallow","Cecropis daurica","y00621","Passeriformes","Hirundinidae (Swallows)","Low","Stable","Uncertain","Very Large","Diurnal","Diurnal","Invertebrate","No","No","No","Non-endemic","Non-specialized","Resident & Winter Migrant",NA,NA,NA,"Eastern Red-rumped Swallow","Cecropis daurica","Red-rumped Swallow","Cecropis daurica","Least Concern","Schedule-II","","",NA,"X","X","X",2801,0.0996072831131739,0.394930382006426,0.556229917886469,12.198500535523,0.243485743299491,57.777231944873,66.0272104446543,75.8220854873179,-0.921174756750797,0.14562861553552,1.21243198782184,93.1914476435869,105.681710140849,119.88676784864,91.6781134385646,105.879724398088,122.335804359201,90.1493339312803,106.08033977381,124.897741785012,88.6196995819271,106.283570360694,127.558856240471,87.0982398813015,106.489430459922,130.311042338538,85.5906968415144,106.697934583093,133.149540455597,84.1007927088001,106.909097454153,136.071669815017
"Streak-throated Swallow","Petrochelidon fluvicola","sttswa2","Passeriformes","Hirundinidae (Swallows)","Low","Stable","Strong Increase","Very Large","Diurnal","Diurnal","Invertebrate","No","No","No","Non-endemic","Open Habitat","Local Migrant",NA,NA,NA,"Streak-throated Swallow","Petrochelidon fluvicola","Streak-throated Swallow","Petrochelidon fluvicola","Least Concern","Schedule-II","","",NA,"X","X","X",1508,0.029840848806366,0.286074270557029,0.454907161803714,13.3183023872679,0.333231317306156,78.2017258730132,102.296126940644,136.237245547925,-1.58337910963253,0.0595155833190728,1.70241027627067,95.7699922819152,113.677308619718,135.055839886773,93.5566871273955,113.842682909804,138.692732556578,91.342313882148,114.014405899599,142.530966441766,89.1472148962409,114.192503001144,146.552455527745,86.9835862761167,114.377000645043,150.747497843219,84.8588271045005,114.56792628662,155.111430112593,82.7774058728961,114.765308412341,159.642765545549
"White-throated Bulbul","Alophoixus flaveolus","whtbul1","Passeriformes","Pycnonotidae (Bulbuls)","Low","Uncertain","Uncertain","Moderate","Diurnal","Diurnal","Fruit & Nect","No","No","No","Non-endemic","Forest","Resident",NA,NA,NA,"White-throated Bulbul","Alophoixus flaveolus","White-throated Bulbul","Alophoixus flaveolus","Least Concern","Schedule-II","","",NA,"","","X",233,0.107296137339056,0.306437768240343,0.570815450643777,10.4163090128755,0.780987370036879,NA,NA,NA,NA,NA,NA,NA,NA,NA,NA,NA,NA,NA,NA,NA,NA,NA,NA,NA,NA,NA,NA,NA,NA,NA,NA,NA
"Striated Bulbul","Alcurus striatus","strbul2","Passeriformes","Pycnonotidae (Bulbuls)","Low","Data Deficient","Uncertain","Moderate","Diurnal","Diurnal","Omnivore","No","No","No","Non-endemic","Forest","Resident & Altitudinal Migrant",NA,NA,NA,"Striated Bulbul","Alcurus striatus","Striated Bulbul","Alcurus striatus","Least Concern","Schedule-II","","",NA,"","","X",101,0.0891089108910891,0.312871287128713,0.544554455445545,10.8217821782178,1.2540712808189,NA,NA,NA,NA,NA,NA,NA,NA,NA,NA,NA,NA,NA,NA,NA,NA,NA,NA,NA,NA,NA,NA,NA,NA,NA,NA,NA
"Cachar Bulbul","Iole cacharensis","cacbul1","Passeriformes","Pycnonotidae (Bulbuls)","High","Data Deficient","Data Deficient","Very Restricted","Diurnal","Diurnal","Omnivore","No","No","No","Northern Myanmar Lowlands","Forest","Resident",NA,NA,NA,"Cachar Bulbul","Iole cacharensis","",NA,"Not recognized","Schedule-II","","",NA,"","","X",23,0.0434782608695652,0.228260869565217,0.217391304347826,10.695652173913,2.36524494287603,NA,NA,NA,NA,NA,NA,NA,NA,NA,NA,NA,NA,NA,NA,NA,NA,NA,NA,NA,NA,NA,NA,NA,NA,NA,NA,NA
"Gray-eyed Bulbul","Iole propinqua","gyebul1","Passeriformes","Pycnonotidae (Bulbuls)",NA,NA,NA,NA,"Diurnal","Diurnal","Omnivore","No","No","No","Non-endemic","Forest","Resident",NA,1,NA,"Grey-eyed Bulbul","Iole propinqua","Grey-eyed Bulbul","Iole propinqua","Least Concern","Recent addition","","",NA,"","","",2,NA,0.666666666666667,NA,4.5,2.94,NA,NA,NA,NA,NA,NA,NA,NA,NA,NA,NA,NA,NA,NA,NA,NA,NA,NA,NA,NA,NA,NA,NA,NA,NA,NA,NA
"Ashy Bulbul","Hemixos flavala","ashbul1","Passeriformes","Pycnonotidae (Bulbuls)","Low","Uncertain","Uncertain","Moderate","Diurnal","Diurnal","Omnivore","No","No","No","Non-endemic","Forest & Plantation","Resident",NA,NA,NA,"Ashy Bulbul","Hemixos flavala","Ashy Bulbul","Hemixos flavala","Least Concern","Schedule-II","","",NA,"","","X",249,0.0803212851405622,0.30281124497992,0.506024096385542,11.5421686746988,0.792267775389989,NA,NA,NA,NA,NA,NA,NA,NA,NA,NA,NA,NA,NA,NA,NA,NA,NA,NA,NA,NA,NA,NA,NA,NA,NA,NA,NA
"Yellow-browed Bulbul","Acritillas indica","yebbul3","Passeriformes","Pycnonotidae (Bulbuls)","Moderate","Strong Decline","Uncertain","Moderate","Diurnal","Diurnal","Omnivore","No","Yes","No","Western Ghats & Sri Lanka","Forest & Plantation","Resident",NA,NA,NA,"Yellow-browed Bulbul","Acritillas indica","Yellow-browed Bulbul","Acritillas indica","Least Concern","Schedule-II","","",NA,"X","X","X",242,0.28099173553719,0.659917355371901,0.739669421487603,20.0537190082645,0.669765914016284,20.8248500953896,44.2922985842529,96.2783655293835,-5.96533571693666,-0.0408463920666547,5.88364293280335,69.4416481739888,98.7049735280399,141.364967394117,66.0368192592285,98.7305099873553,149.081120054626,62.7737773376953,98.8314775149975,157.583364523297,59.6727483303895,99.008256997453,166.888464053647,56.7406041104275,99.2614222282048,177.034195360442,53.9769028689661,99.5917433473499,188.073759162596,51.377192291822,100.000191201144,200.073016841621
"Mountain Bulbul","Ixos mcclellandii","moubul2","Passeriformes","Pycnonotidae (Bulbuls)","Low","Data Deficient","Uncertain","Moderate","Diurnal","Diurnal","Omnivore","No","No","No","Non-endemic","Forest","Resident",NA,NA,NA,"Mountain Bulbul","Ixos mcclellandii","Mountain Bulbul","Ixos mcclellandii","Least Concern","Schedule-II","","",NA,"X","X","X",173,0.0867052023121387,0.32485549132948,0.508670520231214,11.2543352601156,0.961501240426867,43.1814822130292,98.3687081932976,217.790765707927,-5.96049219701411,-0.779048496032854,4.40239520494841,66.2829775184902,89.0348315829697,120.24570664498,63.1540624862978,88.5036340603471,124.912801208847,60.1518968625767,88.0299409512534,130.003399038879,57.2923638460098,87.6128321246924,135.507103131371,54.5807190518242,87.2514979028177,141.427256444709,52.0163724613312,86.9452365842029,147.776200080141,49.5955069919513,86.6934522879563,154.572719258566
"Nicobar Bulbul","Hypsipetes nicobariensis","nicbul2","Passeriformes","Pycnonotidae (Bulbuls)","Moderate","Data Deficient","Data Deficient","Restricted","Diurnal","Diurnal","Omnivore","Yes","Yes","No","Nicobar Islands","Forest & Plantation","Resident",NA,NA,1,"Nicobar Bulbul","Hypsipetes nicobariensis","Nicobar Bulbul","Ixos nicobariensis","Near Threatened","Schedule-II","","",NA,"","","X",6,0.166666666666667,0.444444444444444,NA,5,3.24042795527587,NA,NA,NA,NA,NA,NA,NA,NA,NA,NA,NA,NA,NA,NA,NA,NA,NA,NA,NA,NA,NA,NA,NA,NA,NA,NA,NA
"Black Bulbul","Hypsipetes leucocephalus","blabul1","Passeriformes","Pycnonotidae (Bulbuls)","Low","Uncertain","Uncertain","Large","Diurnal","Diurnal","Fruit & Nect","No","No","No","Non-endemic","Forest & Plantation","Resident & Altitudinal Migrant",NA,NA,NA,"Black Bulbul","Hypsipetes leucocephalus","Black Bulbul","Hypsipetes leucocephalus","Least Concern","Schedule-II","","",NA,"X","X","X",494,0.121457489878543,0.435222672064777,0.639676113360324,10.9271255060729,0.553574677709509,125.002797464859,185.955211394154,278.127351749551,-3.20080208520454,-0.052885054291604,3.09503197662134,76.7841603255468,91.9122603822116,110.250371920563,74.8079503094261,91.8994651859268,113.204839682904,72.8529095413906,91.9062882197908,116.348090862273,70.9349796995641,91.9327003044352,119.666104284954,69.0631584074081,91.9786846017705,123.15223171208,67.2423924779261,92.0442365645978,126.804310026652,65.4751868216993,92.1293638980658,130.623058942918
"Square-tailed Bulbul","Hypsipetes ganeesa","sqtbul1","Passeriformes","Pycnonotidae (Bulbuls)","Moderate","Strong Decline","Uncertain","Moderate","Diurnal","Diurnal","Fruit & Nect","No","Yes","No","Western Ghats & Sri Lanka","Forest & Plantation","Local Migrant",NA,NA,NA,"Square-tailed Bulbul","Hypsipetes ganeesa","Square-tailed Bulbul","Hypsipetes ganeesa","Least Concern","Schedule-II","","",NA,"X","X","X",179,0.229050279329609,0.493296089385475,0.569832402234637,20.8994413407821,0.613745427821799,18.751095239639,35.0219125892259,62.76667604916,-2.66593066371437,3.08114672983403,8.82822412338244,99.218634077742,140.087471667023,199.081702031673,97.3127176227512,144.379817114963,216.047594313714,95.3818448937252,148.878333641594,234.925325811438,93.4666552766226,153.594008935865,255.856984616926,91.5911436585094,158.53849772905,279.023391076688,89.769535433,163.724165310029,304.639824057297,88.0101335679658,169.164134067553,332.95511070447
"Gray-headed Bulbul","Microtarsus priocephalus","gyhbul1","Passeriformes","Pycnonotidae (Bulbuls)","Moderate","Data Deficient","Uncertain","Moderate","Diurnal","Diurnal","Fruit & Nect","Yes","Yes","No","Western Ghats","Forest","Resident",NA,NA,NA,"Grey-headed Bulbul","Microtarsus priocephalus","Grey-headed Bulbul","Brachypodius priocephalus","Least Concern","Schedule-II","","",NA,"X","X","X",163,0.122699386503067,0.559509202453988,0.736196319018405,20.8220858895706,0.760726322643618,69.4380099434872,152.067204208069,337.555637255768,-5.22718104065822,1.49548321813696,8.21814747693215,82.4296381488727,112.382664118789,154.220204863746,79.9744027670312,113.9956200134,163.881004308508,77.5660416092104,115.710007169846,174.500078490092,75.2319906863861,117.529695976134,186.116406565887,72.9866356420759,119.458829892961,198.790571483976,70.8368732675945,121.501840711672,212.599989848098,68.7851970988439,123.663464962587,227.636721541526
"Black-headed Bulbul","Microtarsus melanocephalos","blhbul1","Passeriformes","Pycnonotidae (Bulbuls)",NA,NA,NA,NA,"Diurnal","Diurnal","Fruit & Nect","No","No","No","Non-endemic","Forest & Plantation","Resident",NA,NA,NA,"Black-headed Bulbul","Microtarsus melanocephalos","Black-headed Bulbul","Brachypodius atriceps","Least Concern","Schedule-II","","",NA,"","","",35,NA,0.2,0.457142857142857,9.4,1.70868838586794,NA,NA,NA,NA,NA,NA,NA,NA,NA,NA,NA,NA,NA,NA,NA,NA,NA,NA,NA,NA,NA,NA,NA,NA,NA,NA,NA
"Andaman Bulbul","Microtarsus fuscoflavescens","andbul1","Passeriformes","Pycnonotidae (Bulbuls)","Moderate","Data Deficient","Uncertain","Restricted","Diurnal","Diurnal","Fruit & Nect","Yes","Yes","No","Andaman Islands","Forest","Resident",NA,NA,1,"Andaman Bulbul","Microtarsus fuscoflavescens","Andaman Bulbul","Brachypodius fuscoflavescens","Least Concern","Schedule-II","","",NA,"","X","X",26,0.0769230769230769,0.546153846153846,0.730769230769231,7.23076923076923,1.9366658349372,NA,NA,NA,-4.75378906277484,0.27787982433432,5.30954871144348,61.6057384732625,83.4903190440768,113.791569498405,59.2925406798332,83.9132742464854,119.642992562796,57.0387041737489,84.3744054850763,126.000605791993,54.8639956198865,84.8745195393909,132.865027156787,52.7781290323783,85.4144875303949,140.249988978565,50.7850879335658,85.995247931727,148.178174899734,48.8855172790008,86.6178098303149,156.679010240068
"Black-crested Bulbul","Rubigula flaviventris","blcbul2","Passeriformes","Pycnonotidae (Bulbuls)","Low","Uncertain","Uncertain","Moderate","Diurnal","Diurnal","Fruit & Nect","No","No","No","Non-endemic","Forest & Plantation","Resident",NA,NA,NA,"Black-crested Bulbul","Rubigula flaviventris","Black-crested Bulbul","Rubigula flaviventris","Least Concern","Schedule-II","","",NA,"X","X","X",400,0.0775,0.3535,0.565,10.835,0.64281828651158,70.6511290939049,107.521572099183,170.457445852305,-4.34709233050514,-1.58572086675723,1.17565059699069,73.1296850893748,91.0885795806668,113.825255563314,69.6438604881113,89.537733404686,115.60391061297,66.2898862449556,88.0344528986236,117.547498784843,63.0809601509081,86.5771698005139,119.632595461962,60.0214504247938,85.1643793849455,121.845620852395,57.1108125448483,83.7946376951368,124.178870175739,54.345740486276,82.4665589096171,126.628314265043
"Flame-throated Bulbul","Rubigula gularis","bkcbul1","Passeriformes","Pycnonotidae (Bulbuls)","Moderate","Moderate Decline","Uncertain","Moderate","Diurnal","Diurnal","Fruit & Nect","Yes","Yes","No","Western Ghats","Forest","Resident",NA,NA,NA,"Flame-throated Bulbul","Rubigula gularis","Flame-throated Bulbul","Rubigula gularis","Least Concern","Schedule-II","","",NA,"X","X","X",164,0.25,0.683536585365854,0.719512195121951,20.8475609756098,0.744132893463245,23.0216330201167,53.6760147864144,126.885485370623,-6.84178221929012,0.624342988131034,8.09046819555219,68.8224802572042,101.865029735145,152.29639241316,65.5607883995234,102.617919656025,162.756577973042,62.4445547258632,103.483143627838,174.412001944188,59.4948251153223,104.462648053625,187.326313611133,56.7181679902736,105.558721353561,201.592706351745,54.1133233892093,106.774001703975,217.328562614255,51.6748241752293,108.111486441452,234.673354034449
"Crested Finchbill","Spizixos canifrons","crefin1","Passeriformes","Pycnonotidae (Bulbuls)",NA,NA,NA,NA,"Diurnal","Diurnal","Omnivore","No","No","No","Non-endemic","Forest","Resident",1,NA,NA,"Crested Finchbill","Spizixos canifrons","Crested Finchbill","Spizixos canifrons","Least Concern","Schedule-II","","",NA,"","","X",53,0.0566037735849057,0.269811320754717,0.377358490566038,9.0377358490566,1.21549712513885,NA,NA,NA,NA,NA,NA,NA,NA,NA,NA,NA,NA,NA,NA,NA,NA,NA,NA,NA,NA,NA,NA,NA,NA,NA,NA,NA
"White-browed Bulbul","Pycnonotus luteolus","whbbul2","Passeriformes","Pycnonotidae (Bulbuls)","Low","Uncertain","Uncertain","Large","Diurnal","Diurnal","Fruit & Nect","No","Yes","No","Indian Subcontinent","Forest & Plantation","Resident",NA,NA,NA,"White-browed Bulbul","Pycnonotus luteolus","White-browed Bulbul","Pycnonotus luteolus","Least Concern","Schedule-II","","",NA,"X","X","X",1397,0.0708661417322835,0.421975662133142,0.64924838940587,13.5397279885469,0.368342993036629,118.317997902113,152.86824888245,194.046476619748,1.80717321708582,4.38535992605371,6.96354663502161,127.341073211982,141.441558816365,157.213615302986,130.099999103676,146.722222672835,165.620622877597,132.877345781333,152.211118530699,174.563355796531,135.688378000516,157.916863922319,184.057318670873,138.543522152477,163.848448940886,194.124680105409,141.450341461164,170.01525300596,204.792410975833,144.414647687146,176.427062411878,216.091293523923
"Flavescent Bulbul","Pycnonotus flavescens","flabul1","Passeriformes","Pycnonotidae (Bulbuls)",NA,NA,NA,NA,"Diurnal","Diurnal","Omnivore","No","No","No","Non-endemic","Non-specialized","Resident",1,NA,NA,"Flavescent Bulbul","Pycnonotus flavescens","Flavescent Bulbul","Pycnonotus flavescens","Least Concern","Schedule-II","","",NA,"","","X",87,0.0229885057471264,0.28735632183908,0.540229885057471,8.01149425287356,1.03961391495993,NA,NA,NA,NA,NA,NA,NA,NA,NA,NA,NA,NA,NA,NA,NA,NA,NA,NA,NA,NA,NA,NA,NA,NA,NA,NA,NA
"Yellow-throated Bulbul","Pycnonotus xantholaemus","yetbul1","Passeriformes","Pycnonotidae (Bulbuls)","Moderate","Data Deficient","Moderate Decline","Moderate","Diurnal","Diurnal","Omnivore","Yes","Yes","No","Southern Deccan Plateau","Forest","Resident",NA,NA,NA,"Yellow-throated Bulbul","Pycnonotus xantholaemus","Yellow-throated Bulbul","Pycnonotus xantholaemus","Least Concern","Schedule-II","","",NA,"","X","X",136,0.0808823529411765,0.324264705882353,0.441176470588235,17.375,1.15935989682685,NA,NA,NA,-7.67384204198143,-2.38256867081952,2.90870470034239,70.4614120532336,106.115550347126,161.555749997833,65.0008137979367,103.819081868615,168.200303486401,59.9395322240613,101.667299590938,175.615914103311,55.276577099948,99.6526034447454,183.790356128103,50.9955343199972,97.7679723847878,192.738531298747,47.0729310338512,96.0069194193619,202.493774874135,43.4826021422209,94.3634509100047,213.103321044504
"Red-whiskered Bulbul","Pycnonotus jocosus","rewbul","Passeriformes","Pycnonotidae (Bulbuls)","Low","Uncertain","Uncertain","Very Large","Diurnal","Diurnal","Omnivore","No","No","No","Non-endemic","Non-specialized","Resident",NA,NA,NA,"Red-whiskered Bulbul","Pycnonotus jocosus","Red-whiskered Bulbul","Pycnonotus jocosus","Least Concern","Schedule-II","","",NA,"X","X","X",1922,0.118626430801249,0.478720083246618,0.68366285119667,11.6748178980229,0.320034325341993,142.641947231144,175.855590060057,216.210217844284,0.494714084694613,2.55928287856378,4.62385167243296,112.377959932108,123.98876202912,136.884550137852,113.36234010859,126.867779914297,142.098433463869,114.321906578043,129.821776164912,147.577322045006,115.269116115581,132.852875147851,153.318874183438,116.212007148265,135.963265799521,159.325623209348,117.155992869044,139.155203711473,165.603205887146,118.104866350153,142.431013287089,172.159379875051
"Red-vented Bulbul","Pycnonotus cafer","revbul","Passeriformes","Pycnonotidae (Bulbuls)","Low","Stable","Stable","Very Large","Diurnal","Diurnal","Omnivore","No","No","No","Non-endemic","Non-specialized","Resident",NA,NA,NA,"Red-vented Bulbul","Pycnonotus cafer","Red-vented Bulbul","Pycnonotus cafer","Least Concern","Schedule-II","","",NA,"X","X","X",4498,0.0964873277012005,0.506891951978657,0.73654957759004,9.54957759004002,0.192974949355148,150.814570642619,162.133609839355,173.926711288081,1.70738837774657,2.21703738190387,2.72668638606116,119.823784971942,125.387527353194,131.217836264515,121.503619265266,127.986101180166,134.825526140661,123.186563545495,130.639030760372,138.556908365305,124.878696333637,133.347463339751,142.409220126879,126.584009220867,136.112570589888,146.381876884236,128.305255014335,138.935549132461,150.4756268159,130.04442293211,141.817621075032,154.692078295318
"White-eared Bulbul","Pycnonotus leucotis","whebul1","Passeriformes","Pycnonotidae (Bulbuls)","Low","Uncertain","Uncertain","Large","Diurnal","Diurnal","Omnivore","No","No","No","Non-endemic","Non-specialized","Resident",NA,NA,NA,"White-eared Bulbul","Pycnonotus leucotis","White-eared Bulbul","Pycnonotus leucotis","Least Concern","Schedule-II","","",NA,"X","X","X",663,0.0603318250377074,0.34841628959276,0.552036199095023,9.95022624434389,0.490104774941377,86.402424461964,141.314572240058,232.2470389617,-3.03187507365374,0.982770145161144,4.99741536397603,89.5582753915042,111.525655186655,139.288066803132,87.6696507937304,112.683114119498,145.390824512717,85.7828994677961,113.888496157299,151.947549831148,83.9211774184173,115.143046906776,158.954445438495,82.0980193674843,116.44806918067,166.419131136086,80.3213222290929,117.804925097112,174.356769795169,78.5955659790457,119.215038284014,182.787966010146
"Himalayan Bulbul","Pycnonotus leucogenys","whcbul2","Passeriformes","Pycnonotidae (Bulbuls)","Low","Uncertain","Uncertain","Moderate","Diurnal","Diurnal","Omnivore","No","No","Yes","Himalayas","Non-specialized","Local Migrant",NA,NA,NA,"Himalayan Bulbul","Pycnonotus leucogenys","Himalayan Bulbul","Pycnonotus leucogenys","Least Concern","Schedule-II","","",NA,"X","X","X",309,0.210355987055016,0.600970873786408,0.70873786407767,12.3721682847896,0.680554160607392,99.6272432785859,182.669744673374,341.012668083843,-5.19245184656993,-0.158478465089597,4.87549491639074,74.3030467740056,98.4257775918679,131.076235638045,71.271515005429,98.3095716906667,136.555466294686,68.3366602644051,98.2482101973547,142.5179783318,65.5181351946157,98.2413888296897,148.957453742958,62.8244551176402,98.2888944339094,155.881890208367,60.2578788737364,98.3906040923497,163.308830054355,57.8170972838239,98.5464844630594,171.262806265435
"Wood Warbler","Phylloscopus sibilatrix","woowar","Passeriformes","Phylloscopidae (Leaf Warblers)",NA,NA,NA,NA,"Diurnal","Diurnal","Invertebrate","No","No","No","Non-endemic","Non-specialized","Uncertain",NA,1,NA,"Wood Warbler","Phylloscopus sibilatrix","Wood Warbler","Phylloscopus sibilatrix","Least Concern","Schedule-II","","Appendix II",NA,"","","",NA,NA,NA,NA,NA,NA,NA,NA,NA,NA,NA,NA,NA,NA,NA,NA,NA,NA,NA,NA,NA,NA,NA,NA,NA,NA,NA,NA,NA,NA,NA,NA,NA
"Ashy-throated Warbler","Phylloscopus maculipennis","astwar2","Passeriformes","Phylloscopidae (Leaf Warblers)","Low","Uncertain","Uncertain","Moderate","Diurnal","Diurnal","Invertebrate","No","No","No","Non-endemic","Forest","Resident & Altitudinal Migrant",NA,NA,NA,"Ashy-throated Warbler","Phylloscopus maculipennis","Ashy-throated Warbler","Phylloscopus maculipennis","Least Concern","Schedule-II","","Appendix II",NA,"X","X","X",179,0.173184357541899,0.348603351955307,0.547486033519553,12.1564245810056,0.950402189497255,21.7803062296925,44.1720088692419,89.9930129821981,-3.5675093764845,5.93066028310951,15.4288299427035,128.125616166989,182.581916251289,262.417129555051,127.810804628598,191.621478077238,290.534566433964,127.44809021194,201.261394320416,322.422877161645,127.090503186129,211.546619057061,358.505814838876,126.771243707232,222.52584233054,399.295757407957,126.511826432306,234.251825171327,445.395820132815,126.326663229657,246.781766712222,497.507148270304
"Buff-barred Warbler","Phylloscopus pulcher","bubwar1","Passeriformes","Phylloscopidae (Leaf Warblers)","Low","Uncertain","Uncertain","Moderate","Diurnal","Diurnal","Invertebrate","No","No","No","Non-endemic","Forest","Resident & Altitudinal Migrant",NA,NA,NA,"Buff-barred Warbler","Phylloscopus pulcher","Buff-barred Warbler","Phylloscopus pulcher","Least Concern","Schedule-II","","Appendix II",NA,"X","X","X",214,0.11214953271028,0.338317757009346,0.546728971962617,11.8831775700935,0.849670288047318,60.8606765241862,105.473105891539,185.620766022597,-0.615281120044119,7.87425745505798,16.3637960301601,136.515361168117,177.070492950031,230.723596646537,139.328511950628,187.62785413762,254.185502134056,142.137127118514,198.90613532435,280.479691997684,144.982744382025,210.95959510749,309.893420114277,147.893916971764,223.846912521879,342.767936386406,150.891550371514,237.631571937665,379.498514896899,153.991925505416,252.382283417002,420.537527357159
"Yellow-browed Warbler","Phylloscopus inornatus","yebwar3","Passeriformes","Phylloscopidae (Leaf Warblers)","Moderate","Data Deficient","Strong Decline","Moderate","Diurnal","Diurnal","Invertebrate","No","No","No","Non-endemic","Forest & Plantation","Winter Migrant",NA,NA,NA,"Yellow-browed Warbler","Phylloscopus inornatus","Yellow-browed Warbler","Phylloscopus inornatus","Least Concern","Schedule-II","","Appendix II",NA,"","","X",415,0.0698795180722892,0.290602409638554,0.64578313253012,11.9879518072289,0.626836190463904,NA,NA,NA,NA,NA,NA,NA,NA,NA,NA,NA,NA,NA,NA,NA,NA,NA,NA,NA,NA,NA,NA,NA,NA,NA,NA,NA
"Hume's Warbler","Phylloscopus humei","humwar1","Passeriformes","Phylloscopidae (Leaf Warblers)","Low","Uncertain","Strong Increase","Large","Diurnal","Diurnal","Invertebrate","No","No","No","Non-endemic","Forest & Plantation","Winter Migrant & Localized Summer Migrant",NA,NA,NA,"Hume's Warbler","Phylloscopus humei","Hume's Leaf-warbler","Phylloscopus humei","Least Concern","Schedule-II","","Appendix II",NA,"","","X",1355,0.0523985239852399,0.281254612546125,0.571955719557196,11.9594095940959,0.335344817180994,NA,NA,NA,NA,NA,NA,NA,NA,NA,NA,NA,NA,NA,NA,NA,NA,NA,NA,NA,NA,NA,NA,NA,NA,NA,NA,NA
"Brooks's Leaf Warbler","Phylloscopus subviridis","brlwar1","Passeriformes","Phylloscopidae (Leaf Warblers)","Moderate","Data Deficient","Data Deficient","Restricted","Diurnal","Diurnal","Invertebrate","No","No","No","Non-endemic","Forest & Plantation","Winter Migrant",1,NA,NA,"Brooks's Leaf Warbler","Phylloscopus subviridis","Brooks's Leaf-warbler","Phylloscopus subviridis","Least Concern","Schedule-II","","Appendix II",NA,"","","X",32,0.25,0.209375,0.125,15.3125,2.441191827842,NA,NA,NA,NA,NA,NA,NA,NA,NA,NA,NA,NA,NA,NA,NA,NA,NA,NA,NA,NA,NA,NA,NA,NA,NA,NA,NA
"Chinese Leaf Warbler","Phylloscopus yunnanensis","chilew1","Passeriformes","Phylloscopidae (Leaf Warblers)",NA,NA,NA,NA,"Diurnal","Diurnal","Invertebrate","No","No","No","Non-endemic","Non-specialized","Uncertain",NA,1,NA,"Chinese Leaf Warbler","Phylloscopus yunnanensis","Chinese Leaf-warbler","Phylloscopus yunnanensis","Least Concern","Schedule-II","","Appendix II",NA,"","","",NA,NA,NA,NA,NA,NA,NA,NA,NA,NA,NA,NA,NA,NA,NA,NA,NA,NA,NA,NA,NA,NA,NA,NA,NA,NA,NA,NA,NA,NA,NA,NA,NA
"Pallas's Leaf Warbler","Phylloscopus proregulus","palwar5","Passeriformes","Phylloscopidae (Leaf Warblers)",NA,NA,NA,NA,"Diurnal","Diurnal","Invertebrate","No","No","No","Non-endemic","Forest & Plantation","Uncertain",NA,NA,NA,"Pallas's Leaf Warbler","Phylloscopus proregulus","Pallas's Leaf-warbler","Phylloscopus proregulus","Least Concern","Recent addition","","Appendix II",NA,"","","",NA,NA,NA,NA,NA,NA,NA,NA,NA,NA,NA,NA,NA,NA,NA,NA,NA,NA,NA,NA,NA,NA,NA,NA,NA,NA,NA,NA,NA,NA,NA,NA,NA
"Lemon-rumped Warbler","Phylloscopus chloronotus","parwar1","Passeriformes","Phylloscopidae (Leaf Warblers)","Moderate","Moderate Decline","Uncertain","Moderate","Diurnal","Diurnal","Invertebrate","No","No","No","Non-endemic","Forest & Plantation","Resident & Altitudinal Migrant",NA,NA,NA,"Lemon-rumped Warbler","Phylloscopus chloronotus","Lemon-rumped Leaf-warbler","Phylloscopus chloronotus","Least Concern","Schedule-II","","Appendix II",NA,"X","X","X",351,0.13960113960114,0.380911680911681,0.552706552706553,11.991452991453,0.654408757673635,35.4654818221168,59.9943759955725,102.397889980699,-2.00954713131627,3.94332001092834,9.89618715317295,108.096563655389,140.579136609307,183.747952802562,107.722156989564,145.480311774204,197.777175424443,107.29983371521,150.613994284968,213.204566151112,106.863045743308,155.992757947648,230.117661317174,106.43275355889,161.629949819481,248.629062823886,106.022519790987,167.539742755255,268.872685335179,105.641368590259,173.737191858671,291.002391409939
"Sichuan Leaf Warbler","Phylloscopus forresti","siclew1","Passeriformes","Phylloscopidae (Leaf Warblers)",NA,NA,NA,NA,"Diurnal","Diurnal","Invertebrate","No","No","No","Non-endemic","Forest & Plantation","Resident & Altitudinal Migrant",NA,NA,NA,"Sichuan Leaf Warbler","Phylloscopus forresti","Sichuan Leaf-warbler","Phylloscopus forresti","Least Concern","Schedule-II","","Appendix II",NA,"","","",NA,NA,NA,NA,NA,NA,NA,NA,NA,NA,NA,NA,NA,NA,NA,NA,NA,NA,NA,NA,NA,NA,NA,NA,NA,NA,NA,NA,NA,NA,NA,NA,NA
"Tytler's Leaf Warbler","Phylloscopus tytleri","tylwar1","Passeriformes","Phylloscopidae (Leaf Warblers)","High","Data Deficient","Uncertain","Very Restricted","Diurnal","Diurnal","Invertebrate","No","No","No","Non-endemic","Forest & Plantation","Within-India Migrant",1,NA,NA,"Tytler's Leaf Warbler","Phylloscopus tytleri","Tytler's Leaf-warbler","Phylloscopus tytleri","Least Concern","Schedule-II","","Appendix II",NA,"","X","X",115,0.104347826086957,0.255652173913043,0.4,19.0260869565217,1.20301432220219,NA,NA,NA,-11.0746862478634,-4.51918541086746,2.03631542612848,36.67168499138,63.0952423699362,110.767919394605,32.2763847161634,59.9868248985546,114.453623431763,28.416418658412,57.14020922641,118.789544807289,25.0412289426925,54.5323507681324,123.759218755719,22.0959740053606,52.142601567141,129.37386597795,19.5276883857605,49.9524465940379,135.6638159319,17.2878276762469,47.9452715929786,142.674197634573
"Sulphur-bellied Warbler","Phylloscopus griseolus","subwar2","Passeriformes","Phylloscopidae (Leaf Warblers)","Moderate","Uncertain","Uncertain","Restricted","Diurnal","Diurnal","Invertebrate","No","No","No","Non-endemic","Non-specialized","Within-India Migrant",NA,NA,NA,"Sulphur-bellied Warbler","Phylloscopus griseolus","Sulphur-bellied Warbler","Phylloscopus griseolus","Least Concern","Schedule-II","","Appendix II",NA,"X","X","X",856,0.0467289719626168,0.26553738317757,0.396028037383178,13.3084112149533,0.42061096273424,37.3828077085883,52.1638727913372,73.902766804631,-5.5428784668986,-3.82798656495625,-2.1130946630139,52.3054938222983,62.8414060850879,75.6252930436779,48.6365830585866,60.0021618135119,74.1854319314295,45.2017111758412,57.2984233208115,72.8351858472635,41.9967888070004,54.7234169814635,71.5552577296879,39.0127007672282,52.2707218548428,70.3331772101757,36.2379721990052,49.9342506377323,69.1604909533169,33.6601864499141,47.7082316802456,68.0312129843981
"Tickell's Leaf Warbler","Phylloscopus affinis","y00989","Passeriformes","Phylloscopidae (Leaf Warblers)","Low","Uncertain","Uncertain","Moderate","Diurnal","Diurnal","Invertebrate","No","No","No","Non-endemic","Non-specialized","Within-India Migrant & Winter Migrant",NA,NA,NA,"Tickell's Leaf Warbler","Phylloscopus affinis","Tickell's Leaf-warbler","Phylloscopus affinis","Least Concern","Schedule-II","","Appendix II",NA,"X","X","X",708,0.104519774011299,0.267796610169492,0.406779661016949,14.8432203389831,0.506109232692723,34.4938065595446,53.2018802328584,80.9843027297455,-4.53650491509934,-1.44587846717969,1.64474798073995,72.7305261903805,88.7900898765141,108.668748266749,69.6040597210902,87.4575142704429,110.253756266007,66.5839945749568,86.1691119627189,111.986475183102,63.6831079695976,84.9235981416029,113.846700220821,60.9063472622751,83.7197394083297,115.822830655864,58.2542571148487,82.5563518508856,117.908409313673,55.7248668917483,81.4322992043921,120.100205005376
"Dusky Warbler","Phylloscopus fuscatus","duswar","Passeriformes","Phylloscopidae (Leaf Warblers)","Low","Data Deficient","Uncertain","Moderate","Diurnal","Diurnal","Invertebrate","No","No","No","Non-endemic","Wetland","Winter Migrant",NA,NA,NA,"Dusky Warbler","Phylloscopus fuscatus","Dusky Warbler","Phylloscopus fuscatus","Least Concern","Schedule-II","","Appendix II",NA,"","","X",415,0.0771084337349398,0.322409638554217,0.607228915662651,12.1614457831325,0.576116089592265,NA,NA,NA,NA,NA,NA,NA,NA,NA,NA,NA,NA,NA,NA,NA,NA,NA,NA,NA,NA,NA,NA,NA,NA,NA,NA,NA
"Smoky Warbler","Phylloscopus fuligiventer","smowar1","Passeriformes","Phylloscopidae (Leaf Warblers)","Moderate","Data Deficient","Data Deficient","Restricted","Diurnal","Diurnal","Invertebrate","No","No","No","Non-endemic","Grassland & Scrub","Winter Migrant & Localized Summer Migrant",NA,NA,NA,"Smoky Warbler","Phylloscopus fuligiventer","Smoky Warbler","Phylloscopus fuligiventer","Least Concern","Schedule-II","","Appendix II",NA,"","","",68,0.117647058823529,0.175,0.308823529411765,15.9852941176471,1.29111799172,NA,NA,NA,NA,NA,NA,NA,NA,NA,NA,NA,NA,NA,NA,NA,NA,NA,NA,NA,NA,NA,NA,NA,NA,NA,NA,NA
"Plain Leaf Warbler","Phylloscopus neglectus","pllwar2","Passeriformes","Phylloscopidae (Leaf Warblers)",NA,NA,NA,NA,"Diurnal","Diurnal","Invertebrate","No","No","No","Non-endemic","Grassland & Scrub","Winter Migrant",NA,NA,NA,"Plain Leaf Warbler","Phylloscopus neglectus","Plain Leaf-warbler","Phylloscopus neglectus","Least Concern","Schedule-II","","Appendix II",NA,"","","",13,0.307692307692308,0.201923076923077,0.384615384615385,13.1538461538462,3.71914414026865,NA,NA,NA,NA,NA,NA,NA,NA,NA,NA,NA,NA,NA,NA,NA,NA,NA,NA,NA,NA,NA,NA,NA,NA,NA,NA,NA
"Buff-throated Warbler","Phylloscopus subaffinis","butwar1","Passeriformes","Phylloscopidae (Leaf Warblers)",NA,NA,NA,NA,"Diurnal","Diurnal","Invertebrate","No","No","No","Non-endemic","Non-specialized","Winter Migrant & Localized Summer Migrant",NA,NA,NA,"Buff-throated Warbler","Phylloscopus subaffinis","Buff-throated Warbler","Phylloscopus subaffinis","Least Concern","Schedule-II","","Appendix II",NA,"","","",7,NA,0.317460317460317,0.428571428571429,14.1428571428571,4.47416286397057,NA,NA,NA,NA,NA,NA,NA,NA,NA,NA,NA,NA,NA,NA,NA,NA,NA,NA,NA,NA,NA,NA,NA,NA,NA,NA,NA
"Willow Warbler","Phylloscopus trochilus","wlwwar","Passeriformes","Phylloscopidae (Leaf Warblers)",NA,NA,NA,NA,"24 hour","Diurnal","Invertebrate","No","No","No","Non-endemic","Non-specialized","Uncertain",NA,1,NA,"Willow Warbler","Phylloscopus trochilus","Willow Warbler","Phylloscopus trochilus","Least Concern","Schedule-II","","Appendix II",NA,"","","",NA,NA,NA,NA,NA,NA,NA,NA,NA,NA,NA,NA,NA,NA,NA,NA,NA,NA,NA,NA,NA,NA,NA,NA,NA,NA,NA,NA,NA,NA,NA,NA,NA
"Mountain Chiffchaff","Phylloscopus sindianus","mouchi2","Passeriformes","Phylloscopidae (Leaf Warblers)","Moderate","Data Deficient","Data Deficient","Moderate","Diurnal","Diurnal","Invertebrate","No","No","No","Non-endemic","Non-specialized","Local Migrant",NA,NA,NA,"Mountain Chiffchaff","Phylloscopus sindianus","Mountain Chiffchaff","Phylloscopus sindianus","Least Concern","Schedule-II","","Appendix II",NA,"","","",116,0.21551724137931,0.336206896551724,0.551724137931034,7.51724137931035,0.863791593423525,NA,NA,NA,NA,NA,NA,NA,NA,NA,NA,NA,NA,NA,NA,NA,NA,NA,NA,NA,NA,NA,NA,NA,NA,NA,NA,NA
"Common Chiffchaff","Phylloscopus collybita","comchi1","Passeriformes","Phylloscopidae (Leaf Warblers)","Low","Stable","Uncertain","Large","Diurnal","Diurnal","Invertebrate","No","No","No","Non-endemic","Non-specialized","Winter Migrant",NA,NA,NA,"Common Chiffchaff","Phylloscopus collybita","Common Chiffchaff","Phylloscopus collybita","Least Concern","Schedule-II","","Appendix II",NA,"X","X","X",1418,0.0592383638928068,0.289774330042313,0.473201692524683,12.2249647390691,0.321799476725688,3.79723785970934,94.4769524383383,2216.90043514644,-9326.58988713261,43.5132665035343,9413.61642013968,67.3920276226475,280.093818689622,1355.43268076582,61.8515406206554,311.082829635966,1916.38332131209,57.9201131713328,352.552921758496,2792.19305555417,55.4345787017207,407.754795772105,4186.97449109268,54.2642381474098,481.315045335957,6457.09477350732,54.3264425167643,579.851390238164,10236.5745765639,55.5900963769641,712.898022562632,16674.759684782
"White-spectacled Warbler","Phylloscopus intermedius","whswar1","Passeriformes","Phylloscopidae (Leaf Warblers)","Low","Data Deficient","Uncertain","Moderate","Diurnal","Diurnal","Invertebrate","No","No","No","Non-endemic","Forest","Resident & Altitudinal Migrant",1,NA,NA,"White-spectacled Warbler","Phylloscopus intermedius","White-spectacled Warbler","Phylloscopus intermedius","Least Concern","Schedule-II","","",NA,"","","X",85,0.0941176470588235,0.236470588235294,0.423529411764706,12.7294117647059,1.38219281842751,NA,NA,NA,NA,NA,NA,NA,NA,NA,NA,NA,NA,NA,NA,NA,NA,NA,NA,NA,NA,NA,NA,NA,NA,NA,NA,NA
"Gray-cheeked Warbler","Phylloscopus poliogenys","gycwar2","Passeriformes","Phylloscopidae (Leaf Warblers)","Low","Data Deficient","Uncertain","Moderate","Diurnal","Diurnal","Invertebrate","No","No","No","Non-endemic","Forest","Resident & Altitudinal Migrant",NA,NA,NA,"Grey-cheeked Warbler","Phylloscopus poliogenys","Grey-cheeked Warbler","Phylloscopus poliogenys","Least Concern","Schedule-II","","",NA,"","","X",126,0.111111111111111,0.282539682539683,0.5,10.2539682539683,1.15358053441566,NA,NA,NA,NA,NA,NA,NA,NA,NA,NA,NA,NA,NA,NA,NA,NA,NA,NA,NA,NA,NA,NA,NA,NA,NA,NA,NA
"Green-crowned Warbler","Phylloscopus burkii","goswar1","Passeriformes","Phylloscopidae (Leaf Warblers)","Moderate","Data Deficient","Data Deficient","Restricted","Diurnal","Diurnal","Invertebrate","No","No","No","Non-endemic","Forest","Summer Migrant & Localized Winter Migrant",1,NA,NA,"Green-crowned Warbler","Phylloscopus burkii","Green-crowned Warbler","Phylloscopus burkii","Least Concern","Schedule-II","","",NA,"","","X",87,0.183908045977011,0.250574712643678,0.402298850574713,15.0919540229885,1.36808075807893,NA,NA,NA,NA,NA,NA,NA,NA,NA,NA,NA,NA,NA,NA,NA,NA,NA,NA,NA,NA,NA,NA,NA,NA,NA,NA,NA
"Gray-crowned Warbler","Phylloscopus tephrocephalus","gycwar1","Passeriformes","Phylloscopidae (Leaf Warblers)",NA,NA,NA,NA,"Diurnal","Diurnal","Invertebrate","No","No","No","Non-endemic","Forest","Summer Migrant",NA,NA,NA,"Grey-crowned Warbler","Phylloscopus tephrocephalus","Grey-crowned Warbler","Phylloscopus tephrocephalus","Least Concern","Schedule-II","","",NA,"","","",18,NA,0.25,0.388888888888889,9.94444444444444,2.23795612999823,NA,NA,NA,NA,NA,NA,NA,NA,NA,NA,NA,NA,NA,NA,NA,NA,NA,NA,NA,NA,NA,NA,NA,NA,NA,NA,NA
"Whistler's Warbler","Phylloscopus whistleri","whiwar2","Passeriformes","Phylloscopidae (Leaf Warblers)","Low","Uncertain","Uncertain","Moderate","Diurnal","Diurnal","Invertebrate","No","No","No","Non-endemic","Forest","Resident & Local Migrant",NA,NA,NA,"Whistler's Warbler","Phylloscopus whistleri","Whistler's Warbler","Phylloscopus whistleri","Least Concern","Schedule-II","","",NA,"","","X",324,0.0833333333333333,0.306481481481481,0.512345679012346,13.1851851851852,0.679035519162025,NA,NA,NA,NA,NA,NA,NA,NA,NA,NA,NA,NA,NA,NA,NA,NA,NA,NA,NA,NA,NA,NA,NA,NA,NA,NA,NA
"Bianchi's Warbler","Phylloscopus valentini","biawar1","Passeriformes","Phylloscopidae (Leaf Warblers)",NA,NA,NA,NA,"Diurnal","Diurnal","Invertebrate","No","No","No","Non-endemic","Forest","Uncertain",NA,NA,NA,"Bianchi's Warbler","Phylloscopus valentini","Bianchi's Warbler","Phylloscopus valentini","Least Concern","Recent addition","","",NA,"","","",NA,NA,NA,NA,NA,NA,NA,NA,NA,NA,NA,NA,NA,NA,NA,NA,NA,NA,NA,NA,NA,NA,NA,NA,NA,NA,NA,NA,NA,NA,NA,NA,NA
"Green Warbler","Phylloscopus nitidus","grnwar1","Passeriformes","Phylloscopidae (Leaf Warblers)",NA,NA,NA,NA,"Diurnal","Diurnal","Invertebrate","No","No","No","Non-endemic","Forest & Plantation","Winter Migrant",NA,NA,NA,"Green Warbler","Phylloscopus nitidus","Green Warbler","Phylloscopus nitidus","Least Concern","Schedule-II","","Appendix II",NA,"","","",NA,NA,NA,NA,NA,NA,NA,NA,NA,NA,NA,NA,NA,NA,NA,NA,NA,NA,NA,NA,NA,NA,NA,NA,NA,NA,NA,NA,NA,NA,NA,NA,NA
"Greenish Warbler","Phylloscopus trochiloides","grewar3","Passeriformes","Phylloscopidae (Leaf Warblers)","Moderate","Moderate Decline","Uncertain","Large","Diurnal","Diurnal","Invertebrate","No","No","No","Non-endemic","Forest & Plantation","Winter Migrant & Localized Summer Migrant",NA,NA,NA,"Greenish Warbler","Phylloscopus trochiloides","Greenish Warbler","Phylloscopus trochiloides","Least Concern","Schedule-II","","Appendix II",NA,"X","X","X",2612,0.0773353751914242,0.356776416539051,0.5895865237366,12.3311638591118,0.256021468179252,97.2401576022503,113.537509599012,132.705409239302,1.57029283887202,3.14196449708066,4.71363615528931,119.138307656524,137.937363124212,159.775896059558,119.783882646931,141.662073435822,167.636884309756,120.371572194022,145.491504558046,175.988523115677,120.921142163882,149.428706320828,184.833790356833,121.445226952707,153.476820231561,194.184021052286,121.952216987367,157.639082311874,204.056086850506,122.447878718934,161.918826024587,214.470846736201
"Two-barred Warbler","Phylloscopus plumbeitarsus","grewar2","Passeriformes","Phylloscopidae (Leaf Warblers)",NA,NA,NA,NA,"Diurnal","Diurnal","Invertebrate","No","No","No","Non-endemic","Forest & Plantation","Uncertain",NA,1,NA,"Two-barred Warbler","Phylloscopus plumbeitarsus","Two-barred Warbler","Phylloscopus plumbeitarsus","Least Concern","Schedule-II","","Appendix II",NA,"","","",NA,NA,NA,NA,NA,NA,NA,NA,NA,NA,NA,NA,NA,NA,NA,NA,NA,NA,NA,NA,NA,NA,NA,NA,NA,NA,NA,NA,NA,NA,NA,NA,NA
"Large-billed Leaf Warbler","Phylloscopus magnirostris","lblwar1","Passeriformes","Phylloscopidae (Leaf Warblers)","Moderate","Strong Decline","Uncertain","Moderate","Diurnal","Diurnal","Invertebrate","No","No","No","Non-endemic","Forest","Within-India Migrant & Winter Migrant",NA,NA,NA,"Large-billed Leaf Warbler","Phylloscopus magnirostris","Large-billed Leaf-warbler","Phylloscopus magnirostris","Least Concern","Schedule-II","","Appendix II",NA,"X","X","X",320,0.178125,0.3653125,0.559375,19.128125,0.677469802296102,23.7319688831492,39.7877749512335,63.9134106885803,2.54790912666112,12.4519427054455,22.3559762842299,132.676810824554,184.633042165244,258.299973267851,137.355650579109,200.450495515703,294.570470193315,142.093772208059,217.70162877833,336.521059759811,146.943156616073,236.522767761436,384.968177688398,151.941677530153,257.063755605513,440.879246631365,157.119024534624,279.489343803945,505.388943978505,162.50009386444,303.980731198524,579.821684486062
"Pale-legged Leaf Warbler","Phylloscopus tenellipes","pllwar1","Passeriformes","Phylloscopidae (Leaf Warblers)",NA,NA,NA,NA,"Diurnal","Diurnal","Invertebrate","No","No","No","Non-endemic","Forest & Plantation","Uncertain",NA,1,NA,"Pale-legged Leaf Warbler","Phylloscopus tenellipes","Pale-legged Leaf-warbler","Phylloscopus tenellipes","Least Concern","Schedule-II","","Appendix II",NA,"","","",NA,NA,NA,NA,NA,NA,NA,NA,NA,NA,NA,NA,NA,NA,NA,NA,NA,NA,NA,NA,NA,NA,NA,NA,NA,NA,NA,NA,NA,NA,NA,NA,NA
"Sakhalin Leaf Warbler","Phylloscopus borealoides","salwar1","Passeriformes","Phylloscopidae (Leaf Warblers)",NA,NA,NA,NA,"Diurnal","Diurnal","Invertebrate","No","No","No","Non-endemic","Forest & Plantation","Winter Migrant",NA,NA,NA,"Sakhalin Leaf Warbler","Phylloscopus borealoides","Sakhalin Leaf-warbler","Phylloscopus borealoides","Least Concern","Schedule-II","","Appendix II",NA,"","","",NA,NA,NA,NA,NA,NA,NA,NA,NA,NA,NA,NA,NA,NA,NA,NA,NA,NA,NA,NA,NA,NA,NA,NA,NA,NA,NA,NA,NA,NA,NA,NA,NA
"Arctic Warbler","Phylloscopus borealis","arcwar1","Passeriformes","Phylloscopidae (Leaf Warblers)",NA,NA,NA,NA,"Diurnal","Diurnal","Invertebrate","No","No","No","Non-endemic","Forest & Plantation","Winter Migrant",NA,NA,NA,"Arctic Warbler","Phylloscopus borealis","Arctic Warbler","Phylloscopus borealis","Least Concern","Schedule-II","","Appendix II",NA,"","","",8,NA,0.34375,0.625,9.25,3.18095897490049,NA,NA,NA,NA,NA,NA,NA,NA,NA,NA,NA,NA,NA,NA,NA,NA,NA,NA,NA,NA,NA,NA,NA,NA,NA,NA,NA
"Chestnut-crowned Warbler","Phylloscopus castaniceps","chcwar2","Passeriformes","Phylloscopidae (Leaf Warblers)","Low","Data Deficient","Uncertain","Moderate","Diurnal","Diurnal","Invertebrate","No","No","No","Non-endemic","Forest","Resident & Altitudinal Migrant",NA,NA,NA,"Chestnut-crowned Warbler","Phylloscopus castaniceps","Chestnut-crowned Warbler","Phylloscopus castaniceps","Least Concern","Schedule-II","","",NA,"","","X",137,0.109489051094891,0.31970802919708,0.554744525547445,12.5255474452555,1.11670379068143,NA,NA,NA,NA,NA,NA,NA,NA,NA,NA,NA,NA,NA,NA,NA,NA,NA,NA,NA,NA,NA,NA,NA,NA,NA,NA,NA
"Yellow-vented Warbler","Phylloscopus cantator","yevwar1","Passeriformes","Phylloscopidae (Leaf Warblers)","Moderate","Data Deficient","Data Deficient","Moderate","Diurnal","Diurnal","Invertebrate","No","No","Yes","Eastern Himalayas","Forest","Resident & Local Migrant",NA,NA,NA,"Yellow-vented Warbler","Phylloscopus cantator","Yellow-vented Warbler","Phylloscopus cantator","Least Concern","Schedule-II","","Appendix II",NA,"","X","X",133,0.105263157894737,0.254887218045113,0.406015037593985,13.0451127819549,1.05885471452505,NA,NA,NA,-5.70501531311434,0.10616002077133,5.917335354657,68.9394354476279,98.1131941473801,140.664405729967,65.7638587072135,98.4609372541406,148.842120150411,62.7065165698112,98.8814380591697,157.852597441694,59.7890458500258,99.3754439162004,167.718789620131,57.0198734851344,99.9438718598515,178.484854917355,54.4001184173532,100.587811401713,190.210800403034,51.9268284110597,101.308528066085,202.969885085093
"Western Crowned Warbler","Phylloscopus occipitalis","weclew1","Passeriformes","Phylloscopidae (Leaf Warblers)","Moderate","Strong Decline","Uncertain","Moderate","Diurnal","Diurnal","Invertebrate","No","No","No","Non-endemic","Forest & Plantation","Within-India Migrant",NA,NA,NA,"Western Crowned Warbler","Phylloscopus occipitalis","Western Crowned Leaf-warbler","Phylloscopus occipitalis","Least Concern","Schedule-II","","Appendix II",NA,"X","X","X",444,0.157657657657658,0.326126126126126,0.45045045045045,17.2342342342342,0.621449768799236,19.9281105985896,33.8973147202686,57.1886155477307,-4.56170678715114,-1.22971857576326,2.10226963562463,77.0111371320324,101.682243524608,134.840115795715,73.0204538396899,100.351208959287,138.69825490916,69.1949490928322,99.0719338125588,142.884001270802,65.5517760841345,97.8428942380772,147.372333587168,62.0961249697819,96.6626350379799,152.152345607436,58.826598251355,95.5297669009773,157.221809646123,55.7381557047581,94.4429637785911,162.584183273996
"Blyth's Leaf Warbler","Phylloscopus reguloides","blylew1","Passeriformes","Phylloscopidae (Leaf Warblers)","Low","Uncertain","Uncertain","Moderate","Diurnal","Diurnal","Invertebrate","No","No","No","Non-endemic","Forest","Resident & Local Migrant",NA,NA,NA,"Blyth's Leaf Warbler","Phylloscopus reguloides","Blyth's Leaf-warbler","Phylloscopus reguloides","Least Concern","Schedule-II","","Appendix II",NA,"","","X",338,0.0887573964497041,0.297633136094675,0.541420118343195,12.3136094674556,0.663540099449155,NA,NA,NA,NA,NA,NA,NA,NA,NA,NA,NA,NA,NA,NA,NA,NA,NA,NA,NA,NA,NA,NA,NA,NA,NA,NA,NA
"Claudia's Leaf Warbler","Phylloscopus claudiae","clalew1","Passeriformes","Phylloscopidae (Leaf Warblers)",NA,NA,NA,NA,"Diurnal","Diurnal","Invertebrate","No","No","No","Non-endemic","Non-specialized","Uncertain",NA,1,NA,"Claudia's Leaf Warbler","Phylloscopus claudiae","Claudia's Leaf-warbler","Phylloscopus claudiae","Least Concern","Schedule-II","","Appendix II",NA,"","","",NA,NA,NA,NA,NA,NA,NA,NA,NA,NA,NA,NA,NA,NA,NA,NA,NA,NA,NA,NA,NA,NA,NA,NA,NA,NA,NA,NA,NA,NA,NA,NA,NA
"Gray-hooded Warbler","Phylloscopus xanthoschistos","gyhwar2","Passeriformes","Phylloscopidae (Leaf Warblers)","Low","Uncertain","Uncertain","Moderate","Diurnal","Diurnal","Invertebrate","No","No","Yes","Himalayas","Forest & Plantation","Resident & Altitudinal Migrant",NA,NA,NA,"Grey-hooded Warbler","Phylloscopus xanthoschistos","Grey-hooded Warbler","Phylloscopus xanthoschistos","Least Concern","Schedule-II","","",NA,"X","X","X",417,0.129496402877698,0.445083932853717,0.647482014388489,11.5323741007194,0.593498074096105,116.880628464815,188.852407930229,299.745955204634,-3.17634676849008,1.10099533793089,5.37833744435186,74.6880593097373,93.9690711368951,118.640307115659,73.0645860741445,95.0152660344425,124.126829555167,71.4415971638603,96.1008554656459,130.029007649348,69.8393755528197,97.226887165402,136.345009275219,68.2697550274329,98.3944545762032,143.083159327341,66.7396199931819,99.6046985867382,150.258544809075,65.2528567685708,100.858809355157,157.891178023362
"Pale-footed Bush Warbler","Hemitesia pallidipes","pfbwar1","Passeriformes","Scotocercidae (Bush Warblers and Allies)","Moderate","Data Deficient","Data Deficient","Restricted","Diurnal","Diurnal","Invertebrate","No","No","No","Non-endemic","Forest","Resident & Local Migrant",1,NA,NA,"Pale-footed Bush Warbler","Hemitesia pallidipes","Pale-footed Bush-warbler","Hemitesia pallidipes","Least Concern","Schedule-II","","",NA,"","X","X",17,0.235294117647059,0.129411764705882,0.0588235294117647,15.9411764705882,3.33382465813832,NA,NA,NA,-199.172140954125,-0.0164437951593438,199.139253363806,2.10364869258498,26.3370522483433,443.743839240555,1.46152271305356,27.1084432264327,711.743873599027,1.03137058559878,28.7803025845017,1188.85448533273,0.739760150236837,31.4042653844814,2050.09412263231,0.539131603194123,35.0873450866058,3625.07738124504,0.39890216689854,39.9942524566837,6538.63437771226,0.299327499584108,46.3541605904424,11982.4016896329
"Asian Stubtail","Urosphena squameiceps","asistu1","Passeriformes","Scotocercidae (Bush Warblers and Allies)",NA,NA,NA,NA,"Diurnal","Diurnal","Invertebrate","No","No","No","Non-endemic","Forest","Winter Migrant",NA,1,NA,"Asian Stubtail","Urosphena squameiceps","Asian Stubtail","Urosphena squameiceps","Least Concern","Schedule-II","","Appendix II",NA,"","","",3,NA,0.333333333333333,0.333333333333333,14,10.7948382726808,NA,NA,NA,NA,NA,NA,NA,NA,NA,NA,NA,NA,NA,NA,NA,NA,NA,NA,NA,NA,NA,NA,NA,NA,NA,NA,NA
"Gray-bellied Tesia","Tesia cyaniventer","gybtes1","Passeriformes","Scotocercidae (Bush Warblers and Allies)","Low","Data Deficient","Uncertain","Moderate","Diurnal","Diurnal","Invertebrate","No","No","No","Non-endemic","Forest","Altitudinal Migrant",NA,NA,NA,"Grey-bellied Tesia","Tesia cyaniventer","Grey-bellied Tesia","Tesia cyaniventer","Least Concern","Schedule-II","","",NA,"","","X",159,0.119496855345912,0.29685534591195,0.553459119496855,13.6415094339623,1.038196002227,NA,NA,NA,NA,NA,NA,NA,NA,NA,NA,NA,NA,NA,NA,NA,NA,NA,NA,NA,NA,NA,NA,NA,NA,NA,NA,NA
"Slaty-bellied Tesia","Tesia olivea","slbtes1","Passeriformes","Scotocercidae (Bush Warblers and Allies)","Low","Data Deficient","Uncertain","Moderate","Diurnal","Diurnal","Invertebrate","No","No","No","Non-endemic","Forest","Altitudinal Migrant",1,NA,NA,"Slaty-bellied Tesia","Tesia olivea","Slaty-bellied Tesia","Tesia olivea","Least Concern","Schedule-II","","",NA,"","","X",94,0.074468085106383,0.28936170212766,0.617021276595745,11.1489361702128,1.32811215147837,NA,NA,NA,NA,NA,NA,NA,NA,NA,NA,NA,NA,NA,NA,NA,NA,NA,NA,NA,NA,NA,NA,NA,NA,NA,NA,NA
"Chestnut-crowned Bush Warbler","Cettia major","ccbwar1","Passeriformes","Scotocercidae (Bush Warblers and Allies)",NA,NA,NA,NA,"Diurnal","Diurnal","Invertebrate","No","No","No","Non-endemic","Grassland & Scrub","Altitudinal Migrant",NA,NA,NA,"Chestnut-crowned Bush Warbler","Cettia major","Chestnut-crowned Bush-warbler","Cettia major","Least Concern","Schedule-II","","",NA,"","","",49,0.0816326530612245,0.218367346938775,0.306122448979592,16.9387755102041,1.76293316190187,NA,NA,NA,NA,NA,NA,NA,NA,NA,NA,NA,NA,NA,NA,NA,NA,NA,NA,NA,NA,NA,NA,NA,NA,NA,NA,NA
"Gray-sided Bush Warbler","Cettia brunnifrons","gysbuw1","Passeriformes","Scotocercidae (Bush Warblers and Allies)","Low","Data Deficient","Uncertain","Moderate","Diurnal","Diurnal","Invertebrate","No","No","No","Non-endemic","Non-specialized","Resident & Altitudinal Migrant",NA,NA,NA,"Grey-sided Bush Warbler","Cettia brunnifrons","Grey-sided Bush-warbler","Cettia brunnifrons","Least Concern","Schedule-II","","",NA,"","","X",149,0.167785234899329,0.297315436241611,0.496644295302013,13.9261744966443,1.04162869004522,NA,NA,NA,NA,NA,NA,NA,NA,NA,NA,NA,NA,NA,NA,NA,NA,NA,NA,NA,NA,NA,NA,NA,NA,NA,NA,NA
"Chestnut-headed Tesia","Cettia castaneocoronata","chhtes1","Passeriformes","Scotocercidae (Bush Warblers and Allies)","Low","Uncertain","Uncertain","Moderate","Diurnal","Diurnal","Invertebrate","No","No","No","Non-endemic","Forest","Altitudinal Migrant",NA,NA,NA,"Chestnut-headed Tesia","Cettia castaneocoronata","Chestnut-headed Tesia","Cettia castaneocoronata","Least Concern","Schedule-II","","",NA,"X","X","X",190,0.131578947368421,0.328947368421053,0.531578947368421,13.0421052631579,0.93966216203628,57.7219486372417,123.190156197501,248.984928441086,-4.78413976126859,3.0610978799166,10.9063355211018,55.592686528207,86.178910034106,134.648559133913,53.8497739412558,88.8923133569053,148.261746422844,52.1185337136441,91.7451153544927,163.645523528076,50.4275131310631,94.7453859185855,180.968800010297,48.7925335469406,97.9017556822333,200.440973717386,47.2220435587238,101.223460129121,222.310307331276,45.7201045822331,104.720387614463,246.865229029704
"Cetti's Warbler","Cettia cetti","cetwar1","Passeriformes","Scotocercidae (Bush Warblers and Allies)",NA,NA,NA,NA,"Diurnal","Diurnal","Invertebrate","No","No","No","Non-endemic","Wetland","Winter Migrant",NA,1,NA,"Cetti's Warbler","Cettia cetti","Cetti's Warbler","Cettia cetti","Least Concern","Schedule-II","","Appendix II",NA,"","","",7,NA,0.333333333333333,0.428571428571429,17,3.36776879649816,NA,NA,NA,NA,NA,NA,NA,NA,NA,NA,NA,NA,NA,NA,NA,NA,NA,NA,NA,NA,NA,NA,NA,NA,NA,NA,NA
"Yellow-bellied Warbler","Abroscopus superciliaris","yebwar1","Passeriformes","Scotocercidae (Bush Warblers and Allies)","Low","Data Deficient","Uncertain","Moderate","Diurnal","Diurnal","Invertebrate","No","No","No","Non-endemic","Forest","Resident",NA,NA,NA,"Yellow-bellied Warbler","Abroscopus superciliaris","Yellow-bellied Warbler","Abroscopus superciliaris","Least Concern","Schedule-II","","",NA,"","","X",123,0.0975609756097561,0.280487804878049,0.544715447154472,12.1138211382114,1.15958547177337,NA,NA,NA,NA,NA,NA,NA,NA,NA,NA,NA,NA,NA,NA,NA,NA,NA,NA,NA,NA,NA,NA,NA,NA,NA,NA,NA
"Rufous-faced Warbler","Abroscopus albogularis","rufwar1","Passeriformes","Scotocercidae (Bush Warblers and Allies)",NA,NA,NA,NA,"Diurnal","Diurnal","Invertebrate","No","No","No","Non-endemic","Forest","Resident & Altitudinal Migrant",1,NA,NA,"Rufous-faced Warbler","Abroscopus albogularis","Rufous-faced Warbler","Abroscopus albogularis","Least Concern","Schedule-II","","",NA,"","","X",52,0.0576923076923077,0.25,0.557692307692308,10.3846153846154,1.70222793751908,NA,NA,NA,NA,NA,NA,NA,NA,NA,NA,NA,NA,NA,NA,NA,NA,NA,NA,NA,NA,NA,NA,NA,NA,NA,NA,NA
"Black-faced Warbler","Abroscopus schisticeps","blfwar1","Passeriformes","Scotocercidae (Bush Warblers and Allies)","Low","Data Deficient","Uncertain","Moderate","Diurnal","Diurnal","Invertebrate","No","No","No","Non-endemic","Forest","Resident & Altitudinal Migrant",NA,NA,NA,"Black-faced Warbler","Abroscopus schisticeps","Black-faced Warbler","Abroscopus schisticeps","Least Concern","Schedule-II","","",NA,"","X","X",105,0.0761904761904762,0.38,0.6,13.0666666666667,1.26357934144903,NA,NA,NA,-3.68877238105771,4.46211813487482,12.6130086508073,113.312147788659,158.455470520634,223.056026318524,112.377467591167,164.90883613737,244.109236475588,111.409761810697,171.753072271951,267.739341681389,110.453353888897,179.014597141738,294.189194212163,109.535346424964,186.721856597004,323.75683033946,108.672709358548,194.905492401487,356.793490302065,107.876257165158,203.598525553506,393.705486865144
"Mountain Tailorbird","Phyllergates cucullatus","moutai2","Passeriformes","Scotocercidae (Bush Warblers and Allies)","Low","Data Deficient","Uncertain","Moderate","Diurnal","Diurnal","Invertebrate","No","No","No","Non-endemic","Forest","Resident & Altitudinal Migrant",NA,NA,NA,"Mountain Tailorbird","Phyllergates cucullatus","Mountain Tailorbird","Phyllergates cucullatus","Least Concern","Schedule-II","","",NA,"","","X",140,0.0785714285714286,0.267857142857143,0.578571428571429,11.35,1.02959335410644,NA,NA,NA,NA,NA,NA,NA,NA,NA,NA,NA,NA,NA,NA,NA,NA,NA,NA,NA,NA,NA,NA,NA,NA,NA,NA,NA
"Broad-billed Warbler","Tickellia hodgsoni","brbwar1","Passeriformes","Scotocercidae (Bush Warblers and Allies)","Moderate","Data Deficient","Uncertain","Restricted","Diurnal","Diurnal","Invertebrate","No","No","Yes","Eastern Himalayas","Forest","Resident & Altitudinal Migrant",NA,NA,NA,"Broad-billed Warbler","Tickellia hodgsoni","Broad-billed Warbler","Tickellia hodgsoni","Least Concern","Schedule-II","","",NA,"","","X",34,0.176470588235294,0.317647058823529,0.441176470588235,13.3823529411765,2.24195567087225,NA,NA,NA,NA,NA,NA,NA,NA,NA,NA,NA,NA,NA,NA,NA,NA,NA,NA,NA,NA,NA,NA,NA,NA,NA,NA,NA
"Manchurian Bush Warbler","Horornis canturians","manbuw1","Passeriformes","Scotocercidae (Bush Warblers and Allies)",NA,NA,NA,NA,"Diurnal","Diurnal","Invertebrate","No","No","No","Non-endemic","Non-specialized","Uncertain",NA,1,NA,"Manchurian Bush Warbler","Horornis canturians","Korean Bush-warbler","Horornis canturians","Least Concern","Schedule-II","","Appendix II",NA,"","","",NA,NA,NA,NA,NA,NA,NA,NA,NA,NA,NA,NA,NA,NA,NA,NA,NA,NA,NA,NA,NA,NA,NA,NA,NA,NA,NA,NA,NA,NA,NA,NA,NA
"Brownish-flanked Bush Warbler","Horornis fortipes","bfbwar1","Passeriformes","Scotocercidae (Bush Warblers and Allies)","Low","Uncertain","Uncertain","Moderate","Diurnal","Diurnal","Invertebrate","No","No","No","Non-endemic","Non-specialized","Altitudinal Migrant",NA,NA,NA,"Brownish-flanked Bush Warbler","Horornis fortipes","Brownish-flanked Bush-warbler","Horornis fortipes","Least Concern","Schedule-II","","",NA,"","","X",295,0.0915254237288136,0.336949152542373,0.620338983050847,11.6,0.731629371145776,NA,NA,NA,NA,NA,NA,NA,NA,NA,NA,NA,NA,NA,NA,NA,NA,NA,NA,NA,NA,NA,NA,NA,NA,NA,NA,NA
"Hume's Bush Warbler","Horornis brunnescens","yebbuw2","Passeriformes","Scotocercidae (Bush Warblers and Allies)","Moderate","Data Deficient","Data Deficient","Restricted","Diurnal","Diurnal","Invertebrate","No","No","Yes","Himalayas","Forest","Altitudinal Migrant",NA,NA,NA,"Hume's Bush Warbler","Horornis brunnescens","Hume's Bush-warbler","Horornis brunnescens","Least Concern","Schedule-II","","",NA,"","","X",48,0.0625,0.30625,0.520833333333333,12.5,2.05002473605557,NA,NA,NA,NA,NA,NA,NA,NA,NA,NA,NA,NA,NA,NA,NA,NA,NA,NA,NA,NA,NA,NA,NA,NA,NA,NA,NA
"Aberrant Bush Warbler","Horornis flavolivaceus","abbwar1","Passeriformes","Scotocercidae (Bush Warblers and Allies)","Low","Data Deficient","Uncertain","Moderate","Diurnal","Diurnal","Invertebrate","No","No","No","Non-endemic","Forest & Plantation","Altitudinal Migrant",NA,NA,NA,"Aberrant Bush Warbler","Horornis flavolivaceus","Aberrant Bush-warbler","Horornis flavolivaceus","Least Concern","Schedule-II","","",NA,"","","X",112,0.116071428571429,0.270535714285714,0.473214285714286,15.0446428571429,1.17669044108642,NA,NA,NA,NA,NA,NA,NA,NA,NA,NA,NA,NA,NA,NA,NA,NA,NA,NA,NA,NA,NA,NA,NA,NA,NA,NA,NA
"White-browed Tit-Warbler","Leptopoecile sophiae","wbtwar1","Passeriformes","Aegithalidae (Long-tailed Tits)",NA,NA,NA,NA,"Diurnal","Diurnal","Invertebrate","No","No","No","Non-endemic","Alpine & Cold Desert","Resident",1,NA,NA,"White-browed Tit-Warbler","Leptopoecile sophiae","White-browed Tit-warbler","Leptopoecile sophiae","Least Concern","Schedule-II","","",NA,"","","X",42,0.0952380952380952,0.302380952380952,0.523809523809524,9,1.52026527424165,NA,NA,NA,NA,NA,NA,NA,NA,NA,NA,NA,NA,NA,NA,NA,NA,NA,NA,NA,NA,NA,NA,NA,NA,NA,NA,NA
"Crested Tit-Warbler","Leptopoecile elegans","crtwar1","Passeriformes","Aegithalidae (Long-tailed Tits)",NA,NA,NA,NA,"Diurnal","Diurnal","Invertebrate","No","No","No","Non-endemic","Forest","Uncertain",NA,1,NA,"Crested Tit-Warbler","Leptopoecile elegans","Crested Tit-warbler","Leptopoecile elegans","Least Concern","Schedule-II","","",NA,"","","",NA,NA,NA,NA,NA,NA,NA,NA,NA,NA,NA,NA,NA,NA,NA,NA,NA,NA,NA,NA,NA,NA,NA,NA,NA,NA,NA,NA,NA,NA,NA,NA,NA
"White-cheeked Tit","Aegithalos leucogenys","whctit1","Passeriformes","Aegithalidae (Long-tailed Tits)",NA,NA,NA,NA,"Diurnal","Diurnal","Invertebrate","No","No","Yes","Western Himalayas","Forest","Uncertain",NA,1,NA,"White-cheeked Tit","Aegithalos leucogenys","White-cheeked Tit","Aegithalos leucogenys","Least Concern","Schedule-II","","",NA,"","","",NA,NA,NA,NA,NA,NA,NA,NA,NA,NA,NA,NA,NA,NA,NA,NA,NA,NA,NA,NA,NA,NA,NA,NA,NA,NA,NA,NA,NA,NA,NA,NA,NA
"Black-throated Tit","Aegithalos concinnus","blttit2","Passeriformes","Aegithalidae (Long-tailed Tits)","Low","Uncertain","Uncertain","Moderate","Diurnal","Diurnal","Invertebrate","No","No","No","Non-endemic","Forest & Plantation","Resident & Altitudinal Migrant",1,NA,NA,"Black-throated Tit","Aegithalos concinnus","Black-throated Tit","Aegithalos concinnus","Least Concern","Schedule-II","","",NA,"X","X","X",264,0.181818181818182,0.467045454545455,0.625,11.9356060606061,0.756882263007099,54.8081598742638,91.3999505344338,155.690318983028,-4.08147938002463,1.51529855183919,7.11207648370301,88.7290974362278,116.701463656974,154.294301294496,86.5717459647112,118.44287028122,163.156682536577,84.4324125237211,120.272165930267,172.821755910634,82.3386822986271,122.192593371295,183.311984008008,80.3060324676354,124.207592210467,194.667503062701,78.3429026825898,126.320809744864,206.941522200293,76.4535181964578,128.536112586908,220.198024114949
"White-throated Tit","Aegithalos niveogularis","whttit1","Passeriformes","Aegithalidae (Long-tailed Tits)","Moderate","Data Deficient","Data Deficient","Moderate","Diurnal","Diurnal","Invertebrate","No","Yes","Yes","Western Himalayas","Forest","Resident & Altitudinal Migrant",NA,NA,NA,"White-throated Tit","Aegithalos niveogularis","White-throated Tit","Aegithalos niveogularis","Least Concern","Schedule-II","","",NA,"","","X",46,0.173913043478261,0.2,0.173913043478261,12.2608695652174,1.53696100826819,NA,NA,NA,NA,NA,NA,NA,NA,NA,NA,NA,NA,NA,NA,NA,NA,NA,NA,NA,NA,NA,NA,NA,NA,NA,NA,NA
"Black-browed Tit","Aegithalos iouschistos","bkbtit3","Passeriformes","Aegithalidae (Long-tailed Tits)","Moderate","Data Deficient","Data Deficient","Restricted","Diurnal","Diurnal","Invertebrate","No","No","No","Non-endemic","Forest","Resident & Altitudinal Migrant",NA,NA,NA,"Black-browed Tit","Aegithalos iouschistos","Rufous-fronted Tit","Aegithalos iouschistos","Least Concern","Schedule-II","","",NA,"","","",29,0.0344827586206897,0.372413793103448,0.655172413793103,13.4827586206897,2.59670293098223,NA,NA,NA,NA,NA,NA,NA,NA,NA,NA,NA,NA,NA,NA,NA,NA,NA,NA,NA,NA,NA,NA,NA,NA,NA,NA,NA
"Eurasian Blackcap","Sylvia atricapilla","blackc1","Passeriformes","Sylviidae (Sylviid Warblers and Allies)",NA,NA,NA,NA,"Diurnal","Diurnal","Omnivore","No","No","No","Non-endemic","Non-specialized","Uncertain",NA,1,NA,"Eurasian Blackcap","Sylvia atricapilla","Eurasian Blackcap","Sylvia atricapilla","Least Concern","Recent addition","","Appendix II",NA,"","","",NA,NA,NA,NA,NA,NA,NA,NA,NA,NA,NA,NA,NA,NA,NA,NA,NA,NA,NA,NA,NA,NA,NA,NA,NA,NA,NA,NA,NA,NA,NA,NA,NA
"Garden Warbler","Sylvia borin","garwar1","Passeriformes","Sylviidae (Sylviid Warblers and Allies)",NA,NA,NA,NA,"Diurnal","Diurnal","Omnivore","No","No","No","Non-endemic","Non-specialized","Uncertain",NA,1,NA,"Garden Warbler","Sylvia borin","Garden Warbler","Sylvia borin","Least Concern","Schedule-II","","Appendix II",NA,"","","",1,1,NA,NA,23,NA,NA,NA,NA,NA,NA,NA,NA,NA,NA,NA,NA,NA,NA,NA,NA,NA,NA,NA,NA,NA,NA,NA,NA,NA,NA,NA,NA
"Barred Warbler","Curruca nisoria","barwar1","Passeriformes","Sylviidae (Sylviid Warblers and Allies)",NA,NA,NA,NA,"Diurnal","Diurnal","Invertebrate","No","No","No","Non-endemic","Non-specialized","Uncertain",NA,1,NA,"Barred Warbler","Curruca nisoria","Barred Warbler","Curruca nisoria","Least Concern","Schedule-II","","Appendix II",NA,"","","",1,1,NA,NA,15,NA,NA,NA,NA,NA,NA,NA,NA,NA,NA,NA,NA,NA,NA,NA,NA,NA,NA,NA,NA,NA,NA,NA,NA,NA,NA,NA,NA
"Lesser Whitethroat","Curruca curruca","leswhi4","Passeriformes","Sylviidae (Sylviid Warblers and Allies)","Low","Uncertain","Uncertain","Large","Diurnal","Diurnal","Invertebrate","No","No","No","Non-endemic","Non-specialized","Winter Migrant & Localized Summer Migrant",NA,NA,NA,"Lesser Whitethroat","Curruca curruca","Lesser Whitethroat","Curruca curruca","Least Concern","Schedule-II","","Appendix II",NA,"X","X","X",1992,0.0652610441767068,0.311897590361446,0.510542168674699,11.9307228915663,0.291787281210839,62.8498521423099,79.7363654099921,101.800451223013,0.395842849417698,2.60636358698109,4.81688432454448,136.448013767209,160.12461353308,188.132815109702,136.827207964141,164.330900875459,197.670737898913,137.138608341013,168.660042503346,207.839782653452,137.407408212681,173.115907253554,218.646379961703,137.649689851254,177.702493221858,230.107956618355,137.876115762351,182.423932296945,242.249359602273,138.093999107741,187.284494860063,255.100908167859
"Eastern Orphean Warbler","Curruca crassirostris","eaowar2","Passeriformes","Sylviidae (Sylviid Warblers and Allies)","Low","Data Deficient","Uncertain","Moderate","Diurnal","Diurnal","Invertebrate","No","No","No","Non-endemic","Grassland & Scrub","Winter Migrant",NA,NA,NA,"Eastern Orphean Warbler","Curruca crassirostris","Eastern Orphean Warbler","Curruca crassirostris","Least Concern","Schedule-II","","Appendix II",NA,"","","X",300,0.08,0.206,0.31,15.0133333333333,0.675103545587606,NA,NA,NA,NA,NA,NA,NA,NA,NA,NA,NA,NA,NA,NA,NA,NA,NA,NA,NA,NA,NA,NA,NA,NA,NA,NA,NA
"Asian Desert Warbler","Curruca nana","asdwar1","Passeriformes","Sylviidae (Sylviid Warblers and Allies)",NA,NA,NA,NA,"Diurnal","Diurnal","Invertebrate","No","No","No","Non-endemic","Grassland","Winter Migrant",NA,NA,NA,"Asian Desert Warbler","Curruca nana","Asian Desert Warbler","Curruca nana","Least Concern","Schedule-II","","Appendix II",NA,"","","",81,0.123456790123457,0.262962962962963,0.358024691358025,11.7901234567901,1.49170467314592,NA,NA,NA,NA,NA,NA,NA,NA,NA,NA,NA,NA,NA,NA,NA,NA,NA,NA,NA,NA,NA,NA,NA,NA,NA,NA,NA
"Menetries's Warbler","Curruca mystacea","menwar1","Passeriformes","Sylviidae (Sylviid Warblers and Allies)",NA,NA,NA,NA,"Diurnal","Diurnal","Invertebrate","No","No","No","Non-endemic","Open Habitat","Uncertain",NA,NA,NA,"Menetries's Warbler",NA,"Menetries's Warbler","Curruca mystacea",NA,NA,NA,NA,NA,"","","",NA,NA,NA,NA,NA,NA,NA,NA,NA,NA,NA,NA,NA,NA,NA,NA,NA,NA,NA,NA,NA,NA,NA,NA,NA,NA,NA,NA,NA,NA,NA,NA,NA
"Greater Whitethroat","Curruca communis","grewhi1","Passeriformes","Sylviidae (Sylviid Warblers and Allies)",NA,NA,NA,NA,"Diurnal","Diurnal","Invertebrate","No","No","No","Non-endemic","Open Habitat","Passage Migrant",NA,NA,NA,"Common Whitethroat","Curruca communis","Common Whitethroat","Curruca communis","Least Concern","Schedule-II","","Appendix II",NA,"","","",52,0.0192307692307692,0.239316239316239,0.403846153846154,15.5961538461538,1.56487397958817,NA,NA,NA,NA,NA,NA,NA,NA,NA,NA,NA,NA,NA,NA,NA,NA,NA,NA,NA,NA,NA,NA,NA,NA,NA,NA,NA
"Fire-tailed Myzornis","Myzornis pyrrhoura","fitmyz1","Passeriformes","Paradoxornithidae (Parrotbills)","Moderate","Data Deficient","Uncertain","Restricted","Diurnal","Diurnal","Invertebrate","No","No","Yes","Himalayas","Forest","Resident & Altitudinal Migrant",NA,NA,NA,"Fire-tailed Myzornis","Myzornis pyrrhoura","Fire-tailed Myzornis","Myzornis pyrrhoura","Least Concern","Schedule-II","","",NA,"","","X",30,0.133333333333333,0.423333333333333,0.566666666666667,12.3666666666667,2.75825797653775,NA,NA,NA,NA,NA,NA,NA,NA,NA,NA,NA,NA,NA,NA,NA,NA,NA,NA,NA,NA,NA,NA,NA,NA,NA,NA,NA
"Golden-breasted Fulvetta","Lioparus chrysotis","gobful1","Passeriformes","Paradoxornithidae (Parrotbills)",NA,NA,NA,NA,"Diurnal","Diurnal","Omnivore","No","No","No","Non-endemic","Forest","Resident & Altitudinal Migrant",1,NA,NA,"Golden-breasted Fulvetta","Lioparus chrysotis","Golden-breasted Fulvetta","Lioparus chrysotis","Least Concern","Schedule-II","","",NA,"","","X",36,0.222222222222222,0.411111111111111,0.638888888888889,12.5555555555556,2.17871091119678,NA,NA,NA,NA,NA,NA,NA,NA,NA,NA,NA,NA,NA,NA,NA,NA,NA,NA,NA,NA,NA,NA,NA,NA,NA,NA,NA
"Yellow-eyed Babbler","Chrysomma sinense","yeebab1","Passeriformes","Paradoxornithidae (Parrotbills)","Low","Stable","Moderate Decline","Very Large","Diurnal","Diurnal","Invertebrate","No","No","No","Non-endemic","Non-specialized","Resident",NA,NA,NA,"Yellow-eyed Babbler","Chrysomma sinense","Yellow-eyed Babbler","Chrysomma sinense","Least Concern","Schedule-II","","",NA,"","","X",1966,0.0412004069175992,0.316632756866734,0.531536113936928,12.0193285859613,0.286329370025176,NA,NA,NA,NA,NA,NA,NA,NA,NA,NA,NA,NA,NA,NA,NA,NA,NA,NA,NA,NA,NA,NA,NA,NA,NA,NA,NA
"Jerdon's Babbler","Chrysomma altirostre","jerbab1","Passeriformes","Paradoxornithidae (Parrotbills)","High","Data Deficient","Data Deficient","Restricted","Diurnal","Diurnal","Invertebrate","No","No","No","Non-endemic","Wetland","Resident",1,NA,NA,"Jerdon's Babbler","Chrysomma altirostre","Jerdon's Babbler","Chrysomma altirostre","Vulnerable","Schedule-I","","",NA,"","","X",20,0.1,0.37,0.4,16.2,2.26886403294688,NA,NA,NA,NA,NA,NA,NA,NA,NA,NA,NA,NA,NA,NA,NA,NA,NA,NA,NA,NA,NA,NA,NA,NA,NA,NA,NA
"Brown-throated Fulvetta","Fulvetta ludlowi","ludful1","Passeriformes","Paradoxornithidae (Parrotbills)","Moderate","Data Deficient","Uncertain","Restricted","Diurnal","Diurnal","Invertebrate","No","No","Yes","Eastern Himalayas","Forest","Resident & Altitudinal Migrant",NA,NA,NA,"Brown-throated Fulvetta","Fulvetta ludlowi","Brown-throated Fulvetta","Fulvetta ludlowi","Least Concern","Schedule-II","","",NA,"","","X",15,NA,0.44,0.8,10.2666666666667,2.61193295813231,NA,NA,NA,NA,NA,NA,NA,NA,NA,NA,NA,NA,NA,NA,NA,NA,NA,NA,NA,NA,NA,NA,NA,NA,NA,NA,NA
"White-browed Fulvetta","Fulvetta vinipectus","whbful1","Passeriformes","Paradoxornithidae (Parrotbills)","Moderate","Data Deficient","Data Deficient","Restricted","Diurnal","Diurnal","Invertebrate","No","No","No","Non-endemic","Forest","Resident & Altitudinal Migrant",1,NA,NA,"White-browed Fulvetta","Fulvetta vinipectus","White-browed Fulvetta","Fulvetta vinipectus","Least Concern","Schedule-II","","",NA,"","","X",58,0.206896551724138,0.377586206896552,0.362068965517241,12.6379310344828,1.71981753427826,NA,NA,NA,NA,NA,NA,NA,NA,NA,NA,NA,NA,NA,NA,NA,NA,NA,NA,NA,NA,NA,NA,NA,NA,NA,NA,NA
"Manipur Fulvetta","Fulvetta manipurensis","sttful2","Passeriformes","Paradoxornithidae (Parrotbills)",NA,NA,NA,NA,"Diurnal","Diurnal","Invertebrate","No","No","No","Non-endemic","Forest","Resident",1,NA,NA,"Manipur Fulvetta","Fulvetta manipurensis","Manipur Fulvetta","Fulvetta manipurensis","Least Concern","Schedule-II","","",NA,"","","X",14,NA,0.3,0.428571428571429,9.14285714285714,2.8680950526036,NA,NA,NA,NA,NA,NA,NA,NA,NA,NA,NA,NA,NA,NA,NA,NA,NA,NA,NA,NA,NA,NA,NA,NA,NA,NA,NA
"Black-breasted Parrotbill","Paradoxornis flavirostris","blbpar2","Passeriformes","Paradoxornithidae (Parrotbills)","High","Data Deficient","Data Deficient","Restricted","Diurnal","Diurnal","Omnivore","No","Yes","No","Assam Plains","Wetland","Resident",NA,NA,NA,"Black-breasted Parrotbill","Paradoxornis flavirostris","Black-breasted Parrotbill","Paradoxornis flavirostris","Vulnerable","Schedule-I","","",NA,"X","X","X",20,0.05,0.425,0.6,15.15,2.4100618467714,22.312559132738,138.124172396003,613.146844675938,-9.59681978866617,-3.59842933962594,2.39996110941429,48.7555056624133,89.5006892892495,168.502764042981,42.7760706073165,85.6311034963637,177.201282494131,37.5246977216296,82.0646360226703,187.239900949199,32.936996505787,78.7767782022503,198.649170666339,28.9400276229137,75.7454138941158,211.509793946331,25.4619895672121,72.9505736435439,225.941105812059,22.4363857848761,70.3742166497627,242.096203171163
"Spot-breasted Parrotbill","Paradoxornis guttaticollis","spbpar1","Passeriformes","Paradoxornithidae (Parrotbills)",NA,NA,NA,NA,"Diurnal","Diurnal","Invertebrate","No","No","No","Non-endemic","Grassland & Scrub","Resident",1,NA,NA,"Spot-breasted Parrotbill","Paradoxornis guttaticollis","Spot-breasted Parrotbill","Paradoxornis guttaticollis","Least Concern","Schedule-II","","",NA,"","","X",26,0.0384615384615385,0.269230769230769,0.423076923076923,8.11538461538461,1.72358973138336,NA,NA,NA,NA,NA,NA,NA,NA,NA,NA,NA,NA,NA,NA,NA,NA,NA,NA,NA,NA,NA,NA,NA,NA,NA,NA,NA
"Great Parrotbill","Paradoxornis aemodius","grepar1","Passeriformes","Paradoxornithidae (Parrotbills)",NA,NA,NA,NA,"Diurnal","Diurnal","Plant & Seed","No","No","No","Non-endemic","Forest","Resident",1,NA,NA,"Great Parrotbill","Paradoxornis aemodius","Great Parrotbill","Paradoxornis aemodium","Least Concern","Schedule-II","","",NA,"","","X",9,0.222222222222222,0.416666666666667,0.444444444444444,17.8888888888889,5.10734160514107,NA,NA,NA,NA,NA,NA,NA,NA,NA,NA,NA,NA,NA,NA,NA,NA,NA,NA,NA,NA,NA,NA,NA,NA,NA,NA,NA
"Brown Parrotbill","Paradoxornis unicolor","bropar1","Passeriformes","Paradoxornithidae (Parrotbills)",NA,NA,NA,NA,"Diurnal","Diurnal","Plant & Seed","No","No","No","Non-endemic","Forest","Resident",1,NA,NA,"Brown Parrotbill","Paradoxornis unicolor","Brown Parrotbill","Paradoxornis unicolor","Least Concern","Schedule-II","","",NA,"","","X",24,0.166666666666667,0.4,0.708333333333333,14.5833333333333,2.741352587622,NA,NA,NA,NA,NA,NA,NA,NA,NA,NA,NA,NA,NA,NA,NA,NA,NA,NA,NA,NA,NA,NA,NA,NA,NA,NA,NA
"Gray-headed Parrotbill","Paradoxornis gularis","gyhpar3","Passeriformes","Paradoxornithidae (Parrotbills)",NA,NA,NA,NA,"Diurnal","Diurnal","Plant & Seed","No","No","No","Non-endemic","Forest","Resident",1,NA,NA,"Grey-headed Parrotbill","Paradoxornis gularis","Grey-headed Parrotbill","Paradoxornis gularis","Least Concern","Schedule-II","","",NA,"","","X",31,0.0967741935483871,0.196774193548387,0.258064516129032,10.6451612903226,2.11323056152757,NA,NA,NA,NA,NA,NA,NA,NA,NA,NA,NA,NA,NA,NA,NA,NA,NA,NA,NA,NA,NA,NA,NA,NA,NA,NA,NA
"White-breasted Parrotbill","Paradoxornis ruficeps","ruhpar3","Passeriformes","Paradoxornithidae (Parrotbills)","Moderate","Data Deficient","Data Deficient","Restricted","Diurnal","Diurnal","Invertebrate","No","No","Yes","Eastern Himalayas","Forest","Resident",NA,NA,NA,"White-breasted Parrotbill","Paradoxornis ruficeps","White-breasted Parrotbill","Paradoxornis ruficeps","Least Concern","Schedule-II","","",NA,"","","X",17,0.0588235294117647,0.294117647058824,0.529411764705882,9.88235294117647,2.75592736481541,NA,NA,NA,NA,NA,NA,NA,NA,NA,NA,NA,NA,NA,NA,NA,NA,NA,NA,NA,NA,NA,NA,NA,NA,NA,NA,NA
"Rufous-headed Parrotbill","Paradoxornis bakeri","ruhpar2","Passeriformes","Paradoxornithidae (Parrotbills)",NA,NA,NA,NA,"Diurnal","Diurnal","Invertebrate","No","No","No","Non-endemic","Forest","Resident",1,NA,NA,"Rufous-headed Parrotbill","Paradoxornis bakeri","Rufous-headed Parrotbill","Paradoxornis bakeri","Least Concern","Schedule-II","","",NA,"","","X",21,0.0476190476190476,0.232804232804233,0.428571428571429,7.85714285714286,1.86082419015518,NA,NA,NA,NA,NA,NA,NA,NA,NA,NA,NA,NA,NA,NA,NA,NA,NA,NA,NA,NA,NA,NA,NA,NA,NA,NA,NA
"Fulvous Parrotbill","Suthora fulvifrons","fulpar1","Passeriformes","Paradoxornithidae (Parrotbills)",NA,NA,NA,NA,"Diurnal","Diurnal","Plant & Seed","No","No","No","Non-endemic","Forest","Resident",1,NA,NA,"Fulvous Parrotbill","Suthora fulvifrons","Fulvous Parrotbill","Suthora fulvifrons","Least Concern","Schedule-II","","",NA,"","","X",11,0.181818181818182,0.323232323232323,0.454545454545455,17.6363636363636,3.55828689397506,NA,NA,NA,NA,NA,NA,NA,NA,NA,NA,NA,NA,NA,NA,NA,NA,NA,NA,NA,NA,NA,NA,NA,NA,NA,NA,NA
"Black-throated Parrotbill","Suthora nipalensis","bltpar1","Passeriformes","Paradoxornithidae (Parrotbills)","Moderate","Data Deficient","Data Deficient","Moderate","Diurnal","Diurnal","Plant & Seed","No","No","No","Non-endemic","Forest","Resident & Altitudinal Migrant",1,NA,NA,"Black-throated Parrotbill","Suthora nipalensis","Black-throated Parrotbill","Suthora nipalensis","Least Concern","Schedule-II","","",NA,"","","X",53,0.150943396226415,0.322641509433962,0.528301886792453,11.2452830188679,1.83580973321429,NA,NA,NA,NA,NA,NA,NA,NA,NA,NA,NA,NA,NA,NA,NA,NA,NA,NA,NA,NA,NA,NA,NA,NA,NA,NA,NA
"Pale-billed Parrotbill","Suthora atrosuperciliaris","blbpar3","Passeriformes","Paradoxornithidae (Parrotbills)","Moderate","Data Deficient","Data Deficient","Restricted","Diurnal","Diurnal","Plant & Seed","No","No","No","Non-endemic","Forest","Resident",1,NA,NA,"Pale-billed Parrotbill","Suthora atrosuperciliaris","Pale-billed Parrotbill","Suthora atrosuperciliaris","Least Concern","Schedule-II","","",NA,"X","X","X",19,0.105263157894737,0.310526315789474,0.473684210526316,9.47368421052632,2.179104551214,5.83108670116932,29.2897501772767,154.181715938671,-21.8410594212283,6.34514440201953,34.5313482252674,144.804943050047,354.571005850221,912.13592288868,137.603855001242,382.639475977385,1135.33929882484,131.268555833094,415.455884486198,1428.77126349905,125.892062358385,453.93705739195,1816.10541838831,121.513234563438,499.219934752644,2330.18075579429,118.151694943162,552.720097764505,3016.65887413558,115.827209657173,616.207316693087,3939.29504102934
"Striated Yuhina","Staphida castaniceps","stryuh1","Passeriformes","Zosteropidae (White-eyes, Yuhinas, and Allies)","Moderate","Data Deficient","Data Deficient","Moderate","Diurnal","Diurnal","Invertebrate","No","No","No","Non-endemic","Forest","Resident",NA,NA,NA,"Striated Yuhina","Staphida castaniceps","Striated Yuhina","Staphida castaniceps","Least Concern","Schedule-II","","",NA,"","","X",118,0.0423728813559322,0.228813559322034,0.466101694915254,9.13559322033898,1.0209305462003,NA,NA,NA,NA,NA,NA,NA,NA,NA,NA,NA,NA,NA,NA,NA,NA,NA,NA,NA,NA,NA,NA,NA,NA,NA,NA,NA
"Black-chinned Yuhina","Yuhina nigrimenta","blcyuh1","Passeriformes","Zosteropidae (White-eyes, Yuhinas, and Allies)","Low","Data Deficient","Uncertain","Moderate","Diurnal","Diurnal","Omnivore","No","No","No","Non-endemic","Forest","Resident",NA,NA,NA,"Black-chinned Yuhina","Yuhina nigrimenta","Black-chinned Yuhina","Yuhina nigrimenta","Least Concern","Schedule-II","","",NA,"","","X",112,0.0892857142857143,0.305357142857143,0.517857142857143,12.0803571428571,1.32905267945811,NA,NA,NA,NA,NA,NA,NA,NA,NA,NA,NA,NA,NA,NA,NA,NA,NA,NA,NA,NA,NA,NA,NA,NA,NA,NA,NA
"Whiskered Yuhina","Yuhina flavicollis","whiyuh1","Passeriformes","Zosteropidae (White-eyes, Yuhinas, and Allies)","Low","Uncertain","Uncertain","Moderate","Diurnal","Diurnal","Omnivore","No","No","No","Non-endemic","Forest","Resident & Altitudinal Migrant",NA,NA,NA,"Whiskered Yuhina","Yuhina flavicollis","Whiskered Yuhina","Yuhina flavicollis","Least Concern","Schedule-II","","",NA,"X","X","X",285,0.119298245614035,0.391578947368421,0.554385964912281,11.4561403508772,0.737273198989843,104.388447364506,179.207930697029,307.468769764129,-3.62297828976767,1.12884281269196,5.88066391515159,86.83584629424,110.041992082601,139.979818813153,84.855304652222,111.255546591271,146.597382191409,82.8868787672628,112.526117657293,153.738635465354,80.9543162341644,113.85533561442,161.404346677285,79.0711779525306,115.244912842976,169.607957112555,77.2450804885711,116.696647123068,178.371500550098,75.4800592284232,118.212425167921,187.723417922775
"White-naped Yuhina","Yuhina bakeri","whnyuh1","Passeriformes","Zosteropidae (White-eyes, Yuhinas, and Allies)","Moderate","Data Deficient","Data Deficient","Moderate","Diurnal","Diurnal","Omnivore","No","No","Yes","Eastern Himalayas","Forest","Resident & Altitudinal Migrant",NA,NA,NA,"White-naped Yuhina","Yuhina bakeri","White-naped Yuhina","Yuhina bakeri","Least Concern","Schedule-II","","",NA,"","","X",80,0.1375,0.31875,0.5875,9.75,1.47824690902793,NA,NA,NA,NA,NA,NA,NA,NA,NA,NA,NA,NA,NA,NA,NA,NA,NA,NA,NA,NA,NA,NA,NA,NA,NA,NA,NA
"Stripe-throated Yuhina","Yuhina gularis","sttyuh1","Passeriformes","Zosteropidae (White-eyes, Yuhinas, and Allies)","Low","Data Deficient","Uncertain","Moderate","Diurnal","Diurnal","Omnivore","No","No","No","Non-endemic","Forest","Resident & Altitudinal Migrant",NA,NA,NA,"Stripe-throated Yuhina","Yuhina gularis","Stripe-throated Yuhina","Yuhina gularis","Least Concern","Schedule-II","","",NA,"","X","X",116,0.129310344827586,0.362068965517241,0.5,11.9741379310345,1.26433085053409,NA,NA,NA,-8.15247331456581,-3.69541445569106,0.761644403183697,41.2496431116202,62.251583231249,94.8877662021053,37.2891805024939,59.6963527998775,96.8274103905199,33.6932320863415,57.2953670995968,99.0753830724277,30.4444428797703,55.0381727137589,101.601834044991,27.5176026104136,52.9151134248065,104.392943445783,24.8849443850803,50.9172649998641,107.444755229652,22.5187692498648,49.0363756697784,110.759820454564
"Rufous-vented Yuhina","Yuhina occipitalis","ruvyuh1","Passeriformes","Zosteropidae (White-eyes, Yuhinas, and Allies)","Moderate","Data Deficient","Data Deficient","Restricted","Diurnal","Diurnal","Fruit & Nect","No","No","Yes","Eastern Himalayas","Forest","Resident & Altitudinal Migrant",NA,NA,NA,"Rufous-vented Yuhina","Yuhina occipitalis","Rufous-vented Yuhina","Yuhina occipitalis","Least Concern","Schedule-II","","",NA,"","","X",50,0.18,0.444,0.64,11.2,1.92529270501916,NA,NA,NA,NA,NA,NA,NA,NA,NA,NA,NA,NA,NA,NA,NA,NA,NA,NA,NA,NA,NA,NA,NA,NA,NA,NA,NA
"Chestnut-flanked White-eye","Zosterops erythropleurus","cfweye1","Passeriformes","Zosteropidae (White-eyes, Yuhinas, and Allies)",NA,NA,NA,NA,"Diurnal","Diurnal","Omnivore","No","No","No","Non-endemic","Forest","Winter Migrant",NA,1,NA,"Chestnut-flanked White-eye","Zosterops erythropleurus","Chestnut-flanked White-eye","Zosterops erythropleurus","Least Concern","Schedule-II","","Appendix II",NA,"","","",NA,NA,NA,NA,NA,NA,NA,NA,NA,NA,NA,NA,NA,NA,NA,NA,NA,NA,NA,NA,NA,NA,NA,NA,NA,NA,NA,NA,NA,NA,NA,NA,NA
"Indian White-eye","Zosterops palpebrosus","indwhe1","Passeriformes","Zosteropidae (White-eyes, Yuhinas, and Allies)","Low","Stable","Uncertain","Very Large","Diurnal","Diurnal","Omnivore","No","No","No","Non-endemic","Non-specialized","Resident",NA,NA,NA,"Indian White-eye","Zosterops palpebrosus","Indian White-eye","Zosterops palpebrosus","Least Concern","Schedule-II","","",NA,"X","X","X",2750,0.072,0.379781818181818,0.629090909090909,11.0690909090909,0.241178433151666,116.40913164878,136.858845110608,159.824417923499,1.06674758284455,2.32001516584145,3.57328274883835,114.447902711161,122.972402169987,132.170638190206,115.633039829999,125.546203153274,136.3617126573,116.802379159535,128.176788144752,140.72803461724,117.965075976196,130.865467846363,145.265717852177,119.12703905538,133.613584458256,149.97430686353,120.292248439356,136.422512464154,154.855465776709,121.463493725462,139.293659436988,159.912246973901
"Chestnut-capped Babbler","Timalia pileata","chcbab1","Passeriformes","Timaliidae (Tree-Babblers, Scimitar-Babblers, and Allies)","Low","Data Deficient","Uncertain","Moderate","Diurnal","Diurnal","Invertebrate","No","No","No","Non-endemic","Grassland","Resident",NA,NA,NA,"Chestnut-capped Babbler","Timalia pileata","Chestnut-capped Babbler","Timalia pileata","Least Concern","Schedule-II","","",NA,"","","X",105,0.0476190476190476,0.300952380952381,0.552380952380952,13.552380952381,1.17131831638142,NA,NA,NA,NA,NA,NA,NA,NA,NA,NA,NA,NA,NA,NA,NA,NA,NA,NA,NA,NA,NA,NA,NA,NA,NA,NA,NA
"Tawny-bellied Babbler","Dumetia hyperythra","tabbab1","Passeriformes","Timaliidae (Tree-Babblers, Scimitar-Babblers, and Allies)","Moderate","Moderate Decline","Uncertain","Large","Diurnal","Diurnal","Invertebrate","No","Yes","No","Indian Subcontinent","Non-specialized","Resident",NA,NA,NA,"Tawny-bellied Babbler","Dumetia hyperythra","Tawny-bellied Babbler","Dumetia hyperythra","Least Concern","Schedule-II","","",NA,"X","X","X",1041,0.0634005763688761,0.328338136407301,0.491834774255524,14.9442843419789,0.401361834475814,51.225406473007,67.5291896022176,89.7650034513126,-1.7998904470106,-0.174416702629769,1.45105704175106,95.9487930551089,107.162982716582,119.791203230786,94.2989397063363,107.020692444297,121.596275576211,92.6459632751724,106.885299099868,123.49151992369,91.002759232449,106.756773581942,125.464107991004,89.3771605843719,106.635088130931,127.506335791853,87.7740151055192,106.520216318512,129.613546486354,86.196342499015,106.412133037558,131.782973363677
"Dark-fronted Babbler","Dumetia atriceps","dafbab1","Passeriformes","Timaliidae (Tree-Babblers, Scimitar-Babblers, and Allies)","Moderate","Strong Decline","Uncertain","Moderate","Diurnal","Diurnal","Invertebrate","No","Yes","No","Western Ghats & Sri Lanka","Forest","Resident",NA,NA,NA,"Dark-fronted Babbler","Dumetia atriceps","Dark-fronted Babbler","Dumetia atriceps","Least Concern","Schedule-II","","",NA,"X","X","X",157,0.248407643312102,0.619108280254777,0.662420382165605,20.9745222929936,0.719439386155123,15.4258248476312,34.5251781871597,73.3199079061603,-7.82652617842601,-2.00934197303868,3.80784223234865,46.8013457165031,68.4163768200808,100.922174936713,43.478730529067,67.1065089106978,104.806686864839,40.3809542379883,65.8819401567945,109.119440057773,37.5104375292792,64.7389931775436,113.849584474572,34.8599906250457,63.6742681447554,119.001712855574,32.4178177745509,62.68462564184,124.590683383579,30.1701589516214,61.7671710013714,130.638877125165
"Pin-striped Tit-Babbler","Mixornis gularis","sttbab1","Passeriformes","Timaliidae (Tree-Babblers, Scimitar-Babblers, and Allies)","Low","Uncertain","Uncertain","Moderate","Diurnal","Diurnal","Invertebrate","No","No","No","Non-endemic","Forest","Resident",NA,NA,NA,"Pin-striped Tit-Babbler","Mixornis gularis","Pin-striped Tit-babbler","Mixornis gularis","Least Concern","Schedule-II","","",NA,"","","X",338,0.0769230769230769,0.306213017751479,0.57396449704142,10.9112426035503,0.64916748994381,NA,NA,NA,NA,NA,NA,NA,NA,NA,NA,NA,NA,NA,NA,NA,NA,NA,NA,NA,NA,NA,NA,NA,NA,NA,NA,NA
"Golden Babbler","Cyanoderma chrysaeum","golbab1","Passeriformes","Timaliidae (Tree-Babblers, Scimitar-Babblers, and Allies)","Low","Data Deficient","Uncertain","Moderate","Diurnal","Diurnal","Invertebrate","No","No","No","Non-endemic","Forest","Resident",NA,NA,NA,"Golden Babbler","Cyanoderma chrysaeum","Golden Babbler","Cyanoderma chrysaeum","Least Concern","Schedule-II","","",NA,"","","X",135,0.0962962962962963,0.264444444444444,0.503703703703704,9.32592592592593,1.0190044624769,NA,NA,NA,NA,NA,NA,NA,NA,NA,NA,NA,NA,NA,NA,NA,NA,NA,NA,NA,NA,NA,NA,NA,NA,NA,NA,NA
"Black-chinned Babbler","Cyanoderma pyrrhops","blcbab2","Passeriformes","Timaliidae (Tree-Babblers, Scimitar-Babblers, and Allies)","Low","Uncertain","Uncertain","Moderate","Diurnal","Diurnal","Invertebrate","No","No","Yes","Himalayas","Non-specialized","Resident",NA,NA,NA,"Black-chinned Babbler","Cyanoderma pyrrhops","Black-chinned Babbler","Cyanoderma pyrrhops","Least Concern","Schedule-II","","",NA,"X","X","X",161,0.15527950310559,0.490062111801242,0.627329192546584,14.1366459627329,0.853173326996291,69.3237767679258,129.417871581695,241.84971167896,-3.95371385701563,1.5396791154363,7.03307208788824,77.6910392475678,103.234395520116,137.928522057152,75.7931954731914,104.903489454784,146.24256870297,73.9110779499902,106.653008107615,155.323292835041,72.0700166632318,108.486051980947,165.195302522521,70.2842944598908,110.405898200454,175.899800573675,68.561769199116,112.416009730803,187.490450158141,66.9064482992323,114.520045169849,200.031344589867
"Rufous-capped Babbler","Cyanoderma ruficeps","rucbab1","Passeriformes","Timaliidae (Tree-Babblers, Scimitar-Babblers, and Allies)","Low","Data Deficient","Uncertain","Moderate","Diurnal","Diurnal","Invertebrate","No","No","No","Non-endemic","Forest","Resident & Altitudinal Migrant",1,NA,NA,"Rufous-capped Babbler","Cyanoderma ruficeps","Rufous-capped Babbler","Cyanoderma ruficeps","Least Concern","Schedule-II","","",NA,"","","X",87,0.103448275862069,0.366666666666667,0.632183908045977,9.72413793103448,1.35679668380895,NA,NA,NA,NA,NA,NA,NA,NA,NA,NA,NA,NA,NA,NA,NA,NA,NA,NA,NA,NA,NA,NA,NA,NA,NA,NA,NA
"Rufous-fronted Babbler","Cyanoderma rufifrons","rufbab10","Passeriformes","Timaliidae (Tree-Babblers, Scimitar-Babblers, and Allies)","Moderate","Data Deficient","Data Deficient","Moderate","Diurnal","Diurnal","Invertebrate","No","No","No","Non-endemic","Non-specialized","Resident",1,NA,NA,"Rufous-fronted Babbler","Cyanoderma rufifrons","Rufous-fronted Babbler","Cyanoderma rufifrons","Least Concern","Schedule-II","","",NA,"","","X",104,0.0480769230769231,0.229807692307692,0.557692307692308,11.75,0.972561388022751,NA,NA,NA,NA,NA,NA,NA,NA,NA,NA,NA,NA,NA,NA,NA,NA,NA,NA,NA,NA,NA,NA,NA,NA,NA,NA,NA
"Rufous-throated Wren-Babbler","Spelaeornis caudatus","rtwbab1","Passeriformes","Timaliidae (Tree-Babblers, Scimitar-Babblers, and Allies)","Moderate","Data Deficient","Data Deficient","Restricted","Diurnal","Diurnal","Invertebrate","No","Yes","Yes","Eastern Himalayas","Forest","Resident & Altitudinal Migrant",NA,NA,NA,"Rufous-throated Wren-Babbler","Spelaeornis caudatus","Rufous-throated Wren-babbler","Spelaeornis caudatus","Least Concern","Schedule-II","","",NA,"X","X","X",18,0.0555555555555556,0.444444444444444,0.666666666666667,17.1111111111111,3.20023074694567,25.7405596510915,94.8653698327325,347.60647295722,-13.5146924677013,8.30432138787706,30.1233352434554,254.785257296368,522.543049322582,1115.58607801312,250.159241032582,570.267151219218,1371.3404204751,245.577501621435,624.115510215467,1699.83158630472,241.237902258192,684.985876338621,2123.06674955459,237.252870252812,753.924348734591,2670.70300334499,233.685887582791,832.152167474583,3382.77840062056,230.571948929269,921.097726207393,4313.54202955335
"Mishmi Wren-Babbler","Spelaeornis badeigularis","miswrb1","Passeriformes","Timaliidae (Tree-Babblers, Scimitar-Babblers, and Allies)","High","Data Deficient","Data Deficient","Restricted","Diurnal","Diurnal","Invertebrate","No","No","Yes","Eastern Himalayas","Forest","Resident & Altitudinal Migrant",NA,NA,NA,"Mishmi Wren-Babbler","Spelaeornis badeigularis","Rusty-throated Wren-babbler","Spelaeornis badeigularis","Near Threatened","Schedule-I","","",NA,"","","X",9,NA,0.277777777777778,0.555555555555556,7.88888888888889,3.33847011609351,NA,NA,NA,NA,NA,NA,NA,NA,NA,NA,NA,NA,NA,NA,NA,NA,NA,NA,NA,NA,NA,NA,NA,NA,NA,NA,NA
"Bar-winged Wren-Babbler","Spelaeornis troglodytoides","bwwbab1","Passeriformes","Timaliidae (Tree-Babblers, Scimitar-Babblers, and Allies)","High","Data Deficient","Data Deficient","Very Restricted","Diurnal","Diurnal","Invertebrate","No","No","No","Non-endemic","Forest","Resident",1,NA,NA,"Bar-winged Wren-Babbler","Spelaeornis troglodytoides","Bar-winged Wren-babbler","Spelaeornis troglodytoides","Least Concern","Schedule-I","","",NA,"","","X",6,NA,0.6,0.666666666666667,12.1666666666667,5.04591628062844,NA,NA,NA,NA,NA,NA,NA,NA,NA,NA,NA,NA,NA,NA,NA,NA,NA,NA,NA,NA,NA,NA,NA,NA,NA,NA,NA
"Naga Wren-Babbler","Spelaeornis chocolatinus","ltwbab1","Passeriformes","Timaliidae (Tree-Babblers, Scimitar-Babblers, and Allies)","High","Data Deficient","Data Deficient","Very Restricted","Diurnal","Diurnal","Invertebrate","Yes","Yes","Yes","Eastern Himalayas","Forest","Resident",NA,NA,NA,"Naga Wren-Babbler","Spelaeornis chocolatinus","Naga Wren-babbler","Spelaeornis chocolatinus","Vulnerable","Schedule-I","","",NA,"","","X",12,NA,0.208333333333333,0.416666666666667,9.58333333333333,2.5241114047994,NA,NA,NA,NA,NA,NA,NA,NA,NA,NA,NA,NA,NA,NA,NA,NA,NA,NA,NA,NA,NA,NA,NA,NA,NA,NA,NA
"Chin Hills Wren-Babbler","Spelaeornis oatesi","chhwrb1","Passeriformes","Timaliidae (Tree-Babblers, Scimitar-Babblers, and Allies)",NA,NA,NA,NA,"Diurnal","Diurnal","Invertebrate","No","No","No","Non-endemic","Forest","Resident",1,NA,NA,"Chin Hills Wren-Babbler","Spelaeornis oatesi","Chin Hills Wren-babbler","Spelaeornis oatesi","Least Concern","Schedule-II","","",NA,"","","X",4,NA,0.392857142857143,0.75,5.25,1.67366862510673,NA,NA,NA,NA,NA,NA,NA,NA,NA,NA,NA,NA,NA,NA,NA,NA,NA,NA,NA,NA,NA,NA,NA,NA,NA,NA,NA
"Tawny-breasted Wren-Babbler","Spelaeornis longicaudatus","tbwbab1","Passeriformes","Timaliidae (Tree-Babblers, Scimitar-Babblers, and Allies)","High","Data Deficient","Data Deficient","Very Restricted","Diurnal","Diurnal","Invertebrate","Yes","Yes","Yes","Eastern Himalayas","Forest","Resident",NA,NA,NA,"Tawny-breasted Wren-Babbler","Spelaeornis longicaudatus","Tawny-breasted Wren-babbler","Spelaeornis longicaudatus","Near Threatened","Schedule-I","","",NA,"","","X",6,0.166666666666667,0.416666666666667,0.5,13.8333333333333,3.48478470560872,NA,NA,NA,NA,NA,NA,NA,NA,NA,NA,NA,NA,NA,NA,NA,NA,NA,NA,NA,NA,NA,NA,NA,NA,NA,NA,NA
"Black-crowned Scimitar-Babbler","Pomatorhinus ferruginosus","cobscb1","Passeriformes","Timaliidae (Tree-Babblers, Scimitar-Babblers, and Allies)",NA,NA,NA,NA,"Diurnal","Diurnal","Invertebrate","No","No","Yes","Eastern Himalayas","Forest","Resident",NA,NA,NA,"Black-crowned Scimitar-Babbler","Pomatorhinus ferruginosus","Coral-billed Scimitar-babbler","Pomatorhinus ferruginosus","Least Concern","Schedule-II","","",NA,"","","X",26,0.0769230769230769,0.288461538461538,0.346153846153846,11.5769230769231,2.58923932536636,NA,NA,NA,NA,NA,NA,NA,NA,NA,NA,NA,NA,NA,NA,NA,NA,NA,NA,NA,NA,NA,NA,NA,NA,NA,NA,NA
"Brown-crowned Scimitar-Babbler","Pomatorhinus phayrei","bncscb1","Passeriformes","Timaliidae (Tree-Babblers, Scimitar-Babblers, and Allies)",NA,NA,NA,NA,"Diurnal","Diurnal","Invertebrate","No","No","No","Non-endemic","Forest","Resident",NA,NA,NA,"Brown-crowned Scimitar-Babbler","Pomatorhinus phayrei","Brown-crowned Scimitar-babbler","Pomatorhinus phayrei","Least Concern","Schedule-II","","",NA,"","","",24,NA,0.21875,0.583333333333333,8.29166666666667,2.04166666666667,NA,NA,NA,NA,NA,NA,NA,NA,NA,NA,NA,NA,NA,NA,NA,NA,NA,NA,NA,NA,NA,NA,NA,NA,NA,NA,NA
"Red-billed Scimitar-Babbler","Pomatorhinus ochraceiceps","rbsbab1","Passeriformes","Timaliidae (Tree-Babblers, Scimitar-Babblers, and Allies)",NA,NA,NA,NA,"Diurnal","Diurnal","Invertebrate","No","No","No","Non-endemic","Forest","Resident",1,NA,NA,"Red-billed Scimitar-Babbler","Pomatorhinus ochraceiceps","Red-billed Scimitar-babbler","Pomatorhinus ochraceiceps","Least Concern","Schedule-II","","",NA,"","","X",21,0.0476190476190476,0.314285714285714,0.523809523809524,9,2.03329617452385,NA,NA,NA,NA,NA,NA,NA,NA,NA,NA,NA,NA,NA,NA,NA,NA,NA,NA,NA,NA,NA,NA,NA,NA,NA,NA,NA
"Slender-billed Scimitar-Babbler","Pomatorhinus superciliaris","sbsbab1","Passeriformes","Timaliidae (Tree-Babblers, Scimitar-Babblers, and Allies)","Moderate","Data Deficient","Data Deficient","Restricted","Diurnal","Diurnal","Invertebrate","No","No","No","Non-endemic","Forest","Resident & Altitudinal Migrant",1,NA,NA,"Slender-billed Scimitar-Babbler","Pomatorhinus superciliaris","Slender-billed Scimitar-babbler","Pomatorhinus superciliaris","Least Concern","Schedule-II","","",NA,"","","X",55,0.181818181818182,0.370909090909091,0.6,10.8909090909091,1.92112234821963,NA,NA,NA,NA,NA,NA,NA,NA,NA,NA,NA,NA,NA,NA,NA,NA,NA,NA,NA,NA,NA,NA,NA,NA,NA,NA,NA
"Streak-breasted Scimitar-Babbler","Pomatorhinus ruficollis","sbsbab3","Passeriformes","Timaliidae (Tree-Babblers, Scimitar-Babblers, and Allies)","Low","Data Deficient","Uncertain","Moderate","Diurnal","Diurnal","Invertebrate","No","No","No","Non-endemic","Forest","Resident",NA,NA,NA,"Streak-breasted Scimitar-Babbler","Pomatorhinus ruficollis","Streak-breasted Scimitar-babbler","Pomatorhinus ruficollis","Least Concern","Schedule-II","","",NA,"","X","X",118,0.0847457627118644,0.346610169491525,0.576271186440678,11.4915254237288,1.20767362272616,NA,NA,NA,-3.20526315079504,5.39671410740212,13.9986913655993,99.4196249199354,138.961194953814,195.623281945876,99.0849627083328,145.309222003433,215.109524530816,98.7110401544766,152.049425332117,237.042359712875,98.3372688439048,159.209447197088,261.667258198175,97.9884200649013,166.819108270654,289.282469462017,97.6806239861184,174.910594085202,320.238305542259,97.4247444408883,183.518658556688,354.939826344446
"White-browed Scimitar-Babbler","Pomatorhinus schisticeps","wbsbab1","Passeriformes","Timaliidae (Tree-Babblers, Scimitar-Babblers, and Allies)","Low","Data Deficient","Uncertain","Moderate","Diurnal","Diurnal","Invertebrate","No","No","No","Non-endemic","Forest","Resident",NA,NA,NA,"White-browed Scimitar-Babbler","Pomatorhinus schisticeps","White-browed Scimitar-babbler","Pomatorhinus schisticeps","Least Concern","Schedule-II","","",NA,"","X","X",216,0.0509259259259259,0.284259259259259,0.458333333333333,13.0694444444444,0.841483861404206,NA,NA,NA,-4.90506286971584,-0.243188922691621,4.41868502433259,54.8414255124054,78.9655612686386,114.447009317885,52.1338396793462,79.1011980632843,121.050971140122,49.5228249527656,79.2721866428421,128.288968599757,47.027541390683,79.4787340015717,136.169770248961,44.655911081863,79.7210965509675,144.7182759351,42.4095797149761,79.999580667981,153.97080688254,40.2866469215793,80.3145433540285,163.972668921208
"Indian Scimitar-Babbler","Pomatorhinus horsfieldii","insbab1","Passeriformes","Timaliidae (Tree-Babblers, Scimitar-Babblers, and Allies)","Moderate","Moderate Decline","Uncertain","Large","Diurnal","Diurnal","Invertebrate","Yes","Yes","No","Mainland India","Forest","Resident",NA,NA,NA,"Indian Scimitar-Babbler","Pomatorhinus horsfieldii","Indian Scimitar-babbler","Pomatorhinus horsfieldii","Least Concern","Schedule-II","","",NA,"X","X","X",469,0.166311300639659,0.452238805970149,0.671641791044776,16.9658848614073,0.604600755065366,49.0421147729355,72.2827959798703,104.391353877412,0.485240186795261,4.90711831282968,9.32899643886409,110.523063329713,137.033680690141,170.371304443679,111.68687014925,142.849075874809,183.366800752488,112.799226601825,148.940890802961,197.572073891631,113.886973497839,155.323406836778,213.060088037176,114.967551946072,162.011694457093,229.922358117043,116.052806191457,169.021659380672,248.266020618844,117.151125031463,176.370091505434,268.212652516694
"Large Scimitar-Babbler","Erythrogenys hypoleucos","lasbab1","Passeriformes","Timaliidae (Tree-Babblers, Scimitar-Babblers, and Allies)",NA,NA,NA,NA,"Diurnal","Diurnal","Invertebrate","No","No","No","Non-endemic","Forest","Resident",1,NA,NA,"Large Scimitar-Babbler","Erythrogenys hypoleucos","Large Scimitar-babbler","Erythrogenys hypoleucos","Least Concern","Schedule-II","","",NA,"","","X",30,0.1,0.263333333333333,0.4,12.0666666666667,2.30177537343065,NA,NA,NA,NA,NA,NA,NA,NA,NA,NA,NA,NA,NA,NA,NA,NA,NA,NA,NA,NA,NA,NA,NA,NA,NA,NA,NA
"Rusty-cheeked Scimitar-Babbler","Erythrogenys erythrogenys","rcsbab1","Passeriformes","Timaliidae (Tree-Babblers, Scimitar-Babblers, and Allies)","Low","Uncertain","Uncertain","Moderate","Diurnal","Diurnal","Invertebrate","No","No","No","Non-endemic","Forest","Resident",NA,NA,NA,"Rusty-cheeked Scimitar-Babbler","Erythrogenys erythrogenys","Rusty-cheeked Scimitar-babbler","Erythrogenys erythrogenys","Least Concern","Schedule-II","","",NA,"X","X","X",174,0.155172413793103,0.483908045977012,0.67816091954023,14.5287356321839,0.863258541504417,94.0239828676744,173.812336538791,326.531079567225,-2.95250542301869,2.72037131562465,8.39324805426799,95.2102771736101,123.486780931186,160.828491860432,94.0515706744515,126.630252835744,171.426639864465,92.8682330885748,129.911891368519,183.002823326783,91.6895702008341,133.338288794903,195.600082729103,90.5333714082002,136.916406377048,209.280125642995,89.4106409331385,140.653596659163,224.119273771847,88.3282457581777,144.557627216239,240.206565136689
"Spot-breasted Scimitar-Babbler","Erythrogenys mcclellandi","spbscb1","Passeriformes","Timaliidae (Tree-Babblers, Scimitar-Babblers, and Allies)","Moderate","Data Deficient","Data Deficient","Restricted","Diurnal","Diurnal","Invertebrate","No","No","Yes","Eastern Himalayas","Grassland & Scrub","Resident",NA,NA,NA,"Spot-breasted Scimitar-Babbler","Erythrogenys mcclellandi","Spot-breasted Scimitar-babbler","Erythrogenys mcclellandi","Least Concern","Schedule-II","","",NA,"","","X",52,NA,0.288461538461538,0.615384615384615,9.48076923076923,1.28448047538994,NA,NA,NA,NA,NA,NA,NA,NA,NA,NA,NA,NA,NA,NA,NA,NA,NA,NA,NA,NA,NA,NA,NA,NA,NA,NA,NA
"Gray-throated Babbler","Stachyris nigriceps","gytbab1","Passeriformes","Timaliidae (Tree-Babblers, Scimitar-Babblers, and Allies)",NA,NA,NA,NA,"Diurnal","Diurnal","Invertebrate","No","No","No","Non-endemic","Forest","Resident & Altitudinal Migrant",1,NA,NA,"Grey-throated Babbler","Stachyris nigriceps","Grey-throated Babbler","Stachyris nigriceps","Least Concern","Schedule-II","","",NA,"","","X",165,0.121212121212121,0.267272727272727,0.509090909090909,11.1818181818182,0.953683197644864,NA,NA,NA,NA,NA,NA,NA,NA,NA,NA,NA,NA,NA,NA,NA,NA,NA,NA,NA,NA,NA,NA,NA,NA,NA,NA,NA
"Sikkim Wedge-billed Babbler","Stachyris humei","wbwbab1","Passeriformes","Timaliidae (Tree-Babblers, Scimitar-Babblers, and Allies)","High","Data Deficient","Data Deficient","Very Restricted","Diurnal","Diurnal","Invertebrate","No","No","Yes","Eastern Himalayas","Forest","Resident",NA,NA,NA,"Sikkim Wedge-billed Babbler","Stachyris humei","Blackish-breasted Babbler","Stachyris humei","Near Threatened","Schedule-I","","",NA,"","","X",6,NA,0.3,0.666666666666667,15.5,2.19134661794979,NA,NA,NA,NA,NA,NA,NA,NA,NA,NA,NA,NA,NA,NA,NA,NA,NA,NA,NA,NA,NA,NA,NA,NA,NA,NA,NA
"Cachar Wedge-billed Babbler","Stachyris roberti","chbbab1","Passeriformes","Timaliidae (Tree-Babblers, Scimitar-Babblers, and Allies)","Moderate","Data Deficient","Data Deficient","Restricted","Diurnal","Diurnal","Invertebrate","No","No","Yes","Eastern Himalayas","Forest","Resident",NA,NA,NA,"Cachar Wedge-billed Babbler","Stachyris roberti","Chevron-breasted Babbler","Stachyris roberti","Near Threatened","Schedule-II","","",NA,"","","X",15,NA,0.273333333333333,0.4,7.66666666666667,2.61333333333333,NA,NA,NA,NA,NA,NA,NA,NA,NA,NA,NA,NA,NA,NA,NA,NA,NA,NA,NA,NA,NA,NA,NA,NA,NA,NA,NA
"Snowy-throated Babbler","Stachyris oglei","sntbab1","Passeriformes","Timaliidae (Tree-Babblers, Scimitar-Babblers, and Allies)","High","Data Deficient","Data Deficient","Very Restricted","Diurnal","Diurnal","Invertebrate","No","No","Yes","Eastern Himalayas","Forest","Resident",NA,NA,NA,"Snowy-throated Babbler","Stachyris oglei","Snowy-throated Babbler","Stachyris oglei","Near Threatened","Schedule-I","","",NA,"","","X",7,0.142857142857143,0.285714285714286,0.428571428571429,8.71428571428571,4.60086948304339,NA,NA,NA,NA,NA,NA,NA,NA,NA,NA,NA,NA,NA,NA,NA,NA,NA,NA,NA,NA,NA,NA,NA,NA,NA,NA,NA
"Indian Grassbird","Graminicola bengalensis","rurgra1","Passeriformes","Pellorneidae (Ground Babblers and Allies)","Moderate","Data Deficient","Data Deficient","Restricted","Diurnal","Diurnal","Invertebrate","No","Yes","No","Indian Subcontinent","Wetland","Resident & Local Migrant",NA,NA,NA,"Indian Grassbird","Graminicola bengalensis","Indian Grass-babbler","Graminicola bengalensis","Near Threatened","Schedule-II","","",NA,"","","X",20,0.05,0.315,0.6,12.4,2.67686289289691,NA,NA,NA,NA,NA,NA,NA,NA,NA,NA,NA,NA,NA,NA,NA,NA,NA,NA,NA,NA,NA,NA,NA,NA,NA,NA,NA
"White-hooded Babbler","Gampsorhynchus rufulus","whhbab2","Passeriformes","Pellorneidae (Ground Babblers and Allies)","Moderate","Data Deficient","Uncertain","Restricted","Diurnal","Diurnal","Invertebrate","No","No","No","Non-endemic","Forest","Resident",1,NA,NA,"White-hooded Babbler","Gampsorhynchus rufulus","White-hooded Babbler","Gampsorhynchus rufulus","Least Concern","Schedule-II","","",NA,"","","X",43,0.116279069767442,0.272093023255814,0.441860465116279,12.046511627907,1.98260981087044,NA,NA,NA,NA,NA,NA,NA,NA,NA,NA,NA,NA,NA,NA,NA,NA,NA,NA,NA,NA,NA,NA,NA,NA,NA,NA,NA
"Yellow-throated Fulvetta","Schoeniparus cinereus","yetful1","Passeriformes","Pellorneidae (Ground Babblers and Allies)","Moderate","Data Deficient","Data Deficient","Restricted","Diurnal","Diurnal","Invertebrate","No","No","Yes","Eastern Himalayas","Forest","Resident",NA,NA,NA,"Yellow-throated Fulvetta","Schoeniparus cinereus","Yellow-throated Fulvetta","Schoeniparus cinereus","Least Concern","Schedule-II","","",NA,"","","X",63,0.0317460317460317,0.247619047619048,0.507936507936508,10.2539682539683,1.69579722719512,NA,NA,NA,NA,NA,NA,NA,NA,NA,NA,NA,NA,NA,NA,NA,NA,NA,NA,NA,NA,NA,NA,NA,NA,NA,NA,NA
"Rufous-winged Fulvetta","Schoeniparus castaneceps","ruwful1","Passeriformes","Pellorneidae (Ground Babblers and Allies)",NA,NA,NA,NA,"Diurnal","Diurnal","Invertebrate","No","No","No","Non-endemic","Forest","Resident",NA,NA,NA,"Rufous-winged Fulvetta","Schoeniparus castaneceps","Rufous-winged Fulvetta","Schoeniparus castaneceps","Least Concern","Schedule-II","","",NA,"","X","X",81,0.160493827160494,0.358024691358025,0.555555555555556,10.5802469135802,1.45759245744,NA,NA,NA,-7.19695774530497,0.281148364938123,7.75925447518122,69.6175644326269,106.950405603261,165.8660117199,65.714342608213,107.395205540427,177.707426621848,61.9996307772483,107.946704209596,190.952549151347,58.4958745665631,108.606982005072,205.684422780653,55.2088287338955,109.378455984936,222.022691658495,52.1352908040397,110.263893966463,240.117830555942,49.2673068499548,111.26643046577,260.149259772011
"Rufous-throated Fulvetta","Schoeniparus rufogularis","rutful1","Passeriformes","Pellorneidae (Ground Babblers and Allies)","Moderate","Data Deficient","Data Deficient","Restricted","Diurnal","Diurnal","Invertebrate","No","No","No","Non-endemic","Forest","Resident",1,NA,NA,"Rufous-throated Fulvetta","Schoeniparus rufogularis","Rufous-throated Fulvetta","Schoeniparus rufogularis","Least Concern","Schedule-II","","",NA,"","","X",22,0.136363636363636,0.281818181818182,0.5,11.0909090909091,2.42945379252777,NA,NA,NA,NA,NA,NA,NA,NA,NA,NA,NA,NA,NA,NA,NA,NA,NA,NA,NA,NA,NA,NA,NA,NA,NA,NA,NA
"Rusty-capped Fulvetta","Schoeniparus dubius","rucful1","Passeriformes","Pellorneidae (Ground Babblers and Allies)",NA,NA,NA,NA,"Diurnal","Diurnal","Invertebrate","No","No","No","Non-endemic","Forest","Resident",1,NA,NA,"Rusty-capped Fulvetta","Schoeniparus dubius","Rusty-capped Fulvetta","Schoeniparus dubius","Least Concern","Schedule-II","","",NA,"","","X",35,0.0857142857142857,0.311428571428571,0.485714285714286,9.08571428571429,1.58351151113036,NA,NA,NA,NA,NA,NA,NA,NA,NA,NA,NA,NA,NA,NA,NA,NA,NA,NA,NA,NA,NA,NA,NA,NA,NA,NA,NA
"Puff-throated Babbler","Pellorneum ruficeps","putbab1","Passeriformes","Pellorneidae (Ground Babblers and Allies)","Moderate","Moderate Decline","Uncertain","Large","Diurnal","Diurnal","Invertebrate","No","No","No","Non-endemic","Forest & Plantation","Resident",NA,NA,NA,"Puff-throated Babbler","Pellorneum ruficeps","Puff-throated Babbler","Pellorneum ruficeps","Least Concern","Schedule-II","","",NA,"","","X",1013,0.0957551826258638,0.400098716683119,0.688055281342547,14.6584402764067,0.424421466736785,NA,NA,NA,NA,NA,NA,NA,NA,NA,NA,NA,NA,NA,NA,NA,NA,NA,NA,NA,NA,NA,NA,NA,NA,NA,NA,NA
"Marsh Babbler","Pellorneum palustre","marbab2","Passeriformes","Pellorneidae (Ground Babblers and Allies)","High","Data Deficient","Data Deficient","Restricted","Diurnal","Diurnal","Invertebrate","No","Yes","No","Assam Plains","Wetland","Resident",NA,NA,NA,"Marsh Babbler","Pellorneum palustre","Marsh Babbler","Pellorneum palustre","Vulnerable","Schedule-I","","",NA,"X","X","X",13,0.0769230769230769,0.315384615384615,0.384615384615385,18.6153846153846,2.08821281042363,8.29267138856612,50.1213930338201,302.594909335841,-12.2831153735669,-4.82871764520407,2.62568008315874,26.7032956570896,65.1877157749602,166.921119890827,22.1622283453452,61.5867996334754,182.280639203786,18.4007044492428,58.3961091723845,200.974101055892,15.2997173496407,55.5724337098721,223.514884430021,12.748243530815,53.078437884914,250.616181201782,10.6494419674912,50.8818858454317,283.220804202297,8.92161160301137,48.9549833256724,322.554672955616
"Spot-throated Babbler","Pellorneum albiventre","sptbab1","Passeriformes","Pellorneidae (Ground Babblers and Allies)",NA,NA,NA,NA,"Diurnal","Diurnal","Invertebrate","No","No","No","Non-endemic","Non-specialized","Resident",NA,NA,NA,"Spot-throated Babbler","Pellorneum albiventre","Spot-throated Babbler","Pellorneum albiventre","Least Concern","Schedule-II","","",NA,"","","",27,NA,0.262962962962963,0.62962962962963,11.6296296296296,1.51296724169191,NA,NA,NA,NA,NA,NA,NA,NA,NA,NA,NA,NA,NA,NA,NA,NA,NA,NA,NA,NA,NA,NA,NA,NA,NA,NA,NA
"Buff-breasted Babbler","Pellorneum tickelli","bubbab1","Passeriformes","Pellorneidae (Ground Babblers and Allies)",NA,NA,NA,NA,"Diurnal","Diurnal","Invertebrate","No","No","No","Non-endemic","Forest","Resident",NA,NA,NA,"Buff-breasted Babbler","Pellorneum tickelli","Buff-breasted Babbler","Pellorneum tickelli","Least Concern","Schedule-II","","",NA,"","","",34,0.0882352941176471,0.267647058823529,0.617647058823529,13.1470588235294,1.8854442197081,NA,NA,NA,NA,NA,NA,NA,NA,NA,NA,NA,NA,NA,NA,NA,NA,NA,NA,NA,NA,NA,NA,NA,NA,NA,NA,NA
"Rufous-vented Grass Babbler","Laticilla burnesii","ruvpri1","Passeriformes","Pellorneidae (Ground Babblers and Allies)","Moderate","Data Deficient","Data Deficient","Restricted","Diurnal","Diurnal","Invertebrate","No","Yes","No","Indus Plains","Wetland","Resident",NA,NA,NA,"Rufous-vented Grass Babbler","Laticilla burnesii","Rufous-vented Grass-babbler","Laticilla burnesii","Near Threatened","Schedule-I","","",NA,"","","X",16,0.0625,0.275,0.375,7.25,3.02850127951104,NA,NA,NA,NA,NA,NA,NA,NA,NA,NA,NA,NA,NA,NA,NA,NA,NA,NA,NA,NA,NA,NA,NA,NA,NA,NA,NA
"Swamp Grass Babbler","Laticilla cinerascens","swapri1","Passeriformes","Pellorneidae (Ground Babblers and Allies)","High","Data Deficient","Data Deficient","Very Restricted","Diurnal","Diurnal","Invertebrate","No","Yes","No","Assam Plains","Wetland","Resident & Local Migrant",NA,NA,NA,"Swamp Grass Babbler","Laticilla cinerascens","Swamp Grass-babbler","Laticilla cinerascens","Endangered","Schedule-I","","",NA,"","","X",13,0.0769230769230769,0.264957264957265,0.461538461538462,19.3076923076923,1.88813005602931,NA,NA,NA,NA,NA,NA,NA,NA,NA,NA,NA,NA,NA,NA,NA,NA,NA,NA,NA,NA,NA,NA,NA,NA,NA,NA,NA
"Abbott's Babbler","Malacocincla abbotti","abbbab1","Passeriformes","Pellorneidae (Ground Babblers and Allies)","Low","Data Deficient","Uncertain","Moderate","Diurnal","Diurnal","Invertebrate","No","No","No","Non-endemic","Forest","Resident",NA,NA,NA,"Abbott's Babbler","Malacocincla abbotti","Abbott's Babbler","Malacocincla abbotti","Least Concern","Schedule-II","","",NA,"","","X",122,0.0737704918032787,0.272131147540984,0.475409836065574,13.4672131147541,1.03273522880345,NA,NA,NA,NA,NA,NA,NA,NA,NA,NA,NA,NA,NA,NA,NA,NA,NA,NA,NA,NA,NA,NA,NA,NA,NA,NA,NA
"Streaked Wren-Babbler","Gypsophila brevicaudata","stwbab1","Passeriformes","Pellorneidae (Ground Babblers and Allies)",NA,NA,NA,NA,"Diurnal","Diurnal","Invertebrate","No","No","No","Non-endemic","Forest","Resident",1,NA,NA,"Streaked Wren-Babbler","Gypsophila brevicaudata","Streaked Wren-babbler","Gypsophila brevicaudata","Least Concern","Schedule-II","","",NA,"","","X",16,0.125,0.236111111111111,0.375,11.4375,2.77167811683343,NA,NA,NA,NA,NA,NA,NA,NA,NA,NA,NA,NA,NA,NA,NA,NA,NA,NA,NA,NA,NA,NA,NA,NA,NA,NA,NA
"Eyebrowed Wren-Babbler","Napothera epilepidota","eywbab1","Passeriformes","Pellorneidae (Ground Babblers and Allies)",NA,NA,NA,NA,"Diurnal","Diurnal","Invertebrate","No","No","No","Non-endemic","Forest","Resident & Altitudinal Migrant",1,NA,NA,"Eyebrowed Wren-Babbler","Napothera epilepidota","Eyebrowed Wren-babbler","Napothera epilepidota","Least Concern","Schedule-II","","",NA,"","","X",22,0.0454545454545455,0.240909090909091,0.454545454545455,9.09090909090909,2.31015484913831,NA,NA,NA,NA,NA,NA,NA,NA,NA,NA,NA,NA,NA,NA,NA,NA,NA,NA,NA,NA,NA,NA,NA,NA,NA,NA,NA
"Long-billed Wren-Babbler","Napothera malacoptila","lbwbab1","Passeriformes","Pellorneidae (Ground Babblers and Allies)","Moderate","Data Deficient","Data Deficient","Restricted","Diurnal","Diurnal","Invertebrate","No","No","Yes","Eastern Himalayas","Forest","Resident",NA,NA,NA,"Long-billed Wren-Babbler","Napothera malacoptila","Long-billed Wren-babbler","Napothera malacoptila","Least Concern","Schedule-II","","",NA,"","","X",20,0.2,0.33,0.5,13.75,2.95500556594008,NA,NA,NA,NA,NA,NA,NA,NA,NA,NA,NA,NA,NA,NA,NA,NA,NA,NA,NA,NA,NA,NA,NA,NA,NA,NA,NA
"Brown-cheeked Fulvetta","Alcippe poioicephala","brcful1","Passeriformes","Leiothrichidae (Laughingthrushes and Allies)","Moderate","Strong Decline","Uncertain","Large","Diurnal","Diurnal","Invertebrate","No","No","No","Non-endemic","Forest","Resident",NA,NA,NA,"Brown-cheeked Fulvetta","Alcippe poioicephala","Brown-cheeked Fulvetta","Alcippe poioicephala","Least Concern","Schedule-II","","",NA,"X","X","X",464,0.15301724137931,0.423491379310345,0.648706896551724,15.5926724137931,0.654752209589047,33.5237433864476,48.3937413665294,70.0923397166879,-0.0473520077027896,4.08132969233438,8.21001139237156,115.243201829125,139.281385252114,168.699392960691,116.177929859919,144.30882155367,179.76245095294,117.064889759696,149.547390267883,191.739334462095,117.928975947594,155.006898383207,204.670045684432,118.786290153711,160.69764767351,218.608632738312,119.647704483652,166.630461556593,233.620070435547,120.520864611001,172.816713514243,249.778740120202
"Nepal Fulvetta","Alcippe nipalensis","nepful1","Passeriformes","Leiothrichidae (Laughingthrushes and Allies)","Low","Data Deficient","Uncertain","Moderate","Diurnal","Diurnal","Fruit & Nect","No","No","No","Non-endemic","Forest","Resident & Altitudinal Migrant",NA,NA,NA,"Nepal Fulvetta","Alcippe nipalensis","Nepal Fulvetta","Alcippe nipalensis","Least Concern","Schedule-II","","",NA,"","","X",191,0.0890052356020942,0.32303664921466,0.602094240837696,9.92146596858639,0.886017368614289,NA,NA,NA,NA,NA,NA,NA,NA,NA,NA,NA,NA,NA,NA,NA,NA,NA,NA,NA,NA,NA,NA,NA,NA,NA,NA,NA
"Striated Laughingthrush","Grammatoptila striata","strlau2","Passeriformes","Leiothrichidae (Laughingthrushes and Allies)","Low","Uncertain","Uncertain","Moderate","Diurnal","Diurnal","Invertebrate","No","No","Yes","Himalayas","Forest","Resident",NA,NA,NA,"Striated Laughingthrush","Grammatoptila striata","Striated Laughingthrush","Grammatoptila striata","Least Concern","Schedule-II","","",NA,"X","X","X",177,0.141242937853107,0.404519774011299,0.627118644067797,12.0734463276836,0.961968441783762,104.60030617542,221.457069022021,497.02352200571,-3.2167051415344,5.169884929064,13.5564749996624,103.385976577873,140.280933193571,191.508846171858,103.184600901558,146.273188369583,209.022087339721,102.945674936308,152.616182614662,228.576363648772,102.706469714992,159.333501661997,250.351982939678,102.49051599138,166.450522128811,274.569888046989,102.313231809421,173.994560141913,301.489455624355,102.185086652894,181.995033285579,331.409222252289
"Himalayan Cutia","Cutia nipalensis","cutia1","Passeriformes","Leiothrichidae (Laughingthrushes and Allies)","Moderate","Data Deficient","Data Deficient","Restricted","Diurnal","Diurnal","Invertebrate","No","No","No","Non-endemic","Forest","Resident",1,NA,NA,"Himalayan Cutia","Cutia nipalensis","Himalayan Cutia","Cutia nipalensis","Least Concern","Schedule-II","","",NA,"","","X",56,0.0892857142857143,0.323214285714286,0.535714285714286,11.4821428571429,1.74308177975363,NA,NA,NA,NA,NA,NA,NA,NA,NA,NA,NA,NA,NA,NA,NA,NA,NA,NA,NA,NA,NA,NA,NA,NA,NA,NA,NA
"Scaly Laughingthrush","Trochalopteron subunicolor","scalau1","Passeriformes","Leiothrichidae (Laughingthrushes and Allies)","Moderate","Data Deficient","Uncertain","Restricted","Diurnal","Diurnal","Invertebrate","No","No","No","Non-endemic","Forest","Resident & Altitudinal Migrant",1,NA,NA,"Scaly Laughingthrush","Trochalopteron subunicolor","Scaly Laughingthrush","Trochalopteron subunicolor","Least Concern","Schedule-II","","",NA,"X","X","X",25,0.32,0.524,0.68,15.68,2.5016439608119,26.4125007789858,66.7450798572547,176.804501114492,-7.16448107027523,4.99376054755468,17.1520021653846,114.259774749481,187.860225907438,314.036156049123,111.738553725544,197.311307818217,356.094397146151,109.265740965736,207.560533288788,405.428419774032,106.903467261582,218.68398546347,463.21327271748,104.686054055528,230.766109376346,530.899474342606,102.631865605575,243.900703255996,610.252522153063,100.749919099619,258.192035250947,703.40915015388
"Brown-capped Laughingthrush","Trochalopteron austeni","brclau1","Passeriformes","Leiothrichidae (Laughingthrushes and Allies)","High","Data Deficient","Data Deficient","Very Restricted","Diurnal","Diurnal","Omnivore","No","No","Yes","Eastern Himalayas","Forest","Resident",NA,NA,NA,"Brown-capped Laughingthrush","Trochalopteron austeni","Brown-capped Laughingthrush","Trochalopteron austeni","Least Concern","Schedule-I","","",NA,"","","X",9,NA,0.211111111111111,0.444444444444444,7.66666666666667,2.86648836654809,NA,NA,NA,NA,NA,NA,NA,NA,NA,NA,NA,NA,NA,NA,NA,NA,NA,NA,NA,NA,NA,NA,NA,NA,NA,NA,NA
"Blue-winged Laughingthrush","Trochalopteron squamatum","blwlau1","Passeriformes","Leiothrichidae (Laughingthrushes and Allies)","Moderate","Data Deficient","Data Deficient","Restricted","Diurnal","Diurnal","Omnivore","No","No","Yes","Eastern Himalayas","Forest","Resident & Altitudinal Migrant",NA,NA,NA,"Blue-winged Laughingthrush","Trochalopteron squamatum","Blue-winged Laughingthrush","Trochalopteron squamatum","Least Concern","Schedule-II","","",NA,"","","X",86,0.0697674418604651,0.273255813953488,0.465116279069767,10.093023255814,1.33852712890441,NA,NA,NA,NA,NA,NA,NA,NA,NA,NA,NA,NA,NA,NA,NA,NA,NA,NA,NA,NA,NA,NA,NA,NA,NA,NA,NA
"Streaked Laughingthrush","Trochalopteron lineatum","strlau1","Passeriformes","Leiothrichidae (Laughingthrushes and Allies)","Low","Uncertain","Uncertain","Moderate","Diurnal","Diurnal","Invertebrate","No","No","Yes","Himalayas","Non-specialized","Resident & Altitudinal Migrant",NA,NA,NA,"Streaked Laughingthrush","Trochalopteron lineatum","Streaked Laughingthrush","Trochalopteron lineatum","Least Concern","Schedule-II","","",NA,"X","X","X",263,0.178707224334601,0.522433460076046,0.661596958174905,11.1444866920152,0.784907904469858,74.3121149986841,137.143247029813,267.821071992534,-5.10699811067029,0.776956747126433,6.66091160492316,76.3634472922277,104.821593030021,144.83454657051,73.6070043722341,105.734467905874,153.200532099446,70.9243742961207,106.726097127689,162.379195616393,68.3400046092083,107.798274881007,172.393140738889,65.8656460267387,108.952965710864,183.284430846947,63.5058509654617,110.192310146794,195.109605213405,61.2610119413856,111.518630921148,207.937228987542
"Bhutan Laughingthrush","Trochalopteron imbricatum","bhulau1","Passeriformes","Leiothrichidae (Laughingthrushes and Allies)","Moderate","Data Deficient","Uncertain","Restricted","Diurnal","Diurnal","Invertebrate","No","No","Yes","Eastern Himalayas","Non-specialized","Resident",NA,NA,NA,"Bhutan Laughingthrush","Trochalopteron imbricatum","Bhutan Laughingthrush","Trochalopteron imbricatum","Least Concern","Schedule-II","","",NA,"","","X",10,NA,0.65,0.9,13.6,3.50858857345483,NA,NA,NA,NA,NA,NA,NA,NA,NA,NA,NA,NA,NA,NA,NA,NA,NA,NA,NA,NA,NA,NA,NA,NA,NA,NA,NA
"Striped Laughingthrush","Trochalopteron virgatum","strlau3","Passeriformes","Leiothrichidae (Laughingthrushes and Allies)","Moderate","Data Deficient","Data Deficient","Restricted","Diurnal","Diurnal","Invertebrate","No","No","Yes","Eastern Himalayas","Forest","Resident",NA,NA,NA,"Striped Laughingthrush","Trochalopteron virgatum","Striped Laughingthrush","Trochalopteron virgatum","Least Concern","Schedule-II","","",NA,"","","X",26,0.0384615384615385,0.215384615384615,0.384615384615385,9,1.71559220544529,NA,NA,NA,NA,NA,NA,NA,NA,NA,NA,NA,NA,NA,NA,NA,NA,NA,NA,NA,NA,NA,NA,NA,NA,NA,NA,NA
"Variegated Laughingthrush","Trochalopteron variegatum","varlau1","Passeriformes","Leiothrichidae (Laughingthrushes and Allies)","Low","Data Deficient","Uncertain","Moderate","Diurnal","Diurnal","Fruit & Nect","No","No","Yes","Himalayas","Forest & Plantation","Resident & Altitudinal Migrant",NA,NA,NA,"Variegated Laughingthrush","Trochalopteron variegatum","Variegated Laughingthrush","Trochalopteron variegatum","Least Concern","Schedule-II","","",NA,"X","X","X",169,0.130177514792899,0.407100591715976,0.526627218934911,11.396449704142,0.904797685570783,44.9785093796665,108.755125175514,257.769231949412,-7.49865490771631,0.00997668369558322,7.51860827510748,80.6616137993937,123.796443326039,192.339818636294,76.1481930497817,124.266645838157,206.064464998082,71.8753051144383,124.890825621385,221.478375290217,67.8645263491879,125.671634458774,238.691869097144,64.1186693125149,126.612287831343,257.860946293105,60.6307321811478,127.716583938642,279.181051471018,57.3887242866593,128.988926058137,302.885501639166
"Black-faced Laughingthrush","Trochalopteron affine","blflau1","Passeriformes","Leiothrichidae (Laughingthrushes and Allies)",NA,NA,NA,NA,"Diurnal","Diurnal","Fruit & Nect","No","No","No","Non-endemic","Forest","Resident & Altitudinal Migrant",1,NA,NA,"Black-faced Laughingthrush","Trochalopteron affine","Black-faced Laughingthrush","Trochalopteron affine","Least Concern","Schedule-II","","",NA,"","","X",49,0.163265306122449,0.461224489795918,0.653061224489796,11.0816326530612,2.00599102689917,NA,NA,NA,NA,NA,NA,NA,NA,NA,NA,NA,NA,NA,NA,NA,NA,NA,NA,NA,NA,NA,NA,NA,NA,NA,NA,NA
"Elliot's Laughingthrush","Trochalopteron elliotii","elllau1","Passeriformes","Leiothrichidae (Laughingthrushes and Allies)",NA,NA,NA,NA,"Diurnal","Diurnal","Invertebrate","No","No","No","Non-endemic","Forest & Plantation","Uncertain",NA,1,NA,"Elliot's Laughingthrush","Trochalopteron elliotii","Elliot's Laughingthrush","Trochalopteron elliotii","Least Concern","Schedule-II","","",NA,"","","",NA,NA,NA,NA,NA,NA,NA,NA,NA,NA,NA,NA,NA,NA,NA,NA,NA,NA,NA,NA,NA,NA,NA,NA,NA,NA,NA,NA,NA,NA,NA,NA,NA
"Chestnut-crowned Laughingthrush","Trochalopteron erythrocephalum","chclau2","Passeriformes","Leiothrichidae (Laughingthrushes and Allies)","Low","Uncertain","Uncertain","Moderate","Diurnal","Diurnal","Invertebrate","No","No","Yes","Himalayas","Forest","Resident & Altitudinal Migrant",NA,NA,NA,"Chestnut-crowned Laughingthrush","Trochalopteron erythrocephalum","Chestnut-crowned Laughingthrush","Trochalopteron erythrocephalum","Least Concern","Schedule-II","","",NA,"X","X","X",165,0.139393939393939,0.444242424242424,0.593939393939394,12.0060606060606,1.00630145987371,81.4500911648372,178.675197474152,386.907123990355,-5.0009192503163,3.34910875092873,11.6991367521738,98.0045136897801,139.943851104087,201.320491542734,96.0291552216384,144.322992556263,219.025071270322,94.0658670708483,148.9698713335,238.865992468082,92.154230947354,153.901654942021,261.028417096848,90.3168667180124,159.13685408163,285.745069708652,88.5665466788116,164.695435592804,313.293128969036,86.9101662115072,170.598945847078,343.994848236667
"Assam Laughingthrush","Trochalopteron chrysopterum","asslau1","Passeriformes","Leiothrichidae (Laughingthrushes and Allies)","Moderate","Data Deficient","Data Deficient","Restricted","Diurnal","Diurnal","Invertebrate","No","No","Yes","Eastern Himalayas","Forest","Resident",NA,NA,NA,"Assam Laughingthrush","Trochalopteron chrysopterum","Assam Laughingthrush","Trochalopteron chrysopterum","Least Concern","Schedule-II","","",NA,"","","X",31,0.032258064516129,0.280645161290323,0.516129032258065,9.41935483870968,1.68280445770506,NA,NA,NA,NA,NA,NA,NA,NA,NA,NA,NA,NA,NA,NA,NA,NA,NA,NA,NA,NA,NA,NA,NA,NA,NA,NA,NA
"Banasura Laughingthrush","Montecincla jerdoni","bkclau1","Passeriformes","Leiothrichidae (Laughingthrushes and Allies)","High","Data Deficient","Data Deficient","Very Restricted","Diurnal","Diurnal","","Yes","Yes","No","Western Ghats","Forest","Resident",NA,NA,NA,"Banasura Laughingthrush","Montecincla jerdoni","Banasura Chilappan","Montecincla jerdoni","Endangered","Schedule-I","","",NA,"","","X",4,NA,0.5,0.75,25,0,NA,NA,NA,NA,NA,NA,NA,NA,NA,NA,NA,NA,NA,NA,NA,NA,NA,NA,NA,NA,NA,NA,NA,NA,NA,NA,NA
"Nilgiri Laughingthrush","Montecincla cachinnans","bkclau2","Passeriformes","Leiothrichidae (Laughingthrushes and Allies)","High","Uncertain","Uncertain","Very Restricted","Diurnal","Diurnal","Invertebrate","Yes","Yes","No","Western Ghats","Forest & Plantation","Resident",NA,NA,NA,"Nilgiri Laughingthrush","Montecincla cachinnans","Nilgiri Chilappan","Montecincla cachinnans","Near Threatened","Schedule-I","","",NA,"X","X","X",9,0.555555555555556,0.588888888888889,0.666666666666667,24.1111111111111,0.891293968492778,4.54200747407419,28.2367471774206,188.313412992054,-104.066548818533,13.2897741613602,130.646097141253,89.3350021699178,208.895908952909,510.304928094475,85.8334229062604,226.551862030564,633.458587312406,82.6385137967742,246.84643971796,793.98501054606,79.7976536021725,270.197612634117,1003.87662331754,77.3231657314212,297.102503358217,1279.52903340364,75.2101872595798,328.153588902023,1643.40135268758,73.4461003584802,364.058564882983,2126.37674333236
"Palani Laughingthrush","Montecincla fairbanki","kerlau2","Passeriformes","Leiothrichidae (Laughingthrushes and Allies)","Moderate","Uncertain","Uncertain","Restricted","Diurnal","Diurnal","Fruit & Nect","Yes","Yes","No","Western Ghats","Forest & Plantation","Resident",NA,NA,NA,"Palani Laughingthrush","Montecincla fairbanki","Palani Chilappan","Montecincla fairbanki","Near Threatened","Schedule-II","","",NA,"X","X","X",18,0.277777777777778,0.55,0.555555555555556,22.8888888888889,1.25660075646461,16.1350390783391,77.5754428968714,399.142344588134,-92.8460037829125,2.82474704873216,98.4954978803769,76.5227528394298,160.696466474706,350.134554927725,70.3406807526801,164.230904317882,402.457981297516,64.7528902181808,168.468817201906,466.262345259835,59.7481108399817,173.460523853716,543.977228377429,55.2890804967385,179.26709686915,638.742621181686,51.3287527796926,185.961744536742,754.57287685809,47.81825727535,193.631504574168,896.584557908874
"Ashambu Laughingthrush","Montecincla meridionalis","kerlau3","Passeriformes","Leiothrichidae (Laughingthrushes and Allies)","High","Data Deficient","Data Deficient","Very Restricted","Diurnal","Diurnal","","Yes","Yes","No","Western Ghats","Forest","Resident",NA,NA,NA,"Ashambu Laughingthrush","Montecincla meridionalis","Ashambu Chilappan","Montecincla meridionalis","Vulnerable","Schedule-I","","",NA,"","","X",6,0.666666666666667,0.375,0.333333333333333,23,1.43138161694683,NA,NA,NA,NA,NA,NA,NA,NA,NA,NA,NA,NA,NA,NA,NA,NA,NA,NA,NA,NA,NA,NA,NA,NA,NA,NA,NA
"Long-tailed Sibia","Heterophasia picaoides","lotsib1","Passeriformes","Leiothrichidae (Laughingthrushes and Allies)",NA,NA,NA,NA,"Diurnal","Diurnal","Omnivore","No","No","No","Non-endemic","Forest","Resident",1,NA,NA,"Long-tailed Sibia","Heterophasia picaoides","Long-tailed Sibia","Heterophasia picaoides","Least Concern","Schedule-II","","",NA,"","","X",48,0.125,0.3,0.479166666666667,10.5,1.71537230001524,NA,NA,NA,NA,NA,NA,NA,NA,NA,NA,NA,NA,NA,NA,NA,NA,NA,NA,NA,NA,NA,NA,NA,NA,NA,NA,NA
"Rufous Sibia","Heterophasia capistrata","rufsib1","Passeriformes","Leiothrichidae (Laughingthrushes and Allies)","Low","Uncertain","Uncertain","Moderate","Diurnal","Diurnal","Omnivore","No","No","Yes","Himalayas","Forest & Plantation","Resident & Altitudinal Migrant",NA,NA,NA,"Rufous Sibia","Heterophasia capistrata","Rufous Sibia","Heterophasia capistrata","Least Concern","Schedule-II","","",NA,"X","X","X",186,0.188172043010753,0.511827956989247,0.661290322580645,13.1720430107527,0.913125080139703,88.2201513470787,167.219156660803,318.945391351615,-3.11400934372605,2.99303155031937,9.10007244436479,99.3103033303853,131.758755281267,175.652498581372,97.9849041949068,135.399232704373,188.285660225741,96.6336643222326,139.209841416935,202.171537811246,95.2899590833124,143.199424723699,217.379791577534,93.9740192048052,147.377365654211,234.004219238976,92.6983371131515,151.753623281239,252.158493296735,91.4706939673081,156.33877172986,271.974408513118
"Beautiful Sibia","Heterophasia pulchella","beasib1","Passeriformes","Leiothrichidae (Laughingthrushes and Allies)","Moderate","Data Deficient","Data Deficient","Restricted","Diurnal","Diurnal","Invertebrate","No","No","Yes","Eastern Himalayas","Forest","Resident & Altitudinal Migrant",NA,NA,NA,"Beautiful Sibia","Heterophasia pulchella","Beautiful Sibia","Heterophasia pulchella","Least Concern","Schedule-II","","",NA,"","","X",68,0.102941176470588,0.307352941176471,0.485294117647059,7.79411764705882,1.09465995226523,NA,NA,NA,NA,NA,NA,NA,NA,NA,NA,NA,NA,NA,NA,NA,NA,NA,NA,NA,NA,NA,NA,NA,NA,NA,NA,NA
"Gray Sibia","Heterophasia gracilis","grysib1","Passeriformes","Leiothrichidae (Laughingthrushes and Allies)","Moderate","Data Deficient","Data Deficient","Restricted","Diurnal","Diurnal","Invertebrate","No","No","Yes","Eastern Himalayas","Forest","Resident & Altitudinal Migrant",NA,NA,NA,"Grey Sibia","Heterophasia gracilis","Grey Sibia","Heterophasia gracilis","Least Concern","Schedule-II","","",NA,"","","X",64,0.0625,0.328125,0.5,8.078125,1.1335453424556,NA,NA,NA,NA,NA,NA,NA,NA,NA,NA,NA,NA,NA,NA,NA,NA,NA,NA,NA,NA,NA,NA,NA,NA,NA,NA,NA
"Hoary-throated Barwing","Actinodura nipalensis","hotbar1","Passeriformes","Leiothrichidae (Laughingthrushes and Allies)","Moderate","Data Deficient","Uncertain","Restricted","Diurnal","Diurnal","Invertebrate","No","No","Yes","Eastern Himalayas","Forest","Resident",NA,NA,NA,"Hoary-throated Barwing","Actinodura nipalensis","Hoary-throated Barwing","Sibia nipalensis","Least Concern","Schedule-II","","",NA,"","","X",27,0.333333333333333,0.459259259259259,0.777777777777778,15.1851851851852,2.65289772305814,NA,NA,NA,NA,NA,NA,NA,NA,NA,NA,NA,NA,NA,NA,NA,NA,NA,NA,NA,NA,NA,NA,NA,NA,NA,NA,NA
"Streak-throated Barwing","Actinodura waldeni","sttbar1","Passeriformes","Leiothrichidae (Laughingthrushes and Allies)","Moderate","Data Deficient","Uncertain","Restricted","Diurnal","Diurnal","Omnivore","No","No","Yes","Eastern Himalayas","Forest","Resident",NA,NA,NA,"Streak-throated Barwing","Actinodura waldeni","Streak-throated Barwing","Sibia waldeni","Least Concern","Schedule-II","","",NA,"","","X",34,0.0588235294117647,0.211764705882353,0.323529411764706,8.76470588235294,1.5460514806676,NA,NA,NA,NA,NA,NA,NA,NA,NA,NA,NA,NA,NA,NA,NA,NA,NA,NA,NA,NA,NA,NA,NA,NA,NA,NA,NA
"Blue-winged Minla","Actinodura cyanouroptera","blwmin1","Passeriformes","Leiothrichidae (Laughingthrushes and Allies)","Low","Data Deficient","Uncertain","Moderate","Diurnal","Diurnal","Omnivore","No","No","No","Non-endemic","Forest","Resident & Altitudinal Migrant",NA,NA,NA,"Blue-winged Minla","Actinodura cyanouroptera","Blue-winged Minla","Siva cyanouroptera","Least Concern","Schedule-II","","",NA,"X","X","X",187,0.0802139037433155,0.355080213903743,0.566844919786096,11.5294117647059,0.935196076547625,100.333774052489,188.037344376449,352.600331672002,-2.74399582248767,3.75271185839654,10.2494195392807,94.0806889969933,124.80868552955,166.472006395143,93.4621374176369,129.13238330476,179.686814855607,92.8061092882796,133.672761948581,194.285605159554,92.1438905996161,138.442080264566,210.363644378279,91.4948482758058,143.453384439813,228.042157840866,90.8713073603951,148.720562520821,247.465028320903,90.2812869874385,154.258402931481,268.797827296798
"Chestnut-tailed Minla","Actinodura strigula","chtmin1","Passeriformes","Leiothrichidae (Laughingthrushes and Allies)","Low","Uncertain","Uncertain","Moderate","Diurnal","Diurnal","Invertebrate","No","No","No","Non-endemic","Forest","Resident & Altitudinal Migrant",NA,NA,NA,"Chestnut-tailed Minla","Actinodura strigula","Bar-throated Minla","Chrysominla strigula","Least Concern","Schedule-II","","",NA,"X","X","X",160,0.175,0.38125,0.53125,12.2,0.976109257726238,34.7284304249923,68.8587456710584,137.894794107421,-5.30202684081838,0.408893186683822,6.11981321418603,78.4089041066503,108.710568780756,151.717128592917,75.2345463223329,109.320885743255,160.228127139603,72.155724482888,110.002628081063,169.561995159265,69.1977613982503,110.757090638801,179.737258515273,66.3722442006647,111.585714144831,190.793050037174,63.6830175192177,112.490090102156,202.783602498268,61.1294896713625,113.471966193192,215.775501636988
"Rusty-fronted Barwing","Actinodura egertoni","rufbar1","Passeriformes","Leiothrichidae (Laughingthrushes and Allies)","Low","Data Deficient","Uncertain","Moderate","Diurnal","Diurnal","Invertebrate","No","No","Yes","Eastern Himalayas","Forest","Resident & Altitudinal Migrant",NA,NA,NA,"Rusty-fronted Barwing","Actinodura egertoni","Rusty-fronted Barwing","Actinodura egertoni","Least Concern","Schedule-II","","",NA,"","","X",111,0.108108108108108,0.327927927927928,0.558558558558559,9.76576576576577,1.10969505775449,NA,NA,NA,NA,NA,NA,NA,NA,NA,NA,NA,NA,NA,NA,NA,NA,NA,NA,NA,NA,NA,NA,NA,NA,NA,NA,NA
"Red-billed Leiothrix","Leiothrix lutea","reblei","Passeriformes","Leiothrichidae (Laughingthrushes and Allies)","Low","Uncertain","Uncertain","Moderate","Diurnal","Diurnal","Invertebrate","No","No","No","Non-endemic","Forest","Resident & Altitudinal Migrant",NA,NA,NA,"Red-billed Leiothrix","Leiothrix lutea","Red-billed Leiothrix","Leiothrix lutea","Least Concern","Schedule-II","Appendix II","",NA,"X","X","X",156,0.108974358974359,0.374358974358974,0.525641025641026,12.8205128205128,1.11498592381958,147.053065342077,275.003915544392,539.692566249224,-3.10155992094626,4.20781249945502,11.5171849198563,89.8955857649361,121.616560558114,165.458301664948,89.2501646755635,126.086340485334,179.444716386123,88.5716181056612,130.790998671066,194.963897613474,87.8920931279463,135.744606603085,212.13152770459,87.2314681089488,140.962200717283,231.092674669417,86.6023832718671,146.45985483825,252.018768863923,86.0130635952492,152.25475850714,275.107040384424
"Silver-eared Mesia","Leiothrix argentauris","siemes1","Passeriformes","Leiothrichidae (Laughingthrushes and Allies)","Low","Data Deficient","Uncertain","Moderate","Diurnal","Diurnal","Invertebrate","No","No","No","Non-endemic","Forest","Resident",NA,NA,NA,"Silver-eared Mesia","Leiothrix argentauris","Silver-eared Mesia","Leiothrix argentauris","Least Concern","Schedule-II","Appendix II","",NA,"","","X",195,0.0820512820512821,0.322051282051282,0.58974358974359,8.96923076923077,0.846949607023264,NA,NA,NA,NA,NA,NA,NA,NA,NA,NA,NA,NA,NA,NA,NA,NA,NA,NA,NA,NA,NA,NA,NA,NA,NA,NA,NA
"Red-tailed Minla","Minla ignotincta","retmin1","Passeriformes","Leiothrichidae (Laughingthrushes and Allies)","Moderate","Data Deficient","Data Deficient","Moderate","Diurnal","Diurnal","Invertebrate","No","No","No","Non-endemic","Forest","Resident & Altitudinal Migrant",NA,NA,NA,"Red-tailed Minla","Minla ignotincta","Red-tailed Minla","Minla ignotincta","Least Concern","Schedule-II","","",NA,"","X","X",96,0.145833333333333,0.359375,0.552083333333333,10.375,1.32000375464644,NA,NA,NA,-3.68042359547703,4.73074376923786,13.1419111339527,102.761795391354,143.406463585544,201.605505012472,101.815118559558,149.035915447869,220.27305580244,100.833964487529,154.985544770329,241.17247679923,99.8582625361814,161.275458569054,264.502779047143,98.9122940686282,167.927190909532,290.509082445693,98.0111336888455,174.963811957366,319.480075659881,97.1642616252642,182.410046009452,351.748840572501
"Rufous-backed Sibia","Leioptila annectens","rubsib1","Passeriformes","Leiothrichidae (Laughingthrushes and Allies)","Moderate","Data Deficient","Data Deficient","Restricted","Diurnal","Diurnal","Invertebrate","No","No","No","Non-endemic","Forest","Resident",1,NA,NA,"Rufous-backed Sibia","Leioptila annectens","Rufous-backed Sibia","Leioptila annectens","Least Concern","Schedule-II","","",NA,"","","X",59,0.0677966101694915,0.235593220338983,0.389830508474576,8.84745762711864,1.36496441733947,NA,NA,NA,NA,NA,NA,NA,NA,NA,NA,NA,NA,NA,NA,NA,NA,NA,NA,NA,NA,NA,NA,NA,NA,NA,NA,NA
"Bugun Liocichla","Liocichla bugunorum","buglio1","Passeriformes","Leiothrichidae (Laughingthrushes and Allies)","High","Data Deficient","Data Deficient","Very Restricted","Diurnal","Diurnal","Omnivore","Yes","Yes","Yes","Eastern Himalayas","Forest","Resident",NA,NA,NA,"Bugun Liocichla","Liocichla bugunorum","Bugun Liocichla","Liocichla bugunorum","Critically Endangered","Schedule-I","","",NA,"","","X",3,NA,0.4,1,14.6666666666667,2.84781397644657,NA,NA,NA,NA,NA,NA,NA,NA,NA,NA,NA,NA,NA,NA,NA,NA,NA,NA,NA,NA,NA,NA,NA,NA,NA,NA,NA
"Red-faced Liocichla","Liocichla phoenicea","reflio2","Passeriformes","Leiothrichidae (Laughingthrushes and Allies)","Low","Data Deficient","Uncertain","Moderate","Diurnal","Diurnal","Omnivore","No","No","No","Non-endemic","Forest","Resident",NA,NA,NA,"Red-faced Liocichla","Liocichla phoenicea","Red-faced Liocichla","Liocichla phoenicea","Least Concern","Schedule-II","","",NA,"","X","X",83,0.0240963855421687,0.292771084337349,0.469879518072289,10.5542168674699,1.35118271578578,NA,NA,NA,-5.80614428693956,3.81460516229008,13.4353546115197,71.1631735288593,112.562775491781,180.616749624485,69.1388040411248,116.755050394,200.90871558264,67.1457877879751,121.224589909641,224.183499652026,65.2197395438635,125.990864159483,250.806192387864,63.3796626901902,131.074959164386,281.224963746619,61.6350483440914,136.499719029244,315.974745565016,59.9898218072877,142.289901727551,355.685988775547
"Large Gray Babbler","Argya malcolmi","lagbab2","Passeriformes","Leiothrichidae (Laughingthrushes and Allies)","Low","Stable","Uncertain","Very Large","Diurnal","Diurnal","Invertebrate","No","Yes","No","Indian Subcontinent","Non-specialized","Resident",NA,NA,NA,"Large Grey Babbler","Argya malcolmi","Large Grey Babbler","Argya malcolmi","Least Concern","Schedule-II","","",NA,"X","X","X",2174,0.0528978840846366,0.362235510579577,0.588316467341306,10.7069917203312,0.278214154228214,75.6876668510201,99.8371752674572,131.192243984798,-2.2394894439512,-0.192410937347622,1.85466756925596,91.3361355665557,104.349213739167,119.345745683942,89.4332166881541,104.161717002047,121.48848114594,87.5372696662169,103.985051426245,123.747737266555,85.662862658492,103.819158309212,126.1089287612,83.8186172934074,103.663982194569,128.56354800732,82.0096611431943,103.519470840151,131.106712253172,80.2389929684243,103.385575187644,133.735798248099
"Slender-billed Babbler","Argya longirostris","slbbab1","Passeriformes","Leiothrichidae (Laughingthrushes and Allies)","High","Data Deficient","Data Deficient","Restricted","Diurnal","Diurnal","Invertebrate","No","Yes","No","Indian Subcontinent","Wetland","Resident",NA,NA,NA,"Slender-billed Babbler","Argya longirostris","Slender-billed Babbler","Argya longirostris","Vulnerable","Schedule-I","","",NA,"","","X",14,0.0714285714285714,0.442857142857143,0.5,15,3.34470879495912,NA,NA,NA,NA,NA,NA,NA,NA,NA,NA,NA,NA,NA,NA,NA,NA,NA,NA,NA,NA,NA,NA,NA,NA,NA,NA,NA
"Rufous Babbler","Argya subrufa","rufbab3","Passeriformes","Leiothrichidae (Laughingthrushes and Allies)","Moderate","Uncertain","Strong Decline","Moderate","Diurnal","Diurnal","Invertebrate","Yes","Yes","No","Western Ghats","Grassland & Scrub","Resident",NA,NA,NA,"Rufous Babbler","Argya subrufa","Rufous Babbler","Argya subrufa","Least Concern","Schedule-II","","",NA,"X","X","X",190,0.157894736842105,0.568421052631579,0.663157894736842,20.9052631578947,0.659874427120074,32.5552308283954,67.6823416555674,139.878505578504,-4.87017648870622,0.320311011084809,5.51079851087584,72.3794871809169,97.325478128266,131.606272303521,69.6465891182797,97.7133748009566,138.1047643462,66.98841590605,98.1550287398952,145.182665246512,64.4267395609578,98.6511529571719,152.842432213466,61.9719416543713,99.2025531796934,161.101807003725,59.6279394749704,99.8101299268191,169.989105108315,57.3949082406509,100.474880860058,179.54074192462
"Jungle Babbler","Argya striata","junbab2","Passeriformes","Leiothrichidae (Laughingthrushes and Allies)","Low","Stable","Uncertain","Very Large","Diurnal","Diurnal","Omnivore","No","Yes","No","Indian Subcontinent","Non-specialized","Resident",NA,NA,NA,"Jungle Babbler","Argya striata","Jungle Babbler","Argya striata","Least Concern","Schedule-II","","",NA,"X","X","X",3196,0.0763454317897372,0.424342928660826,0.633917396745932,10.2074468085106,0.23149659837156,112.830128694171,140.283477075018,176.548010828402,-1.06307252126655,0.792330878394989,2.64773427805652,97.1079054974658,107.303778851245,118.643745966188,96.4585835110624,108.138481851432,121.331361315034,95.7853955716977,108.987002821608,124.137089886021,95.0999836790249,109.849560801777,127.051468111356,94.4096705074299,110.726379315244,130.06943666964,93.7192198059347,111.617686461001,133.188582705509,93.0318194080461,112.523715008282,136.408159542226
"Yellow-billed Babbler","Argya affinis","yebbab1","Passeriformes","Leiothrichidae (Laughingthrushes and Allies)","Low","Uncertain","Uncertain","Large","Diurnal","Diurnal","Omnivore","No","Yes","No","Indian Subcontinent","Non-specialized","Resident",NA,NA,NA,"Yellow-billed Babbler","Argya affinis","Yellow-billed Babbler","Argya affinis","Least Concern","Schedule-II","","",NA,"X","X","X",895,0.111731843575419,0.529720670391062,0.683798882681564,13.7441340782123,0.48662893023162,97.6879952282059,133.96411077074,181.162048799665,-2.36857550331426,-0.0355096344665691,2.29755623438112,87.8870644873126,101.151565458315,116.557020212686,86.1072768806031,101.137468789875,118.977345977874,84.3317929199904,101.135806798607,121.531086833481,82.5754166693951,101.146586741852,124.204252112983,80.8469342786679,101.169821149742,126.989039762568,79.1515945957941,101.205527840537,129.881357367402,77.492490572895,101.253729940262,132.879442682629
"Common Babbler","Argya caudata","combab3","Passeriformes","Leiothrichidae (Laughingthrushes and Allies)","Low","Stable","Uncertain","Large","Diurnal","Diurnal","Omnivore","No","Yes","No","Indian Subcontinent","Open Habitat","Resident",NA,NA,NA,"Common Babbler","Argya caudata","Common Babbler","Argya caudata","Least Concern","Schedule-II","","",NA,"X","X","X",1654,0.0598548972188634,0.323276904474002,0.512696493349456,11.1154776299879,0.307690431839722,60.8486413754278,78.1505686650095,101.004442099395,-2.59359146724089,-0.805118371866367,0.98335472350816,85.8468701986789,98.7169632440937,113.636515608823,83.424190519887,97.891088645389,115.02607643807,81.0356928178251,97.0802137222127,116.507588736846,78.6952109072411,96.2840832834369,118.064924328172,76.4104669596068,95.5024477299803,119.688219169926,74.1856167323629,94.7350629278944,121.371323934053,72.0226633738037,93.9816900847872,123.110386254361
"Striated Babbler","Argya earlei","strbab1","Passeriformes","Leiothrichidae (Laughingthrushes and Allies)","Low","Data Deficient","Uncertain","Moderate","Diurnal","Diurnal","Invertebrate","No","No","No","Non-endemic","Wetland","Resident",NA,NA,NA,"Striated Babbler","Argya earlei","Striated Babbler","Argya earlei","Least Concern","Schedule-II","","",NA,"X","X","X",323,0.0526315789473684,0.290092879256966,0.455108359133127,12.2383900928793,0.716082346495608,101.288308013145,187.887457719122,356.576006358351,-3.30069154809914,1.28780149272514,5.87629453354941,75.3242247539789,97.0049509999958,125.404253400722,73.566175034322,98.2477476996109,131.867984200856,71.8124632778763,99.5391609803939,138.853773764628,70.0855772281519,100.880762381032,146.365393674662,68.3985139500772,102.274197826635,154.418649082352,66.7587206074526,103.721191144818,163.037612659011,65.1702913801111,105.223547778923,172.25261943624
"Spot-breasted Laughingthrush","Garrulax merulinus","spblau1","Passeriformes","Leiothrichidae (Laughingthrushes and Allies)","Moderate","Data Deficient","Data Deficient","Restricted","Diurnal","Diurnal","Invertebrate","No","No","No","Non-endemic","Forest","Resident",NA,NA,NA,"Spot-breasted Laughingthrush","Garrulax merulinus","Spot-breasted Laughingthrush","Garrulax merulinus","Least Concern","Schedule-II","","",NA,"","","",22,NA,0.232954545454545,0.318181818181818,9.63636363636364,1.92379789663765,NA,NA,NA,NA,NA,NA,NA,NA,NA,NA,NA,NA,NA,NA,NA,NA,NA,NA,NA,NA,NA,NA,NA,NA,NA,NA,NA
"Lesser Necklaced Laughingthrush","Garrulax monileger","lenlau1","Passeriformes","Leiothrichidae (Laughingthrushes and Allies)","Low","Data Deficient","Uncertain","Moderate","Diurnal","Diurnal","Omnivore","No","No","No","Non-endemic","Forest","Resident",NA,NA,NA,"Lesser Necklaced Laughingthrush","Garrulax monileger","Lesser Necklaced Laughingthrush","Garrulax monileger","Least Concern","Schedule-II","","",NA,"","","X",140,0.0785714285714286,0.285,0.485714285714286,11.7642857142857,1.02086800420739,NA,NA,NA,NA,NA,NA,NA,NA,NA,NA,NA,NA,NA,NA,NA,NA,NA,NA,NA,NA,NA,NA,NA,NA,NA,NA,NA
"White-crested Laughingthrush","Garrulax leucolophus","whclau2","Passeriformes","Leiothrichidae (Laughingthrushes and Allies)","Low","Uncertain","Uncertain","Moderate","Diurnal","Diurnal","Invertebrate","No","No","No","Non-endemic","Forest","Resident",NA,NA,NA,"White-crested Laughingthrush","Garrulax leucolophus","White-crested Laughingthrush","Garrulax leucolophus","Least Concern","Schedule-II","","",NA,"","","X",245,0.118367346938776,0.328163265306122,0.563265306122449,11.6040816326531,0.848168866576408,NA,NA,NA,NA,NA,NA,NA,NA,NA,NA,NA,NA,NA,NA,NA,NA,NA,NA,NA,NA,NA,NA,NA,NA,NA,NA,NA
"Rufous-chinned Laughingthrush","Ianthocincla rufogularis","ruclau1","Passeriformes","Leiothrichidae (Laughingthrushes and Allies)","Low","Data Deficient","Uncertain","Moderate","Diurnal","Diurnal","Invertebrate","No","No","Yes","Himalayas","Forest","Resident",NA,NA,NA,"Rufous-chinned Laughingthrush","Ianthocincla rufogularis","Rufous-chinned Laughingthrush","Ianthocincla rufogularis","Least Concern","Schedule-II","","",NA,"","X","X",71,0.112676056338028,0.333802816901408,0.422535211267606,16.3802816901408,1.34567200764241,NA,NA,NA,-4.21172848412351,3.86452521108853,11.9407789063006,72.2653800359088,113.794058842794,181.248742904631,70.5080694286585,118.508186953541,202.198979905472,68.7417506701775,123.508182068,226.207866476266,67.0048903434026,128.813507720665,253.646998424762,65.3195170066671,134.445144910928,284.969203824517,63.6980755722868,140.425719407214,320.711963608598,62.1472619616245,146.779640716714,361.505595467986
"Moustached Laughingthrush","Ianthocincla cineracea","moulau1","Passeriformes","Leiothrichidae (Laughingthrushes and Allies)","High","Data Deficient","Data Deficient","Very Restricted","Diurnal","Diurnal","Invertebrate","No","No","No","Non-endemic","Forest","Resident",NA,NA,NA,"Moustached Laughingthrush","Ianthocincla cineracea","Western Moustached Laughingthrush","Ianthocincla cineracea","Least Concern","Schedule-I","","",NA,"","","",14,NA,0.182539682539683,0.285714285714286,7.78571428571429,2.47563511664567,NA,NA,NA,NA,NA,NA,NA,NA,NA,NA,NA,NA,NA,NA,NA,NA,NA,NA,NA,NA,NA,NA,NA,NA,NA,NA,NA
"Spotted Laughingthrush","Ianthocincla ocellata","spolau1","Passeriformes","Leiothrichidae (Laughingthrushes and Allies)",NA,NA,NA,NA,"Diurnal","Diurnal","Omnivore","No","No","Yes","Eastern Himalayas","Forest","Resident",NA,NA,NA,"Spotted Laughingthrush","Ianthocincla ocellata","Spotted Laughingthrush","Ianthocincla ocellata","Least Concern","Schedule-II","","",NA,"","","X",33,0.0909090909090909,0.463636363636364,0.606060606060606,14.6969696969697,2.28796794929615,NA,NA,NA,NA,NA,NA,NA,NA,NA,NA,NA,NA,NA,NA,NA,NA,NA,NA,NA,NA,NA,NA,NA,NA,NA,NA,NA
"Wayanad Laughingthrush","Pterorhinus delesserti","wynlau1","Passeriformes","Leiothrichidae (Laughingthrushes and Allies)","Moderate","Data Deficient","Data Deficient","Moderate","Diurnal","Diurnal","Invertebrate","Yes","Yes","No","Western Ghats","Forest","Resident",NA,NA,NA,"Wayanad Laughingthrush","Pterorhinus delesserti","Wayanad Laughingthrush","Pterorhinus delesserti","Least Concern","Schedule-II","","",NA,"","","X",55,0.254545454545455,0.352727272727273,0.345454545454545,23.2545454545455,0.692204873855307,NA,NA,NA,NA,NA,NA,NA,NA,NA,NA,NA,NA,NA,NA,NA,NA,NA,NA,NA,NA,NA,NA,NA,NA,NA,NA,NA
"Rufous-vented Laughingthrush","Pterorhinus gularis","ruvlau1","Passeriformes","Leiothrichidae (Laughingthrushes and Allies)","Moderate","Data Deficient","Data Deficient","Restricted","Diurnal","Diurnal","Invertebrate","No","No","Yes","Eastern Himalayas","Forest","Resident",NA,NA,NA,"Rufous-vented Laughingthrush","Pterorhinus gularis","Rufous-vented Laughingthrush","Pterorhinus gularis","Least Concern","Schedule-II","","",NA,"","","X",13,0.0769230769230769,0.276923076923077,0.461538461538462,12,2.69071337409589,NA,NA,NA,NA,NA,NA,NA,NA,NA,NA,NA,NA,NA,NA,NA,NA,NA,NA,NA,NA,NA,NA,NA,NA,NA,NA,NA
"Yellow-throated Laughingthrush","Pterorhinus galbanus","yetlau1","Passeriformes","Leiothrichidae (Laughingthrushes and Allies)","Moderate","Data Deficient","Data Deficient","Restricted","Diurnal","Diurnal","Invertebrate","No","No","Yes","Eastern Himalayas","Forest","Resident",NA,NA,NA,"Yellow-throated Laughingthrush","Pterorhinus galbanus","Yellow-throated Laughingthrush","Pterorhinus galbanus","Least Concern","Schedule-II","","",NA,"","","X",15,NA,0.206666666666667,0.266666666666667,10.4,2.73063411438931,NA,NA,NA,NA,NA,NA,NA,NA,NA,NA,NA,NA,NA,NA,NA,NA,NA,NA,NA,NA,NA,NA,NA,NA,NA,NA,NA
"Rufous-necked Laughingthrush","Pterorhinus ruficollis","runlau1","Passeriformes","Leiothrichidae (Laughingthrushes and Allies)","Low","Data Deficient","Uncertain","Moderate","Diurnal","Diurnal","Invertebrate","No","No","No","Non-endemic","Grassland & Scrub","Resident",NA,NA,NA,"Rufous-necked Laughingthrush","Pterorhinus ruficollis","Rufous-necked Laughingthrush","Pterorhinus ruficollis","Least Concern","Schedule-II","","",NA,"","","X",181,0.0718232044198895,0.266850828729282,0.480662983425414,11.3591160220994,0.907708359391697,NA,NA,NA,NA,NA,NA,NA,NA,NA,NA,NA,NA,NA,NA,NA,NA,NA,NA,NA,NA,NA,NA,NA,NA,NA,NA,NA
"Chestnut-backed Laughingthrush","Pterorhinus nuchalis","chblau1","Passeriformes","Leiothrichidae (Laughingthrushes and Allies)","High","Data Deficient","Data Deficient","Very Restricted","Diurnal","Diurnal","Invertebrate","No","No","Yes","Eastern Himalayas","Forest","Resident",NA,NA,NA,"Chestnut-backed Laughingthrush","Pterorhinus nuchalis","Chestnut-backed Laughingthrush","Pterorhinus nuchalis","Near Threatened","Schedule-I","","",NA,"","","X",5,0.6,0.44,0.6,12.8,5.20046767127727,NA,NA,NA,NA,NA,NA,NA,NA,NA,NA,NA,NA,NA,NA,NA,NA,NA,NA,NA,NA,NA,NA,NA,NA,NA,NA,NA
"White-browed Laughingthrush","Pterorhinus sannio","whblau1","Passeriformes","Leiothrichidae (Laughingthrushes and Allies)",NA,NA,NA,NA,"Diurnal","Diurnal","Invertebrate","No","No","No","Non-endemic","Non-specialized","Resident",NA,NA,NA,"White-browed Laughingthrush","Pterorhinus sannio","White-browed Laughingthrush","Pterorhinus sannio","Least Concern","Schedule-II","","",NA,"","","",18,NA,0.319444444444444,0.277777777777778,10.3333333333333,2.27979359230817,NA,NA,NA,NA,NA,NA,NA,NA,NA,NA,NA,NA,NA,NA,NA,NA,NA,NA,NA,NA,NA,NA,NA,NA,NA,NA,NA
"Greater Necklaced Laughingthrush","Pterorhinus pectoralis","gnlthr","Passeriformes","Leiothrichidae (Laughingthrushes and Allies)","Low","Data Deficient","Uncertain","Moderate","Diurnal","Diurnal","Invertebrate","No","No","No","Non-endemic","Forest","Resident",NA,NA,NA,"Greater Necklaced Laughingthrush","Pterorhinus pectoralis","Greater Necklaced Laughingthrush","Pterorhinus pectoralis","Least Concern","Schedule-II","","",NA,"","","X",171,0.0584795321637427,0.277777777777778,0.467836257309941,11.3801169590643,0.95975206197372,NA,NA,NA,NA,NA,NA,NA,NA,NA,NA,NA,NA,NA,NA,NA,NA,NA,NA,NA,NA,NA,NA,NA,NA,NA,NA,NA
"Mount Victoria Babax","Pterorhinus woodi","chibub1","Passeriformes","Leiothrichidae (Laughingthrushes and Allies)",NA,NA,NA,NA,"Diurnal","Diurnal","Omnivore","No","No","Yes","Eastern Himalayas","Forest","Resident",NA,NA,NA,"Mount Victoria Babax","Pterorhinus woodi","Mount Victoria Babax","Pterorhinus woodi","Least Concern","Schedule-II","","",NA,"","","X",1,1,1,1,7,NA,NA,NA,NA,NA,NA,NA,NA,NA,NA,NA,NA,NA,NA,NA,NA,NA,NA,NA,NA,NA,NA,NA,NA,NA,NA,NA,NA
"White-throated Laughingthrush","Pterorhinus albogularis","whtlau1","Passeriformes","Leiothrichidae (Laughingthrushes and Allies)","Low","Uncertain","Uncertain","Moderate","Diurnal","Diurnal","Invertebrate","No","No","No","Non-endemic","Forest","Resident & Altitudinal Migrant",NA,NA,NA,"White-throated Laughingthrush","Pterorhinus albogularis","White-throated Laughingthrush","Pterorhinus albogularis","Least Concern","Schedule-II","","",NA,"X","X","X",132,0.181818181818182,0.486363636363636,0.621212121212121,14.1515151515152,1.05067072603537,52.5680442904018,110.995521969531,231.251019108592,-3.89749231854301,4.22104802626706,12.3395883710771,101.466585010627,141.264276679484,197.948481472973,100.364746061544,146.532814956982,215.764418673131,99.2399041651982,152.109152393423,235.692022387552,98.1313129444318,158.013136503635,257.915657777922,97.0627599820599,164.266085610817,282.663766572019,96.0489525701541,170.890906217741,310.206144676133,95.0990969716673,177.912220431871,340.854531184765
"Gray-sided Laughingthrush","Pterorhinus caerulatus","gyslau","Passeriformes","Leiothrichidae (Laughingthrushes and Allies)","High","Strong Decline","Strong Decline","Restricted","Diurnal","Diurnal","Omnivore","No","No","Yes","Eastern Himalayas","Forest","Resident",NA,NA,NA,"Grey-sided Laughingthrush","Pterorhinus caerulatus","Grey-sided Laughingthrush","Pterorhinus caerulatus","Least Concern","Schedule-I","","",NA,"","","X",41,0.170731707317073,0.346341463414634,0.439024390243902,13.1219512195122,2.12865948327036,NA,NA,NA,NA,NA,NA,NA,NA,NA,NA,NA,NA,NA,NA,NA,NA,NA,NA,NA,NA,NA,NA,NA,NA,NA,NA,NA
"Goldcrest","Regulus regulus","goldcr1","Passeriformes","Regulidae (Kinglets)",NA,NA,NA,NA,"Diurnal","Diurnal","Invertebrate","No","No","No","Non-endemic","Forest","Resident & Altitudinal Migrant",1,NA,NA,"Goldcrest","Regulus regulus","Goldcrest","Regulus regulus","Least Concern","Schedule-II","","Appendix II",NA,"","","X",154,0.155844155844156,0.231818181818182,0.357142857142857,12.3246753246753,1.02116585898376,NA,NA,NA,NA,NA,NA,NA,NA,NA,NA,NA,NA,NA,NA,NA,NA,NA,NA,NA,NA,NA,NA,NA,NA,NA,NA,NA
"Wallcreeper","Tichodroma muraria","wallcr1","Passeriformes","Tichodromidae (Wallcreeper)","Low","Uncertain","Uncertain","Moderate","Diurnal","Diurnal","Invertebrate","No","No","No","Non-endemic","Open Habitat","Winter Migrant & Localized Summer Migrant",1,NA,NA,"Wallcreeper","Tichodroma muraria","Wallcreeper","Tichodroma muraria","Least Concern","Schedule-II","","",NA,"X","X","X",223,0.130044843049327,0.318385650224215,0.452914798206278,13.3363228699552,0.793680442053259,25.6929891474627,47.2080793546275,83.8210542453555,-6.53441366107098,-3.45080168887105,-0.367189716671122,59.4903451754021,79.4737850277645,106.705171544389,54.8330960077443,76.3733519840706,107.080527958264,50.5105509030011,73.4228848751996,107.634561753998,46.5170452126219,70.6143398390991,108.333444886492,42.8377564450375,67.9401438001831,109.15659846676,39.4537234436328,65.3931649103512,110.091284579233,36.3444805348664,62.9666849657244,111.129624282882
"White-cheeked Nuthatch","Sitta leucopsis","whcnut1","Passeriformes","Sittidae (Nuthatches)","Moderate","Data Deficient","Data Deficient","Moderate","Diurnal","Diurnal","Invertebrate","No","No","Yes","Western Himalayas","Forest","Resident",NA,NA,NA,"White-cheeked Nuthatch","Sitta leucopsis","White-cheeked Nuthatch","Sitta leucopsis","Least Concern","Schedule-II","","",NA,"","","X",78,0.153846153846154,0.267948717948718,0.346153846153846,10.6794871794872,1.26226096959555,NA,NA,NA,NA,NA,NA,NA,NA,NA,NA,NA,NA,NA,NA,NA,NA,NA,NA,NA,NA,NA,NA,NA,NA,NA,NA,NA
"Beautiful Nuthatch","Sitta formosa","beanut1","Passeriformes","Sittidae (Nuthatches)","High","Data Deficient","Data Deficient","Restricted","Diurnal","Diurnal","Invertebrate","No","No","No","Non-endemic","Forest","Resident",1,NA,NA,"Beautiful Nuthatch","Sitta formosa","Beautiful Nuthatch","Sitta formosa","Vulnerable","Schedule-I","","",NA,"","","X",29,0.137931034482759,0.231034482758621,0.310344827586207,9.06896551724138,1.96706218773484,NA,NA,NA,NA,NA,NA,NA,NA,NA,NA,NA,NA,NA,NA,NA,NA,NA,NA,NA,NA,NA,NA,NA,NA,NA,NA,NA
"Velvet-fronted Nuthatch","Sitta frontalis","vefnut1","Passeriformes","Sittidae (Nuthatches)","Moderate","Moderate Decline","Uncertain","Large","Diurnal","Diurnal","Invertebrate","No","No","No","Non-endemic","Forest & Plantation","Resident",1,NA,NA,"Velvet-fronted Nuthatch","Sitta frontalis","Velvet-fronted Nuthatch","Sitta frontalis","Least Concern","Schedule-II","","",NA,"X","X","X",461,0.17353579175705,0.424945770065076,0.524945770065076,15.6832971800434,0.673398892780277,41.8816498874587,59.5161722141546,84.2614918622225,-1.49134629742858,1.67896848565755,4.84928326874367,93.7586090501803,111.917516209761,133.82621477811,92.8584889030072,113.715337138178,139.575026666752,91.9252091958387,115.561886466647,145.700077043191,90.9787670948936,117.458601948796,152.197492314965,90.0315989517417,119.406970736539,159.071997421043,89.0916639770854,121.408531201911,166.333893375071,88.1641688262666,123.464874831116,173.997397999491
"Yunnan Nuthatch","Sitta yunnanensis","yunnut1","Passeriformes","Sittidae (Nuthatches)",NA,NA,NA,NA,"Diurnal","Diurnal","Invertebrate","No","No","No","Non-endemic","Forest","Resident",NA,NA,NA,"Yunnan Nuthatch","Sitta yunnanensis","Yunnan Nuthatch","Sitta yunnanensis","Least Concern","Schedule-II","","",NA,"","","",2,NA,0.8,0.5,5.5,6.86,NA,NA,NA,NA,NA,NA,NA,NA,NA,NA,NA,NA,NA,NA,NA,NA,NA,NA,NA,NA,NA,NA,NA,NA,NA,NA,NA
"White-tailed Nuthatch","Sitta himalayensis","whtnut1","Passeriformes","Sittidae (Nuthatches)","Low","Uncertain","Uncertain","Moderate","Diurnal","Diurnal","Invertebrate","No","No","Yes","Himalayas","Forest","Resident",NA,NA,NA,"White-tailed Nuthatch","Sitta himalayensis","White-tailed Nuthatch","Sitta himalayensis","Least Concern","Schedule-II","","",NA,"X","X","X",153,0.143790849673203,0.396732026143791,0.535947712418301,13.5032679738562,0.999216766778102,44.2366899981168,80.8559319250548,156.053276352245,-5.30376566475451,0.0723673592570241,5.44850038326856,71.4956702609765,97.1659335000806,132.791464524696,68.5171134129688,97.3142573163967,139.23026066946,65.632293174197,97.5159803392429,146.251127346531,62.8625839715774,97.7713600406556,153.854344859839,60.2175236018044,98.0807399218141,162.056016013083,57.6999806520933,98.4445501875174,170.88308798213,55.309004422608,98.8633086442658,180.370724309525
"Indian Nuthatch","Sitta castanea","chbnut2","Passeriformes","Sittidae (Nuthatches)","High","Strong Decline","Moderate Decline","Moderate","Diurnal","Diurnal","Invertebrate","No","Yes","No","Indian Subcontinent","Forest & Plantation","Resident",NA,NA,NA,"Indian Nuthatch","Sitta castanea","Indian Nuthatch","Sitta castanea","Least Concern","Schedule-II","","",NA,"X","X","X",407,0.0466830466830467,0.227027027027027,0.378378378378378,11.8132678132678,0.689712117780026,25.2308664012037,44.0580068800505,79.3077937601814,-2.82938147662056,1.3741797608667,5.57774099835395,73.3803160477498,96.5531681461972,127.563646701973,71.6266630981091,98.0449212319894,134.927252417123,69.8696715069465,99.5882767268912,142.920200266855,68.1335072355947,101.184925890851,151.554600359065,66.4322747494482,102.836632488735,160.856092433433,64.7741827525251,104.545235996077,170.85994419382,63.1638687425227,106.312654967745,181.609016318875
"Chestnut-bellied Nuthatch","Sitta cinnamoventris","chbnut3","Passeriformes","Sittidae (Nuthatches)","Low","Uncertain","Uncertain","Moderate","Diurnal","Diurnal","Invertebrate","No","No","No","Non-endemic","Forest","Resident",NA,NA,NA,"Chestnut-bellied Nuthatch","Sitta cinnamoventris","Chestnut-bellied Nuthatch","Sitta cinnamoventris","Least Concern","Schedule-II","","",NA,"X","X","X",259,0.154440154440154,0.385328185328185,0.513513513513513,12.6332046332046,0.77576717074197,68.1538521230107,116.567577310538,206.627712613444,-4.77392887656356,-1.34847294558871,2.07698298538614,72.6799092900529,91.3545465878345,115.231765981195,69.3861432765788,90.1323592317875,117.622445431692,66.2118649897887,88.9551340417896,120.215883606613,63.1712977808747,87.8215211240456,122.990269927996,60.2696134681703,86.7302300223608,125.933992152315,57.5069330006306,85.6800273921144,129.04159129298,54.8805254996629,84.6697347901723,132.311523803116
"Chestnut-vented Nuthatch","Sitta nagaensis","chvnut1","Passeriformes","Sittidae (Nuthatches)",NA,NA,NA,NA,"Diurnal","Diurnal","Invertebrate","No","No","No","Non-endemic","Forest","Resident",NA,NA,NA,"Chestnut-vented Nuthatch","Sitta nagaensis","Chestnut-vented Nuthatch","Sitta nagaensis","Least Concern","Schedule-II","","",NA,"","","",16,NA,0.29375,0.5625,8.375,2.18311360217466,NA,NA,NA,NA,NA,NA,NA,NA,NA,NA,NA,NA,NA,NA,NA,NA,NA,NA,NA,NA,NA,NA,NA,NA,NA,NA,NA
"Kashmir Nuthatch","Sitta cashmirensis","kasnut1","Passeriformes","Sittidae (Nuthatches)","Moderate","Data Deficient","Data Deficient","Restricted","Diurnal","Diurnal","Invertebrate","No","No","Yes","Western Himalayas","Forest & Plantation","Resident",NA,NA,NA,"Kashmir Nuthatch","Sitta cashmirensis","Kashmir Nuthatch","Sitta cashmirensis","Least Concern","Schedule-II","","",NA,"","","X",23,0.173913043478261,0.309178743961353,0.434782608695652,11.6086956521739,2.42954495932885,NA,NA,NA,NA,NA,NA,NA,NA,NA,NA,NA,NA,NA,NA,NA,NA,NA,NA,NA,NA,NA,NA,NA,NA,NA,NA,NA
"Hodgson's Treecreeper","Certhia hodgsoni","eurtre3","Passeriformes","Certhiidae (Treecreepers)","Moderate","Data Deficient","Data Deficient","Moderate","Diurnal","Diurnal","Invertebrate","No","No","No","Non-endemic","Forest","Resident",1,NA,NA,"Hodgson's Treecreeper","Certhia hodgsoni","Hodgson's Treecreeper","Certhia hodgsoni","Least Concern","Schedule-II","","",NA,"","","X",83,0.132530120481928,0.267469879518072,0.337349397590361,12.0120481927711,1.23289844318625,NA,NA,NA,NA,NA,NA,NA,NA,NA,NA,NA,NA,NA,NA,NA,NA,NA,NA,NA,NA,NA,NA,NA,NA,NA,NA,NA
"Bar-tailed Treecreeper","Certhia himalayana","battre1","Passeriformes","Certhiidae (Treecreepers)","Low","Uncertain","Uncertain","Moderate","Diurnal","Diurnal","Invertebrate","No","No","No","Non-endemic","Forest & Plantation","Resident",NA,NA,NA,"Bar-tailed Treecreeper","Certhia himalayana","Bar-tailed Treecreeper","Certhia himalayana","Least Concern","Schedule-II","","",NA,"X","X","X",231,0.177489177489178,0.477056277056277,0.597402597402597,12.2813852813853,0.782611218549497,41.2168480343794,72.1063203817753,124.294440930338,-5.96644308893223,-2.2649753193412,1.43649245024983,59.865145705274,77.7100081996888,101.299134785295,56.2832776416959,75.8517488102364,102.78861256448,52.8932123349888,74.0704446261546,104.458585403393,49.701435190529,72.3627632804792,106.284479073592,46.70582009361,70.7255415704561,108.252339890102,43.8997525432791,69.1557763465995,110.354567862608,41.2743578799247,67.6506159327396,112.587559504966
"Rusty-flanked Treecreeper","Certhia nipalensis","ruftre4","Passeriformes","Certhiidae (Treecreepers)","Moderate","Data Deficient","Data Deficient","Moderate","Diurnal","Diurnal","Invertebrate","No","No","Yes","Himalayas","Forest","Resident",NA,NA,NA,"Rusty-flanked Treecreeper","Certhia nipalensis","Rusty-flanked Treecreeper","Certhia nipalensis","Least Concern","Schedule-II","","",NA,"","","X",41,0.195121951219512,0.448780487804878,0.585365853658537,13.6829268292683,1.99134718344065,NA,NA,NA,NA,NA,NA,NA,NA,NA,NA,NA,NA,NA,NA,NA,NA,NA,NA,NA,NA,NA,NA,NA,NA,NA,NA,NA
"Sikkim Treecreeper","Certhia discolor","bnttre1","Passeriformes","Certhiidae (Treecreepers)","Moderate","Data Deficient","Uncertain","Restricted","Diurnal","Diurnal","Invertebrate","No","No","Yes","Himalayas","Forest","Resident",NA,NA,NA,"Sikkim Treecreeper","Certhia discolor","Sikkim Treecreeper","Certhia discolor","Least Concern","Schedule-II","","",NA,"","","X",32,0.25,0.484375,0.8125,13.5625,2.49221493500421,NA,NA,NA,NA,NA,NA,NA,NA,NA,NA,NA,NA,NA,NA,NA,NA,NA,NA,NA,NA,NA,NA,NA,NA,NA,NA,NA
"Hume's Treecreeper","Certhia manipurensis","bnttre2","Passeriformes","Certhiidae (Treecreepers)",NA,NA,NA,NA,"Diurnal","Diurnal","Invertebrate","No","No","No","Non-endemic","Forest","Resident",NA,NA,NA,"Hume's Treecreeper","Certhia manipurensis","Manipur Treecreeper","Certhia manipurensis","Least Concern","Schedule-II","","",NA,"","","",3,NA,0.444444444444444,0.666666666666667,5.33333333333333,2.35562683330314,NA,NA,NA,NA,NA,NA,NA,NA,NA,NA,NA,NA,NA,NA,NA,NA,NA,NA,NA,NA,NA,NA,NA,NA,NA,NA,NA
"Indian Spotted Creeper","Salpornis spilonota","spocre3","Passeriformes","Salpornithidae (Spotted Creepers)","Moderate","Data Deficient","Data Deficient","Restricted","Diurnal","Diurnal","Invertebrate","Yes","Yes","No","Central India","Forest & Plantation","Resident",NA,NA,NA,"Indian Spotted Creeper","Salpornis spilonota","Indian Spotted Creeper","Salpornis spilonota","Least Concern","Schedule-II","","",NA,"","","X",76,0.0526315789473684,0.165789473684211,0.25,11.5789473684211,1.46960480991396,NA,NA,NA,NA,NA,NA,NA,NA,NA,NA,NA,NA,NA,NA,NA,NA,NA,NA,NA,NA,NA,NA,NA,NA,NA,NA,NA
"Eurasian Wren","Troglodytes troglodytes","winwre4","Passeriformes","Troglodytidae (Wrens)","Low","Data Deficient","Uncertain","Moderate","Diurnal","Diurnal","Invertebrate","No","No","No","Non-endemic","Non-specialized","Resident & Altitudinal Migrant",NA,NA,NA,"Eurasian Wren","Troglodytes troglodytes","Northern Wren","Troglodytes troglodytes","Least Concern","Schedule-II","","",NA,"X","X","X",207,0.120772946859903,0.307729468599034,0.492753623188406,10.7729468599034,0.813970753972912,45.2046273772952,83.7475391870578,156.710319669011,-6.04003581694954,-0.94621851045073,4.14759879604808,66.2938821723881,95.3763075614978,138.353893761545,62.4436208344486,94.6681139615948,145.090487504912,58.7827201193881,94.0256309405656,152.508781245859,55.3279574739967,93.4477539825068,160.611479262302,52.0825018187594,92.9335032231702,169.421710077,49.0422270666589,92.4820205303472,178.976964942753,46.1991460867485,92.0925669703873,189.325989223668
"Spotted Elachura","Elachura formosa","spwbab1","Passeriformes","Elachuridae (Spotted Elachura)",NA,NA,NA,NA,"Diurnal","Diurnal","Invertebrate","No","No","No","Non-endemic","Forest","Resident",1,NA,NA,"Spotted Elachura","Elachura formosa","Spotted Elachura","Elachura formosa","Least Concern","Schedule-II","","",NA,"","","X",82,0.0609756097560976,0.273170731707317,0.573170731707317,10.9756097560976,1.32249496201405,NA,NA,NA,NA,NA,NA,NA,NA,NA,NA,NA,NA,NA,NA,NA,NA,NA,NA,NA,NA,NA,NA,NA,NA,NA,NA,NA
"White-throated Dipper","Cinclus cinclus","whtdip1","Passeriformes","Cinclidae (Dippers)",NA,NA,NA,NA,"Diurnal","Diurnal","Invertebrate","No","No","No","Non-endemic","Non-specialized","Resident & Altitudinal Migrant",1,NA,NA,"White-throated Dipper","Cinclus cinclus","White-throated Dipper","Cinclus cinclus","Least Concern","Schedule-II","","",NA,"","","X",97,0.123711340206186,0.242268041237113,0.360824742268041,8.57731958762887,0.993310954583628,NA,NA,NA,NA,NA,NA,NA,NA,NA,NA,NA,NA,NA,NA,NA,NA,NA,NA,NA,NA,NA,NA,NA,NA,NA,NA,NA
"Brown Dipper","Cinclus pallasii","brodip1","Passeriformes","Cinclidae (Dippers)","Low","Uncertain","Uncertain","Moderate","Diurnal","Diurnal","Invertebrate","No","No","No","Non-endemic","Wetland","Resident & Altitudinal Migrant",NA,NA,NA,"Brown Dipper","Cinclus pallasii","Brown Dipper","Cinclus pallasii","Least Concern","Schedule-II","","",NA,"X","X","X",330,0.145454545454545,0.349393939393939,0.518181818181818,10.6090909090909,0.678290599600639,32.0711054058361,49.4739234250897,77.9692552791742,-6.1332520768521,-3.44884574458853,-0.764439412324958,60.8807342945857,75.9646318668012,95.0877552117179,56.6135397542477,72.935592846328,94.3564028896276,52.6212262832647,70.0496929364259,93.7491259287339,48.9006154566679,67.2995033517378,93.2395709059164,45.441420879066,64.6780108960587,92.8110288445605,42.2299872327335,62.1785933338973,92.4524771278097,39.25127590881,59.7949962944507,92.1563948883402
"Asian Glossy Starling","Aplonis panayensis","asgsta1","Passeriformes","Sturnidae (Starlings)",NA,NA,NA,NA,"Diurnal","Diurnal","Fruit & Nect","No","No","No","Non-endemic","Non-specialized","Resident & Localized Summer Migrant",1,NA,1,"Asian Glossy Starling","Aplonis panayensis","Asian Glossy Starling","Aplonis panayensis","Least Concern","Schedule-II","","",NA,"","","X",40,0.175,0.4875,0.675,6.725,1.58485135596775,NA,NA,NA,NA,NA,NA,NA,NA,NA,NA,NA,NA,NA,NA,NA,NA,NA,NA,NA,NA,NA,NA,NA,NA,NA,NA,NA
"Golden-crested Myna","Ampeliceps coronatus","gocmyn1","Passeriformes","Sturnidae (Starlings)",NA,NA,NA,NA,"Diurnal","Diurnal","Fruit & Nect","No","No","No","Non-endemic","Forest","Resident & Local Migrant",NA,NA,NA,"Golden-crested Myna","Ampeliceps coronatus","Golden-crested Myna","Ampeliceps coronatus","Least Concern","Schedule-II","","",NA,"","","",13,0.0769230769230769,0.230769230769231,0.538461538461538,11.1538461538462,3.22249024707677,NA,NA,NA,NA,NA,NA,NA,NA,NA,NA,NA,NA,NA,NA,NA,NA,NA,NA,NA,NA,NA,NA,NA,NA,NA,NA,NA
"Common Hill Myna","Gracula religiosa","hilmyn","Passeriformes","Sturnidae (Starlings)","Low","Uncertain","Uncertain","Moderate","Diurnal","Diurnal","Fruit & Nect","No","No","No","Non-endemic","Forest & Plantation","Resident",NA,NA,NA,"Common Hill Myna","Gracula religiosa","Common Hill Myna","Gracula religiosa","Least Concern","Schedule-I","Appendix II","",NA,"X","X","X",347,0.0979827089337176,0.346685878962536,0.559077809798271,10.6628242074928,0.646770283852965,67.5875074838816,101.113751623237,153.974687138538,-3.06956157325147,0.13226678333926,3.33409513992999,85.7692469539945,102.757901101801,123.379988059436,83.7139812075502,102.945925060643,126.95859388338,81.674785786022,103.157279260196,130.767319573271,79.6697787866409,103.392110288629,134.792051255604,77.7093614034412,103.650580136976,139.026938810845,75.7994222123774,103.932866370079,143.471205885408,73.9431204861821,104.239162313544,148.127382584216
"Southern Hill Myna","Gracula indica","sohmyn1","Passeriformes","Sturnidae (Starlings)","Low","Uncertain","Uncertain","Moderate","Diurnal","Diurnal","Fruit & Nect","No","Yes","No","Western Ghats & Sri Lanka","Forest & Plantation","Resident & Local Migrant",NA,NA,NA,"Southern Hill Myna","Gracula indica","Southern Hill Myna","Gracula indica","Least Concern","Schedule-I","Appendix II","",NA,"X","X","X",175,0.291428571428571,0.655428571428571,0.76,21.4742857142857,0.624332525605334,31.3448065621868,87.8076509526243,246.732212444112,-7.91953207557564,1.44380540499907,10.8071428855738,73.3337817272065,116.26614517714,187.087451583064,69.7829569667236,118.15701338985,203.998934097774,66.4042518383955,120.247398073356,223.238253585113,63.2232075752207,122.54636884583,245.037091059793,60.2473162239023,125.063978474927,269.692306778626,57.4744176058219,127.811329803056,297.564170014104,54.8972569963974,130.800649967646,329.079676627074
"European Starling","Sturnus vulgaris","eursta","Passeriformes","Sturnidae (Starlings)","Moderate","Moderate Decline","Strong Decline","Moderate","Diurnal","Diurnal","Omnivore","No","No","No","Non-endemic","Non-specialized","Winter Migrant & Localized Summer Migrant",NA,NA,NA,"Common Starling","Sturnus vulgaris","Common Starling","Sturnus vulgaris","Least Concern","Schedule-II","","Appendix II",NA,"X","X","X",285,0.108771929824561,0.252631578947368,0.280701754385965,12.4385964912281,0.728448377957596,25.8921067938286,42.6677721133041,72.5370918837624,-6.92599438646163,-4.21281042800862,-1.49962646955561,49.8827558655841,67.9511596937738,93.0328883558481,45.1044649282575,64.2305280287885,92.0748762535375,40.7595865145685,60.7388720682806,91.2809795745634,36.8247289262867,57.4609625135295,90.6142082702624,33.2697715639376,54.3826491163596,90.0511051799138,30.0626612774171,51.4907801003771,89.576169403743,27.1717916348254,48.773127878459,89.1787898883621
"Rosy Starling","Pastor roseus","rossta2","Passeriformes","Sturnidae (Starlings)","Low","Strong Increase","Strong Increase","Very Large","Diurnal","Diurnal","Invertebrate","No","No","No","Non-endemic","Non-specialized","Winter Migrant",1,NA,NA,"Rosy Starling","Pastor roseus","Rosy Starling","Pastor roseus","Least Concern","Schedule-II","","Appendix II",NA,"X","X","X",2035,0.0363636363636364,0.342457002457002,0.513513513513513,12.5420147420147,0.295010627050477,145.304979810849,186.195188212547,240.438459704402,-5.1767393097869,-4.0512697137791,-2.92580011777129,59.423523663945,76.7941839963244,99.3158664036906,54.6216008206674,73.2638228124984,98.3637167140912,50.1623573378981,69.89885537571,97.5211568038779,46.039299401247,66.6913944800391,96.7566037506658,42.2375974040994,63.6339353855573,96.0500889758335,38.7385994751598,60.7193369754116,95.3884598852647,35.5222171871635,57.9408038553673,94.7627342561465
"Daurian Starling","Agropsar sturninus","dausta1","Passeriformes","Sturnidae (Starlings)",NA,NA,NA,NA,"Diurnal","Diurnal","Invertebrate","No","No","No","Non-endemic","Forest & Plantation","Winter Migrant",NA,NA,NA,"Daurian Starling","Agropsar sturninus","Purple-backed Starling","Agropsar sturninus","Least Concern","Schedule-II","","",NA,"","","",9,NA,0.432098765432099,0.777777777777778,8.55555555555556,2.94201576986315,NA,NA,NA,NA,NA,NA,NA,NA,NA,NA,NA,NA,NA,NA,NA,NA,NA,NA,NA,NA,NA,NA,NA,NA,NA,NA,NA
"Chestnut-cheeked Starling","Agropsar philippensis","chcsta1","Passeriformes","Sturnidae (Starlings)",NA,NA,NA,NA,"Diurnal","Diurnal","Fruit & Nect","No","No","No","Non-endemic","Non-specialized","Uncertain",NA,1,NA,"Chestnut-cheeked Starling","Agropsar philippensis","Chestnut-cheeked Starling","Agropsar philippensis","Least Concern","Schedule-II","","",NA,"","","",NA,NA,NA,NA,NA,NA,NA,NA,NA,NA,NA,NA,NA,NA,NA,NA,NA,NA,NA,NA,NA,NA,NA,NA,NA,NA,NA,NA,NA,NA,NA,NA,NA
"Indian Pied Starling","Gracupica contra","aspsta2","Passeriformes","Sturnidae (Starlings)","Low","Uncertain","Uncertain","Very Large","Diurnal","Diurnal","Omnivore","No","No","No","Non-endemic","Non-specialized","Resident",1,NA,NA,"Indian Pied Starling","Gracupica contra","Indian Pied Starling","Gracupica contra","Least Concern","Schedule-II","","",NA,"X","X","X",2587,0.0579822187862389,0.376923076923077,0.578275995361422,9.03865481252416,0.226866630516258,96.7594142246921,116.749992472812,144.250763261717,-2.13272081372798,-0.717363552878427,0.697993707971124,90.7164392001879,101.464807888387,113.564874588205,88.5951469877173,100.711942063368,114.589359786027,86.4929503633454,99.9699428511998,115.680214027611,84.4218906578569,99.2386483488463,116.823875349843,82.3889719945366,98.5178996647891,118.011888777241,80.3982434196426,97.8075408605574,119.238822358546,78.4519566086963,97.1074188935241,120.501107704186
"White-shouldered Starling","Sturnia sinensis","whssta2","Passeriformes","Sturnidae (Starlings)",NA,NA,NA,NA,"Diurnal","Diurnal","Omnivore","No","No","No","Non-endemic","Non-specialized","Uncertain",NA,1,NA,"White-shouldered Starling","Sturnia sinensis","White-shouldered Starling","Sturnia sinensis","Least Concern","Recent addition","","",NA,"","","",NA,NA,NA,NA,NA,NA,NA,NA,NA,NA,NA,NA,NA,NA,NA,NA,NA,NA,NA,NA,NA,NA,NA,NA,NA,NA,NA,NA,NA,NA,NA,NA,NA
"Brahminy Starling","Sturnia pagodarum","brasta1","Passeriformes","Sturnidae (Starlings)","Low","Stable","Uncertain","Very Large","Diurnal","Diurnal","Omnivore","No","No","No","Non-endemic","Non-specialized","Resident",NA,NA,NA,"Brahminy Starling","Sturnia pagodarum","Brahminy Starling","Sturnia pagodarum","Least Concern","Schedule-II","","",NA,"X","X","X",3163,0.0657603540942144,0.396711982295289,0.599430920012646,10.8362314258615,0.234423747198296,67.1818497470378,79.2268813704215,93.4491974252852,-2.24051633014333,-1.27495350582434,-0.30939068150536,84.6836239585862,92.0781658481654,100.153016062542,82.5022591459831,90.8022843772492,99.9826501341647,80.3543745796769,89.5464585185865,99.8478735915012,78.2479279971803,88.310343818208,99.7388123140329,76.1873248490723,87.0936021687875,99.6492027326403,74.1748948865135,85.8959016858207,99.5749134337537,72.2117118240398,84.716916586336,99.5131237463405
"Chestnut-tailed Starling","Sturnia malabarica","chtsta2","Passeriformes","Sturnidae (Starlings)","Low","Uncertain","Uncertain","Very Large","Diurnal","Diurnal","Omnivore","No","No","No","Non-endemic","Forest & Plantation","Resident & Within-India Migrant",NA,NA,NA,"Chestnut-tailed Starling","Sturnia malabarica","Chestnut-tailed Starling","Sturnia malabarica","Least Concern","Schedule-II","","",NA,"X","X","X",1701,0.072310405643739,0.370958259847149,0.537918871252205,13.5820105820106,0.322621185909037,85.7579841770443,106.748774488532,133.011338223205,-1.15581743024942,0.410981584460455,1.97778059917033,99.0768590620164,113.738806181854,130.677247072073,97.518461917978,114.211388874857,133.905246699179,95.9413075750059,114.692047920082,137.295351257942,94.3623007391752,115.180871129418,140.83312155498,92.7918767347605,115.677947958033,144.510729912208,91.2366468066106,116.183369530206,148.324318503758,89.700873817271,116.697228665691,152.272527482899
"Malabar Starling","Sturnia blythii","malsta1","Passeriformes","Sturnidae (Starlings)","Low","Data Deficient","Uncertain","Moderate","Diurnal","Diurnal","","Yes","Yes","No","Western Ghats","Forest & Plantation","Resident",NA,NA,NA,"Malabar Starling","Sturnia blythii","",NA,"Not recognized","Schedule-II","","",NA,"","X","X",241,0.157676348547718,0.575933609958506,0.672199170124481,19.746887966805,0.735804260882011,NA,NA,NA,-1.26313969341244,4.93713787218924,11.1374154377909,112.400843689423,146.588130262646,192.016749026669,112.909290409417,152.990927729765,208.502478128906,113.365061538549,159.739518496548,226.753727382471,113.80286773373,166.854748005081,246.907075527824,114.245026010881,174.358832306323,269.130307531831,114.706494537463,182.275454861281,293.619530304755,115.197707020876,190.629870615771,320.598747764389
"White-headed Starling","Sturnia erythropygia","whhsta2","Passeriformes","Sturnidae (Starlings)","Moderate","Data Deficient","Uncertain","Restricted","Diurnal","Diurnal","Fruit & Nect","Yes","Yes","No","Andaman and Nicobar Islands","Non-specialized","Resident",NA,NA,1,"White-headed Starling","Sturnia erythropygia","White-headed Starling","Sturnia erythropygia","Least Concern","Schedule-II","","",NA,"X","X","X",28,0.142857142857143,0.582142857142857,0.714285714285714,7.42857142857143,1.82139547640854,45.190518890952,95.245695652391,215.854897102711,-7.18564137056542,-3.93815839828136,-0.690675425997301,35.5128955673854,50.9319401237228,73.4071487998245,32.3596552019246,48.8700083833905,74.2836797077687,29.4615481538501,46.9062773163373,75.3006466537959,26.8117273072708,45.0355591572148,76.4310619653196,24.3965269233415,43.2529634497675,77.6586507628006,22.1994297817612,41.5538788373628,78.9734672832385,20.2031150091825,39.9339560328515,80.3694787319237
"Red-billed Starling","Spodiopsar sericeus","rebsta1","Passeriformes","Sturnidae (Starlings)",NA,NA,NA,NA,"Diurnal","Diurnal","Omnivore","No","No","No","Non-endemic","Non-specialized","Uncertain",NA,1,NA,"Red-billed Starling","Spodiopsar sericeus","Red-billed Starling","Spodiopsar sericeus","Least Concern","Schedule-II","","",NA,"","","",NA,NA,NA,NA,NA,NA,NA,NA,NA,NA,NA,NA,NA,NA,NA,NA,NA,NA,NA,NA,NA,NA,NA,NA,NA,NA,NA,NA,NA,NA,NA,NA,NA
"White-cheeked Starling","Spodiopsar cineraceus","whcsta1","Passeriformes","Sturnidae (Starlings)",NA,NA,NA,NA,"Diurnal","Diurnal","","No","No","No","Non-endemic","Non-specialized","Resident",NA,1,NA,"White-cheeked Starling","Spodiopsar cineraceus","White-cheeked Starling","Spodiopsar cineraceus","Least Concern","Schedule-II","","",NA,"","","",10,NA,0.26,0.4,12.5,3.68713921022187,NA,NA,NA,NA,NA,NA,NA,NA,NA,NA,NA,NA,NA,NA,NA,NA,NA,NA,NA,NA,NA,NA,NA,NA,NA,NA,NA
"Common Myna","Acridotheres tristis","commyn","Passeriformes","Sturnidae (Starlings)","Low","Stable","Stable","Very Large","Diurnal","Diurnal","Omnivore","No","No","No","Non-endemic","Non-specialized","Resident",NA,NA,NA,"Common Myna","Acridotheres tristis","Common Myna","Acridotheres tristis","Least Concern","Schedule-II","","",NA,"X","X","X",4489,0.105368678993094,0.499866339942081,0.709512140788594,9.59545555803074,0.193470285397138,119.908506529521,129.331801609256,139.182535969911,-1.15112566536617,-0.667820548077454,-0.18451543078874,90.3369162683972,93.9506281507929,97.7163928552314,89.2090055123696,93.3073115007476,97.6037154703739,88.0828137959382,92.6689261330777,97.5063482646547,86.9626055035758,92.0354310694448,97.4197958507595,85.8510075435387,91.4067856947171,97.3412037017797,84.7496799000063,90.7829497535739,97.2686875482666,83.659688807615,90.1638833471431,97.2009601536795
"Bank Myna","Acridotheres ginginianus","banmyn1","Passeriformes","Sturnidae (Starlings)","Moderate","Stable","Strong Decline","Large","Diurnal","Diurnal","Omnivore","No","Yes","No","Indian Subcontinent","Non-specialized","Resident",NA,NA,NA,"Bank Myna","Acridotheres ginginianus","Bank Myna","Acridotheres ginginianus","Least Concern","Schedule-II","","",NA,"X","X","X",1489,0.0671591672263264,0.323505708529214,0.488918737407656,10.12760241773,0.31835631301859,41.8396262879033,52.7235676655224,67.3035379899118,-5.81219013635699,-4.5941153008652,-3.37604046537341,49.8756653135809,55.6261944754988,62.0862847595339,46.3395004929079,52.5052535752946,59.5499165822356,43.0404397694141,49.563281667755,57.1463523586257,39.9687066840938,46.7898070157995,54.8608372724971,37.1122012198939,44.1749821725667,52.6826670606297,34.4579789230774,41.7095461062549,50.6035821287954,31.9930208272934,39.3847886609753,48.6168804520863
"Jungle Myna","Acridotheres fuscus","junmyn1","Passeriformes","Sturnidae (Starlings)","Moderate","Uncertain","Moderate Decline","Large","Diurnal","Diurnal","Omnivore","No","No","No","Non-endemic","Non-specialized","Resident",NA,NA,NA,"Jungle Myna","Acridotheres fuscus","Jungle Myna","Acridotheres fuscus","Least Concern","Schedule-II","","",NA,"X","X","X",1371,0.116703136396791,0.487308533916849,0.654266958424508,13.399708242159,0.36412306414659,82.4943004292402,102.941933970976,131.333188771072,-3.2043847517936,-1.59877765923794,0.00682943331771391,71.8362479269376,80.3041041235389,89.8350907732079,69.5019014446036,78.9581981246053,89.786233424103,67.2213749264589,77.6406910023491,89.7836888355769,65.0028211891376,76.3509103103799,89.815770251532,62.8502482542036,75.088201089759,89.87508426341,60.765271896516,73.8519253782792,89.9567720176337,58.7480861027285,72.6414617344601,90.0575327927525
"Collared Myna","Acridotheres albocinctus","colmyn1","Passeriformes","Sturnidae (Starlings)",NA,NA,NA,NA,"Diurnal","Diurnal","Omnivore","No","No","No","Non-endemic","Open Habitat","Resident",NA,1,NA,"Collared Myna","Acridotheres albocinctus","Collared Myna","Acridotheres albocinctus","Least Concern","Schedule-II","","",NA,"","","",NA,NA,NA,NA,NA,NA,NA,NA,NA,NA,NA,NA,NA,NA,NA,NA,NA,NA,NA,NA,NA,NA,NA,NA,NA,NA,NA,NA,NA,NA,NA,NA,NA
"Great Myna","Acridotheres grandis","whvmyn1","Passeriformes","Sturnidae (Starlings)","Low","Data Deficient","Uncertain","Moderate","Diurnal","Diurnal","Invertebrate","No","No","No","Non-endemic","Open Habitat","Resident",NA,NA,NA,"Great Myna","Acridotheres grandis","Great Myna","Acridotheres grandis","Least Concern","Schedule-II","","",NA,"","","X",190,0.0315789473684211,0.386842105263158,0.710526315789474,12.1947368421053,0.811767180584112,NA,NA,NA,NA,NA,NA,NA,NA,NA,NA,NA,NA,NA,NA,NA,NA,NA,NA,NA,NA,NA,NA,NA,NA,NA,NA,NA
"Spot-winged Starling","Saroglossa spilopterus","spwsta1","Passeriformes","Sturnidae (Starlings)","Moderate","Data Deficient","Data Deficient","Restricted","Diurnal","Diurnal","Fruit & Nect","No","No","No","Non-endemic","Forest & Plantation","Within-India Migrant",NA,NA,NA,"Spot-winged Starling","Saroglossa spilopterus","Spot-winged Starling","Saroglossa spilopterus","Least Concern","Schedule-II","","Appendix II",NA,"","X","X",93,0.129032258064516,0.255913978494624,0.419354838709677,15.8709677419355,1.24792505278522,NA,NA,NA,-9.81718750222968,-3.5240444276481,2.76909864693348,29.9296114030222,51.0641377940146,88.5372811750293,26.7928773165887,49.3374294932122,92.7898508403456,23.9749742311844,47.727115757912,97.6045225866954,21.4581143559804,46.2254726757087,102.981388186079,19.2173737048825,44.8254163490831,108.940842307719,17.2258685015834,43.5204479810177,115.517746498521,15.4572466871728,42.3046042442259,122.758543842518
"Grandala","Grandala coelicolor","granda1","Passeriformes","Turdidae (Thrushes and Allies)","Moderate","Data Deficient","Data Deficient","Restricted","Diurnal","Diurnal","Omnivore","No","No","No","Non-endemic","Alpine & Cold Desert","Resident & Altitudinal Migrant",1,NA,NA,"Grandala","Grandala coelicolor","Grandala","Grandala coelicolor","Least Concern","Schedule-II","","",NA,"X","X","X",30,0.133333333333333,0.203333333333333,0.3,11.1333333333333,1.84328016800968,1.68347584435066,8.77479780097894,48.7479439646666,-11.9927259555538,-2.99551073382754,6.00170448789874,58.9756726743004,134.182009458407,317.661898376233,51.0581814114888,130.730737520817,352.852089200899,44.2457961344034,127.8271418751,395.345709723372,38.416943534956,125.438799279093,446.395772494273,33.4423553198917,123.539182055732,507.656881137811,29.2001276012789,122.107147027915,581.245530391491,25.5813324277817,121.126525459113,669.835799269998
"Long-tailed Thrush","Zoothera dixoni","lotthr1","Passeriformes","Turdidae (Thrushes and Allies)","Moderate","Data Deficient","Data Deficient","Moderate","Diurnal","Diurnal","Invertebrate","No","No","No","Non-endemic","Open Habitat","Resident & Winter Migrant",NA,NA,NA,"Long-tailed Thrush","Zoothera dixoni","Long-tailed Thrush","Zoothera dixoni","Least Concern","Schedule-II","","Appendix II",NA,"","","",42,0.0476190476190476,0.219047619047619,0.214285714285714,16.7142857142857,1.8801625945949,NA,NA,NA,NA,NA,NA,NA,NA,NA,NA,NA,NA,NA,NA,NA,NA,NA,NA,NA,NA,NA,NA,NA,NA,NA,NA,NA
"Alpine Thrush","Zoothera mollissima","alpthr1","Passeriformes","Turdidae (Thrushes and Allies)","Moderate","Data Deficient","Data Deficient","Moderate","Diurnal","Diurnal","Invertebrate","No","No","No","Non-endemic","Non-specialized","Resident & Altitudinal Migrant",NA,NA,NA,"Alpine Thrush","Zoothera mollissima","Alpine Thrush","Zoothera mollissima","Least Concern","Schedule-II","","Appendix II",NA,"","X","X",86,0.151162790697674,0.303488372093023,0.383720930232558,13.5813953488372,1.33807052121819,NA,NA,NA,-8.11976759537484,-2.85625638938143,2.40725481661198,49.962353616319,86.5305307538465,152.208953958534,44.4205429618312,83.2084708130187,159.071410108996,39.4773419090417,80.1157473058351,166.86813556944,35.0923611782269,77.2355463226338,175.590087023751,31.2142433317869,74.5525037506319,185.263717362791,27.7896228982658,72.052571388046,195.940272576417,24.7673052973533,69.7228964345763,207.690408711854
"Himalayan Thrush","Zoothera salimalii","himthr1","Passeriformes","Turdidae (Thrushes and Allies)",NA,NA,NA,NA,"Diurnal","Diurnal","Invertebrate","No","No","No","Non-endemic","Forest","Resident & Altitudinal Migrant",1,NA,NA,"Himalayan Thrush","Zoothera salimalii","Himalayan Forest Thrush","Zoothera salimalii","Least Concern","Schedule-II","","Appendix II",NA,"","","X",14,NA,0.277777777777778,0.357142857142857,15.8571428571429,3.42488629794423,NA,NA,NA,NA,NA,NA,NA,NA,NA,NA,NA,NA,NA,NA,NA,NA,NA,NA,NA,NA,NA,NA,NA,NA,NA,NA,NA
"Dark-sided Thrush","Zoothera marginata","dasthr1","Passeriformes","Turdidae (Thrushes and Allies)","Moderate","Data Deficient","Data Deficient","Restricted","Diurnal","Diurnal","Invertebrate","No","No","Yes","Himalayas","Forest","Resident & Altitudinal Migrant",NA,NA,NA,"Dark-sided Thrush","Zoothera marginata","Dark-sided Thrush","Zoothera marginata","Least Concern","Schedule-II","","",NA,"","","X",25,0.16,0.168,0.2,17.4,2.3844429118769,NA,NA,NA,NA,NA,NA,NA,NA,NA,NA,NA,NA,NA,NA,NA,NA,NA,NA,NA,NA,NA,NA,NA,NA,NA,NA,NA
"Long-billed Thrush","Zoothera monticola","lobthr1","Passeriformes","Turdidae (Thrushes and Allies)","Low","Data Deficient","Uncertain","Moderate","Diurnal","Diurnal","Invertebrate","No","No","Yes","Himalayas","Forest","Resident & Altitudinal Migrant",NA,NA,NA,"Long-billed Thrush","Zoothera monticola","Long-billed Thrush","Zoothera monticola","Least Concern","Schedule-II","","",NA,"","","X",79,0.0632911392405063,0.293670886075949,0.506329113924051,15.6835443037975,1.33508535460446,NA,NA,NA,NA,NA,NA,NA,NA,NA,NA,NA,NA,NA,NA,NA,NA,NA,NA,NA,NA,NA,NA,NA,NA,NA,NA,NA
"White's Thrush","Zoothera aurea","scathr2","Passeriformes","Turdidae (Thrushes and Allies)",NA,NA,NA,NA,"Diurnal","Diurnal","Invertebrate","No","No","No","Non-endemic","Forest & Plantation","Uncertain",NA,1,NA,"White's Thrush","Zoothera aurea","White's Thrush","Zoothera aurea","Least Concern","Recent addition","","Appendix II",NA,"","","",NA,NA,NA,NA,NA,NA,NA,NA,NA,NA,NA,NA,NA,NA,NA,NA,NA,NA,NA,NA,NA,NA,NA,NA,NA,NA,NA,NA,NA,NA,NA,NA,NA
"Scaly Thrush","Zoothera dauma","scathr8","Passeriformes","Turdidae (Thrushes and Allies)","Low","Data Deficient","Uncertain","Moderate","Diurnal","Diurnal","Invertebrate","No","No","No","Non-endemic","Forest & Plantation","Resident & Local Migrant",NA,NA,NA,"Scaly Thrush","Zoothera dauma","Scaly Thrush","Zoothera dauma","Least Concern","Schedule-II","","Appendix II",NA,"X","X","X",210,0.119047619047619,0.223333333333333,0.261904761904762,14.2857142857143,0.883642454412886,6.49468387485756,12.0268408764254,21.8182693958212,-7.41338450469861,-4.24436706621526,-1.07534962773191,51.3119267853418,76.6106895640991,115.392913473272,45.5540822465401,72.0746591298214,115.359912689158,40.4087731426669,67.8475175401249,115.614072834395,35.8316529160581,63.9063142411129,116.103373553062,31.7709466472945,60.2299238075422,116.796501846532,28.174162926935,56.7988926978206,117.674439574323,24.9912398629364,53.595299472472,118.725854979925
"Nilgiri Thrush","Zoothera neilgherriensis","scathr4","Passeriformes","Turdidae (Thrushes and Allies)","High","Data Deficient","Strong Decline","Restricted","Diurnal","Diurnal","Omnivore","Yes","Yes","No","Western Ghats","Forest","Resident & Local Migrant",NA,NA,NA,"Nilgiri Thrush","Zoothera neilgherriensis","",NA,"Not recognized","Schedule-I","","",NA,"X","X","X",32,0.21875,0.271875,0.25,23.40625,0.805918348891899,7.99671896515254,30.7991648076587,119.636314696851,-11.6603515653401,-4.72843232773646,2.20348690986718,25.2837094848017,48.0692026245891,93.837358643654,21.721475327957,45.2404538345536,97.5646206817005,18.6674062927434,42.668679176754,101.986688365826,16.0605298720578,40.3289139475768,107.105060863088,13.8398477235886,38.1990102963709,112.952179592975,11.9492589303237,36.2592992763125,119.583923745555,10.3392061077483,34.4922970621316,127.076484999244
"Purple Cochoa","Cochoa purpurea","purcoc1","Passeriformes","Turdidae (Thrushes and Allies)","Moderate","Data Deficient","Data Deficient","Restricted","Diurnal","Diurnal","Omnivore","No","No","No","Non-endemic","Forest","Resident & Local Migrant",1,NA,NA,"Purple Cochoa","Cochoa purpurea","Purple Cochoa","Cochoa purpurea","Least Concern","Schedule-II","","",NA,"","","X",25,NA,0.244,0.36,13.88,2.66185030383003,NA,NA,NA,NA,NA,NA,NA,NA,NA,NA,NA,NA,NA,NA,NA,NA,NA,NA,NA,NA,NA,NA,NA,NA,NA,NA,NA
"Green Cochoa","Cochoa viridis","grecoc1","Passeriformes","Turdidae (Thrushes and Allies)",NA,NA,NA,NA,"Diurnal","Diurnal","Omnivore","No","No","No","Non-endemic","Forest","Resident & Altitudinal Migrant",1,NA,NA,"Green Cochoa","Cochoa viridis","Green Cochoa","Cochoa viridis","Least Concern","Schedule-II","","",NA,"","","X",40,0.075,0.235,0.55,13.075,2.00027812809709,NA,NA,NA,NA,NA,NA,NA,NA,NA,NA,NA,NA,NA,NA,NA,NA,NA,NA,NA,NA,NA,NA,NA,NA,NA,NA,NA
"Siberian Thrush","Geokichla sibirica","sibthr1","Passeriformes","Turdidae (Thrushes and Allies)",NA,NA,NA,NA,"Diurnal","Diurnal","Invertebrate","No","No","No","Non-endemic","Forest","Uncertain",NA,1,NA,"Siberian Thrush","Geokichla sibirica","Siberian Thrush","Geokichla sibirica","Least Concern","Schedule-II","","Appendix II",NA,"","","",1,NA,NA,NA,18,NA,NA,NA,NA,NA,NA,NA,NA,NA,NA,NA,NA,NA,NA,NA,NA,NA,NA,NA,NA,NA,NA,NA,NA,NA,NA,NA,NA
"Pied Thrush","Geokichla wardii","piethr1","Passeriformes","Turdidae (Thrushes and Allies)","Moderate","Data Deficient","Data Deficient","Restricted","Diurnal","Diurnal","Invertebrate","No","Yes","No","Indian Subcontinent","Forest & Plantation","Within-India Migrant",NA,NA,NA,"Pied Thrush","Geokichla wardii","Pied Thrush","Geokichla wardii","Least Concern","Schedule-II","","Appendix II",NA,"","","X",33,0.151515151515152,0.278787878787879,0.212121212121212,20.4848484848485,1.92085684029765,NA,NA,NA,NA,NA,NA,NA,NA,NA,NA,NA,NA,NA,NA,NA,NA,NA,NA,NA,NA,NA,NA,NA,NA,NA,NA,NA
"Orange-headed Thrush","Geokichla citrina","orhthr1","Passeriformes","Turdidae (Thrushes and Allies)","Moderate","Moderate Decline","Uncertain","Large","Diurnal","Diurnal","Omnivore","No","No","No","Non-endemic","Forest & Plantation","Resident & Within-India Migrant",1,NA,NA,"Orange-headed Thrush","Geokichla citrina","Orange-headed Thrush","Geokichla citrina","Least Concern","Schedule-II","","Appendix II",NA,"X","X","X",1086,0.0976058931860037,0.400092081031308,0.548802946593002,15.255985267035,0.399008606638727,48.1569650644868,61.7073426882537,77.7884995015549,-3.21065222510064,-1.80437674460177,-0.39810126410289,75.2965030507899,84.2400905680483,94.3198192399517,72.6389823714805,82.5982675113128,94.0195710015802,70.0510871991982,80.9933651471446,93.7678264281062,67.5409370983996,79.4244740881111,93.5519485849908,65.1122217944757,77.8907089753596,93.363922567607,62.7660879122427,76.3912078064638,93.1984604090314,60.5021824586719,74.9251312829867,93.0519496222808
"Chinese Thrush","Turdus mupinensis","chithr2","Passeriformes","Turdidae (Thrushes and Allies)",NA,NA,NA,NA,"Diurnal","Diurnal","Omnivore","No","No","No","Non-endemic","Forest","Uncertain",NA,1,NA,"Chinese Thrush","Turdus mupinensis","Chinese Thrush","Otocichla mupinensis","Least Concern","Schedule-II","","",NA,"","","",NA,NA,NA,NA,NA,NA,NA,NA,NA,NA,NA,NA,NA,NA,NA,NA,NA,NA,NA,NA,NA,NA,NA,NA,NA,NA,NA,NA,NA,NA,NA,NA,NA
"Mistle Thrush","Turdus viscivorus","misthr1","Passeriformes","Turdidae (Thrushes and Allies)","Low","Data Deficient","Uncertain","Moderate","Diurnal","Diurnal","Omnivore","No","No","No","Non-endemic","Non-specialized","Resident & Altitudinal Migrant",NA,NA,NA,"Mistle Thrush","Turdus viscivorus","Mistle Thrush","Turdus viscivorus","Least Concern","Schedule-II","","Appendix II",NA,"","X","X",127,0.181102362204724,0.311023622047244,0.409448818897638,12.1259842519685,1.02776659844297,NA,NA,NA,-9.12720838833379,-5.60656827474991,-2.08592816116603,33.329259137086,49.7599594147593,75.0533868558094,29.1925288949268,46.1549689711824,73.958325631632,25.557627451769,42.8455096962703,73.0684242274161,22.3755795668012,39.8051221306013,72.3424060096534,19.5956789484253,37.009889084491,71.7539900588002,17.1696561404252,34.438176551242,71.2857320027482,15.0533731241139,32.0704023797574,70.9256511485961
"Song Thrush","Turdus philomelos","sonthr1","Passeriformes","Turdidae (Thrushes and Allies)",NA,NA,NA,NA,"24 hour","Diurnal","Omnivore","No","No","No","Non-endemic","Non-specialized","Uncertain",NA,1,NA,"Song Thrush","Turdus philomelos","Song Thrush","Turdus philomelos","Least Concern","Schedule-II","","Appendix II",NA,"","","",2,1,NA,NA,19,7.84,NA,NA,NA,NA,NA,NA,NA,NA,NA,NA,NA,NA,NA,NA,NA,NA,NA,NA,NA,NA,NA,NA,NA,NA,NA,NA,NA
"Chinese Blackbird","Turdus mandarinus","chibla1","Passeriformes","Turdidae (Thrushes and Allies)",NA,NA,NA,NA,"24 hour","Diurnal","Omnivore","No","No","No","Non-endemic","Non-specialized","Uncertain",NA,1,NA,"Chinese Blackbird","Turdus mandarinus","Chinese Blackbird","Turdus mandarinus","Least Concern","Recent addition","","Appendix II",NA,"","","",NA,NA,NA,NA,NA,NA,NA,NA,NA,NA,NA,NA,NA,NA,NA,NA,NA,NA,NA,NA,NA,NA,NA,NA,NA,NA,NA,NA,NA,NA,NA,NA,NA
"Gray-winged Blackbird","Turdus boulboul","gywbla1","Passeriformes","Turdidae (Thrushes and Allies)","Low","Uncertain","Uncertain","Moderate","Diurnal","Diurnal","Invertebrate","No","No","No","Non-endemic","Forest","Resident & Altitudinal Migrant",NA,NA,NA,"Grey-winged Blackbird","Turdus boulboul","Grey-winged Blackbird","Turdus boulboul","Least Concern","Schedule-II","","",NA,"X","X","X",270,0.140740740740741,0.391481481481481,0.451851851851852,13.4444444444444,0.732948818371387,47.8116536091376,78.1417422317795,127.371337915747,-4.05875306935255,-0.788708693222758,2.48133568290703,76.0046072084834,94.2223372917906,117.146960440051,73.1298679959879,93.5100214325752,120.026612650341,70.3313977266433,92.8286814507428,123.120148152723,67.6258507279121,92.1777497136498,126.408577221054,65.0211835467374,91.5566855380524,129.882430524328,62.5203852563836,90.9649744884175,133.538016258221,60.1235403700468,90.4021277110245,137.375347812905
"Indian Blackbird","Turdus simillimus","eurbla2","Passeriformes","Turdidae (Thrushes and Allies)","Low","Uncertain","Uncertain","Moderate","Diurnal","Diurnal","Omnivore","No","Yes","No","Indian Subcontinent","Non-specialized","Resident & Within-India Migrant",NA,NA,NA,"Indian Blackbird","Turdus simillimus","Indian Blackbird","Turdus simillimus","Least Concern","Schedule-II","","",NA,"X","X","X",416,0.134615384615385,0.437740384615385,0.576923076923077,18.1057692307692,0.555257007141259,45.3750479737602,67.7407444180176,101.594712368123,-3.15619061110367,-0.505237288057699,2.14571603498827,88.2967592320472,108.800265490588,134.392472259463,85.2681910550104,108.2801432052,137.943132621466,82.2991226135283,107.782213911782,141.733618724727,79.4100084576362,107.30619515805,145.742842124396,76.6115875599633,106.851817891767,149.960123039023,73.9089863198566,106.418826208189,154.381082937075,71.3039941993583,106.00697711076,159.005366665173
"Japanese Thrush","Turdus cardis","japthr1","Passeriformes","Turdidae (Thrushes and Allies)",NA,NA,NA,NA,"Diurnal","Diurnal","Omnivore","No","No","No","Non-endemic","Non-specialized","Uncertain",NA,1,NA,"Japanese Thrush","Turdus cardis","Japanese Thrush","Turdus cardis","Least Concern","Schedule-II","","Appendix II",NA,"","","",NA,NA,NA,NA,NA,NA,NA,NA,NA,NA,NA,NA,NA,NA,NA,NA,NA,NA,NA,NA,NA,NA,NA,NA,NA,NA,NA,NA,NA,NA,NA,NA,NA
"Tickell's Thrush","Turdus unicolor","ticthr1","Passeriformes","Turdidae (Thrushes and Allies)","Low","Uncertain","Uncertain","Moderate","Diurnal","Diurnal","Omnivore","No","Yes","No","Indian Subcontinent","Forest & Plantation","Within-India Migrant",NA,NA,NA,"Tickell's Thrush","Turdus unicolor","Tickell's Thrush","Turdus unicolor","Least Concern","Schedule-II","","Appendix II",NA,"X","X","X",329,0.109422492401216,0.279939209726444,0.410334346504559,14.9939209726444,0.684617388270627,41.3421764181377,64.83415401243,101.738778664861,-3.76259603195903,-0.458877368391028,2.84484129517697,60.7652043118917,80.1914594714148,106.182425282237,58.1562648233749,79.8774008698273,110.193132709059,55.6193379972439,79.5826755935679,114.509465450363,53.1721628770827,79.3071159237,119.116562784323,50.8232003708447,79.0505675961367,124.01015191764,48.5756214684279,78.8128896889675,129.192570348886,46.4295131067092,78.593954525559,134.670576519464
"Black-breasted Thrush","Turdus dissimilis","blbthr2","Passeriformes","Turdidae (Thrushes and Allies)",NA,NA,NA,NA,"Diurnal","Diurnal","Omnivore","No","No","No","Non-endemic","Forest","Resident & Altitudinal Migrant",1,NA,NA,"Black-breasted Thrush","Turdus dissimilis","Black-breasted Thrush","Turdus dissimilis","Least Concern","Schedule-II","","",NA,"","","X",63,0.0476190476190476,0.225396825396825,0.333333333333333,12.952380952381,1.48654370483344,NA,NA,NA,NA,NA,NA,NA,NA,NA,NA,NA,NA,NA,NA,NA,NA,NA,NA,NA,NA,NA,NA,NA,NA,NA,NA,NA
"Gray-sided Thrush","Turdus feae","gysthr1","Passeriformes","Turdidae (Thrushes and Allies)",NA,NA,NA,NA,"Diurnal","Diurnal","Omnivore","No","No","No","Non-endemic","Forest","Winter Migrant",NA,1,NA,"Grey-sided Thrush","Turdus feae","Grey-sided Thrush","Turdus feae","Vulnerable","Schedule-II","","Appendix II",NA,"","","",3,0.333333333333333,0.333333333333333,NA,16,4.52642611044667,NA,NA,NA,NA,NA,NA,NA,NA,NA,NA,NA,NA,NA,NA,NA,NA,NA,NA,NA,NA,NA,NA,NA,NA,NA,NA,NA
"Eyebrowed Thrush","Turdus obscurus","eyethr","Passeriformes","Turdidae (Thrushes and Allies)",NA,NA,NA,NA,"24 hour","Diurnal","Fruit & Nect","No","No","No","Non-endemic","Non-specialized","Winter Migrant",NA,NA,NA,"Eyebrowed Thrush","Turdus obscurus","Eyebrowed Thrush","Turdus obscurus","Least Concern","Schedule-II","","Appendix II",NA,"","","",46,0.173913043478261,0.173913043478261,0.369565217391304,13.304347826087,1.85178783483832,NA,NA,NA,NA,NA,NA,NA,NA,NA,NA,NA,NA,NA,NA,NA,NA,NA,NA,NA,NA,NA,NA,NA,NA,NA,NA,NA
"White-backed Thrush","Turdus kessleri","whbthr2","Passeriformes","Turdidae (Thrushes and Allies)",NA,NA,NA,NA,"Diurnal","Diurnal","Omnivore","No","No","No","Non-endemic","Non-specialized","Winter Migrant",NA,1,NA,"White-backed Thrush","Turdus kessleri","White-backed Thrush","Turdus kessleri","Least Concern","Schedule-II","","Appendix II",NA,"","","",1,NA,NA,NA,4,NA,NA,NA,NA,NA,NA,NA,NA,NA,NA,NA,NA,NA,NA,NA,NA,NA,NA,NA,NA,NA,NA,NA,NA,NA,NA,NA,NA
"Tibetan Blackbird","Turdus maximus","tibbla1","Passeriformes","Turdidae (Thrushes and Allies)","Moderate","Data Deficient","Data Deficient","Restricted","Diurnal","Diurnal","Omnivore","No","No","Yes","Himalayas","Alpine & Cold Desert","Winter Migrant & Localized Summer Migrant",NA,NA,NA,"Tibetan Blackbird","Turdus maximus","Tibetan Blackbird","Turdus maximus","Least Concern","Schedule-II","","Appendix II",NA,"","","X",22,0.0909090909090909,0.163636363636364,0.363636363636364,11.5909090909091,2.71934099130603,NA,NA,NA,NA,NA,NA,NA,NA,NA,NA,NA,NA,NA,NA,NA,NA,NA,NA,NA,NA,NA,NA,NA,NA,NA,NA,NA
"Fieldfare","Turdus pilaris","fieldf","Passeriformes","Turdidae (Thrushes and Allies)",NA,NA,NA,NA,"Diurnal","Diurnal","Invertebrate","No","No","No","Non-endemic","Non-specialized","Uncertain",NA,1,NA,"Fieldfare","Turdus pilaris","Fieldfare","Turdus pilaris","Least Concern","Schedule-II","","Appendix II",NA,"","","",NA,NA,NA,NA,NA,NA,NA,NA,NA,NA,NA,NA,NA,NA,NA,NA,NA,NA,NA,NA,NA,NA,NA,NA,NA,NA,NA,NA,NA,NA,NA,NA,NA
"White-collared Blackbird","Turdus albocinctus","whcbla1","Passeriformes","Turdidae (Thrushes and Allies)","Low","Data Deficient","Uncertain","Moderate","Diurnal","Diurnal","Omnivore","No","No","Yes","Himalayas","Forest","Resident & Altitudinal Migrant",NA,NA,NA,"White-collared Blackbird","Turdus albocinctus","White-collared Blackbird","Turdus albocinctus","Least Concern","Schedule-II","","",NA,"X","X","X",114,0.175438596491228,0.418421052631579,0.56140350877193,12.9210526315789,1.17076063164692,11.9495028554478,29.4098703574585,69.2155048870444,-8.23686978260517,-3.55176209289335,1.13334559681846,45.8027006847848,72.763510544532,117.236935139065,41.0791902655616,69.7156904770415,120.523089240432,36.8281803611752,66.8632365139236,124.292082352811,33.0218136322217,64.1923880021431,128.513197966504,29.6231893410645,61.69048028561,133.178272827771,26.5931332089929,59.3458511999298,138.293598375924,23.893450973975,57.1477560910493,143.87560144008
"Chestnut Thrush","Turdus rubrocanus","chethr1","Passeriformes","Turdidae (Thrushes and Allies)",NA,NA,NA,NA,"Diurnal","Diurnal","Omnivore","No","No","No","Non-endemic","Forest & Plantation","Resident & Altitudinal Migrant",NA,NA,NA,"Chestnut Thrush","Turdus rubrocanus","Chestnut Thrush","Turdus rubrocanus","Least Concern","Schedule-II","","Appendix II",NA,"","X","X",110,0.145454545454545,0.241818181818182,0.236363636363636,13.9727272727273,1.22360309920867,NA,NA,NA,-7.73574276334215,-2.00619361979282,3.72335552375652,54.4556574280489,103.194212408061,198.672805349987,48.5110942310108,100.79947205537,213.835082672784,43.1749795467303,98.5792568827491,231.115012654744,38.4187858696658,96.5238627208962,250.641680881757,34.1967453989532,94.6243934623757,272.608797511364,30.457547150482,92.8726997235952,297.264661861302,27.1500472378278,91.2613232435593,324.909143758629
"Black-throated Thrush","Turdus atrogularis","datthr1","Passeriformes","Turdidae (Thrushes and Allies)",NA,NA,NA,NA,"Diurnal","Diurnal","Invertebrate","No","No","No","Non-endemic","Non-specialized","Winter Migrant",NA,NA,NA,"Black-throated Thrush","Turdus atrogularis","Black-throated Thrush","Turdus atrogularis","Least Concern","Schedule-II","","Appendix II",NA,"X","X","X",287,0.142857142857143,0.302090592334495,0.317073170731707,14.0278745644599,0.68820461044368,8.63076136309974,24.3762152694095,60.8801841720185,-9.80063346301123,-1.75001825028537,6.30059696244048,159.950083786082,532.328229405449,1813.85363574219,141.568935482718,560.562659041848,2289.20613314813,124.985132522725,591.296045901984,2909.77236544105,110.221455099618,624.770323147355,3719.72033392111,97.1804935135129,661.254626124606,4778.00860951112,85.7142373857791,701.04860499585,6163.23816600359,75.6592383555284,744.48617540494,7980.27065478654
"Red-throated Thrush","Turdus ruficollis","retthr1","Passeriformes","Turdidae (Thrushes and Allies)",NA,NA,NA,NA,"Diurnal","Diurnal","Invertebrate","No","No","No","Non-endemic","Non-specialized","Winter Migrant",1,NA,NA,"Red-throated Thrush","Turdus ruficollis","Rufous-throated Thrush","Turdus ruficollis","Least Concern","Schedule-II","","Appendix II",NA,"","","X",39,0.205128205128205,0.243589743589744,0.384615384615385,14.7179487179487,1.97442698938178,NA,NA,NA,NA,NA,NA,NA,NA,NA,NA,NA,NA,NA,NA,NA,NA,NA,NA,NA,NA,NA,NA,NA,NA,NA,NA,NA
"Dusky Thrush","Turdus eunomus","dusthr2","Passeriformes","Turdidae (Thrushes and Allies)",NA,NA,NA,NA,"Diurnal","Diurnal","Invertebrate","No","No","No","Non-endemic","Non-specialized","Winter Migrant",NA,NA,NA,"Dusky Thrush","Turdus eunomus","Dusky Thrush","Turdus eunomus","Least Concern","Schedule-II","","Appendix II",NA,"","","",14,0.214285714285714,0.193877551020408,0.142857142857143,17.1428571428571,2.96934077117878,NA,NA,NA,NA,NA,NA,NA,NA,NA,NA,NA,NA,NA,NA,NA,NA,NA,NA,NA,NA,NA,NA,NA,NA,NA,NA,NA
"Naumann's Thrush","Turdus naumanni","dusthr1","Passeriformes","Turdidae (Thrushes and Allies)",NA,NA,NA,NA,"Diurnal","Diurnal","Invertebrate","No","No","No","Non-endemic","Non-specialized","Winter Migrant",NA,1,NA,"Naumann's Thrush","Turdus naumanni","Naumann's Thrush","Turdus naumanni","Least Concern","Schedule-II","","Appendix II",NA,"","","",1,1,NA,NA,15,NA,NA,NA,NA,NA,NA,NA,NA,NA,NA,NA,NA,NA,NA,NA,NA,NA,NA,NA,NA,NA,NA,NA,NA,NA,NA,NA,NA
"Gray-streaked Flycatcher","Muscicapa griseisticta","gysfly1","Passeriformes","Muscicapidae (Old World Flycatchers)",NA,NA,NA,NA,"Diurnal","Diurnal","Invertebrate","No","No","No","Non-endemic","Forest","Uncertain",NA,NA,NA,"Grey-streaked Flycatcher","Muscicapa greseisticta","Grey-streaked Flycatcher","Muscicapa griseisticta","Least Concern","Recent addition","","Appendix II",NA,"","","",NA,NA,NA,NA,NA,NA,NA,NA,NA,NA,NA,NA,NA,NA,NA,NA,NA,NA,NA,NA,NA,NA,NA,NA,NA,NA,NA,NA,NA,NA,NA,NA,NA
"Dark-sided Flycatcher","Muscicapa sibirica","dasfly","Passeriformes","Muscicapidae (Old World Flycatchers)","Low","Uncertain","Uncertain","Moderate","Diurnal","Diurnal","Invertebrate","No","No","No","Non-endemic","Forest","Summer Migrant",NA,NA,NA,"Dark-sided Flycatcher","Muscicapa sibirica","Dark-sided Flycatcher","Muscicapa sibirica","Least Concern","Schedule-II","","Appendix II",NA,"X","X","X",267,0.116104868913858,0.297003745318352,0.471910112359551,12.9438202247191,0.748876859812094,19.5335911678655,68.0973064963576,232.491641429042,-12.0593222242625,0.574328261682595,13.2079787476277,65.9794164468146,119.717735037345,223.058005002319,61.2637291793768,120.871789508625,246.972226956802,56.9402057281008,122.327979373055,274.906754214144,53.0101040771744,124.094262309616,307.41293067612,49.4551735383162,126.180736037779,345.19512683361,46.2487147539304,128.599714951675,389.123369316468,43.3612194937517,131.365829869044,440.257472979395
"Ferruginous Flycatcher","Muscicapa ferruginea","ferfly1","Passeriformes","Muscicapidae (Old World Flycatchers)",NA,NA,NA,NA,"Diurnal","Diurnal","Invertebrate","No","No","No","Non-endemic","Forest","Summer Migrant",NA,NA,NA,"Ferruginous Flycatcher","Muscicapa ferruginea","Ferruginous Flycatcher","Muscicapa ferruginea","Least Concern","Schedule-II","","Appendix II",NA,"","","",31,0.161290322580645,0.329032258064516,0.548387096774194,15.0967741935484,2.05738237928585,NA,NA,NA,NA,NA,NA,NA,NA,NA,NA,NA,NA,NA,NA,NA,NA,NA,NA,NA,NA,NA,NA,NA,NA,NA,NA,NA
"Asian Brown Flycatcher","Muscicapa dauurica","asbfly","Passeriformes","Muscicapidae (Old World Flycatchers)","Moderate","Moderate Decline","Uncertain","Moderate","Diurnal","Diurnal","Invertebrate","No","No","No","Non-endemic","Forest & Plantation","Within-India Migrant & Winter Migrant",NA,NA,NA,"Asian Brown Flycatcher","Muscicapa dauurica","Asian Brown Flycatcher","Muscicapa dauurica","Least Concern","Schedule-II","","Appendix II",NA,"X","X","X",862,0.0974477958236659,0.38631090487239,0.498839907192575,16.792343387471,0.435120783802027,40.9675227956154,54.3558430417082,73.573793397112,-3.87698352752836,-2.14862191296751,-0.420260298406649,70.8745190961806,81.4825696226871,93.7908916083221,67.7982798669168,79.5364378364645,93.4540768033238,64.8292638688758,77.6445442402055,93.1807662809765,61.9752101026645,75.8052226048832,92.9553030533454,59.2385346965167,74.0168620181596,92.7677706468185,56.61866379999,72.2779049307883,92.6116380444778,54.1133178961976,70.5868452756372,92.4824544476893
"Brown-breasted Flycatcher","Muscicapa muttui","brbfly2","Passeriformes","Muscicapidae (Old World Flycatchers)","Low","Uncertain","Uncertain","Moderate","Diurnal","Diurnal","Invertebrate","No","No","No","Non-endemic","Forest & Plantation","Winter Migrant",NA,NA,NA,"Brown-breasted Flycatcher","Muscicapa muttui","Brown-breasted Flycatcher","Muscicapa muttui","Least Concern","Schedule-II","","Appendix II",NA,"X","X","X",363,0.0991735537190083,0.409090909090909,0.454545454545455,19.2589531680441,0.615286844853483,9.37169377877058,88.7316742537098,664.429371801917,-146.332826140575,3.63051957037077,153.593865281316,48.1607669571686,118.974075179084,310.12276378117,42.76567327492,120.149444121447,362.202883539306,38.1199487160008,122.124786769038,428.100557137549,34.1462142926869,124.946502606917,511.538253142326,30.7593665082958,128.679175085351,617.552984809396,27.8785997300079,133.407917891828,752.923836369747,25.4319279531938,139.241487024992,926.780622219572
"Spotted Flycatcher","Muscicapa striata","spofly1","Passeriformes","Muscicapidae (Old World Flycatchers)",NA,NA,NA,NA,"Diurnal","Diurnal","Invertebrate","No","No","No","Non-endemic","Forest & Plantation","Passage Migrant",NA,NA,NA,"Spotted Flycatcher","Muscicapa striata","Spotted Flycatcher","Muscicapa striata","Least Concern","Schedule-II","","Appendix II",NA,"","","",127,0.031496062992126,0.245669291338583,0.480314960629921,13.992125984252,1.10313774993738,NA,NA,NA,NA,NA,NA,NA,NA,NA,NA,NA,NA,NA,NA,NA,NA,NA,NA,NA,NA,NA,NA,NA,NA,NA,NA,NA
"Rufous-tailed Scrub-Robin","Cercotrichas galactotes","rutscr1","Passeriformes","Muscicapidae (Old World Flycatchers)",NA,NA,NA,NA,"Diurnal","Diurnal","Invertebrate","No","No","No","Non-endemic","Grassland & Scrub","Passage Migrant",NA,NA,NA,"Rufous-tailed Scrub-Robin","Cercotrichas galactotes","Rufous-tailed Scrub-robin","Cercotrichas galactotes","Least Concern","Schedule-II","","Appendix II",NA,"","","",50,0.06,0.222,0.38,15,1.80333912506772,NA,NA,NA,NA,NA,NA,NA,NA,NA,NA,NA,NA,NA,NA,NA,NA,NA,NA,NA,NA,NA,NA,NA,NA,NA,NA,NA
"Indian Robin","Copsychus fulicatus","indrob1","Passeriformes","Muscicapidae (Old World Flycatchers)","Low","Stable","Uncertain","Very Large","Diurnal","Diurnal","Invertebrate","No","Yes","No","Indian Subcontinent","Non-specialized","Resident",NA,NA,NA,"Indian Robin","Copsychus fulicatus","Indian Robin","Copsychus fulicatus","Least Concern","Schedule-II","","",NA,"X","X","X",3481,0.0723929905199655,0.443234702671646,0.646653260557311,10.2154553289285,0.222915972246672,116.748665597101,133.946971920787,154.65035790718,0.302893240816978,1.34975084773794,2.39660845465891,110.65009394162,119.576483124187,129.25750602657,110.850846022188,121.149945267197,132.452332957403,111.022135418508,122.74652274815,135.769808933647,111.173868935322,124.366581792753,139.202587329303,111.3123578073,126.010494790488,142.746991946235,111.441779022242,127.678640403724,146.401557938432,111.564992511494,129.371403678837,150.166216938535
"Oriental Magpie-Robin","Copsychus saularis","magrob","Passeriformes","Muscicapidae (Old World Flycatchers)","Low","Stable","Stable","Very Large","Diurnal","Diurnal","Invertebrate","No","No","No","Non-endemic","Non-specialized","Resident",NA,NA,NA,"Oriental Magpie-Robin","Copsychus saularis","Oriental Magpie-robin","Copsychus saularis","Least Concern","Schedule-II","","",NA,"X","X","X",3776,0.0831567796610169,0.448755296610169,0.675317796610169,10.5222457627119,0.210259997420784,147.711446281854,165.834824647821,186.742861821484,0.702151757259006,1.60212476307275,2.5020977688865,103.794773496041,110.079872117683,116.765984409721,104.446404674872,111.719554269036,119.526601843541,105.080685320598,113.385141865676,122.381762561329,105.704490949889,115.077064933422,125.326522196382,106.322218346534,116.795760954556,128.358466091635,106.936792645353,118.541675002279,131.476703605966,107.550230736681,120.315259877675,134.681306138858
"White-rumped Shama","Copsychus malabaricus","whrsha","Passeriformes","Muscicapidae (Old World Flycatchers)","Low","Uncertain","Uncertain","Large","Diurnal","Diurnal","Invertebrate","No","No","No","Non-endemic","Forest","Resident",NA,NA,NA,"White-rumped Shama","Copsychus malabaricus","White-rumped Shama","Copsychus malabaricus","Least Concern","Schedule-II","Appendix I","",NA,"X","X","X",849,0.0753828032979976,0.347114252061249,0.525323910482921,14.0636042402827,0.476672624577127,82.0899449558555,118.916792888207,167.740461106096,-2.62237739414008,-0.476858784839291,1.6686598244615,80.6338133482305,93.5134840510871,108.59217825399,78.5387656628264,93.0573918353269,110.449177989694,76.4660591486687,92.61375284212,112.417643933239,74.4297052610955,92.1824079799373,114.482577626514,72.4376983047471,91.7632030693264,116.635168838524,70.4945134755814,91.3559887490248,118.870295489083,68.6024957381038,90.9606203852196,121.185133034337
"Andaman Shama","Copsychus albiventris","andsha1","Passeriformes","Muscicapidae (Old World Flycatchers)","Moderate","Data Deficient","Uncertain","Restricted","Diurnal","Diurnal","","Yes","Yes","No","Andaman Islands","Forest & Plantation","Resident",NA,NA,1,"Andaman Shama","Copsychus albiventris","Andaman Shama","Copsychus albiventris","Least Concern","Schedule-II","","",NA,"","X","X",25,0.08,0.524,0.72,7.48,1.95056931176516,NA,NA,NA,-2.22598945156096,7.41641143616577,17.0588123238925,102.336370736087,154.688125276656,235.569245756907,102.294576319834,164.019663201944,265.562724016063,102.192125410572,174.034047071651,300.076394878277,102.078538381904,184.787540242241,339.705487598283,101.985002074353,196.341521928082,385.164705549181,101.931859035781,208.762993492211,437.297110818619,101.932831778881,222.125138736765,497.089051090072
"White-tailed Flycatcher","Leucoptilon concretum","whtfly2","Passeriformes","Muscicapidae (Old World Flycatchers)",NA,NA,NA,NA,"Diurnal","Diurnal","Invertebrate","No","No","No","Non-endemic","Forest","Resident & Winter Migrant",NA,NA,NA,"White-tailed Flycatcher","Leucoptilon concretum","White-tailed Flycatcher","Cyornis concretus","Least Concern","Schedule-II","","",NA,"","","",11,0.0909090909090909,0.272727272727273,0.272727272727273,11.5454545454545,4.14823192446777,NA,NA,NA,NA,NA,NA,NA,NA,NA,NA,NA,NA,NA,NA,NA,NA,NA,NA,NA,NA,NA,NA,NA,NA,NA,NA,NA
"Nilgiri Sholakili","Sholicola major","whbsho1","Passeriformes","Muscicapidae (Old World Flycatchers)","High","Data Deficient","Uncertain","Restricted","Diurnal","Diurnal","Invertebrate","Yes","Yes","No","Western Ghats","Forest & Plantation","Resident",NA,NA,NA,"Nilgiri Sholakili","Sholicola major","Nilgiri Blue Sholakili","Sholicola major","Near Threatened","Schedule-I","","",NA,"X","X","X",17,0.117647058823529,0.352941176470588,0.470588235294118,24.0588235294118,0.682089198522073,18.2149246683601,124.718022019441,733.945663297045,-21.5515227022581,13.2490576131629,48.0496379285839,125.444267747312,247.707392524739,504.2422078968,124.951732135305,271.908273668197,615.80941113011,124.510603023974,299.213394306884,756.70408902126,124.220989683079,330.081306392436,934.849716070355,124.146560186858,365.047008934084,1160.60448924964,124.330745157716,404.736031966654,1447.50382601832,124.805980921975,449.881351752721,1813.26435932588
"White-bellied Sholakili","Sholicola albiventris","whbsho3","Passeriformes","Muscicapidae (Old World Flycatchers)","High","Uncertain","Uncertain","Restricted","Diurnal","Diurnal","Invertebrate","Yes","Yes","No","Western Ghats","Forest & Plantation","Resident",NA,NA,NA,"White-bellied Sholakili","Sholicola albiventris","White-bellied Sholakili","Sholicola albiventris","Near Threatened","Schedule-I","","",NA,"X","X","X",18,0.222222222222222,0.4,0.388888888888889,23.3333333333333,0.937441937199801,21.2530511352827,152.274623980428,1057.81062716713,-17.4594698584002,5.27675587445021,28.0129816073006,109.58252991107,230.65050367294,502.567907200434,103.427114556345,241.986456901676,592.474853787235,97.7456613490376,254.735530242692,703.538989645341,92.5796372051864,269.055594133582,840.720524434065,87.9292633461179,285.128353628332,1010.41881411079,83.7747643299018,303.162947623456,1220.84541300561,80.0875262736353,323.400174466805,1482.52859885005
"Large Niltava","Niltava grandis","larnil1","Passeriformes","Muscicapidae (Old World Flycatchers)","Low","Data Deficient","Uncertain","Moderate","Diurnal","Diurnal","Omnivore","No","No","No","Non-endemic","Forest","Resident",NA,NA,NA,"Large Niltava","Niltava grandis","Large Niltava","Niltava grandis","Least Concern","Schedule-II","","",NA,"","","X",140,0.0928571428571429,0.3,0.528571428571429,11.0071428571429,1.05974737046554,NA,NA,NA,NA,NA,NA,NA,NA,NA,NA,NA,NA,NA,NA,NA,NA,NA,NA,NA,NA,NA,NA,NA,NA,NA,NA,NA
"Small Niltava","Niltava macgrigoriae","smanil1","Passeriformes","Muscicapidae (Old World Flycatchers)","Low","Uncertain","Uncertain","Moderate","Diurnal","Diurnal","Invertebrate","No","No","No","Non-endemic","Forest & Plantation","Resident & Local Migrant",NA,NA,NA,"Small Niltava","Niltava macgrigoriae","Small Niltava","Niltava macgrigoriae","Least Concern","Schedule-II","","",NA,"X","X","X",292,0.102739726027397,0.333561643835616,0.534246575342466,12.1267123287671,0.754100669749558,70.4437970133387,123.460822378545,224.988948317878,-4.7270224743738,-1.05088439775749,2.62525367885881,62.8398915344899,81.0938989655512,105.074778463659,60.0095578222632,80.344420514622,108.143133023504,57.2758047699823,79.6292717198493,111.461607067415,54.6534490087095,78.9476442389851,115.013247472356,52.1485434719569,78.298775202772,118.791181014315,49.7622184392321,77.681945681136,122.794757213768,47.4927968654451,77.0964792524298,127.027423744552
"Rufous-bellied Niltava","Niltava sundara","rubnil1","Passeriformes","Muscicapidae (Old World Flycatchers)","Moderate","Uncertain","Strong Decline","Moderate","Diurnal","Diurnal","Invertebrate","No","No","No","Non-endemic","Forest","Resident & Altitudinal Migrant",NA,NA,NA,"Rufous-bellied Niltava","Niltava sundara","Rufous-bellied Niltava","Niltava sundara","Least Concern","Schedule-II","","",NA,"X","X","X",286,0.125874125874126,0.330769230769231,0.465034965034965,13.2867132867133,0.71925411977776,56.2723221871524,94.2770442112953,150.176724019096,-4.44696465413327,-1.20657867263258,2.03380730886811,62.8044613163826,78.5801888736846,98.6112194369749,60.135665879062,77.7099611121215,100.812010672071,57.5514275854362,76.8698384741704,103.184192195183,55.0650736628732,76.0590573918029,105.709756131284,52.6822987898907,75.2768853357083,108.379122504507,50.4044850922075,74.5226197284527,111.187794246351,48.2305328749331,73.7955869068124,114.134504893547
"Chinese Vivid Niltava","Niltava oatesi","vivnil2","Passeriformes","Muscicapidae (Old World Flycatchers)",NA,NA,NA,NA,"Diurnal","Diurnal","Invertebrate","No","No","No","Non-endemic","Forest","Summer Migrant & Localized Winter Migrant",NA,1,NA,"Chinese Vivid Niltava","Niltava oatesi","Large Vivid Niltava","Niltava oatesi","Least Concern","Schedule-II","","Appendix II",NA,"","","",4,NA,0.321428571428571,0.25,15.25,2.69870956817019,NA,NA,NA,NA,NA,NA,NA,NA,NA,NA,NA,NA,NA,NA,NA,NA,NA,NA,NA,NA,NA,NA,NA,NA,NA,NA,NA
"Blue-and-white Flycatcher","Cyanoptila cyanomelana","bawfly2","Passeriformes","Muscicapidae (Old World Flycatchers)",NA,NA,NA,NA,"Diurnal","Diurnal","Invertebrate","No","No","No","Non-endemic","Forest & Plantation","Winter Migrant",NA,1,NA,"Blue-and-white Flycatcher","Cyanoptila cyanomelana","Blue-and-white Flycatcher","Cyanoptila cyanomelana","Least Concern","Schedule-II","","Appendix II",NA,"","","",1,NA,NA,NA,24,NA,NA,NA,NA,NA,NA,NA,NA,NA,NA,NA,NA,NA,NA,NA,NA,NA,NA,NA,NA,NA,NA,NA,NA,NA,NA,NA,NA
"Zappey's Flycatcher","Cyanoptila cumatilis","zapfly1","Passeriformes","Muscicapidae (Old World Flycatchers)",NA,NA,NA,NA,"Diurnal","Diurnal","Invertebrate","No","No","No","Non-endemic","Forest & Plantation","Uncertain",NA,1,NA,"Zappey's Flycatcher","Cyanoptila cumatilis","Zappey's Flycatcher","Cyanoptila cumatilis","Near Threatened","Schedule-II","","Appendix II",NA,"","","",NA,NA,NA,NA,NA,NA,NA,NA,NA,NA,NA,NA,NA,NA,NA,NA,NA,NA,NA,NA,NA,NA,NA,NA,NA,NA,NA,NA,NA,NA,NA,NA,NA
"Nilgiri Flycatcher","Eumyias albicaudatus","nilfly2","Passeriformes","Muscicapidae (Old World Flycatchers)","Moderate","Data Deficient","Data Deficient","Restricted","Diurnal","Diurnal","Invertebrate","Yes","Yes","No","Western Ghats","Forest & Plantation","Resident",NA,NA,NA,"Nilgiri Flycatcher","Eumyias albicaudatus","Nilgiri Flycatcher","Eumyias albicaudatus","Least Concern","Schedule-II","","",NA,"","","X",59,0.372881355932203,0.467796610169492,0.440677966101695,23.4237288135593,0.536513705681334,NA,NA,NA,NA,NA,NA,NA,NA,NA,NA,NA,NA,NA,NA,NA,NA,NA,NA,NA,NA,NA,NA,NA,NA,NA,NA,NA
"Verditer Flycatcher","Eumyias thalassinus","verfly4","Passeriformes","Muscicapidae (Old World Flycatchers)","Low","Uncertain","Uncertain","Moderate","Diurnal","Diurnal","Invertebrate","No","No","No","Non-endemic","Forest & Plantation","Within-India Migrant & Winter Migrant",NA,NA,NA,"Verditer Flycatcher","Eumyias thalassinus","Verditer Flycatcher","Eumyias thalassinus","Least Concern","Schedule-II","","Appendix II",NA,"X","X","X",1503,0.0751829673985363,0.341583499667332,0.498336660013307,13.7751164337991,0.338092642598033,82.9520720987782,104.784596565169,132.938350121152,-2.85404085146264,-1.46571762525654,-0.0773943990504518,77.3762159683972,85.3953815500527,94.303310582939,75.108006045693,84.0833640882166,94.2068382925666,72.8844395220958,82.7960415055174,94.1519882856636,70.7136475284694,81.53289327105,94.1278466191312,68.5998658443117,80.2934108590395,94.127498498979,66.5450690021902,79.0770974513438,94.1463902481242,64.5498762186019,77.8834676477863,94.1814196044752
"White-gorgeted Flycatcher","Anthipes monileger","whgfly1","Passeriformes","Muscicapidae (Old World Flycatchers)","Moderate","Data Deficient","Data Deficient","Moderate","Diurnal","Diurnal","Invertebrate","No","No","No","Non-endemic","Forest","Resident & Altitudinal Migrant",1,NA,NA,"White-gorgeted Flycatcher","Anthipes monileger","White-gorgeted Flycatcher","Anthipes monileger","Least Concern","Schedule-II","","",NA,"","","X",42,0.166666666666667,0.30952380952381,0.642857142857143,11.8571428571429,2.04311574591835,NA,NA,NA,NA,NA,NA,NA,NA,NA,NA,NA,NA,NA,NA,NA,NA,NA,NA,NA,NA,NA,NA,NA,NA,NA,NA,NA
"Hainan Blue Flycatcher","Cyornis hainanus","habfly1","Passeriformes","Muscicapidae (Old World Flycatchers)",NA,NA,NA,NA,"Diurnal","Diurnal","Invertebrate","No","No","No","Non-endemic","Forest & Plantation","Summer Migrant & Localized Winter Migrant",NA,NA,NA,"Hainan Blue Flycatcher","Cyornis hainanus","Hainan Blue Flycatcher","Cyornis hainanus","Least Concern","Schedule-II","","",NA,"","","",NA,NA,NA,NA,NA,NA,NA,NA,NA,NA,NA,NA,NA,NA,NA,NA,NA,NA,NA,NA,NA,NA,NA,NA,NA,NA,NA,NA,NA,NA,NA,NA,NA
"White-bellied Blue Flycatcher","Cyornis pallidipes","wbbfly1","Passeriformes","Muscicapidae (Old World Flycatchers)","Moderate","Strong Decline","Uncertain","Moderate","Diurnal","Diurnal","Invertebrate","Yes","Yes","No","Western Ghats","Forest","Resident",NA,NA,NA,"White-bellied Blue Flycatcher","Cyornis pallidipes","White-bellied Blue Flycatcher","Cyornis pallidipes","Least Concern","Schedule-II","","",NA,"X","X","X",159,0.213836477987421,0.476100628930818,0.540880503144654,21.2830188679245,0.623504083914767,9.7421415457464,18.6787162527201,34.633597581514,-7.5610352366149,-4.42213439139954,-1.28323354618418,38.965904988604,51.8144034374467,69.2373533353811,35.4786190489419,49.1494524523639,68.525599073229,32.2879939994881,46.6433911860392,67.9340165703033,29.3800757597461,44.2858447211284,67.4370315150733,26.7358688045465,42.0671640999957,67.0183747617331,24.334693331968,39.9783726134393,66.66725510767,22.1558758830682,38.0111162537924,66.3762527615102
"Pale-chinned Flycatcher","Cyornis poliogenys","pacblf1","Passeriformes","Muscicapidae (Old World Flycatchers)","Low","Data Deficient","Uncertain","Moderate","Diurnal","Diurnal","Invertebrate","No","No","No","Non-endemic","Forest","Resident",NA,NA,NA,"Pale-chinned Flycatcher","Cyornis poliogenys","Pale-chinned Flycatcher","Cyornis poliogenys","Least Concern","Schedule-II","","",NA,"","","X",173,0.0809248554913295,0.273410404624277,0.53757225433526,12.0751445086705,0.884808366624466,NA,NA,NA,NA,NA,NA,NA,NA,NA,NA,NA,NA,NA,NA,NA,NA,NA,NA,NA,NA,NA,NA,NA,NA,NA,NA,NA
"Pale Blue Flycatcher","Cyornis unicolor","pabfly2","Passeriformes","Muscicapidae (Old World Flycatchers)",NA,NA,NA,NA,"Diurnal","Diurnal","Invertebrate","No","No","No","Non-endemic","Forest","Resident & Altitudinal Migrant",NA,NA,NA,"Pale Blue Flycatcher","Cyornis unicolor","Pale Blue Flycatcher","Cyornis unicolor","Least Concern","Schedule-II","","",NA,"","","",93,0.0860215053763441,0.296774193548387,0.494623655913978,13.010752688172,1.3104962806859,NA,NA,NA,NA,NA,NA,NA,NA,NA,NA,NA,NA,NA,NA,NA,NA,NA,NA,NA,NA,NA,NA,NA,NA,NA,NA,NA
"Blue-throated Flycatcher","Cyornis rubeculoides","butfly1","Passeriformes","Muscicapidae (Old World Flycatchers)","Low","Uncertain","Uncertain","Moderate","Diurnal","Diurnal","Invertebrate","No","No","No","Non-endemic","Forest & Plantation","Within-India Migrant",NA,NA,NA,"Blue-throated Flycatcher","Cyornis rubeculoides","Blue-throated Blue Flycatcher","Cyornis rubeculoides","Least Concern","Schedule-II","","Appendix II",NA,"X","X","X",503,0.0556660039761431,0.308349900596421,0.423459244532803,17.4155069582505,0.560888009569493,43.872729128572,72.2319037376229,115.373749085046,-2.80620640541353,0.268430218059316,3.34306684153216,88.1408040975068,106.989889974212,130.17268727616,85.9552808675122,107.300273748845,134.355967210601,83.7838399382867,107.633683276068,138.814125221915,81.6466837032471,107.990334650598,143.532980229229,79.5554658957997,108.370458650924,148.507593481294,77.5168373268207,108.774300971339,153.738745362099,75.5344199850744,109.202122468866,159.230986136965
"Large Blue Flycatcher","Cyornis magnirostris","larblf1","Passeriformes","Muscicapidae (Old World Flycatchers)","High","Data Deficient","Data Deficient","Data Deficient","Diurnal","Diurnal","Invertebrate","No","No","No","Non-endemic","Forest","Summer Migrant",1,NA,NA,"Large Blue Flycatcher","Cyornis magnirostris","Large Blue Flycatcher","Cyornis magnirostris","Near Threatened","Schedule-I","","Appendix II",NA,"","","X",9,NA,0.345679012345679,0.555555555555556,12.8888888888889,2.41035830541723,NA,NA,NA,NA,NA,NA,NA,NA,NA,NA,NA,NA,NA,NA,NA,NA,NA,NA,NA,NA,NA,NA,NA,NA,NA,NA,NA
"Hill Blue Flycatcher","Cyornis whitei","hibfly1","Passeriformes","Muscicapidae (Old World Flycatchers)",NA,NA,NA,NA,"Diurnal","Diurnal","Invertebrate","No","No","No","Non-endemic","Forest","Summer Migrant & Localized Winter Migrant",NA,NA,NA,"Hill Blue Flycatcher","Cyornis whitei","Hill Blue Flycatcher","Cyornis whitei","Least Concern","Schedule-II","","",NA,"","","",12,NA,0.233333333333333,0.333333333333333,11.4166666666667,2.8997155903727,NA,NA,NA,NA,NA,NA,NA,NA,NA,NA,NA,NA,NA,NA,NA,NA,NA,NA,NA,NA,NA,NA,NA,NA,NA,NA,NA
"Tickell's Blue Flycatcher","Cyornis tickelliae","tibfly3","Passeriformes","Muscicapidae (Old World Flycatchers)","Low","Stable","Uncertain","Large","Diurnal","Diurnal","Invertebrate","No","Yes","No","Indian Subcontinent","Forest & Plantation","Resident",NA,NA,NA,"Tickell's Blue Flycatcher","Cyornis tickelliae","Tickell's Blue Flycatcher","Cyornis tickelliae","Least Concern","Schedule-II","","",NA,"X","X","X",1450,0.0662068965517241,0.398413793103448,0.626206896551724,13.5841379310345,0.351179868289916,132.029388188118,175.898303004064,228.622847943774,1.54049114825242,4.49876422110321,7.45703729395401,131.031795056717,148.731436758963,169.007693723729,133.55427449198,154.400467000035,178.758176132811,136.076181967134,160.300888058854,189.186398040998,138.616166900413,166.442700759638,200.315372516151,141.18674288078,172.836359792331,212.176975910588,143.796784128262,179.492795195628,224.809637497015,146.452930521966,186.423434894659,238.257133651751
"Nicobar Jungle Flycatcher","Cyornis nicobaricus","nicjuf1","Passeriformes","Muscicapidae (Old World Flycatchers)","Moderate","Data Deficient","Data Deficient","Restricted","Diurnal","Diurnal","","Yes","Yes","No","Nicobar Islands","Forest","Resident",NA,NA,1,"Nicobar Jungle Flycatcher","Cyornis nicobaricus","Nicobar Jungle-flycatcher","Cyornis nicobaricus","Near Threatened","Schedule-II","","",NA,"","","X",5,NA,0.355555555555556,0.2,5,2.23474383319431,NA,NA,NA,NA,NA,NA,NA,NA,NA,NA,NA,NA,NA,NA,NA,NA,NA,NA,NA,NA,NA,NA,NA,NA,NA,NA,NA
"Rusty-bellied Shortwing","Brachypteryx hyperythra","rubsho1","Passeriformes","Muscicapidae (Old World Flycatchers)","Moderate","Data Deficient","Data Deficient","Restricted","Diurnal","Diurnal","Invertebrate","No","No","Yes","Eastern Himalayas","Forest","Resident & Local Migrant",NA,NA,NA,"Rusty-bellied Shortwing","Brachypteryx hyperythra","Rusty-bellied Shortwing","Brachypteryx hyperythra","Near Threatened","Schedule-II","","",NA,"","","X",27,0.037037037037037,0.274074074074074,0.592592592592593,14.8888888888889,2.23482545723631,NA,NA,NA,NA,NA,NA,NA,NA,NA,NA,NA,NA,NA,NA,NA,NA,NA,NA,NA,NA,NA,NA,NA,NA,NA,NA,NA
"Lesser Shortwing","Brachypteryx leucophris","lessho1","Passeriformes","Muscicapidae (Old World Flycatchers)","Low","Data Deficient","Uncertain","Moderate","Diurnal","Diurnal","Invertebrate","No","No","No","Non-endemic","Forest","Resident & Altitudinal Migrant",NA,NA,NA,"Lesser Shortwing","Brachypteryx leucophris","Lesser Shortwing","Brachypteryx leucophris","Least Concern","Schedule-II","","",NA,"","","X",128,0.0390625,0.27578125,0.53125,12.3984375,1.1328602019552,NA,NA,NA,NA,NA,NA,NA,NA,NA,NA,NA,NA,NA,NA,NA,NA,NA,NA,NA,NA,NA,NA,NA,NA,NA,NA,NA
"Himalayan Shortwing","Brachypteryx cruralis","whbsho4","Passeriformes","Muscicapidae (Old World Flycatchers)",NA,NA,NA,NA,"Diurnal","Diurnal","Invertebrate","No","No","No","Non-endemic","Forest","Resident & Altitudinal Migrant",1,NA,NA,"Himalayan Shortwing","Brachypteryx cruralis","Himalayan Shortwing","Brachypteryx cruralis","Least Concern","Schedule-II","","",NA,"","","X",51,0.156862745098039,0.258823529411765,0.607843137254902,11.7254901960784,2.0221038358864,NA,NA,NA,NA,NA,NA,NA,NA,NA,NA,NA,NA,NA,NA,NA,NA,NA,NA,NA,NA,NA,NA,NA,NA,NA,NA,NA
"Gould's Shortwing","Heteroxenicus stellatus","gousho1","Passeriformes","Muscicapidae (Old World Flycatchers)","Moderate","Data Deficient","Data Deficient","Restricted","Diurnal","Diurnal","Omnivore","No","No","Yes","Eastern Himalayas","Forest","Resident & Altitudinal Migrant",NA,NA,NA,"Gould's Shortwing","Heteroxenicus stellatus","Gould's Shortwing","Heteroxenicus stellatus","Least Concern","Schedule-II","","",NA,"","","X",13,0.0769230769230769,0.273504273504273,0.384615384615385,14.2307692307692,2.95382024561288,NA,NA,NA,NA,NA,NA,NA,NA,NA,NA,NA,NA,NA,NA,NA,NA,NA,NA,NA,NA,NA,NA,NA,NA,NA,NA,NA
"Indian Blue Robin","Larvivora brunnea","inbrob1","Passeriformes","Muscicapidae (Old World Flycatchers)","Low","Uncertain","Uncertain","Moderate","Diurnal","Diurnal","Invertebrate","No","No","No","Non-endemic","Forest & Plantation","Within-India Migrant & Winter Migrant",1,NA,NA,"Indian Blue Robin","Larvivora brunnea","Indian Blue Robin","Larvivora brunnea","Least Concern","Schedule-II","","Appendix II",NA,"X","X","X",335,0.104477611940299,0.327462686567164,0.492537313432836,18.2955223880597,0.674981228314724,35.9756935146716,62.3934302230563,111.329887397865,-3.36301230754544,0.528702239828788,4.42041678720302,110.52452685024,150.714442060237,206.581171071485,106.652676916384,152.087065605947,218.349539894627,102.841064530231,153.523930578966,231.175692681595,99.1289025845866,155.026559911425,245.077265516758,95.5372399417801,156.596554356025,260.096777809197,92.0766301726172,158.235595177084,276.294446660667,88.7513931016691,159.945446984497,293.744463608641
"Siberian Blue Robin","Larvivora cyane","sibrob","Passeriformes","Muscicapidae (Old World Flycatchers)",NA,NA,NA,NA,"Diurnal","Diurnal","Invertebrate","No","No","No","Non-endemic","Forest","Winter Migrant",NA,NA,NA,"Siberian Blue Robin","Larvivora cyane","Siberian Blue Robin","Larvivora cyane","Least Concern","Schedule-II","","Appendix II",NA,"","","",7,NA,0.244897959183673,0.142857142857143,17,4.62635925972033,NA,NA,NA,NA,NA,NA,NA,NA,NA,NA,NA,NA,NA,NA,NA,NA,NA,NA,NA,NA,NA,NA,NA,NA,NA,NA,NA
"White-bellied Redstart","Luscinia phaenicuroides","whbred1","Passeriformes","Muscicapidae (Old World Flycatchers)",NA,NA,NA,NA,"Diurnal","Diurnal","Invertebrate","No","No","No","Non-endemic","Alpine & Cold Desert","Altitudinal Migrant",1,NA,NA,"White-bellied Redstart","Luscinia phaenicuroides","White-bellied Redstart","Luscinia phaenicuroides","Least Concern","Schedule-II","","Appendix II",NA,"","","X",36,0.0833333333333333,0.177777777777778,0.277777777777778,12.5555555555556,2.28659259139278,NA,NA,NA,NA,NA,NA,NA,NA,NA,NA,NA,NA,NA,NA,NA,NA,NA,NA,NA,NA,NA,NA,NA,NA,NA,NA,NA
"Bluethroat","Luscinia svecica","blueth","Passeriformes","Muscicapidae (Old World Flycatchers)","Low","Uncertain","Uncertain","Large","Diurnal","Diurnal","Invertebrate","No","No","No","Non-endemic","Wetland","Winter Migrant & Localized Summer Migrant",NA,NA,NA,"Bluethroat","Luscinia svecica","Bluethroat","Luscinia svecica","Least Concern","Schedule-II","","Appendix II",NA,"X","X","X",1452,0.0516528925619835,0.274793388429752,0.443526170798898,12.6928374655647,0.328485005188251,66.0428656595456,91.0435038829728,122.9780851923,-3.75305840400776,-1.49529635293326,0.76246569814124,72.7574700416011,87.1101950832286,104.480343466887,69.7937792490674,85.7616235421581,105.629117444863,66.9178302620611,84.4454338298552,106.882008926642,64.1422663709335,83.1607622954809,108.219592885194,61.472662116164,81.9067722507467,109.629971185791,58.9105694426755,80.682653043531,111.10570359827,56.4551997698307,79.4876191667268,112.642104385075
"Malabar Whistling-Thrush","Myophonus horsfieldii","mawthr1","Passeriformes","Muscicapidae (Old World Flycatchers)","Low","Uncertain","Uncertain","Moderate","Diurnal","Diurnal","Invertebrate","Yes","Yes","No","Mainland India","Non-specialized","Resident & Local Migrant",NA,NA,NA,"Malabar Whistling-Thrush","Myophonus horsfieldii","Malabar Whistling-thrush","Myophonus horsfieldii","Least Concern","Schedule-II","","",NA,"X","X","X",375,0.189333333333333,0.5104,0.730666666666667,18.4053333333333,0.611338416906106,45.5687660090512,71.0542565581094,109.636704616475,-3.07900038184751,0.96497075842846,5.00894189870443,88.0376639644204,109.238962749962,135.9536172992,86.2003518540008,110.334964149406,141.78384142165,84.3642213410152,111.474576575905,148.038675034997,82.5517262814253,112.658922407703,154.712747124352,80.776014371968,113.889174999361,161.811534811635,79.0447779012064,115.166560545645,169.347599338631,77.3624007197937,116.492360040106,177.338533422263
"Blue Whistling-Thrush","Myophonus caeruleus","blwthr1","Passeriformes","Muscicapidae (Old World Flycatchers)","Low","Uncertain","Uncertain","Large","Diurnal","Diurnal","Invertebrate","No","No","No","Non-endemic","Non-specialized","Resident & Altitudinal Migrant",NA,NA,NA,"Blue Whistling-Thrush","Myophonus caeruleus","Blue Whistling-thrush","Myophonus caeruleus","Least Concern","Schedule-II","","",NA,"X","X","X",645,0.164341085271318,0.436434108527132,0.646511627906977,10.3023255813953,0.475466399117694,83.9120597089439,123.782305247179,172.035269278343,-2.43502615647903,0.532891984239682,3.5008101249584,94.4756382939209,112.111031408802,133.31237735262,92.7106409584092,112.763991293611,137.525705788775,90.9420586564462,113.441824254325,141.997237972974,89.1892246476355,114.144915523455,146.713984386368,87.4636566980366,114.873666293937,151.671319308196,85.772277708068,115.628494092126,156.869780401351,84.1192110646151,116.409833167454,162.31329527097
"Little Forktail","Enicurus scouleri","litfor1","Passeriformes","Muscicapidae (Old World Flycatchers)","Low","Uncertain","Uncertain","Moderate","Diurnal","Diurnal","Invertebrate","No","No","No","Non-endemic","Open Habitat","Resident & Altitudinal Migrant",NA,NA,NA,"Little Forktail","Enicurus scouleri","Little Forktail","Enicurus scouleri","Least Concern","Schedule-II","","",NA,"X","X","X",221,0.104072398190045,0.336651583710407,0.48868778280543,12.4841628959276,0.808020880248267,45.1077192103598,77.9397468778754,135.672642595841,-6.30396539564155,-3.4100789898349,-0.516192584028249,48.6163615497463,63.8410359278196,84.1819425992118,44.9721500051101,61.4160301349669,84.3299093375655,41.5761808922794,59.1016682272135,84.5998713450059,38.4259619339188,56.8924235930677,84.9658605385454,35.5118241865819,54.783067634039,85.4117865307407,32.8207274031606,52.7686528013743,85.9273837656614,30.3382735726566,50.8444966451583,86.5059746970467
"White-crowned Forktail","Enicurus leschenaulti","whcfor1","Passeriformes","Muscicapidae (Old World Flycatchers)",NA,NA,NA,NA,"Diurnal","Diurnal","Invertebrate","No","No","No","Non-endemic","Forest","Winter Migrant",NA,NA,NA,"White-crowned Forktail","Enicurus leschenaulti","White-crowned Forktail","Enicurus leschenaulti","Least Concern","Schedule-II","","",NA,"","","",20,0.3,0.28,0.5,10.5,2.48126368483565,NA,NA,NA,NA,NA,NA,NA,NA,NA,NA,NA,NA,NA,NA,NA,NA,NA,NA,NA,NA,NA,NA,NA,NA,NA,NA,NA
"Spotted Forktail","Enicurus maculatus","spofor1","Passeriformes","Muscicapidae (Old World Flycatchers)","Low","Uncertain","Uncertain","Moderate","Diurnal","Diurnal","Invertebrate","No","No","No","Non-endemic","Non-specialized","Resident & Altitudinal Migrant",NA,NA,NA,"Spotted Forktail","Enicurus maculatus","Spotted Forktail","Enicurus maculatus","Least Concern","Schedule-II","","",NA,"X","X","X",282,0.127659574468085,0.370921985815603,0.531914893617021,11.4858156028369,0.719165562996322,52.221535892105,84.0396706597388,136.828563577646,-4.9134559964343,-1.85471658357331,1.20402282928768,58.0468472776751,73.8766328591497,94.3323357958334,55.0366451658532,72.5198756311334,95.968774965755,52.1532133158291,71.2062966982285,97.7551297867337,49.4069720994628,69.934415579504,99.6704965825331,46.8005475061227,68.7028121739179,101.70285334941,44.3322865420889,67.5101240428428,103.845480982931,41.9981814093212,66.3550438300517,106.094981665928
"Black-backed Forktail","Enicurus immaculatus","blbfor1","Passeriformes","Muscicapidae (Old World Flycatchers)","Low","Data Deficient","Uncertain","Moderate","Diurnal","Diurnal","Invertebrate","No","No","No","Non-endemic","Forest","Resident",NA,NA,NA,"Black-backed Forktail","Enicurus immaculatus","Black-backed Forktail","Enicurus immaculatus","Least Concern","Schedule-II","","",NA,"X","X","X",156,0.108974358974359,0.262820512820513,0.423076923076923,11.2371794871795,0.983335916304438,38.343025274158,73.2740534866789,137.327693452554,-7.04251156611523,-4.06689523164948,-1.09127889718373,58.966914989317,86.1621845882682,126.90153528319,53.0189228079923,81.8397376434578,127.648874329442,47.6320291425909,77.7750659266413,128.694676268816,42.7764701237509,73.9510544389904,129.988502318115,38.4123031240277,70.3518237727868,131.50053715348,34.4965462088573,66.9626345258717,133.213240440165,30.9867100570629,63.7697995658842,135.116762835933
"Slaty-backed Forktail","Enicurus schistaceus","slbfor1","Passeriformes","Muscicapidae (Old World Flycatchers)","Low","Data Deficient","Uncertain","Moderate","Diurnal","Diurnal","Invertebrate","No","No","No","Non-endemic","Forest","Resident & Altitudinal Migrant",NA,NA,NA,"Slaty-backed Forktail","Enicurus schistaceus","Slaty-backed Forktail","Enicurus schistaceus","Least Concern","Schedule-II","","",NA,"","X","X",154,0.0779220779220779,0.268831168831169,0.402597402597403,11.7727272727273,1.07614871752307,NA,NA,NA,-8.16512187417802,-4.89133407101534,-1.61754626785267,45.7209685398558,66.4670559918259,97.427235083557,40.5131035037574,62.1576155018587,96.4046999125054,35.8779789933692,58.1679001843415,95.6213781799953,31.7690158143397,54.472002366167,95.0298236142179,28.1348427459759,51.0462703848948,94.6000909172965,24.9247447923946,47.8691001085204,94.3125671019498,22.0911195455444,44.9207467342798,94.1540394215159
"Firethroat","Calliope pectardens","fireth1","Passeriformes","Muscicapidae (Old World Flycatchers)",NA,NA,NA,NA,"Diurnal","Diurnal","Invertebrate","No","No","No","Non-endemic","Non-specialized","Passage Migrant",NA,1,NA,"Firethroat","Calliope pectardens","Firethroat","Calliope pectardens","Near Threatened","Schedule-II","","Appendix II",NA,"","","",2,NA,NA,NA,8,7.84,NA,NA,NA,NA,NA,NA,NA,NA,NA,NA,NA,NA,NA,NA,NA,NA,NA,NA,NA,NA,NA,NA,NA,NA,NA,NA,NA
"Siberian Rubythroat","Calliope calliope","sibrub","Passeriformes","Muscicapidae (Old World Flycatchers)","Moderate","Data Deficient","Moderate Decline","Moderate","Diurnal","Diurnal","Invertebrate","No","No","No","Non-endemic","Wetland","Winter Migrant",NA,NA,NA,"Siberian Rubythroat","Calliope calliope","Siberian Rubythroat","Calliope calliope","Least Concern","Schedule-II","","Appendix II",NA,"","","X",218,0.0642201834862385,0.255045871559633,0.504587155963303,13.8715596330275,0.800981708799553,NA,NA,NA,NA,NA,NA,NA,NA,NA,NA,NA,NA,NA,NA,NA,NA,NA,NA,NA,NA,NA,NA,NA,NA,NA,NA,NA
"Himalayan Rubythroat","Calliope pectoralis","himrub1","Passeriformes","Muscicapidae (Old World Flycatchers)","Low","Data Deficient","Uncertain","Moderate","Diurnal","Diurnal","Invertebrate","No","No","No","Non-endemic","Grassland & Scrub","Local Migrant",1,NA,NA,"Himalayan Rubythroat","Calliope pectoralis","Himalayan Rubythroat","Calliope pectoralis","Least Concern","Schedule-II","","Appendix II",NA,"","X","X",136,0.117647058823529,0.261029411764706,0.360294117647059,14.1323529411765,1.06567396497031,NA,NA,NA,-5.83203838908546,0.561182637324424,6.95440366373431,56.284141157079,87.5223121832851,137.45275602711,53.2870667623632,88.2744121834127,148.14606934705,50.4139383381466,89.0954650152185,160.090749661537,47.6868562032078,89.9872356282587,173.362462854151,45.1138608404042,90.9516447173705,188.066764634695,42.6952771333264,91.990774717223,204.334267402771,40.4271885959547,93.106876343741,222.318913933117
"Chinese Rubythroat","Calliope tschebaiewi","chirub1","Passeriformes","Muscicapidae (Old World Flycatchers)","High","Data Deficient","Data Deficient","Very Restricted","Diurnal","Diurnal","Invertebrate","No","No","No","Non-endemic","Grassland","Winter Migrant & Localized Summer Migrant",1,NA,NA,"Chinese Rubythroat","Calliope tschebaiewi","Chinese Rubythroat","Calliope tschebaiewi","Least Concern","Schedule-I","","Appendix II",NA,"","","X",57,0.12280701754386,0.278947368421053,0.473684210526316,13.6315789473684,1.45094919102634,NA,NA,NA,NA,NA,NA,NA,NA,NA,NA,NA,NA,NA,NA,NA,NA,NA,NA,NA,NA,NA,NA,NA,NA,NA,NA,NA
"White-tailed Robin","Myiomela leucura","whtrob2","Passeriformes","Muscicapidae (Old World Flycatchers)","Moderate","Data Deficient","Strong Decline","Moderate","Diurnal","Diurnal","Invertebrate","No","No","No","Non-endemic","Forest","Resident & Local Migrant",NA,NA,NA,"White-tailed Robin","Myiomela leucura","White-tailed Blue Robin","Myiomela leucura","Least Concern","Schedule-II","","",NA,"","","X",127,0.0866141732283465,0.274015748031496,0.464566929133858,12.6062992125984,1.18125458803216,NA,NA,NA,NA,NA,NA,NA,NA,NA,NA,NA,NA,NA,NA,NA,NA,NA,NA,NA,NA,NA,NA,NA,NA,NA,NA,NA
"Blue-fronted Robin","Cinclidium frontale","blfrob1","Passeriformes","Muscicapidae (Old World Flycatchers)","Moderate","Data Deficient","Data Deficient","Restricted","Diurnal","Diurnal","Invertebrate","No","No","No","Non-endemic","Forest","Resident & Altitudinal Migrant",1,NA,NA,"Blue-fronted Robin","Cinclidium frontale","Blue-fronted Robin","Cinclidium frontale","Least Concern","Schedule-II","","",NA,"","","X",21,0.0476190476190476,0.285714285714286,0.238095238095238,16.0952380952381,2.81411995322003,NA,NA,NA,NA,NA,NA,NA,NA,NA,NA,NA,NA,NA,NA,NA,NA,NA,NA,NA,NA,NA,NA,NA,NA,NA,NA,NA
"Red-flanked Bluetail","Tarsiger cyanurus","refblu1","Passeriformes","Muscicapidae (Old World Flycatchers)",NA,NA,NA,NA,"Diurnal","Diurnal","Invertebrate","No","No","No","Non-endemic","Forest","Winter Migrant",NA,1,NA,"Red-flanked Bluetail","Tarsiger cyanurus","Orange-flanked Bush-robin","Tarsiger cyanurus","Least Concern","Schedule-II","","Appendix II",NA,"","","",NA,NA,NA,NA,NA,NA,NA,NA,NA,NA,NA,NA,NA,NA,NA,NA,NA,NA,NA,NA,NA,NA,NA,NA,NA,NA,NA,NA,NA,NA,NA,NA,NA
"Himalayan Bluetail","Tarsiger rufilatus","himblu1","Passeriformes","Muscicapidae (Old World Flycatchers)","Low","Uncertain","Uncertain","Moderate","Diurnal","Diurnal","Invertebrate","No","No","No","Non-endemic","Forest","Resident & Local Migrant",NA,NA,NA,"Himalayan Bluetail","Tarsiger rufilatus","Himalayan Bush-robin","Tarsiger rufilatus","Least Concern","Schedule-II","","Appendix II",NA,"X","X","X",273,0.128205128205128,0.368131868131868,0.498168498168498,11.7179487179487,0.755582715763432,30.5668572408019,53.4257596571008,93.6845597828735,-4.39624321575928,-0.177238120892787,4.04176697397371,86.7987723835579,118.447609677573,162.588804505222,82.9141154492513,118.322285252175,170.15601686646,79.1590210951414,118.254668575138,178.402172257545,75.5592446034288,118.244792841937,187.323125545053,72.1257753607483,118.29277365171,196.934176825195,68.8613174724105,118.398809498368,207.263779639723,65.763859107128,118.563182447448,218.350198175909
"Rufous-breasted Bush-Robin","Tarsiger hyperythrus","rbbrob1","Passeriformes","Muscicapidae (Old World Flycatchers)","Moderate","Data Deficient","Data Deficient","Restricted","Diurnal","Diurnal","Invertebrate","No","No","Yes","Himalayas","Forest","Resident & Altitudinal Migrant",NA,NA,NA,"Rufous-breasted Bush-Robin","Tarsiger hyperythrus","Rufous-breasted Bush-robin","Tarsiger hyperythrus","Least Concern","Schedule-II","","",NA,"","","X",38,0.105263157894737,0.405263157894737,0.631578947368421,12.0526315789474,2.21638673137072,NA,NA,NA,NA,NA,NA,NA,NA,NA,NA,NA,NA,NA,NA,NA,NA,NA,NA,NA,NA,NA,NA,NA,NA,NA,NA,NA
"White-browed Bush-Robin","Tarsiger indicus","wbbrob1","Passeriformes","Muscicapidae (Old World Flycatchers)",NA,NA,NA,NA,"Diurnal","Diurnal","Invertebrate","No","No","No","Non-endemic","Forest","Resident & Altitudinal Migrant",1,NA,NA,"White-browed Bush-Robin","Tarsiger indicus","White-browed Bush-robin","Tarsiger indicus","Least Concern","Schedule-II","","",NA,"","","X",36,0.138888888888889,0.377777777777778,0.611111111111111,12.8055555555556,2.20703952315996,NA,NA,NA,NA,NA,NA,NA,NA,NA,NA,NA,NA,NA,NA,NA,NA,NA,NA,NA,NA,NA,NA,NA,NA,NA,NA,NA
"Golden Bush-Robin","Tarsiger chrysaeus","gobrob1","Passeriformes","Muscicapidae (Old World Flycatchers)","Low","Data Deficient","Uncertain","Moderate","Diurnal","Diurnal","Invertebrate","No","No","No","Non-endemic","Alpine & Cold Desert","Resident & Altitudinal Migrant",NA,NA,NA,"Golden Bush-Robin","Tarsiger chrysaeus","Golden Bush-robin","Tarsiger chrysaeus","Least Concern","Schedule-II","","",NA,"X","X","X",154,0.11038961038961,0.317532467532467,0.487012987012987,13.3311688311688,0.981131524150646,32.8879607546007,68.3909043091062,137.536467523946,-4.04025353187198,1.88267358577014,7.80560070341226,111.220049695314,155.069687978636,217.82990074352,108.346828464864,158.480054850914,234.097204206264,105.490036105105,162.060732522892,252.112986371109,102.692335390552,165.819750867266,271.985375582111,99.9778027533267,169.765635272606,293.859677212724,97.3597004835412,173.907437305761,317.912692727347,94.8448106338554,178.254767533994,344.350752918805
"Yellow-rumped Flycatcher","Ficedula zanthopygia","korfly1","Passeriformes","Muscicapidae (Old World Flycatchers)",NA,NA,NA,NA,"Diurnal","Diurnal","Invertebrate","No","No","No","Non-endemic","Non-specialized","Passage Migrant & Localized Winter Migrant",NA,1,NA,"Yellow-rumped Flycatcher","Ficedula zanthopygia","Yellow-rumped Flycatcher","Ficedula zanthopygia","Least Concern","Schedule-II","","Appendix II",NA,"","","",NA,NA,NA,NA,NA,NA,NA,NA,NA,NA,NA,NA,NA,NA,NA,NA,NA,NA,NA,NA,NA,NA,NA,NA,NA,NA,NA,NA,NA,NA,NA,NA,NA
"Mugimaki Flycatcher","Ficedula mugimaki","mugfly","Passeriformes","Muscicapidae (Old World Flycatchers)",NA,NA,NA,NA,"Diurnal","Diurnal","Invertebrate","No","No","No","Non-endemic","Non-specialized","Uncertain",NA,1,NA,"Mugimaki Flycatcher","Ficedula mugimaki","Mugimaki Flycatcher","Ficedula mugimaki","Least Concern","Schedule-II","","Appendix II",NA,"","","",2,NA,0.5,0.5,11.5,12.74,NA,NA,NA,NA,NA,NA,NA,NA,NA,NA,NA,NA,NA,NA,NA,NA,NA,NA,NA,NA,NA,NA,NA,NA,NA,NA,NA
"Slaty-backed Flycatcher","Ficedula erithacus","slbfly1","Passeriformes","Muscicapidae (Old World Flycatchers)",NA,NA,NA,NA,"Diurnal","Diurnal","Omnivore","No","No","No","Non-endemic","Forest","Summer Migrant & Localized Winter Migrant",NA,NA,NA,"Slaty-backed Flycatcher","Ficedula erithacus","Slaty-backed Flycatcher","Ficedula erithacus","Least Concern","Schedule-II","","Appendix II",NA,"","","",40,0.125,0.2225,0.275,15.175,1.95734403380363,NA,NA,NA,NA,NA,NA,NA,NA,NA,NA,NA,NA,NA,NA,NA,NA,NA,NA,NA,NA,NA,NA,NA,NA,NA,NA,NA
"Black-and-orange Flycatcher","Ficedula nigrorufa","barfly1","Passeriformes","Muscicapidae (Old World Flycatchers)","Moderate","Data Deficient","Uncertain","Restricted","Diurnal","Diurnal","Invertebrate","Yes","Yes","No","Western Ghats","Forest & Plantation","Resident",NA,NA,NA,"Black-and-orange Flycatcher","Ficedula nigrorufa","Black-and-orange Flycatcher","Ficedula nigrorufa","Least Concern","Schedule-II","","",NA,"","","X",45,0.311111111111111,0.444444444444444,0.488888888888889,23.3111111111111,0.612951337637833,NA,NA,NA,NA,NA,NA,NA,NA,NA,NA,NA,NA,NA,NA,NA,NA,NA,NA,NA,NA,NA,NA,NA,NA,NA,NA,NA
"Slaty-blue Flycatcher","Ficedula tricolor","slbfly2","Passeriformes","Muscicapidae (Old World Flycatchers)","Low","Uncertain","Uncertain","Moderate","Diurnal","Diurnal","Invertebrate","No","No","No","Non-endemic","Non-specialized","Resident & Altitudinal Migrant",NA,NA,NA,"Slaty-blue Flycatcher","Ficedula tricolor","Slaty-blue Flycatcher","Ficedula tricolor","Least Concern","Schedule-II","","Appendix II",NA,"X","X","X",286,0.125874125874126,0.315734265734266,0.444055944055944,13.2167832167832,0.702482594408295,49.0474739786264,88.9261417661301,157.267294429887,-4.41450228199507,0.0606362884788115,4.53577485895269,65.7169421885121,87.1175515124214,116.058878743036,63.30042268709,87.3845373073462,121.415994509304,60.9411073334507,87.6886137795462,127.224275128717,58.6587974910702,88.0302202316711,133.480126770116,56.4634388046697,88.4098491947089,140.192293649619,54.359335912156,88.8280479079625,147.377760129324,52.3474869865826,89.2854199460618,155.05954970688
"Snowy-browed Flycatcher","Ficedula hyperythra","snbfly1","Passeriformes","Muscicapidae (Old World Flycatchers)","Low","Data Deficient","Uncertain","Moderate","Diurnal","Diurnal","Invertebrate","No","No","No","Non-endemic","Forest","Resident & Altitudinal Migrant",NA,NA,NA,"Snowy-browed Flycatcher","Ficedula hyperythra","Snowy-browed Flycatcher","Ficedula hyperythra","Least Concern","Schedule-II","","Appendix II",NA,"","X","X",153,0.0915032679738562,0.272549019607843,0.437908496732026,14,1.04366959964834,NA,NA,NA,-5.34411865751562,3.96292074321304,13.2699601439417,98.5524733226205,149.186382026635,228.544747746264,96.4304809191252,154.867132643267,252.641400097759,94.3376443489802,160.93683329761,280.103566751893,92.3189024156622,167.423517618595,311.315625361233,90.3991924822847,174.357638874969,346.749881928848,88.5919398809776,181.772292554876,386.968667953296,86.9037868889953,189.703461461595,432.632020302542
"Pygmy Flycatcher","Ficedula hodgsoni","pybfly1","Passeriformes","Muscicapidae (Old World Flycatchers)","Moderate","Data Deficient","Data Deficient","Moderate","Diurnal","Diurnal","Invertebrate","No","No","No","Non-endemic","Forest","Resident & Altitudinal Migrant",1,NA,NA,"Pygmy Flycatcher","Ficedula hodgsoni","Pygmy Blue Flycatcher","Ficedula hodgsoni","Least Concern","Schedule-II","","",NA,"","X","X",78,0.102564102564103,0.291025641025641,0.448717948717949,13.6153846153846,1.43968288899724,NA,NA,NA,-7.20497686015629,3.05518068212937,13.315338224415,88.2328324159235,147.579655300349,250.607904201979,84.4528506460867,152.042703595221,279.223251371143,80.8237945478263,156.869012024918,312.307333858943,77.3862430234077,162.082268707498,350.443732810898,74.1567626130675,167.708448086208,394.355302271439,71.1387659712176,173.776004766213,444.912883446799,68.3284526126612,180.316088287539,503.152777713158
"Rufous-gorgeted Flycatcher","Ficedula strophiata","rugfly1","Passeriformes","Muscicapidae (Old World Flycatchers)","Low","Uncertain","Uncertain","Moderate","Diurnal","Diurnal","Invertebrate","No","No","No","Non-endemic","Non-specialized","Resident & Altitudinal Migrant",NA,NA,NA,"Rufous-gorgeted Flycatcher","Ficedula strophiata","Rufous-gorgeted Flycatcher","Ficedula strophiata","Least Concern","Schedule-II","","Appendix II",NA,"X","X","X",266,0.146616541353383,0.32593984962406,0.503759398496241,12.6654135338346,0.760242587003597,34.2777862264395,59.6330338471424,107.010651790599,-6.12616565744342,-2.1120278997693,1.90210985790482,50.6628235672206,68.384997772809,92.8157206277022,47.5376201591813,66.9899797655502,95.0860318987952,44.5815001229832,65.6528745176473,97.5790954603871,41.8017516621523,64.3713662824095,100.274088415976,39.1971417407788,63.1432575621691,103.160941252152,36.7619840913031,61.9664629027308,106.236140715127,34.4883377933521,60.8390030554457,109.500419485302
"Sapphire Flycatcher","Ficedula sapphira","sapfly1","Passeriformes","Muscicapidae (Old World Flycatchers)","Moderate","Data Deficient","Data Deficient","Moderate","Diurnal","Diurnal","Invertebrate","No","No","No","Non-endemic","Forest & Plantation","Resident & Altitudinal Migrant",1,NA,NA,"Sapphire Flycatcher","Ficedula sapphira","Sapphire Flycatcher","Ficedula sapphira","Least Concern","Schedule-II","","",NA,"","","X",59,0.0847457627118644,0.298305084745763,0.542372881355932,13.6101694915254,1.67193234042037,NA,NA,NA,NA,NA,NA,NA,NA,NA,NA,NA,NA,NA,NA,NA,NA,NA,NA,NA,NA,NA,NA,NA,NA,NA,NA,NA
"Little Pied Flycatcher","Ficedula westermanni","lipfly1","Passeriformes","Muscicapidae (Old World Flycatchers)","Low","Uncertain","Uncertain","Moderate","Diurnal","Diurnal","Invertebrate","No","No","No","Non-endemic","Forest & Plantation","Altitudinal Migrant",NA,NA,NA,"Little Pied Flycatcher","Ficedula westermanni","Little Pied Flycatcher","Ficedula westermanni","Least Concern","Schedule-II","","Appendix II",NA,"","","X",243,0.11522633744856,0.294238683127572,0.493827160493827,12.1440329218107,0.779277878112986,NA,NA,NA,NA,NA,NA,NA,NA,NA,NA,NA,NA,NA,NA,NA,NA,NA,NA,NA,NA,NA,NA,NA,NA,NA,NA,NA
"Ultramarine Flycatcher","Ficedula superciliaris","ultfly1","Passeriformes","Muscicapidae (Old World Flycatchers)","Low","Uncertain","Uncertain","Moderate","Diurnal","Diurnal","Invertebrate","No","No","No","Non-endemic","Forest & Plantation","Within-India Migrant",NA,NA,NA,"Ultramarine Flycatcher","Ficedula superciliaris","Ultramarine Flycatcher","Ficedula superciliaris","Least Concern","Schedule-II","","Appendix II",NA,"X","X","X",518,0.083011583011583,0.316602316602317,0.438223938223938,14.5868725868726,0.547564885608978,51.4082044483265,75.1101253030437,114.311830199324,-4.77219140044745,-2.62196475851125,-0.471738116575058,56.5572563335426,70.2152501632882,87.3475146542594,53.1907957613035,68.1329920263347,87.5039997834075,49.9938092736389,66.1222961299531,87.7502430167458,46.9718222228621,64.1804633692623,88.0647356150032,44.1234908146661,62.3049042194854,88.433997316996,41.4438165747764,60.4931340107617,88.8492791815172,38.9258942995657,58.7427684174194,89.3047391502357
"Rusty-tailed Flycatcher","Ficedula ruficauda","rutfly6","Passeriformes","Muscicapidae (Old World Flycatchers)","Moderate","Uncertain","Uncertain","Restricted","Diurnal","Diurnal","Invertebrate","No","No","No","Non-endemic","Forest","Within-India Migrant",1,NA,NA,"Rusty-tailed Flycatcher","Ficedula ruficauda","Rusty-tailed Flycatcher","Ficedula ruficauda","Least Concern","Schedule-II","","Appendix II",NA,"X","X","X",196,0.147959183673469,0.342857142857143,0.36734693877551,19.265306122449,0.940603188902929,16.9433394391565,34.8063017813257,69.6311541299421,-6.17947055068296,-2.18023642207254,1.81899770653788,74.90014818424,105.123119022556,148.542411842438,69.6308104241402,102.605060210647,152.540613658398,64.698925379718,100.207632080591,156.970378947005,60.1093868576195,97.925061215261,161.797995805157,55.8530524014706,95.7519195211962,167.009352734023,51.9138680248213,93.6831028550164,172.602457462021,48.2726611558433,91.7138111129037,178.583343034772
"Taiga Flycatcher","Ficedula albicilla","taifly1","Passeriformes","Muscicapidae (Old World Flycatchers)",NA,NA,NA,NA,"Diurnal","Diurnal","Invertebrate","No","No","No","Non-endemic","Forest & Plantation","Winter Migrant",NA,NA,NA,"Taiga Flycatcher","Ficedula albicilla","Red-throated Flycatcher","Ficedula albicilla","Least Concern","Schedule-II","","Appendix II",NA,"","","",NA,NA,NA,NA,NA,NA,NA,NA,NA,NA,NA,NA,NA,NA,NA,NA,NA,NA,NA,NA,NA,NA,NA,NA,NA,NA,NA,NA,NA,NA,NA,NA,NA
"Kashmir Flycatcher","Ficedula subrubra","kasfly1","Passeriformes","Muscicapidae (Old World Flycatchers)","High","Data Deficient","Data Deficient","Restricted","Diurnal","Diurnal","Invertebrate","No","Yes","No","Indian Subcontinent","Forest & Plantation","Within-India Migrant",NA,NA,NA,"Kashmir Flycatcher","Ficedula subrubra","Kashmir Flycatcher","Ficedula subrubra","Vulnerable","Schedule-I","","Appendix II",NA,"","","X",22,0.363636363636364,0.231818181818182,0.363636363636364,18,2.75077950384757,NA,NA,NA,NA,NA,NA,NA,NA,NA,NA,NA,NA,NA,NA,NA,NA,NA,NA,NA,NA,NA,NA,NA,NA,NA,NA,NA
"Red-breasted Flycatcher","Ficedula parva","rebfly","Passeriformes","Muscicapidae (Old World Flycatchers)","Low","Stable","Uncertain","Large","Diurnal","Diurnal","Invertebrate","No","No","No","Non-endemic","Forest & Plantation","Winter Migrant",NA,NA,NA,"Red-breasted Flycatcher","Ficedula parva","Red-breasted Flycatcher","Ficedula parva","Least Concern","Schedule-II","","Appendix II",NA,"","","X",2306,0.0620121422376409,0.325672159583695,0.571986123156982,11.7198612315698,0.261717846842942,NA,NA,NA,NA,NA,NA,NA,NA,NA,NA,NA,NA,NA,NA,NA,NA,NA,NA,NA,NA,NA,NA,NA,NA,NA,NA,NA
"Blue-fronted Redstart","Phoenicurus frontalis","blfred1","Passeriformes","Muscicapidae (Old World Flycatchers)","Low","Uncertain","Uncertain","Moderate","Diurnal","Diurnal","Invertebrate","No","No","No","Non-endemic","Non-specialized","Resident & Altitudinal Migrant",NA,NA,NA,"Blue-fronted Redstart","Phoenicurus frontalis","Blue-fronted Redstart","Phoenicurus frontalis","Least Concern","Schedule-II","","Appendix II",NA,"X","X","X",291,0.134020618556701,0.36701030927835,0.525773195876289,11.4845360824742,0.722926911093923,29.6983927842659,52.4511478857711,94.2941934912491,-5.31301440989893,-1.66319925510275,1.98661589969342,75.2875392282328,103.427565677068,142.883748279245,70.6273035917716,101.564808037374,147.131288673362,66.2132741913466,99.7789401182447,151.77763328402,62.0586677673165,98.0670888679002,156.793879637237,58.1631499807283,96.4265319236229,162.168327563408,54.5192361087462,94.8546901676718,167.899922509744,51.1157588506019,93.3491207395745,173.994659819483
"Plumbeous Redstart","Phoenicurus fuliginosus","plured1","Passeriformes","Muscicapidae (Old World Flycatchers)","Moderate","Uncertain","Strong Decline","Large","Diurnal","Diurnal","Invertebrate","No","No","No","Non-endemic","Wetland","Resident & Local Migrant",NA,NA,NA,"Plumbeous Redstart","Phoenicurus fuliginosus","Plumbeous Water-redstart","Phoenicurus fuliginosus","Least Concern","Schedule-II","","",NA,"X","X","X",473,0.150105708245243,0.39830866807611,0.577167019027484,10.8900634249471,0.555515926497721,46.5761579227874,68.3666884361834,100.553524425881,-5.45447567557654,-3.05614034701161,-0.657805018446679,57.2403652318023,69.1683853409288,83.7872075788771,53.8116312392965,66.8263475819387,83.2560297036434,50.5658802186407,64.5777203487601,82.8115577071317,47.5053699711919,62.4184044014016,82.4342192117248,44.6264734103657,60.3444957935477,82.1116038206287,41.9225236935765,58.3522759712646,81.8355227915133,39.3853519439784,56.4382024012628,81.6003836504113
"Rufous-backed Redstart","Phoenicurus erythronotus","rubred2","Passeriformes","Muscicapidae (Old World Flycatchers)",NA,NA,NA,NA,"Diurnal","Diurnal","Invertebrate","No","No","No","Non-endemic","Open Habitat","Winter Migrant",NA,NA,NA,"Rufous-backed Redstart","Phoenicurus erythronotus","Eversmann's Redstart","Phoenicurus erythronotus","Least Concern","Schedule-II","","Appendix II",NA,"","","",20,0.05,0.3,0.5,13.2,2.11194218421662,NA,NA,NA,NA,NA,NA,NA,NA,NA,NA,NA,NA,NA,NA,NA,NA,NA,NA,NA,NA,NA,NA,NA,NA,NA,NA,NA
"White-capped Redstart","Phoenicurus leucocephalus","whcred1","Passeriformes","Muscicapidae (Old World Flycatchers)","Low","Uncertain","Uncertain","Large","Diurnal","Diurnal","Invertebrate","No","No","No","Non-endemic","Non-specialized","Resident & Within-India Migrant",NA,NA,NA,"White-capped Redstart","Phoenicurus leucocephalus","White-capped Water-redstart","Phoenicurus leucocephalus","Least Concern","Schedule-II","","Appendix II",NA,"X","X","X",515,0.147572815533981,0.397281553398058,0.56504854368932,10.5592233009709,0.530536366684936,51.987370901074,74.8306164996532,106.341714874475,-5.08317784866436,-2.98006925363298,-0.876960658601607,68.3519096662525,82.3983459834577,99.5587582363943,64.2813504060306,79.6146604106693,98.9017294983559,60.4236021989037,76.9386339257691,98.3436703527935,56.7819401185533,74.3657103096608,97.8615935431344,53.3526500378657,71.891540558493,97.4408993807307,50.1283738890885,69.5119728791835,97.0719294546268,47.0999217245814,67.2230431934192,96.7480611692224
"Blue-capped Redstart","Phoenicurus coeruleocephala","bucred1","Passeriformes","Muscicapidae (Old World Flycatchers)","Low","Data Deficient","Uncertain","Moderate","Diurnal","Diurnal","Invertebrate","No","No","No","Non-endemic","Forest & Plantation","Resident & Altitudinal Migrant",NA,NA,NA,"Blue-capped Redstart","Phoenicurus coeruleocephala","Blue-capped Redstart","Phoenicurus coeruleocephala","Least Concern","Schedule-II","","Appendix II",NA,"X","X","X",197,0.101522842639594,0.360406091370558,0.487309644670051,12.6954314720812,0.883735229806906,31.5143844610481,66.106814225242,138.944102211175,-6.50607408994124,-1.39383123631007,3.71841161732109,71.5319108481847,102.196467203677,147.34182575664,67.1812434894041,101.040783889305,153.792743548506,63.0699441250798,99.978406764401,160.925170014847,59.2111836901368,99.00648555468,168.736248197928,55.6040381063594,98.1224094362119,177.244645340448,52.240259514246,97.3237957585506,186.483891208599,49.107926467279,96.6084797252112,196.498918277203
"Common Redstart","Phoenicurus phoenicurus","comred2","Passeriformes","Muscicapidae (Old World Flycatchers)",NA,NA,NA,NA,"Diurnal","Diurnal","Invertebrate","No","No","No","Non-endemic","Non-specialized","Winter Migrant",NA,1,NA,"Common Redstart","Phoenicurus phoenicurus","Common Redstart","Phoenicurus phoenicurus","Least Concern","Schedule-II","","Appendix II",NA,"","","",4,0.25,0.333333333333333,NA,13.75,6.85416418439671,NA,NA,NA,NA,NA,NA,NA,NA,NA,NA,NA,NA,NA,NA,NA,NA,NA,NA,NA,NA,NA,NA,NA,NA,NA,NA,NA
"Hodgson's Redstart","Phoenicurus hodgsoni","hodred1","Passeriformes","Muscicapidae (Old World Flycatchers)",NA,NA,NA,NA,"Diurnal","Diurnal","Omnivore","No","No","No","Non-endemic","Non-specialized","Winter Migrant",1,NA,NA,"Hodgson's Redstart","Phoenicurus hodgsoni","Hodgson's Redstart","Phoenicurus hodgsoni","Least Concern","Schedule-II","","Appendix II",NA,"","","X",94,0.0425531914893617,0.381914893617021,0.574468085106383,12.4787234042553,1.31038163810436,NA,NA,NA,NA,NA,NA,NA,NA,NA,NA,NA,NA,NA,NA,NA,NA,NA,NA,NA,NA,NA,NA,NA,NA,NA,NA,NA
"White-throated Redstart","Phoenicurus schisticeps","whtred1","Passeriformes","Muscicapidae (Old World Flycatchers)",NA,NA,NA,NA,"Diurnal","Diurnal","Invertebrate","No","No","No","Non-endemic","Alpine & Cold Desert","Winter Migrant",NA,NA,NA,"White-throated Redstart","Phoenicurus schisticeps","White-throated Redstart","Phoenicurus schisticeps","Least Concern","Schedule-II","","",NA,"","","",17,0.117647058823529,0.317647058823529,0.470588235294118,13.3529411764706,3.42357529785299,NA,NA,NA,NA,NA,NA,NA,NA,NA,NA,NA,NA,NA,NA,NA,NA,NA,NA,NA,NA,NA,NA,NA,NA,NA,NA,NA
"White-winged Redstart","Phoenicurus erythrogastrus","whwred2","Passeriformes","Muscicapidae (Old World Flycatchers)","Moderate","Data Deficient","Strong Decline","Moderate","Diurnal","Diurnal","Invertebrate","No","No","No","Non-endemic","Alpine & Cold Desert","Resident & Altitudinal Migrant",NA,NA,NA,"White-winged Redstart","Phoenicurus erythrogastrus","White-winged Redstart","Phoenicurus erythrogastrus","Least Concern","Schedule-II","","Appendix II",NA,"","","",120,0.191666666666667,0.361666666666667,0.516666666666667,7.25,0.801258568826348,NA,NA,NA,NA,NA,NA,NA,NA,NA,NA,NA,NA,NA,NA,NA,NA,NA,NA,NA,NA,NA,NA,NA,NA,NA,NA,NA
"Black Redstart","Phoenicurus ochruros","blared1","Passeriformes","Muscicapidae (Old World Flycatchers)","Moderate","Moderate Decline","Uncertain","Large","Diurnal","Diurnal","Invertebrate","No","No","No","Non-endemic","Non-specialized","Winter Migrant & Localized Summer Migrant",NA,NA,NA,"Black Redstart","Phoenicurus ochruros","Black Redstart","Phoenicurus ochruros","Least Concern","Schedule-II","","Appendix II",NA,"X","X","X",2189,0.0790315212425765,0.307446322521699,0.471904979442668,10.9328460484239,0.260503168054125,48.714987427459,60.9589399475683,76.257983181531,-3.54264576272343,-2.18840833140047,-0.834170900077502,71.4455265605688,82.5699198488087,95.5010430455295,68.2173700321688,80.5104907974947,95.1162743326528,65.1045572945682,78.50730993533,94.793051925987,62.1151485315637,76.5587305263145,94.5148062284812,59.2515776776948,74.6631569838971,94.2710331680563,56.5131200770807,72.8190431975602,94.0548033907609,53.8972507914781,71.0248909167343,93.8613820593329
"Daurian Redstart","Phoenicurus auroreus","daured1","Passeriformes","Muscicapidae (Old World Flycatchers)",NA,NA,NA,NA,"Diurnal","Diurnal","Invertebrate","No","No","No","Non-endemic","Non-specialized","Winter Migrant",NA,NA,NA,"Daurian Redstart","Phoenicurus auroreus","Daurian Redstart","Phoenicurus auroreus","Least Concern","Schedule-II","","Appendix II",NA,"","","",112,0.0803571428571429,0.271428571428571,0.571428571428571,11.4196428571429,1.07636439185531,NA,NA,NA,NA,NA,NA,NA,NA,NA,NA,NA,NA,NA,NA,NA,NA,NA,NA,NA,NA,NA,NA,NA,NA,NA,NA,NA
"Chestnut-bellied Rock-Thrush","Monticola rufiventris","cbrthr1","Passeriformes","Muscicapidae (Old World Flycatchers)","Low","Uncertain","Uncertain","Moderate","Diurnal","Diurnal","Invertebrate","No","No","No","Non-endemic","Forest & Plantation","Resident & Altitudinal Migrant",NA,NA,NA,"Chestnut-bellied Rock-Thrush","Monticola rufiventris","Chestnut-bellied Rock-thrush","Monticola rufiventris","Least Concern","Schedule-II","","",NA,"X","X","X",270,0.114814814814815,0.356666666666667,0.451851851851852,12.4444444444444,0.76742626618339,41.42275880326,68.8692930833339,119.233251267687,-6.42677922447905,-3.99903756881249,-1.57129591314593,48.6057164225611,61.3554243316526,77.6830373803523,44.8271906211259,58.5164924698258,76.6882582157891,41.3205961714814,55.8237364246231,75.7981101756068,38.0786200886513,53.2690431199915,74.9887304582037,35.0881796049141,50.8447775611777,74.2448369327559,32.333694159329,48.5437532023122,73.5561945763881,29.7987968824889,46.3592042342424,72.9156675643078
"White-throated Rock-Thrush","Monticola gularis","wtrthr1","Passeriformes","Muscicapidae (Old World Flycatchers)",NA,NA,NA,NA,"Diurnal","Diurnal","Invertebrate","No","No","No","Non-endemic","Forest","Uncertain",NA,NA,NA,"White-throated Rock-Thrush",NA,"White-throated Rock-thrush","Monticola gularis",NA,NA,NA,NA,NA,"","","",NA,NA,NA,NA,NA,NA,NA,NA,NA,NA,NA,NA,NA,NA,NA,NA,NA,NA,NA,NA,NA,NA,NA,NA,NA,NA,NA,NA,NA,NA,NA,NA,NA
"Blue-capped Rock-Thrush","Monticola cinclorhyncha","bcrthr1","Passeriformes","Muscicapidae (Old World Flycatchers)","Low","Uncertain","Uncertain","Moderate","Diurnal","Diurnal","Invertebrate","No","No","No","Non-endemic","Forest","Within-India Migrant",NA,NA,NA,"Blue-capped Rock-Thrush","Monticola cinclorhyncha","Blue-capped Rock-thrush","Monticola cinclorhyncha","Least Concern","Schedule-II","","Appendix II",NA,"X","X","X",568,0.119718309859155,0.370950704225352,0.459507042253521,16.8961267605634,0.539192351748511,25.5478793799976,37.0553590695356,53.5644877505044,-6.64099201348128,-5.00923854031581,-3.37748506715034,44.26182401287,53.9166370805177,65.8107742990279,40.3116647690929,50.5257599230854,63.4966173413448,36.6939013086615,47.3553364752716,61.3225868452661,33.3901950251386,44.3906018247407,59.2661268504789,30.3787309941494,41.6178069531614,57.3119566851661,27.6368150845043,39.0241470936127,55.4491067165953,25.1421739946664,36.5976952562931,53.6692875815417
"Rufous-tailed Rock-Thrush","Monticola saxatilis","rtrthr1","Passeriformes","Muscicapidae (Old World Flycatchers)",NA,NA,NA,NA,"Diurnal","Diurnal","Invertebrate","No","No","No","Non-endemic","Open Habitat","Passage Migrant & Localized Summer Migrant",NA,1,NA,"Rufous-tailed Rock-Thrush","Monticola saxatilis","Rufous-tailed Rock-thrush","Monticola saxatilis","Least Concern","Schedule-II","","Appendix II",NA,"","","",6,0.333333333333333,0.25,0.333333333333333,12.8333333333333,4.59428533917712,NA,NA,NA,NA,NA,NA,NA,NA,NA,NA,NA,NA,NA,NA,NA,NA,NA,NA,NA,NA,NA,NA,NA,NA,NA,NA,NA
"Blue Rock-Thrush","Monticola solitarius","burthr","Passeriformes","Muscicapidae (Old World Flycatchers)","Moderate","Strong Decline","Uncertain","Large","Diurnal","Diurnal","Omnivore","No","No","No","Non-endemic","Non-specialized","Winter Migrant & Localized Summer Migrant",NA,NA,NA,"Blue Rock-Thrush","Monticola solitarius","Blue Rock-thrush","Monticola solitarius","Least Concern","Schedule-II","","Appendix II",NA,"X","X","X",1371,0.0824215900802334,0.255506929248724,0.355215171407732,13.8256746900073,0.357377383308863,20.1851734461819,25.8249997945325,33.4213177651206,-6.47045036136751,-5.37911952121479,-4.28778868106207,47.1919865882607,53.9876309367616,61.8228966675168,42.987629363515,50.1458942629689,58.572075960092,39.1417751641416,46.5812512600816,55.526718595918,35.6309574837981,43.2734557736994,52.6641917516926,32.4300602914604,40.2037593979124,49.9674960550337,29.5141268331488,37.3547993530441,47.4230988614538,26.8592336723719,34.7104948530391,45.0197353353068
"Whinchat","Saxicola rubetra","whinch1","Passeriformes","Muscicapidae (Old World Flycatchers)",NA,NA,NA,NA,"Diurnal","Diurnal","Invertebrate","No","No","No","Non-endemic","Open Habitat","Uncertain",NA,1,NA,"Whinchat","Saxicola rubetra","Whinchat","Saxicola rubetra","Least Concern","Recent addition","","Appendix II",NA,"","","",NA,NA,NA,NA,NA,NA,NA,NA,NA,NA,NA,NA,NA,NA,NA,NA,NA,NA,NA,NA,NA,NA,NA,NA,NA,NA,NA,NA,NA,NA,NA,NA,NA
"White-browed Bushchat","Saxicola macrorhynchus","whbbus4","Passeriformes","Muscicapidae (Old World Flycatchers)","Moderate","Data Deficient","Data Deficient","Moderate","Diurnal","Diurnal","Invertebrate","No","Yes","No","Indian Subcontinent","Grassland","Winter Migrant",NA,NA,NA,"White-browed Bushchat","Saxicola macrorhynchus","White-browed Bushchat","Saxicola macrorhynchus","Vulnerable","Schedule-II","","",NA,"","","X",59,0.101694915254237,0.210169491525424,0.338983050847458,13.135593220339,1.80087458789341,NA,NA,NA,NA,NA,NA,NA,NA,NA,NA,NA,NA,NA,NA,NA,NA,NA,NA,NA,NA,NA,NA,NA,NA,NA,NA,NA
"White-throated Bushchat","Saxicola insignis","whtbus1","Passeriformes","Muscicapidae (Old World Flycatchers)","High","Data Deficient","Data Deficient","Data Deficient","Diurnal","Diurnal","Invertebrate","No","No","No","Non-endemic","Wetland","Winter Migrant",1,NA,NA,"White-throated Bushchat","Saxicola insignis","White-throated Bushchat","Saxicola insignis","Vulnerable","Schedule-I","","Appendix II",NA,"","","X",10,0.5,0.1,NA,19.3,3.68482316777587,NA,NA,NA,NA,NA,NA,NA,NA,NA,NA,NA,NA,NA,NA,NA,NA,NA,NA,NA,NA,NA,NA,NA,NA,NA,NA,NA
"Siberian Stonechat","Saxicola maurus","sibsto1","Passeriformes","Muscicapidae (Old World Flycatchers)","Low","Uncertain","Uncertain","Large","Diurnal","Diurnal","Invertebrate","No","No","No","Non-endemic","Open Habitat","Winter Migrant & Localized Summer Migrant",NA,NA,NA,"Siberian Stonechat","Saxicola maurus","",NA,"Not recognized","Schedule-II","","Appendix II",NA,"X","X","X",2610,0.0582375478927203,0.337088122605364,0.528352490421456,11.4639846743295,0.246618991651477,86.4108658351742,112.198766917781,144.950493479942,-1.8086858015151,0.214903171335254,2.23849214418561,100.274794677854,115.356837652704,132.843212503157,98.5179190543387,115.660140871477,135.967492977215,96.7508628389174,115.974356347066,139.255840079892,94.990814998032,116.299574149687,142.693237933964,93.2482410919727,116.635887608181,146.271568860049,91.5296400144391,116.983393356796,149.98686054916,89.839080960635,117.342191383603,153.837753277308
"Amur Stonechat","Saxicola stejnegeri","stonec7","Passeriformes","Muscicapidae (Old World Flycatchers)","Low","Uncertain","Uncertain","Large","Diurnal","Diurnal","Invertebrate","No","No","No","Non-endemic","Open Habitat","Winter Migrant",NA,NA,NA,"Amur Stonechat","Saxicola stejnegeri","",NA,"Not recognized","Schedule-II","","Appendix II",NA,"","","",NA,NA,NA,NA,NA,NA,NA,NA,NA,NA,NA,NA,NA,NA,NA,NA,NA,NA,NA,NA,NA,NA,NA,NA,NA,NA,NA,NA,NA,NA,NA,NA,NA
"White-tailed Stonechat","Saxicola leucurus","whtsto2","Passeriformes","Muscicapidae (Old World Flycatchers)",NA,NA,NA,NA,"Diurnal","Diurnal","Invertebrate","No","No","No","Non-endemic","Wetland","Resident",1,NA,NA,"White-tailed Stonechat","Saxicola leucurus","White-tailed Stonechat","Saxicola leucurus","Least Concern","Schedule-II","","",NA,"","X","X",79,0.0759493670886076,0.273417721518987,0.379746835443038,14.6582278481013,1.49098068985353,NA,NA,NA,-10.0191172118303,-5.52313398653372,-1.02715076123711,31.3794307931576,49.7549436245893,79.8996005061216,27.272318411762,46.1801055778011,79.5091992799388,23.699645198628,42.9157361205651,79.3809111886671,20.6034284067226,39.9318680929055,79.4697396323804,17.9252021235397,37.2016856812862,79.7483535282221,15.6103913390139,34.701169540005,80.1999361138091,13.6099246879893,32.4087842760607,80.814280855206
"Pied Bushchat","Saxicola caprata","piebus1","Passeriformes","Muscicapidae (Old World Flycatchers)","Low","Stable","Uncertain","Large","Diurnal","Diurnal","Invertebrate","No","No","No","Non-endemic","Open Habitat","Resident & Within-India Migrant",1,NA,NA,"Pied Bushchat","Saxicola caprata","Pied Bushchat","Saxicola caprata","Least Concern","Schedule-II","","",NA,"X","X","X",2884,0.0748959778085992,0.400936199722607,0.579056865464632,11.4063800277393,0.246318932245239,105.833068058227,122.528644124494,141.819990250555,-1.76890524248031,-0.851463796661039,0.065977649158229,87.9352023767992,95.4767371055487,103.697297193734,86.109583062264,94.6165209781179,104.006290604781,84.2982272578124,93.7661094677316,104.351711424418,82.5097539724674,92.9253788140927,104.723872960969,80.7492533608993,92.0942069684263,105.116646647655,79.0197408124053,91.2724735681057,105.526007205957,77.3229654606533,90.4600599116777,105.949223409149
"Jerdon's Bushchat","Saxicola jerdoni","jerbus1","Passeriformes","Muscicapidae (Old World Flycatchers)",NA,NA,NA,NA,"Diurnal","Diurnal","Invertebrate","No","No","No","Non-endemic","Wetland","Resident",1,NA,NA,"Jerdon's Bushchat","Saxicola jerdoni","Jerdon's Bushchat","Saxicola jerdoni","Least Concern","Schedule-II","","",NA,"","X","X",9,0.111111111111111,0.211111111111111,0.333333333333333,14.4444444444444,3.53511764869622,NA,NA,NA,-166.410958632424,-0.107078994911287,166.196800642601,17.7301673946805,97.0733796105116,648.732097057659,13.742955650228,95.2119378648675,855.132045937641,10.7655415112592,94.7177916600556,1158.85598287114,8.53842157495288,95.5763421577906,1612.5414212194,6.86399865737605,97.8380256700375,2303.71357630179,5.59633881729964,101.622810985273,3381.32390745552,4.62902740947306,107.130393606498,5105.3605695402
"Gray Bushchat","Saxicola ferreus","grybus1","Passeriformes","Muscicapidae (Old World Flycatchers)","Low","Uncertain","Uncertain","Large","Diurnal","Diurnal","Invertebrate","No","No","No","Non-endemic","Non-specialized","Resident & Within-India Migrant",NA,NA,NA,"Grey Bushchat","Saxicola ferreus","Grey Bushchat","Saxicola ferreus","Least Concern","Schedule-II","","Appendix II",NA,"X","X","X",510,0.150980392156863,0.415294117647059,0.558823529411765,11.7823529411765,0.550428801825449,79.6602917972951,120.277166613737,191.507861160744,-4.5837951970908,-1.64195269238875,1.2998898123133,70.75734508346,86.515422521858,106.046343764091,67.5516644971999,85.0277557082,107.374706072512,64.4629936281162,83.5877724443741,108.838870730091,61.5030145993575,82.193862906325,110.417936341921,58.6756923744982,80.8444819510533,112.099540905015,55.9806879048392,79.5381463624092,113.876404154163,53.4152338039306,78.2734322235549,115.744411076239
"Northern Wheatear","Oenanthe oenanthe","norwhe","Passeriformes","Muscicapidae (Old World Flycatchers)",NA,NA,NA,NA,"Diurnal","Diurnal","Invertebrate","No","No","No","Non-endemic","Open Habitat","Passage Migrant & Localized Summer Migrant",NA,1,NA,"Northern Wheatear","Oenanthe oenanthe","Northern Wheatear","Oenanthe oenanthe","Least Concern","Schedule-II","","Appendix II",NA,"","","",9,NA,0.185185185185185,0.111111111111111,12.3333333333333,3.63760605038228,NA,NA,NA,NA,NA,NA,NA,NA,NA,NA,NA,NA,NA,NA,NA,NA,NA,NA,NA,NA,NA,NA,NA,NA,NA,NA,NA
"Isabelline Wheatear","Oenanthe isabellina","isawhe1","Passeriformes","Muscicapidae (Old World Flycatchers)","Low","Data Deficient","Uncertain","Moderate","Diurnal","Diurnal","Invertebrate","No","No","No","Non-endemic","Grassland","Winter Migrant",NA,NA,NA,"Isabelline Wheatear","Oenanthe isabellina","Isabelline Wheatear","Oenanthe isabellina","Least Concern","Schedule-II","","Appendix II",NA,"X","X","X",370,0.072972972972973,0.246756756756757,0.383783783783784,12.7135135135135,0.659753987298439,24.3693138339855,47.6175324358524,93.7117066698749,-7.36959565162696,-4.41966014277282,-1.46972463391867,50.1997009173731,70.1542965568376,98.6706615853446,45.2521938864072,66.3478798685994,98.0983040281247,40.7688518559134,62.7789382095917,97.7141252506636,36.7231673134609,59.4313240784746,97.4774047116447,33.0814674287468,56.2900649250778,97.3625694868753,29.8081956774144,53.3412728338405,97.3529591773808,26.8685054310123,50.5720614765657,97.4373978074312
"Desert Wheatear","Oenanthe deserti","deswhe1","Passeriformes","Muscicapidae (Old World Flycatchers)","Low","Uncertain","Uncertain","Moderate","Diurnal","Diurnal","Invertebrate","No","No","No","Non-endemic","Open Habitat","Winter Migrant & Localized Summer Migrant",NA,NA,NA,"Desert Wheatear","Oenanthe deserti","Desert Wheatear","Oenanthe deserti","Least Concern","Schedule-II","","Appendix II",NA,"X","X","X",579,0.110535405872193,0.27979274611399,0.414507772020725,12.0293609671848,0.524533591578648,31.483873997413,48.0780602889189,72.5587961568311,-5.85773242533061,-3.42737418268549,-0.997015940040364,67.3492978011011,86.6106272980065,111.775651051054,62.3798799820272,83.1892657932831,111.457188623496,57.7413967186593,79.9245871896469,111.288937035445,53.4304305679795,76.8087027105678,111.237572626326,49.4344266299453,73.8341505879822,111.282202699737,45.7365075176993,70.9938715575537,111.409257355504,42.3180271185068,68.2811858314391,111.609670079475
"Pied Wheatear","Oenanthe pleschanka","piewhe1","Passeriformes","Muscicapidae (Old World Flycatchers)",NA,NA,NA,NA,"Diurnal","Diurnal","Invertebrate","No","No","No","Non-endemic","Alpine & Cold Desert","Summer Migrant",NA,1,NA,"Pied Wheatear","Oenanthe pleschanka","Pied Wheatear","Oenanthe pleschanka","Least Concern","Schedule-II","","Appendix II",NA,"","","",50,0.24,0.156,0.34,8.24,1.49904374852771,NA,NA,NA,NA,NA,NA,NA,NA,NA,NA,NA,NA,NA,NA,NA,NA,NA,NA,NA,NA,NA,NA,NA,NA,NA,NA,NA
"Brown Rock Chat","Oenanthe fusca","indcha1","Passeriformes","Muscicapidae (Old World Flycatchers)","Low","Uncertain","Strong Increase","Large","Diurnal","Diurnal","Invertebrate","No","Yes","No","Indian Subcontinent","Non-specialized","Resident",NA,NA,NA,"Brown Rock Chat","Oenanthe fusca","Brown Rockchat","Oenanthe fusca","Least Concern","Schedule-II","","",NA,"","","X",1540,0.0428571428571429,0.316038961038961,0.542857142857143,10.1233766233766,0.310078529040493,NA,NA,NA,NA,NA,NA,NA,NA,NA,NA,NA,NA,NA,NA,NA,NA,NA,NA,NA,NA,NA,NA,NA,NA,NA,NA,NA
"Variable Wheatear","Oenanthe picata","varwhe1","Passeriformes","Muscicapidae (Old World Flycatchers)","Low","Uncertain","Uncertain","Moderate","Diurnal","Diurnal","Invertebrate","No","No","No","Non-endemic","Open Habitat","Winter Migrant",NA,NA,NA,"Variable Wheatear","Oenanthe picata","Variable Wheatear","Oenanthe picata","Least Concern","Schedule-II","","Appendix II",NA,"X","X","X",426,0.0915492957746479,0.271596244131455,0.422535211267606,11.037558685446,0.603649628487659,27.0275410346893,47.3555834754843,78.0189066525478,-7.65697056611952,-5.41139051566142,-3.16581046520332,43.5529749892755,56.6138679346213,73.8891598425933,38.935389335665,52.564250001916,71.3403347472929,34.7874815472179,48.8210109996861,68.9804196570304,31.0731996294868,45.359824540677,66.7758256361898,27.7534925615063,42.1583788742004,64.7039022955967,24.7898207363279,39.1962037360886,62.7484823490318,22.1457743944011,36.4545125775612,60.8974341376971
"Hume's Wheatear","Oenanthe albonigra","humwhe2","Passeriformes","Muscicapidae (Old World Flycatchers)",NA,NA,NA,NA,"Diurnal","Diurnal","","No","No","No","Non-endemic","Open Habitat","Uncertain",NA,1,NA,"Hume's Wheatear","Oenanthe albonigra","Hume's Wheatear","Oenanthe albonigra","Least Concern","Schedule-II","","",NA,"","","",NA,NA,NA,NA,NA,NA,NA,NA,NA,NA,NA,NA,NA,NA,NA,NA,NA,NA,NA,NA,NA,NA,NA,NA,NA,NA,NA,NA,NA,NA,NA,NA,NA
"Finsch's Wheatear","Oenanthe finschii","finwhe1","Passeriformes","Muscicapidae (Old World Flycatchers)",NA,NA,NA,NA,"Diurnal","Diurnal","Invertebrate","No","No","No","Non-endemic","Open Habitat","Uncertain",NA,1,NA,"Finsch's Wheatear","Oenanthe finschii","Finsch's Wheatear","Oenanthe finschii","Least Concern","Schedule-II","","Appendix II",NA,"","","",NA,NA,NA,NA,NA,NA,NA,NA,NA,NA,NA,NA,NA,NA,NA,NA,NA,NA,NA,NA,NA,NA,NA,NA,NA,NA,NA,NA,NA,NA,NA,NA,NA
"Persian Wheatear","Oenanthe chrysopygia","retwhe2","Passeriformes","Muscicapidae (Old World Flycatchers)",NA,NA,NA,NA,"Diurnal","Diurnal","Invertebrate","No","No","No","Non-endemic","Grassland & Scrub","Winter Migrant",NA,NA,NA,"Red-tailed Wheatear","Oenanthe chrysopygia","Red-tailed Wheatear","Oenanthe chrysopygia","Least Concern","Schedule-II","","Appendix II",NA,"","","",35,0.114285714285714,0.34,0.371428571428571,13.4,2.34430112500632,NA,NA,NA,NA,NA,NA,NA,NA,NA,NA,NA,NA,NA,NA,NA,NA,NA,NA,NA,NA,NA,NA,NA,NA,NA,NA,NA
"Bohemian Waxwing","Bombycilla garrulus","bohwax","Passeriformes","Bombycillidae (Waxwings)",NA,NA,NA,NA,"Diurnal","Diurnal","Omnivore","No","No","No","Non-endemic","Non-specialized","Uncertain",NA,1,NA,"Bohemian Waxwing","Bombycilla garrulus","Bohemian Waxwing","Bombycilla garrulus","Least Concern","Schedule-II","","",NA,"","","",NA,NA,NA,NA,NA,NA,NA,NA,NA,NA,NA,NA,NA,NA,NA,NA,NA,NA,NA,NA,NA,NA,NA,NA,NA,NA,NA,NA,NA,NA,NA,NA,NA
"Hypocolius","Hypocolius ampelinus","hypoco1","Passeriformes","Hypocoliidae (Hypocolius)",NA,NA,NA,NA,"Diurnal","Diurnal","Fruit & Nect","No","No","No","Non-endemic","Non-specialized","Winter Migrant",1,NA,NA,"Grey Hypocolius","Hypocolius ampelinus","Hypocolius","Hypocolius ampelinus","Least Concern","Schedule-II","","",NA,"","","X",17,0.117647058823529,0.3,0.235294117647059,15.7647058823529,3.37616928354339,NA,NA,NA,NA,NA,NA,NA,NA,NA,NA,NA,NA,NA,NA,NA,NA,NA,NA,NA,NA,NA,NA,NA,NA,NA,NA,NA
"Thick-billed Flowerpecker","Pachyglossa agilis","thbflo1","Passeriformes","Dicaeidae (Flowerpeckers)","Moderate","Moderate Decline","Uncertain","Large","Diurnal","Diurnal","Fruit & Nect","No","No","No","Non-endemic","Forest & Plantation","Resident",1,NA,NA,"Thick-billed Flowerpecker","Pachyglossa agilis","Thick-billed Flowerpecker","Dicaeum agile","Least Concern","Schedule-II","","",NA,"X","X","X",1324,0.0649546827794562,0.317296072507553,0.474320241691843,14.0196374622357,0.365285198953953,33.5008655455625,43.3573789629017,56.8440910256699,-4.4278470689302,-3.04010393916315,-1.6523608093961,64.4430446968587,75.1957566476234,87.8309026547423,60.8200968148535,72.5726619874211,86.7105053018465,57.3727140125666,70.0460949909606,85.6630984001362,54.1039625154913,67.6123408074702,84.671134374489,51.0114672178266,65.2678332246474,83.7233990989536,48.0899607477601,63.0091485124424,82.8124062637047,45.3326710818802,60.8329995298469,81.932956861342
"Yellow-vented Flowerpecker","Pachyglossa chrysorrhea","yevflo1","Passeriformes","Dicaeidae (Flowerpeckers)",NA,NA,NA,NA,"Diurnal","Diurnal","Fruit & Nect","No","No","No","Non-endemic","Forest","Resident & Summer Migrant",NA,NA,NA,"Yellow-vented Flowerpecker","Pachyglossa chrysorrhea","Yellow-vented Flowerpecker","Dicaeum chrysorrheum","Least Concern","Schedule-II","","",NA,"","","",63,0.0793650793650794,0.228571428571429,0.349206349206349,13.015873015873,1.51216766773941,NA,NA,NA,NA,NA,NA,NA,NA,NA,NA,NA,NA,NA,NA,NA,NA,NA,NA,NA,NA,NA,NA,NA,NA,NA,NA,NA
"Yellow-bellied Flowerpecker","Pachyglossa melanozantha","yebflo1","Passeriformes","Dicaeidae (Flowerpeckers)",NA,NA,NA,NA,"Diurnal","Diurnal","Invertebrate","No","No","No","Non-endemic","Forest","Resident & Local Migrant",NA,NA,NA,"Yellow-bellied Flowerpecker","Pachyglossa melanozantha","Yellow-bellied Flowerpecker","Dicaeum melanozanthum","Least Concern","Schedule-II","","",NA,"","","",47,0.0425531914893617,0.172340425531915,0.404255319148936,12.9574468085106,1.87375301183515,NA,NA,NA,NA,NA,NA,NA,NA,NA,NA,NA,NA,NA,NA,NA,NA,NA,NA,NA,NA,NA,NA,NA,NA,NA,NA,NA
"Pale-billed Flowerpecker","Dicaeum erythrorhynchos","pabflo1","Passeriformes","Dicaeidae (Flowerpeckers)","Low","Stable","Strong Increase","Large","Diurnal","Diurnal","Fruit & Nect","No","Yes","No","Indian Subcontinent","Non-specialized","Resident",NA,NA,NA,"Pale-billed Flowerpecker","Dicaeum erythrorhynchos","Pale-billed Flowerpecker","Dicaeum erythrorhynchos","Least Concern","Schedule-II","","",NA,"X","X","X",1760,0.0607954545454545,0.40625,0.621022727272727,13.0778409090909,0.327336024501623,141.802324273889,170.039876865857,204.836385846544,-0.410208594806834,1.104383844756,2.61897628431882,93.6801489683241,107.266879229157,122.897289393398,92.7654753311633,108.326013846037,126.595504528339,91.8172055502558,109.399425651279,130.478543253949,90.8508949143628,110.487329560494,134.53527866044,89.8763347846102,111.589944082517,138.760530013213,88.8998998622475,112.707491384315,143.152722090538,87.9258596340998,113.840197357155,147.71258061353
"Nilgiri Flowerpecker","Dicaeum concolor","plaflo1","Passeriformes","Dicaeidae (Flowerpeckers)","Moderate","Moderate Decline","Uncertain","Moderate","Diurnal","Diurnal","Fruit & Nect","Yes","Yes","No","Western Ghats","Non-specialized","Resident & Local Migrant",NA,NA,NA,"Nilgiri Flowerpecker","Dicaeum concolor","Nilgiri Flowerpecker","Dicaeum concolor","Least Concern","Schedule-II","","",NA,"X","X","X",266,0.225563909774436,0.591353383458647,0.654135338345865,20.1729323308271,0.624058341896684,29.3166784675818,61.9280027284508,134.404200240442,-5.54561133121932,0.314915861947191,6.17544305511371,81.6844914373616,116.399398873158,167.243023577782,77.8626933471379,116.711380639791,176.847730068249,74.1926522325431,117.108898301515,187.423125917571,70.6993867269498,117.59282854512,198.992760230097,67.3921178996829,118.164245271276,211.60512628077,64.2713633072884,118.824423400668,225.327135083606,61.3328236688122,119.574843447272,240.240899925728
"Plain Flowerpecker","Dicaeum minullum","plaflo2","Passeriformes","Dicaeidae (Flowerpeckers)","Low","Data Deficient","Uncertain","Moderate","Diurnal","Diurnal","Fruit & Nect","No","No","No","Non-endemic","Forest & Plantation","Resident",NA,NA,NA,"Plain Flowerpecker","Dicaeum minullum","Plain Flowerpecker","Dicaeum minullum","Least Concern","Schedule-II","","",NA,"","","X",213,0.0563380281690141,0.256807511737089,0.502347417840376,10.9906103286385,0.82621541017195,NA,NA,NA,NA,NA,NA,NA,NA,NA,NA,NA,NA,NA,NA,NA,NA,NA,NA,NA,NA,NA,NA,NA,NA,NA,NA,NA
"Andaman Flowerpecker","Dicaeum virescens","andflo1","Passeriformes","Dicaeidae (Flowerpeckers)","Moderate","Data Deficient","Uncertain","Restricted","Diurnal","Diurnal","Fruit & Nect","Yes","Yes","No","Andaman Islands","Forest","Resident",NA,NA,1,"Andaman Flowerpecker","Dicaeum virescens","",NA,"Not recognized","Schedule-II","","",NA,"X","X","X",26,0.115384615384615,0.6,0.846153846153846,7.26923076923077,1.91903824531515,77.3310069871382,166.446412471783,374.047778908083,-2.00934872278068,3.21842801480097,8.44620475238262,95.0880646953694,126.109666382399,167.815330158207,93.9511631639203,129.755679754631,179.996825091092,92.7736546537571,133.55340322344,193.342684784453,91.5877367937297,137.510052673201,207.910778798095,90.4131097383665,141.633235758417,223.78031416479,89.262091604234,145.930975225675,241.047570230542,88.1424844002946,150.411733742282,259.823972610629
"Fire-breasted Flowerpecker","Dicaeum ignipectus","fibflo1","Passeriformes","Dicaeidae (Flowerpeckers)","Low","Uncertain","Uncertain","Moderate","Diurnal","Diurnal","Fruit & Nect","No","No","No","Non-endemic","Forest & Plantation","Resident & Altitudinal Migrant",NA,NA,NA,"Fire-breasted Flowerpecker","Dicaeum ignipectus","Fire-breasted Flowerpecker","Dicaeum ignipectus","Least Concern","Schedule-II","","",NA,"","","X",250,0.092,0.3528,0.592,11.908,0.797148629138979,NA,NA,NA,NA,NA,NA,NA,NA,NA,NA,NA,NA,NA,NA,NA,NA,NA,NA,NA,NA,NA,NA,NA,NA,NA,NA,NA
"Scarlet-backed Flowerpecker","Dicaeum cruentatum","scbflo1","Passeriformes","Dicaeidae (Flowerpeckers)","Moderate","Uncertain","Strong Decline","Moderate","Diurnal","Diurnal","Fruit & Nect","No","No","No","Non-endemic","Forest & Plantation","Resident",NA,NA,NA,"Scarlet-backed Flowerpecker","Dicaeum cruentatum","Scarlet-backed Flowerpecker","Dicaeum cruentatum","Least Concern","Schedule-II","","",NA,"","","X",230,0.0739130434782609,0.341304347826087,0.626086956521739,11.704347826087,0.787559497903261,NA,NA,NA,NA,NA,NA,NA,NA,NA,NA,NA,NA,NA,NA,NA,NA,NA,NA,NA,NA,NA,NA,NA,NA,NA,NA,NA
"Ruby-cheeked Sunbird","Chalcoparia singalensis","rucsun2","Passeriformes","Nectariniidae (Sunbirds and Spiderhunters)","Low","Data Deficient","Uncertain","Moderate","Diurnal","Diurnal","Fruit & Nect","No","No","No","Non-endemic","Forest","Resident",NA,NA,NA,"Ruby-cheeked Sunbird","Chalcoparia singalensis","Ruby-cheeked Sunbird","Chalcoparia singalensis","Least Concern","Schedule-II","","",NA,"","","X",176,0.0568181818181818,0.269318181818182,0.511363636363636,12.3977272727273,0.883353644446563,NA,NA,NA,NA,NA,NA,NA,NA,NA,NA,NA,NA,NA,NA,NA,NA,NA,NA,NA,NA,NA,NA,NA,NA,NA,NA,NA
"Purple-rumped Sunbird","Leptocoma zeylonica","pursun3","Passeriformes","Nectariniidae (Sunbirds and Spiderhunters)","Low","Stable","Uncertain","Very Large","Diurnal","Diurnal","Fruit & Nect","No","Yes","No","Indian Subcontinent","Non-specialized","Resident",NA,NA,NA,"Purple-rumped Sunbird","Leptocoma zeylonica","Purple-rumped Sunbird","Leptocoma zeylonica","Least Concern","Schedule-II","","",NA,"X","X","X",2275,0.0830769230769231,0.482593406593407,0.688351648351648,11.8298901098901,0.280212873715075,135.331405424439,166.395605587118,201.036071433112,-0.0956954880686931,1.55761971992076,3.2109349279102,105.949104343842,115.65052670344,126.298168444243,106.15687290502,117.357839730676,129.818725739591,106.335996080171,119.095916152063,133.489528016735,106.497211302291,120.865376278966,137.303703119403,106.647364565946,122.66685409428,141.25840649034,106.790991750538,124.500997575468,145.353244799672,106.931203199758,126.368469025678,149.589396505565
"Crimson-backed Sunbird","Leptocoma minima","crbsun2","Passeriformes","Nectariniidae (Sunbirds and Spiderhunters)","Moderate","Strong Decline","Uncertain","Moderate","Diurnal","Diurnal","Fruit & Nect","Yes","Yes","No","Western Ghats","Forest & Plantation","Resident & Local Migrant",NA,NA,NA,"Crimson-backed Sunbird","Leptocoma minima","Crimson-backed Sunbird","Leptocoma minima","Least Concern","Schedule-II","","",NA,"X","X","X",274,0.22992700729927,0.624452554744526,0.791970802919708,19.7372262773723,0.623395463426886,30.0403515274669,55.2510518653225,105.999360695609,-4.47366840054605,2.98883096917396,10.451330338894,92.7102109839196,127.152203888731,175.489489363171,90.9765476298133,130.574984303935,188.960789930117,89.2419521417486,134.180685506005,203.884317005938,87.5403131650989,137.979335635093,220.356499063488,85.8913775434237,141.98164232926,238.503567589641,84.3066313566346,146.199042586159,258.477456625093,82.792585496473,150.643756725948,280.454526458924
"Van Hasselt's Sunbird","Leptocoma brasiliana","vahsun1","Passeriformes","Nectariniidae (Sunbirds and Spiderhunters)",NA,NA,NA,NA,"Diurnal","Diurnal","Fruit & Nect","No","No","No","Non-endemic","Forest","Resident",NA,NA,NA,"Van Hasselt's Sunbird","Leptocoma brasiliana","Maroon-bellied Sunbird","Leptocoma brasiliana","Least Concern","Schedule-II","","",NA,"","","",8,0.125,0.203125,0.125,9,2.48475350890184,NA,NA,NA,NA,NA,NA,NA,NA,NA,NA,NA,NA,NA,NA,NA,NA,NA,NA,NA,NA,NA,NA,NA,NA,NA,NA,NA
"Purple Sunbird","Cinnyris asiaticus","pursun4","Passeriformes","Nectariniidae (Sunbirds and Spiderhunters)","Low","Stable","Stable","Very Large","Diurnal","Diurnal","Fruit & Nect","No","No","No","Non-endemic","Non-specialized","Resident & Local Migrant",NA,NA,NA,"Purple Sunbird","Cinnyris asiaticus","Purple Sunbird","Cinnyris asiaticus","Least Concern","Schedule-II","","",NA,"X","X","X",3925,0.0718471337579618,0.459133757961783,0.698853503184713,10.1424203821656,0.207251474941581,185.685935251367,208.976191479392,233.329042715611,2.14303171847133,2.9982879948456,3.85354427121987,125.244771672116,131.930217137672,138.989538664294,127.627699977657,135.458480625725,143.792811881978,130.032189531885,139.08246252336,148.793135087472,132.465783748267,142.804795517886,153.990154902751,134.933621985537,146.628185672227,159.386170898475,137.439420117917,150.555414496266,164.985163933003,139.986020843125,154.589341077393,170.792255079897
"Ornate Sunbird","Cinnyris ornatus","olbsun4","Passeriformes","Nectariniidae (Sunbirds and Spiderhunters)",NA,NA,NA,NA,"Diurnal","Diurnal","Fruit & Nect","No","No","No","Non-endemic","Forest & Plantation","Resident",1,NA,1,"Olive-backed Sunbird","Cinnyris ornatus","Olive-backed Sunbird","Cinnyris ornatus","Least Concern","Schedule-II","","",NA,"","","X",46,0.239130434782609,0.506521739130435,0.652173913043478,5.78260869565217,1.37708069986412,NA,NA,NA,NA,NA,NA,NA,NA,NA,NA,NA,NA,NA,NA,NA,NA,NA,NA,NA,NA,NA,NA,NA,NA,NA,NA,NA
"Loten's Sunbird","Cinnyris lotenius","lobsun2","Passeriformes","Nectariniidae (Sunbirds and Spiderhunters)","Low","Stable","Uncertain","Large","Diurnal","Diurnal","Fruit & Nect","No","Yes","No","Indian Subcontinent","Forest & Plantation","Resident",NA,NA,NA,"Loten's Sunbird","Cinnyris lotenius","Loten's Sunbird","Cinnyris lotenius","Least Concern","Schedule-II","","",NA,"X","X","X",528,0.145833333333333,0.55719696969697,0.738636363636364,17.9526515151515,0.552467488701452,65.0052065399795,91.1417628809535,131.174965970077,-0.533851343705562,2.66769757502664,5.86924649375884,112.508145620078,133.392519438007,158.421985676591,112.475801992177,136.680561586506,166.464032324528,112.391224699609,140.070208292879,175.062420665734,112.276832167491,143.565005383799,184.224274096012,112.146865335849,147.168635507231,193.966844852976,112.010705689408,150.884923860522,204.314328950026,111.874735342579,154.717844175635,215.296148648921
"Fire-tailed Sunbird","Aethopyga ignicauda","fitsun1","Passeriformes","Nectariniidae (Sunbirds and Spiderhunters)","Low","Data Deficient","Uncertain","Moderate","Diurnal","Diurnal","Omnivore","No","No","No","Non-endemic","Forest","Resident & Altitudinal Migrant",NA,NA,NA,"Fire-tailed Sunbird","Aethopyga ignicauda","Fire-tailed Sunbird","Aethopyga ignicauda","Least Concern","Schedule-II","","",NA,"X","X","X",116,0.137931034482759,0.363793103448276,0.53448275862069,13.1034482758621,1.23737582985968,27.0996697941191,60.2541128977649,127.562086188477,-7.22531480842941,-2.96273578056531,1.29984324729879,52.3701499383523,75.2217547039886,108.959011215878,48.051705456786,72.6997414994904,111.21417576008,44.0715638532311,70.3159589109511,113.785382890265,40.4219895262927,68.0621826145115,116.642163434867,37.0854769434755,65.9307506711897,119.770015624677,34.0403776852503,63.914522161102,123.164217786922,31.2638048255103,62.0068391047384,126.826443353887
"Black-throated Sunbird","Aethopyga saturata","bltsun1","Passeriformes","Nectariniidae (Sunbirds and Spiderhunters)","Low","Data Deficient","Uncertain","Moderate","Diurnal","Diurnal","Fruit & Nect","No","No","No","Non-endemic","Forest","Resident & Altitudinal Migrant",NA,NA,NA,"Black-throated Sunbird","Aethopyga saturata","Black-throated Sunbird","Aethopyga saturata","Least Concern","Schedule-II","","",NA,"","","X",197,0.101522842639594,0.326395939086294,0.563451776649746,11.9035532994924,0.930002137568448,NA,NA,NA,NA,NA,NA,NA,NA,NA,NA,NA,NA,NA,NA,NA,NA,NA,NA,NA,NA,NA,NA,NA,NA,NA,NA,NA
"Mrs. Gould's Sunbird","Aethopyga gouldiae","gousun1","Passeriformes","Nectariniidae (Sunbirds and Spiderhunters)","Low","Data Deficient","Uncertain","Moderate","Diurnal","Diurnal","Omnivore","No","No","No","Non-endemic","Forest","Resident & Altitudinal Migrant",NA,NA,NA,"Mrs. Gould's Sunbird","Aethopyga gouldiae","Gould's Sunbird","Aethopyga gouldiae","Least Concern","Schedule-II","","",NA,"X","X","X",137,0.109489051094891,0.332116788321168,0.532846715328467,11.8540145985401,1.0509702230347,15.946253795389,35.3746579763933,77.7345376058978,-6.72534184421873,-2.02911217438819,2.66711749544236,61.7941548088259,86.5040457991491,121.973396921993,57.7351297926852,84.820636393542,125.801927588774,53.9184156428951,83.2237935907461,130.026908783259,50.3511612674767,81.7097606689329,134.626781934844,47.0290037908216,80.2750135059008,139.596035085103,43.9417551231609,78.9162471449057,144.939334059653,41.076448321449,77.6303632938292,150.668338097006
"Green-tailed Sunbird","Aethopyga nipalensis","grtsun1","Passeriformes","Nectariniidae (Sunbirds and Spiderhunters)","Low","Uncertain","Uncertain","Moderate","Diurnal","Diurnal","Omnivore","No","No","No","Non-endemic","Forest & Plantation","Resident & Altitudinal Migrant",NA,NA,NA,"Green-tailed Sunbird","Aethopyga nipalensis","Green-tailed Sunbird","Aethopyga nipalensis","Least Concern","Schedule-II","","",NA,"X","X","X",173,0.144508670520231,0.389017341040462,0.578034682080925,11.6184971098266,0.992814749686378,64.1707079041644,114.750686840494,215.294824728301,-5.2450210605002,-1.46269332438877,2.31963441172266,59.3807009700159,77.440385545217,101.445521830821,56.359915061118,76.3653815918158,104.080488821572,53.4657361017236,75.3348340923071,106.946327464367,50.7102810651499,74.3473093573286,110.023867699265,48.096945024186,73.4014449917425,113.304219760061,45.6243365601758,72.4959466987736,116.784783768269,43.2884316426721,71.6295852655378,120.467050205022
"Vigors's Sunbird","Aethopyga vigorsii","wecsun1","Passeriformes","Nectariniidae (Sunbirds and Spiderhunters)","Low","Data Deficient","Uncertain","Moderate","Diurnal","Diurnal","Omnivore","Yes","Yes","No","Western Ghats","Non-specialized","Resident",NA,NA,NA,"Vigors's Sunbird","Aethopyga vigorsii","Sahyadri Sunbird","Aethopyga vigorsii","Least Concern","Schedule-II","","",NA,"","X","X",130,0.0923076923076923,0.536153846153846,0.646153846153846,16.1384615384615,1.01004481473544,NA,NA,NA,-6.24390996179589,-1.22656490299379,3.7907801558083,62.5171710100714,89.2059490015114,128.255018017928,58.6907615107539,88.1420784259063,133.694151395268,55.071975012498,87.1524989624007,139.68439192688,51.673061865565,86.2350981651806,146.217877146753,48.4938341569287,85.3879308218019,153.30483996321,45.5275918016232,84.6092122944592,160.967725630213,42.7643247318013,83.8973124274848,169.238090571507
"Crimson Sunbird","Aethopyga siparaja","eacsun1","Passeriformes","Nectariniidae (Sunbirds and Spiderhunters)","Low","Uncertain","Uncertain","Large","Diurnal","Diurnal","Omnivore","No","No","No","Non-endemic","Non-specialized","Resident",NA,NA,NA,"Crimson Sunbird","Aethopyga siparaja","Crimson Sunbird","Aethopyga siparaja","Least Concern","Schedule-II","","",NA,"X","X","X",483,0.082815734989648,0.368944099378882,0.546583850931677,12.3561076604555,0.535387547001099,91.8816222836651,137.521043330651,209.797026734185,-4.09885537135107,-1.83689408352969,0.425067204291697,73.026039945831,87.1518538749438,104.207898192553,69.7886832112338,85.4452887421352,104.875535852682,66.663818516932,83.7858689598507,105.641696254194,63.6623825718792,82.172124837892,106.486480896825,60.788299663451,80.6026384036447,107.397591837718,58.0415540006882,79.0760414292001,108.367226826382,55.4198811619616,77.5910135390345,109.390357484807
"Little Spiderhunter","Arachnothera longirostra","litspi1","Passeriformes","Nectariniidae (Sunbirds and Spiderhunters)","Moderate","Strong Decline","Uncertain","Moderate","Diurnal","Diurnal","Omnivore","No","No","No","Non-endemic","Forest & Plantation","Resident",NA,NA,NA,"Little Spiderhunter","Arachnothera longirostra","Little Spiderhunter","Arachnothera longirostra","Least Concern","Schedule-II","","",NA,"X","X","X",415,0.118072289156627,0.40578313253012,0.571084337349398,14.8168674698795,0.713125650603083,28.8233330558351,46.0334691823777,72.506358611719,-4.93399734966276,-1.78843222110251,1.35713290745775,67.4732869305529,83.5310382325117,103.727617689894,64.1710566442205,81.9228788577878,105.006445405581,61.0057164291254,80.3714260853119,106.429149146846,57.987493008795,78.8746206768188,107.974143234171,55.118757813205,77.430496189272,109.628780087613,52.3975731808488,76.0371746337354,111.385739922428,49.8196330502215,74.6928623595838,113.241031796051
"Streaked Spiderhunter","Arachnothera magna","strspi1","Passeriformes","Nectariniidae (Sunbirds and Spiderhunters)","Low","Uncertain","Uncertain","Moderate","Diurnal","Diurnal","Omnivore","No","No","No","Non-endemic","Forest & Plantation","Resident",NA,NA,NA,"Streaked Spiderhunter","Arachnothera magna","Streaked Spiderhunter","Arachnothera magna","Least Concern","Schedule-II","","",NA,"","","X",243,0.111111111111111,0.314814814814815,0.580246913580247,9.96296296296296,0.794088499062634,NA,NA,NA,NA,NA,NA,NA,NA,NA,NA,NA,NA,NA,NA,NA,NA,NA,NA,NA,NA,NA,NA,NA,NA,NA,NA,NA
"Asian Fairy-bluebird","Irena puella","asfblu1","Passeriformes","Irenidae (Fairy-bluebirds)","Moderate","Moderate Decline","Uncertain","Moderate","Diurnal","Diurnal","Fruit & Nect","No","No","No","Non-endemic","Forest","Resident",NA,NA,NA,"Asian Fairy-bluebird","Irena puella","Asian Fairy-bluebird","Irena puella","Least Concern","Schedule-II","","",NA,"X","X","X",322,0.201863354037267,0.531366459627329,0.649068322981366,17.0434782608696,0.805591808873313,34.1304251051585,57.8388511006572,101.413761367885,-4.38508632648368,-0.380979837684163,3.62312665111535,78.8029540609741,100.014372937259,127.395164266382,75.8923766554127,99.6883568509836,131.568252250681,73.0581135158507,99.4024377389011,136.068463622621,70.3193104990035,99.1562403485924,140.880397149266,67.6851862263428,98.9494350202615,146.000054261768,65.1592976768453,98.7817370777565,151.430591323209,62.7418991166605,98.6529063022041,157.179985869314
"Blue-winged Leafbird","Chloropsis moluccensis","blwlea1","Passeriformes","Chloropseidae (Leafbirds)",NA,NA,NA,NA,"Diurnal","Diurnal","Fruit & Nect","No","No","No","Non-endemic","Forest & Plantation","Resident",1,NA,NA,"Blue-winged Leafbird","Chloropsis moluccensis","Blue-winged Leafbird","Chloropsis moluccensis","Least Concern","Schedule-II","","",NA,"","","X",71,0.112676056338028,0.277464788732394,0.408450704225352,11.9718309859155,1.52429243880569,NA,NA,NA,NA,NA,NA,NA,NA,NA,NA,NA,NA,NA,NA,NA,NA,NA,NA,NA,NA,NA,NA,NA,NA,NA,NA,NA
"Jerdon's Leafbird","Chloropsis jerdoni","jerlea1","Passeriformes","Chloropseidae (Leafbirds)","Moderate","Moderate Decline","Uncertain","Large","Diurnal","Diurnal","Fruit & Nect","No","Yes","No","Indian Subcontinent","Forest & Plantation","Resident",NA,NA,NA,"Jerdon's Leafbird","Chloropsis jerdoni","Jerdon's Leafbird","Chloropsis jerdoni","Least Concern","Schedule-II","","",NA,"X","X","X",1082,0.0794824399260629,0.362476894639556,0.517560073937153,14.3317929759704,0.417796137960262,47.9694186096629,61.9468996382931,80.1297076862889,-3.29998143021023,-1.79772290324152,-0.295464376272802,70.7190087287276,80.2016718762449,91.034976963191,68.0899193318836,78.6392780903157,90.926700986348,65.5333831467766,77.1126383328488,90.8700846399936,63.0578706732295,75.6208512541619,90.8516788629843,60.6671424297194,74.163040038328,90.8629705781464,58.3622623758305,72.7383516916861,90.8983589092778,56.1427108737277,71.3459563531419,90.9540323550705
"Golden-fronted Leafbird","Chloropsis aurifrons","goflea1","Passeriformes","Chloropseidae (Leafbirds)","Low","Stable","Uncertain","Large","Diurnal","Diurnal","Fruit & Nect","No","No","No","Non-endemic","Forest & Plantation","Resident",NA,NA,NA,"Golden-fronted Leafbird","Chloropsis aurifrons","Golden-fronted Leafbird","Chloropsis aurifrons","Least Concern","Schedule-II","","",NA,"X","X","X",895,0.128491620111732,0.432625698324022,0.593296089385475,14.5240223463687,0.472598206871132,54.5834579177008,73.0391365364493,96.5075454553807,-3.28244896768008,-1.49939085060626,0.283667266467565,71.8944889677631,81.4207406071357,92.2968366669084,69.5025030845145,80.1413240055931,92.5238013664503,67.1665025550403,78.8894387410622,92.8059667565689,64.8956465948825,77.66442161062,93.1303059538599,62.6944399443931,76.465627246775,93.4886267441173,60.5647039015906,75.292427599172,93.8755927022377,58.5066676436172,74.1442114324667,94.2876244060641
"Orange-bellied Leafbird","Chloropsis hardwickii","orblea1","Passeriformes","Chloropseidae (Leafbirds)","Low","Uncertain","Uncertain","Moderate","Diurnal","Diurnal","Fruit & Nect","No","No","No","Non-endemic","Forest","Resident & Altitudinal Migrant",NA,NA,NA,"Orange-bellied Leafbird","Chloropsis hardwickii","Orange-bellied Leafbird","Chloropsis hardwickii","Least Concern","Schedule-II","","",NA,"X","X","X",259,0.1003861003861,0.315057915057915,0.471042471042471,11.0888030888031,0.797574411283908,57.9147677990479,95.45430889719,157.970718013363,-5.64632351826362,-2.29713926786273,1.05204498253815,61.8197010878768,80.534981987267,105.355814228235,58.0573795736908,78.5706332651986,106.91656135505,54.4953764115687,76.6830637152322,108.662788725124,51.1408246864787,74.8689980421875,110.568538662263,47.9917636378592,73.1253215803904,112.619002367334,45.0414760375249,71.449071851168,114.806036787322,42.2808341915191,69.8374305963342,117.125687731787
"Streaked Weaver","Ploceus manyar","strwea2","Passeriformes","Ploceidae (Weavers and Allies)","Moderate","Uncertain","Strong Decline","Large","Diurnal","Diurnal","Plant & Seed","No","No","No","Non-endemic","Wetland","Resident",1,NA,NA,"Streaked Weaver","Ploceus manyar","Streaked Weaver","Ploceus manyar","Least Concern","Schedule-II","","",NA,"X","X","X",527,0.0550284629981025,0.283301707779886,0.453510436432638,15.8823529411765,0.558115678747451,38.6244316792427,62.4217480415591,104.775735010668,-3.64209972379199,-0.159666069771171,3.32276758424965,73.9616022656948,91.3790770819011,113.191005665922,71.7008111756178,91.3246585423379,116.714820407249,69.4775587555656,91.2943066349376,120.482447475803,67.3093744909579,91.2880091741112,124.479377074583,65.2057126986949,91.3057737844601,128.699923911551,63.1713506127049,91.3476279225279,133.143839504442,61.2082749744076,91.4136189258364,137.814438683171
"Baya Weaver","Ploceus philippinus","baywea1","Passeriformes","Ploceidae (Weavers and Allies)","Low","Stable","Moderate Decline","Very Large","Diurnal","Diurnal","Plant & Seed","No","No","No","Non-endemic","Non-specialized","Resident",NA,NA,NA,"Baya Weaver","Ploceus philippinus","Baya Weaver","Ploceus philippinus","Least Concern","Schedule-II","","",NA,"X","X","X",2785,0.0535008976660682,0.368258527827648,0.572710951526032,11.7899461400359,0.245283587212397,100.235433386505,119.659489448294,142.389891770254,0.0941321036997086,1.06901649182034,2.04390087994098,111.218289693319,120.071990639113,129.666292580595,111.166178040463,121.356545544175,132.529035844428,111.084665876801,122.657043231986,135.497675465648,110.983724238203,123.973702481793,138.564110749142,110.869696496429,125.306745320175,141.723919113148,110.746773782723,126.656397072421,144.97488205322,110.617819563993,128.022886414765,148.316161993335
"Finn's Weaver","Ploceus megarhynchus","yelwea1","Passeriformes","Ploceidae (Weavers and Allies)","High","Data Deficient","Data Deficient","Restricted","Diurnal","Diurnal","Plant & Seed","No","Yes","No","Indian Subcontinent","Wetland","Resident",NA,NA,NA,"Finn's Weaver","Ploceus megarhynchus","Finn's Weaver","Ploceus megarhynchus","Endangered","Schedule-I","","",NA,"","","",NA,NA,NA,NA,NA,NA,NA,NA,NA,NA,NA,NA,NA,NA,NA,NA,NA,NA,NA,NA,NA,NA,NA,NA,NA,NA,NA,NA,NA,NA,NA,NA,NA
"Black-breasted Weaver","Ploceus benghalensis","benwea1","Passeriformes","Ploceidae (Weavers and Allies)","Low","Data Deficient","Uncertain","Large","Diurnal","Diurnal","Plant & Seed","No","Yes","No","Indian Subcontinent","Wetland","Resident",NA,NA,NA,"Black-breasted Weaver","Ploceus benghalensis","Black-breasted Weaver","Ploceus benghalensis","Least Concern","Schedule-II","","",NA,"X","X","X",525,0.0304761904761905,0.274857142857143,0.405714285714286,13.8780952380952,0.536972265683858,56.7872146324178,93.7019605862709,146.75156707848,-3.71907162498359,-1.14896736005921,1.42113690486518,58.5403664120373,71.8956647796357,88.517766353065,56.3018239439139,71.2218959952374,90.3903418341037,54.1192750637048,70.5648504519445,92.3922326878616,52.0053995106043,69.9241641193384,94.5074511868664,49.9664137373913,69.2994837355231,96.7268970093047,48.0048276618575,68.6904664889093,99.0455869002821,46.1209703942486,68.096779710939,101.461116675446
"Indian Silverbill","Euodice malabarica","indsil","Passeriformes","Estrildidae (Waxbills and Allies)","Low","Stable","Uncertain","Very Large","Diurnal","Diurnal","Plant & Seed","No","No","No","Non-endemic","Open Habitat","Resident",NA,NA,NA,"Indian Silverbill","Euodice malabarica","Indian Silverbill","Euodice malabarica","Least Concern","Schedule-II","","",NA,"X","X","X",2803,0.0592222618622904,0.376239743132358,0.577952194077774,10.7563325008919,0.241237510888119,81.2220285218461,103.52188650567,132.352754184932,-2.18120531169086,-0.32383617585079,1.53353295998928,91.8738785476458,108.970163574277,129.425083797285,89.3428774964617,108.618365169525,132.290080410947,86.8358357848851,108.277245953485,135.323221766757,84.3714783759945,107.94670427243,138.505513487693,81.9605505139092,107.626641728057,141.826200696199,79.6091274313797,107.3169631304,145.279457197686,77.3204553064236,107.017576452462,148.86254387071
"Scaly-breasted Munia","Lonchura punctulata","nutman","Passeriformes","Estrildidae (Waxbills and Allies)","Low","Uncertain","Uncertain","Very Large","Diurnal","Diurnal","Plant & Seed","No","No","No","Non-endemic","Non-specialized","Resident",NA,NA,NA,"Scaly-breasted Munia","Lonchura punctulata","Scaly-breasted Munia","Lonchura punctulata","Least Concern","Schedule-II","","",NA,"X","X","X",3015,0.0553897180762852,0.390580431177446,0.622222222222222,11.7379767827529,0.235581796859598,170.86922970312,201.156805742767,238.101510539324,0.684942796754243,1.77726193626736,2.86958107578048,104.178164744095,114.687397409971,126.296443396561,104.476018211347,116.629472026459,130.250362155462,104.739615697414,118.606679138428,134.380369431431,104.980450921365,120.619688152916,138.679778484242,105.2058522192,122.669181802509,143.146237649486,105.420673713813,124.755856420863,147.780045277224,105.628241865129,126.880422224114,152.583209514806
"Black-throated Munia","Lonchura kelaarti","bltmun1","Passeriformes","Estrildidae (Waxbills and Allies)","Low","Data Deficient","Uncertain","Moderate","Diurnal","Diurnal","Plant & Seed","No","Yes","No","Indian Subcontinent","Forest","Resident",NA,NA,NA,"Black-throated Munia","Lonchura kelaarti","Black-throated Munia","Lonchura kelaarti","Least Concern","Schedule-II","","",NA,"X","X","X",193,0.077720207253886,0.548704663212435,0.66839378238342,20.8341968911917,0.701343732957843,80.0797952846319,169.013862603739,353.859755570655,0.0967636256758233,9.98735729930663,19.8779509729374,112.8963984963,152.391641563983,206.803983403972,115.691759760981,163.054683677148,231.418408746196,118.489861494099,174.542461946966,259.411555012295,121.330299775297,186.923959003174,291.192582471794,124.24069777977,200.27432152417,327.245515770091,127.241651354743,214.675443527836,368.133442256772,130.349541222287,230.2166077041,414.506215564114
"White-rumped Munia","Lonchura striata","whrmun","Passeriformes","Estrildidae (Waxbills and Allies)","Moderate","Stable","Strong Decline","Large","Diurnal","Diurnal","Plant & Seed","No","No","No","Non-endemic","Non-specialized","Resident",1,NA,NA,"White-rumped Munia","Lonchura striata","White-rumped Munia","Lonchura striata","Least Concern","Schedule-II","","",NA,"X","X","X",1251,0.0799360511590727,0.404636290967226,0.620303756994404,14.8257394084732,0.382066336970297,84.1089524625575,109.623912353247,144.178877147351,-1.68788335993629,-0.0342508256208594,1.61938170869457,79.9217322963811,91.5803353679645,105.026761599131,78.3679531944736,91.5869957552916,107.152410678171,76.8109948100393,91.5987389946462,109.385463369642,75.2642259925222,91.6155666982387,111.713053140687,73.7357369725311,91.6374813067075,114.127680718809,72.2305064092361,91.6644860894959,116.6250476249,70.7516088224552,91.6965851454409,119.202849418409
"Tricolored Munia","Lonchura malacca","trimun","Passeriformes","Estrildidae (Waxbills and Allies)","Moderate","Uncertain","Strong Decline","Large","Diurnal","Diurnal","Plant & Seed","No","Yes","No","Indian Subcontinent","Grassland & Scrub","Resident",NA,NA,NA,"Tricoloured Munia","Lonchura malacca","Tricoloured Munia","Lonchura malacca","Least Concern","Schedule-II","","",NA,"X","X","X",1565,0.0447284345047923,0.329137380191693,0.518210862619808,14.2984025559105,0.325914098922825,88.7858118222342,114.567549562086,148.188754654206,-0.549867979927974,1.14859346080429,2.84705490153655,92.9316977193771,103.685741132305,115.758359000774,92.4838946437553,104.834102648189,118.933418086004,92.0067099780604,106.000603282575,122.254019400255,91.5123222092999,107.185567137532,125.711376911922,91.0084318196061,108.389324849922,129.301311379554,90.5000836895846,109.612213735267,133.022432547201,89.9906855559608,110.854577935024,136.875125466831
"Chestnut Munia","Lonchura atricapilla","chemun","Passeriformes","Estrildidae (Waxbills and Allies)",NA,NA,NA,NA,"Diurnal","Diurnal","Plant & Seed","No","No","No","Non-endemic","Grassland & Scrub","Resident",NA,NA,NA,"Chestnut Munia","Lonchura atricapilla","Chestnut Munia","Lonchura atricapilla","Least Concern","Schedule-II","","",NA,"","","",NA,NA,NA,NA,NA,NA,NA,NA,NA,NA,NA,NA,NA,NA,NA,NA,NA,NA,NA,NA,NA,NA,NA,NA,NA,NA,NA,NA,NA,NA,NA,NA,NA
"Green Avadavat","Amandava formosa","grnava1","Passeriformes","Estrildidae (Waxbills and Allies)","High","Data Deficient","Data Deficient","Very Restricted","Diurnal","Diurnal","Plant & Seed","Yes","Yes","No","Central India","Grassland & Scrub","Resident",NA,NA,NA,"Green Munia","Amandava formosa","Green Avadavat","Amandava formosa","Vulnerable","Schedule-I","Appendix II","",NA,"","","",NA,NA,NA,NA,NA,NA,NA,NA,NA,NA,NA,NA,NA,NA,NA,NA,NA,NA,NA,NA,NA,NA,NA,NA,NA,NA,NA,NA,NA,NA,NA,NA,NA
"Red Avadavat","Amandava amandava","redava","Passeriformes","Estrildidae (Waxbills and Allies)","Low","Uncertain","Uncertain","Large","Diurnal","Diurnal","Plant & Seed","No","No","No","Non-endemic","Grassland & Scrub","Resident",NA,NA,NA,"Red Munia","Amandava amandava","Red Avadavat","Amandava amandava","Least Concern","Schedule-II","","",NA,"X","X","X",1640,0.0378048780487805,0.316341463414634,0.506707317073171,12.8,0.319175637596657,149.490529208684,194.113166308302,253.416102726013,-0.766910401565001,1.04804776935976,2.86300594028453,102.629796058823,116.883741543195,133.222592159469,101.727811818134,118.058594662143,137.153114262897,100.79220031854,119.252168900878,141.280002180639,99.8392041962469,120.464799461925,145.591835607198,98.8790330907278,121.69682842575,150.083435751513,97.9183211815083,122.948604904788,154.753415650077,96.9615002121014,124.220485201209,159.602815333577
"Alpine Accentor","Prunella collaris","alpacc1","Passeriformes","Prunellidae (Accentors)","Low","Data Deficient","Uncertain","Moderate","Diurnal","Diurnal","Invertebrate","No","No","No","Non-endemic","Alpine & Cold Desert","Resident & Altitudinal Migrant",NA,NA,NA,"Alpine Accentor","Prunella collaris","Alpine Accentor","Prunella collaris","Least Concern","Schedule-II","","",NA,"","X","X",161,0.105590062111801,0.264596273291925,0.335403726708075,11.0248447204969,0.944343782519968,NA,NA,NA,-7.81657785155202,-3.24291793757364,1.33074197640474,41.6442413452492,61.6091746035767,92.0261178950827,38.0030609012106,59.4714908471189,94.2521081351935,34.6651219250388,57.4550587980808,96.7827420468777,31.6212278290258,55.5525207371334,99.593786283323,28.8539294816436,53.7570400743897,102.675671712456,26.3424794445531,52.062262333224,106.028001537117,24.0653602866405,50.4622792978538,109.656577361969
"Altai Accentor","Prunella himalayana","himacc1","Passeriformes","Prunellidae (Accentors)","Moderate","Data Deficient","Data Deficient","Restricted","Diurnal","Diurnal","Invertebrate","No","No","No","Non-endemic","Open Habitat","Winter Migrant",1,NA,NA,"Altai Accentor","Prunella himalayana","Altai Accentor","Prunella himalayana","Least Concern","Schedule-II","","",NA,"","","X",61,0.180327868852459,0.280327868852459,0.360655737704918,13.8032786885246,1.44656790963671,NA,NA,NA,NA,NA,NA,NA,NA,NA,NA,NA,NA,NA,NA,NA,NA,NA,NA,NA,NA,NA,NA,NA,NA,NA,NA,NA
"Robin Accentor","Prunella rubeculoides","robacc1","Passeriformes","Prunellidae (Accentors)","Low","Data Deficient","Uncertain","Moderate","Diurnal","Diurnal","Omnivore","No","No","No","Non-endemic","Alpine & Cold Desert","Resident & Altitudinal Migrant",NA,NA,NA,"Robin Accentor","Prunella rubeculoides","Robin Accentor","Prunella rubeculoides","Least Concern","Schedule-II","","",NA,"","","",112,0.196428571428571,0.365178571428571,0.598214285714286,7.61607142857143,0.815181645318922,NA,NA,NA,NA,NA,NA,NA,NA,NA,NA,NA,NA,NA,NA,NA,NA,NA,NA,NA,NA,NA,NA,NA,NA,NA,NA,NA
"Rufous-breasted Accentor","Prunella strophiata","rubacc1","Passeriformes","Prunellidae (Accentors)","Low","Uncertain","Uncertain","Moderate","Diurnal","Diurnal","Invertebrate","No","No","No","Non-endemic","Non-specialized","Resident & Altitudinal Migrant",NA,NA,NA,"Rufous-breasted Accentor","Prunella strophiata","Rufous-breasted Accentor","Prunella strophiata","Least Concern","Schedule-II","","",NA,"X","X","X",228,0.135964912280702,0.326754385964912,0.447368421052632,11.4956140350877,0.823345931485377,24.0969371222237,46.4522846867472,87.5250860212335,-5.55789908248664,-1.23546463546348,3.08696981155969,71.110864358999,97.6634824176632,135.003467671061,67.0611538545044,96.385046708203,139.712829514494,63.21220364645,95.1753326281947,144.86058374397,59.5781023174861,94.0321060485068,150.42656276435,56.1603867923795,92.9532742682591,156.406982557331,52.953915906121,91.9368785569297,162.808478548537,49.9500566594151,90.9810872731013,169.6448607291
"Brown Accentor","Prunella fulvescens","broacc1","Passeriformes","Prunellidae (Accentors)",NA,NA,NA,NA,"Diurnal","Diurnal","Invertebrate","No","No","No","Non-endemic","Alpine & Cold Desert","Resident & Altitudinal Migrant",NA,NA,NA,"Brown Accentor","Prunella fulvescens","Brown Accentor","Prunella fulvescens","Least Concern","Schedule-II","","",NA,"","","",96,0.177083333333333,0.285416666666667,0.40625,7.28125,0.839574705018569,NA,NA,NA,NA,NA,NA,NA,NA,NA,NA,NA,NA,NA,NA,NA,NA,NA,NA,NA,NA,NA,NA,NA,NA,NA,NA,NA
"Black-throated Accentor","Prunella atrogularis","bltacc1","Passeriformes","Prunellidae (Accentors)","Moderate","Data Deficient","Data Deficient","Moderate","Diurnal","Diurnal","Invertebrate","No","No","No","Non-endemic","Open Habitat","Winter Migrant",NA,NA,NA,"Black-throated Accentor","Prunella atrogularis","Black-throated Accentor","Prunella atrogularis","Least Concern","Schedule-II","","",NA,"","","",130,0.0692307692307692,0.304615384615385,0.469230769230769,14.2769230769231,0.944714821731584,NA,NA,NA,NA,NA,NA,NA,NA,NA,NA,NA,NA,NA,NA,NA,NA,NA,NA,NA,NA,NA,NA,NA,NA,NA,NA,NA
"Maroon-backed Accentor","Prunella immaculata","mabacc1","Passeriformes","Prunellidae (Accentors)","Moderate","Data Deficient","Data Deficient","Restricted","Diurnal","Diurnal","Omnivore","No","No","No","Non-endemic","Forest","Resident & Altitudinal Migrant",NA,NA,NA,"Maroon-backed Accentor","Prunella immaculata","Maroon-backed Accentor","Prunella immaculata","Least Concern","Schedule-II","","",NA,"","","",36,0.166666666666667,0.316666666666667,0.333333333333333,12.8333333333333,2.35109241748502,NA,NA,NA,NA,NA,NA,NA,NA,NA,NA,NA,NA,NA,NA,NA,NA,NA,NA,NA,NA,NA,NA,NA,NA,NA,NA,NA
"House Sparrow","Passer domesticus","houspa","Passeriformes","Passeridae (Old World Sparrows)","Low","Stable","Stable","Very Large","Diurnal","Diurnal","Plant & Seed","No","No","No","Non-endemic","Non-specialized","Resident & Winter Migrant",NA,NA,NA,"House Sparrow","Passer domesticus","House Sparrow","Passer domesticus","Least Concern","Schedule-II","","",NA,"X","X","X",4196,0.0893708293612965,0.441253574833174,0.647998093422307,10.056720686368,0.19888076717666,79.7859021740507,87.3985067685341,95.9771830319169,-3.26876718868531,-2.7555857885105,-2.24240438833569,71.4421442332677,76.2181701354989,81.3251826413725,68.544730946201,73.8171310639899,79.5100885343903,65.74959577415,71.4923826586347,77.7555141457272,63.0585881063459,69.2414804055788,76.0534992821221,60.4711661345325,67.0620587640459,74.3987172950604,57.9854630528258,64.9518285944804,72.7873989285754,55.598873167748,62.9085746711037,71.2167366747991
"Spanish Sparrow","Passer hispaniolensis","spaspa1","Passeriformes","Passeridae (Old World Sparrows)",NA,NA,NA,NA,"Diurnal","Diurnal","Plant & Seed","No","No","No","Non-endemic","Open Habitat","Winter Migrant",NA,NA,NA,"Spanish Sparrow","Passer hispaniolensis","Spanish Sparrow","Passer hispaniolensis","Least Concern","Schedule-II","","",NA,"","","",50,0.24,0.146,0.14,15.16,1.80365211723325,NA,NA,NA,NA,NA,NA,NA,NA,NA,NA,NA,NA,NA,NA,NA,NA,NA,NA,NA,NA,NA,NA,NA,NA,NA,NA,NA
"Sind Sparrow","Passer pyrrhonotus","sinspa1","Passeriformes","Passeridae (Old World Sparrows)","Moderate","Data Deficient","Data Deficient","Moderate","Diurnal","Diurnal","Plant & Seed","No","Yes","No","Indus Plains","Open Habitat","Resident",NA,NA,NA,"Sind Sparrow","Passer pyrrhonotus","Sind Sparrow","Passer pyrrhonotus","Least Concern","Schedule-II","","",NA,"","X","X",127,0.0236220472440945,0.256692913385827,0.393700787401575,10.5354330708661,1.09906046221358,NA,NA,NA,-5.52229273500086,2.8379779311487,11.1982485972983,66.8110896682353,100.333078890897,152.165515411777,64.499487587631,102.634984949383,165.443914122294,62.2388185993785,105.066388687602,180.321822067253,60.0581937982678,107.633733498965,196.924341799519,57.9723976221243,110.343883015886,215.41253030639,55.988052651189,113.204148205784,235.979801818952,54.1070363807656,116.222316426401,258.851449082515
"Russet Sparrow","Passer cinnamomeus","russpa2","Passeriformes","Passeridae (Old World Sparrows)","Low","Uncertain","Uncertain","Moderate","Diurnal","Diurnal","Plant & Seed","No","No","No","Non-endemic","Non-specialized","Resident & Altitudinal Migrant",NA,NA,NA,"Russet Sparrow","Passer cinnamomeus","Russet Sparrow","Passer cinnamomeus","Least Concern","Schedule-II","","",NA,"X","X","X",331,0.126888217522659,0.458912386706949,0.634441087613293,11.6978851963746,0.670472420914664,97.0424184454901,170.747025302372,305.505951666836,-5.09298341240708,-1.11944243709816,2.85409853821076,73.4987246358594,93.5443969531991,119.488584884465,70.2002849675595,92.5067964094589,122.480779921873,67.022628136376,91.5191946169346,125.728136665046,63.9808386605881,90.5801826023069,129.210271346935,61.0804089985094,89.6884249560306,132.91785959781,58.3214889107035,88.8426569526903,136.848349863717,55.7012203360457,88.0416818302877,141.003599139138
"Eurasian Tree Sparrow","Passer montanus","eutspa","Passeriformes","Passeridae (Old World Sparrows)","Low","Uncertain","Uncertain","Moderate","Diurnal","Diurnal","Plant & Seed","No","No","No","Non-endemic","Non-specialized","Resident",NA,NA,NA,"Eurasian Tree Sparrow","Passer montanus","Eurasian Tree Sparrow","Passer montanus","Least Concern","Schedule-II","","",NA,"X","X","X",340,0.0970588235294118,0.367352941176471,0.602941176470588,9.98235294117647,0.628666831831195,44.1199486971514,65.8432782176722,97.890382663886,-4.37673286605843,-1.76831498738768,0.840102891283073,80.5071636968689,100.715465102993,126.337369824766,76.6375626433254,99.024385488764,128.40572010507,72.9115385648052,97.3810011468276,130.654279930653,69.3445514750454,95.7838881919934,133.056440672953,65.9420638276154,94.2316725937793,135.596626615524,62.7039487906171,92.7230283509155,138.265834562202,59.6269147808605,91.2566757384115,141.059161529669
"Yellow-throated Sparrow","Gymnoris xanthocollis","chspet1","Passeriformes","Passeridae (Old World Sparrows)","Low","Stable","Uncertain","Very Large","Diurnal","Diurnal","Omnivore","No","No","No","Non-endemic","Forest & Plantation","Resident",NA,NA,NA,"Yellow-throated Sparrow","Gymnoris xanthocollis","Chestnut-shouldered Bush-sparrow","Gymnoris xanthocollis","Least Concern","Schedule-II","","",NA,"X","X","X",2192,0.0615875912408759,0.32595802919708,0.5,12.0214416058394,0.285634340330755,66.1603884219296,80.5211301335729,98.2854111347755,-1.42827666434605,0.0174002258152293,1.46307711597651,82.0546979737044,94.2487988256033,108.326503627596,80.4143596840634,94.2389416366514,110.535792168495,78.7701382807188,94.2332001812627,112.856361391703,77.1360841154062,94.231573837502,115.274680279049,75.5207205846057,94.2340625022646,117.782830510717,73.9293118298546,94.2406665909712,120.376239368279,72.3651263320187,94.2513870373639,123.052416829394
"Rock Sparrow","Petronia petronia","rocpet1","Passeriformes","Passeridae (Old World Sparrows)",NA,NA,NA,NA,"Diurnal","Diurnal","Omnivore","No","No","No","Non-endemic","Non-specialized","Uncertain",NA,1,NA,"Rock Sparrow","Petronia petronia","Rock Sparrow","Petronia petronia","Least Concern","Schedule-II","","",NA,"","","",NA,NA,NA,NA,NA,NA,NA,NA,NA,NA,NA,NA,NA,NA,NA,NA,NA,NA,NA,NA,NA,NA,NA,NA,NA,NA,NA,NA,NA,NA,NA,NA,NA
"Pale Rockfinch","Carpospiza brachydactyla","palroc1","Passeriformes","Passeridae (Old World Sparrows)",NA,NA,NA,NA,"Diurnal","Diurnal","Plant & Seed","No","No","No","Non-endemic","Open Habitat","Winter Migrant",NA,1,NA,"Pale Rockfinch","Carpospiza brachydactyla","Pale Sparrow","Carpospiza brachydactyla","Least Concern","Schedule-II","","",NA,"","","",5,NA,0.5,NA,20.4,3.94929056920354,NA,NA,NA,NA,NA,NA,NA,NA,NA,NA,NA,NA,NA,NA,NA,NA,NA,NA,NA,NA,NA,NA,NA,NA,NA,NA,NA
"Black-winged Snowfinch","Montifringilla adamsi","blwsno1","Passeriformes","Passeridae (Old World Sparrows)",NA,NA,NA,NA,"Diurnal","Diurnal","Plant & Seed","No","No","No","Non-endemic","Alpine & Cold Desert","Resident",1,NA,NA,"Black-winged Snowfinch","Montifringilla adamsi","Black-winged Snowfinch","Montifringilla adamsi","Least Concern","Schedule-II","","",NA,"","","X",85,0.235294117647059,0.365882352941176,0.623529411764706,6.96470588235294,0.867559735054,NA,NA,NA,NA,NA,NA,NA,NA,NA,NA,NA,NA,NA,NA,NA,NA,NA,NA,NA,NA,NA,NA,NA,NA,NA,NA,NA
"White-rumped Snowfinch","Onychostruthus taczanowskii","whrsno1","Passeriformes","Passeridae (Old World Sparrows)",NA,NA,NA,NA,"Diurnal","Diurnal","Omnivore","No","No","No","Non-endemic","Alpine & Cold Desert","Resident",NA,1,NA,"White-rumped Snowfinch","Onychostruthus taczanowskii","White-rumped Snowfinch","Onychostruthus taczanowskii","Least Concern","Schedule-II","","",NA,"","","",9,0.333333333333333,0.253968253968254,0.333333333333333,8.55555555555556,2.51153585395053,NA,NA,NA,NA,NA,NA,NA,NA,NA,NA,NA,NA,NA,NA,NA,NA,NA,NA,NA,NA,NA,NA,NA,NA,NA,NA,NA
"Rufous-necked Snowfinch","Pyrgilauda ruficollis","runsno1","Passeriformes","Passeridae (Old World Sparrows)",NA,NA,NA,NA,"Diurnal","Diurnal","Plant & Seed","No","No","No","Non-endemic","Alpine & Cold Desert","Resident",NA,NA,NA,"Rufous-necked Snowfinch","Pyrgilauda ruficollis","Rufous-necked Snowfinch","Pyrgilauda ruficollis","Least Concern","Schedule-II","","",NA,"","","",7,NA,0.285714285714286,0.285714285714286,11.1428571428571,5.0140070469303,NA,NA,NA,NA,NA,NA,NA,NA,NA,NA,NA,NA,NA,NA,NA,NA,NA,NA,NA,NA,NA,NA,NA,NA,NA,NA,NA
"Blanford's Snowfinch","Pyrgilauda blanfordi","blasno1","Passeriformes","Passeridae (Old World Sparrows)",NA,NA,NA,NA,"Diurnal","Diurnal","Plant & Seed","No","No","No","Non-endemic","Alpine & Cold Desert","Resident",NA,NA,NA,"Blanford's Snowfinch","Pyrgilauda blanfordi","Plain-backed Snowfinch","Pyrgilauda blanfordi","Least Concern","Schedule-II","","",NA,"","","",36,0.0555555555555556,0.225,0.277777777777778,8.13888888888889,1.41456803160872,NA,NA,NA,NA,NA,NA,NA,NA,NA,NA,NA,NA,NA,NA,NA,NA,NA,NA,NA,NA,NA,NA,NA,NA,NA,NA,NA
"Forest Wagtail","Dendronanthus indicus","forwag1","Passeriformes","Motacillidae (Wagtails and Pipits)","High","Strong Decline","Strong Decline","Moderate","Diurnal","Diurnal","Invertebrate","No","No","No","Non-endemic","Forest & Plantation","Winter Migrant",1,NA,NA,"Forest Wagtail","Dendronanthus indicus","Forest Wagtail","Dendronanthus indicus","Least Concern","Schedule-I","","Appendix II",NA,"X","X","X",445,0.103370786516854,0.331460674157303,0.382022471910112,18.3865168539326,0.569852644581451,6.30108516078847,23.9873011534568,91.1563728125362,-12.6510130647657,-6.23559017286529,0.179832719035145,27.462145158413,51.5807415828188,99.4613731300401,23.204574399947,47.6585980917064,101.315882413311,19.6265942412418,44.1552297746978,103.80909035078,16.6291874978165,41.021198904055,106.905988531279,14.120666333564,38.2135588719711,110.603736230776,12.0206983666421,35.6949362301946,114.921391695143,10.2608318650583,33.4327513203571,119.894788976078
"Gray Wagtail","Motacilla cinerea","grywag","Passeriformes","Motacillidae (Wagtails and Pipits)","Low","Stable","Uncertain","Very Large","Diurnal","Diurnal","Invertebrate","No","No","No","Non-endemic","Non-specialized","Winter Migrant & Localized Summer Migrant",NA,NA,NA,"Grey Wagtail","Motacilla cinerea","Grey Wagtail","Motacilla cinerea","Least Concern","Schedule-II","","Appendix II",NA,"X","X","X",2832,0.0893361581920904,0.354731638418079,0.546963276836158,11.9526836158192,0.243800055198962,59.6117116277647,68.5778796143564,78.4281319266746,-3.17688655223896,-2.29027286483184,-1.40365917742473,69.4139869706196,76.2536777810567,83.7975840029112,66.7930171888269,74.38078233558,82.8697910106437,64.2503688896119,72.555577457749,81.9839593855995,61.7914327611595,70.7768091289662,81.1300704405169,59.4181635578692,69.043257267824,80.3017294916195,57.1305598361441,67.3537347875695,79.4946782541805,54.9274808611795,65.7070866803658,78.7059704031243
"Western Yellow Wagtail","Motacilla flava","eaywag1","Passeriformes","Motacillidae (Wagtails and Pipits)","Low","Stable","Uncertain","Very Large","Diurnal","Diurnal","Invertebrate","No","No","No","Non-endemic","Open Habitat","Winter Migrant",NA,NA,NA,"Western Yellow Wagtail","Motacilla flava","Western Yellow Wagtail","Motacilla flava","Least Concern","Schedule-II","","Appendix II",NA,"X","X","X",2437,0.0672958555601149,0.349281903980304,0.517029134181371,12.56421830119,0.263848007971442,62.5077932010958,82.5518318556617,108.129024373282,-4.26505153439413,-2.51959854428311,-0.774145554172096,67.883196433877,79.7586849768817,93.8363461277758,64.5489564575789,77.6283809794231,93.5209671662302,61.3494730725029,75.5622979716056,93.2752144309113,58.2919938007936,73.5583257147196,93.0809899828122,55.3777622421224,71.6144283025827,92.9268337462631,52.6047071110615,69.7286413867915,92.8051965530561,49.968916916813,67.8990695107918,92.7109298976698
"Eastern Yellow Wagtail","Motacilla tschutschensis","eaywag","Passeriformes","Motacillidae (Wagtails and Pipits)",NA,NA,NA,NA,"Diurnal","Diurnal","Invertebrate","No","No","No","Non-endemic","Wetland","Winter Migrant",NA,NA,NA,"Eastern Yellow Wagtail","Motacilla tschutschensis","Eastern Yellow Wagtail","Motacilla tschutschensis","Least Concern","Schedule-II","","Appendix II",NA,"","","",NA,NA,NA,NA,NA,NA,NA,NA,NA,NA,NA,NA,NA,NA,NA,NA,NA,NA,NA,NA,NA,NA,NA,NA,NA,NA,NA,NA,NA,NA,NA,NA,NA
"Citrine Wagtail","Motacilla citreola","citwag","Passeriformes","Motacillidae (Wagtails and Pipits)","Low","Uncertain","Uncertain","Large","Diurnal","Diurnal","Invertebrate","No","No","No","Non-endemic","Wetland","Winter Migrant & Localized Summer Migrant",NA,NA,NA,"Citrine Wagtail","Motacilla citreola","Citrine Wagtail","Motacilla citreola","Least Concern","Schedule-II","","Appendix II",NA,"X","X","X",1777,0.0709060213843557,0.304614518851998,0.471018570624648,11.8733821046708,0.296903742645135,74.6062271432425,95.3170184177222,121.062724034358,-3.3061078712011,-1.76382567711356,-0.221543483026027,78.0675715261123,88.9610312491523,101.467120526301,75.1674933535669,87.2931069302136,101.496141032477,72.3458329673002,85.6625784330556,101.585616308217,69.6124938367585,84.0685170050062,101.720202824608,66.971979484988,82.5100190005585,101.890206993814,64.4256977090403,80.9862051539037,102.089269554634,61.9732347192696,79.4962198738257,102.313080587379
"White-browed Wagtail","Motacilla maderaspatensis","whbwag1","Passeriformes","Motacillidae (Wagtails and Pipits)","Moderate","Moderate Decline","Strong Decline","Very Large","Diurnal","Diurnal","Invertebrate","No","Yes","No","Indian Subcontinent","Non-specialized","Resident",NA,NA,NA,"White-browed Wagtail","Motacilla maderaspatensis","White-browed Wagtail","Motacilla maderaspatensis","Least Concern","Schedule-II","","",NA,"X","X","X",2996,0.0767690253671562,0.399465954606141,0.583110814419226,11.4502670226969,0.240267740796675,65.9348928537895,74.2512542490861,83.7511165907499,-1.14909988096505,-0.350354962622291,0.448389955720468,90.4156807560321,96.0777145502463,102.115087509564,89.3056078600903,95.7378540268638,102.660765094817,88.190680509004,95.4005956692665,103.235106664789,87.0775860131155,95.0659202524201,103.831210262597,85.9704749616571,94.7338087307674,104.444716167249,84.8719988738104,94.4042422364812,105.072769167952,83.78388811278,94.0772020777354,105.713440577141
"White Wagtail","Motacilla alba","whiwag","Passeriformes","Motacillidae (Wagtails and Pipits)","Moderate","Moderate Decline","Uncertain","Very Large","Diurnal","Diurnal","Invertebrate","No","No","No","Non-endemic","Wetland","Within-India Migrant & Winter Migrant",NA,NA,NA,"White Wagtail","Motacilla alba","White Wagtail","Motacilla alba","Least Concern","Schedule-II","","Appendix II",NA,"X","X","X",3155,0.0820919175911252,0.341933438985737,0.516957210776545,10.7752773375594,0.227681343835684,49.8651375650054,59.4280257522011,71.0192580708764,-4.51525364028606,-3.5403254939233,-2.56539734756053,60.9380410353186,67.6890795663875,75.2264770840665,57.560734248245,64.9181427884692,73.2651057957982,54.3519326560409,62.2630591501908,71.386846940725,51.3106736339901,59.7188892502282,69.5793851606809,48.4326608538127,57.2809081385614,67.8344870703699,45.7118896271145,54.9445958465596,66.1463320642237,43.141527672885,52.7056283419392,64.5105903348511
"Richard's Pipit","Anthus richardi","ricpip1","Passeriformes","Motacillidae (Wagtails and Pipits)","Moderate","Strong Decline","Uncertain","Moderate","Diurnal","Diurnal","Invertebrate","No","No","No","Non-endemic","Open Habitat","Winter Migrant",NA,NA,NA,"Richard's Pipit","Anthus richardi","Richard's Pipit","Anthus richardi","Least Concern","Schedule-II","","Appendix II",NA,"","","X",290,0.0896551724137931,0.224137931034483,0.320689655172414,17.7931034482759,0.689826713423108,NA,NA,NA,NA,NA,NA,NA,NA,NA,NA,NA,NA,NA,NA,NA,NA,NA,NA,NA,NA,NA,NA,NA,NA,NA,NA,NA
"Paddyfield Pipit","Anthus rufulus","oripip1","Passeriformes","Motacillidae (Wagtails and Pipits)","Low","Stable","Uncertain","Very Large","Diurnal","Diurnal","Invertebrate","No","No","No","Non-endemic","Open Habitat","Resident",NA,NA,NA,"Paddyfield Pipit","Anthus rufulus","Paddyfield Pipit","Anthus rufulus","Least Concern","Schedule-II","","",NA,"X","X","X",3085,0.0625607779578606,0.378541329011345,0.586709886547812,11.5144246353323,0.234171992677451,102.120803383631,118.560942048634,139.48065323889,-2.26794791112946,-1.45821396312718,-0.648480015124908,77.3426108828681,84.305185722962,91.9172318768443,75.2128041436657,83.0148916835456,91.6559945516474,73.1196038193298,81.7456793818053,91.4272130630273,71.0703748339598,80.4971856079293,91.2214846619751,69.0691069942923,79.2690536969841,91.0328448952573,67.1178215315623,78.0609334062603,90.8573590646227,65.2173514899782,76.8724807949979,90.692339903997
"Long-billed Pipit","Anthus similis","lobpip1","Passeriformes","Motacillidae (Wagtails and Pipits)","Low","Data Deficient","Uncertain","Moderate","Diurnal","Diurnal","Invertebrate","No","No","No","Non-endemic","Grassland & Scrub","Resident & Winter Migrant",NA,NA,NA,"Long-billed Pipit","Anthus similis","Long-billed Pipit","Anthus similis","Least Concern","Schedule-II","","",NA,"X","X","X",409,0.0562347188264059,0.250122249388753,0.398533007334963,14.4914425427873,0.641831049122212,32.7068439091971,58.0504793389995,102.483841504395,-6.01591094102979,-2.39458807570634,1.22673478961712,51.3072770275465,71.5871252748653,100.423652926022,47.7243995290153,69.8504989949796,102.962405135621,44.3597300178452,68.1812988443572,105.75013419551,41.218778569982,66.5767550738139,108.761024777901,38.2972955523244,65.0342294344548,111.982005375706,35.5860814525006,63.551208601607,115.407733598714,33.0735681128431,62.1252979521804,119.037835340949
"Blyth's Pipit","Anthus godlewskii","blypip1","Passeriformes","Motacillidae (Wagtails and Pipits)","Low","Data Deficient","Uncertain","Moderate","Diurnal","Diurnal","Invertebrate","No","No","No","Non-endemic","Open Habitat","Winter Migrant",NA,NA,NA,"Blyth's Pipit","Anthus godlewskii","Blyth's Pipit","Anthus godlewskii","Least Concern","Schedule-II","","Appendix II",NA,"","X","X",467,0.0149892933618844,0.24796573875803,0.400428265524625,17.2226980728051,0.570675460408624,NA,NA,NA,2.6443212482159,9.94457066422403,17.2448200802322,189.319851589681,249.153222731837,329.373962507338,196.134907412986,268.569016559593,369.929591845967,203.065501237538,289.591918127537,416.112345432156,210.174366814016,312.362155062376,468.624183723501,217.507740841791,337.032779808065,528.290738901883,225.102331786191,363.770893604182,596.069907383874,232.989303491723,392.758991933308,673.065753026814
"Tawny Pipit","Anthus campestris","tawpip1","Passeriformes","Motacillidae (Wagtails and Pipits)","Moderate","Moderate Decline","Uncertain","Large","Diurnal","Diurnal","Invertebrate","No","No","No","Non-endemic","Open Habitat","Winter Migrant",NA,NA,NA,"Tawny Pipit","Anthus campestris","Tawny Pipit","Anthus campestris","Least Concern","Schedule-II","","Appendix II",NA,"","","X",1112,0.0566546762589928,0.268165467625899,0.468525179856115,13.5998201438849,0.39711338038713,NA,NA,NA,NA,NA,NA,NA,NA,NA,NA,NA,NA,NA,NA,NA,NA,NA,NA,NA,NA,NA,NA,NA,NA,NA,NA,NA
"Nilgiri Pipit","Anthus nilghiriensis","nilpip1","Passeriformes","Motacillidae (Wagtails and Pipits)","High","Uncertain","Strong Decline","Restricted","Diurnal","Diurnal","Invertebrate","Yes","Yes","No","Western Ghats","Grassland","Resident",NA,NA,NA,"Nilgiri Pipit","Anthus nilghiriensis","Nilgiri Pipit","Anthus nilghiriensis","Vulnerable","Schedule-I","","",NA,"X","X","X",13,0.461538461538462,0.530769230769231,0.615384615384615,23.3846153846154,1.00575621406491,5.42255926352498,26.3588510789287,123.533678085313,-16.172597566861,4.14641363696177,24.4654248407845,73.2653242872747,144.036400738261,291.69966062187,68.9231610078307,149.009026808454,334.985140111001,64.9291296087216,154.62651207492,387.148561104303,61.301913055336,160.950185114586,449.946619924844,58.0352295339123,168.050557521701,525.62204772646,55.111032227647,176.008586781318,617.007298859113,52.5063746437495,184.917151190117,727.668809824286
"Upland Pipit","Anthus sylvanus","uplpip1","Passeriformes","Motacillidae (Wagtails and Pipits)","Moderate","Data Deficient","Data Deficient","Moderate","Diurnal","Diurnal","Invertebrate","No","No","No","Non-endemic","Grassland & Scrub","Resident & Altitudinal Migrant",1,NA,NA,"Upland Pipit","Anthus sylvanus","Upland Pipit","Anthus sylvanus","Least Concern","Schedule-II","","Appendix II",NA,"","","X",100,0.16,0.273,0.42,14.12,1.1571329640822,NA,NA,NA,NA,NA,NA,NA,NA,NA,NA,NA,NA,NA,NA,NA,NA,NA,NA,NA,NA,NA,NA,NA,NA,NA,NA,NA
"Meadow Pipit","Anthus pratensis","meapip1","Passeriformes","Motacillidae (Wagtails and Pipits)",NA,NA,NA,NA,"Diurnal","Diurnal","Invertebrate","No","No","No","Non-endemic","Open Habitat","Uncertain",NA,NA,NA,"Meadow Pipit","Anthus pratensis","Meadow Pipit","Anthus pratensis","Least Concern","Schedule-II","","Appendix II",NA,"","","",NA,NA,NA,NA,NA,NA,NA,NA,NA,NA,NA,NA,NA,NA,NA,NA,NA,NA,NA,NA,NA,NA,NA,NA,NA,NA,NA,NA,NA,NA,NA,NA,NA
"Rosy Pipit","Anthus roseatus","rospip1","Passeriformes","Motacillidae (Wagtails and Pipits)","Low","Uncertain","Uncertain","Moderate","Diurnal","Diurnal","Invertebrate","No","No","No","Non-endemic","Open Habitat","Within-India Migrant & Winter Migrant",NA,NA,NA,"Rosy Pipit","Anthus roseatus","Rosy Pipit","Anthus roseatus","Least Concern","Schedule-II","","Appendix II",NA,"X","X","X",466,0.0901287553648069,0.284549356223176,0.448497854077253,12.5557939914163,0.568796295799327,63.9798070250077,96.9504777950273,151.347207617945,-1.78516287240372,1.78789949458908,5.36096186158188,111.509565337111,139.420496990622,174.821856594088,109.920698457397,141.948648487988,184.005104320473,108.29206732734,144.554962938446,193.898418372418,106.653908982518,147.24203669229,204.510598207654,105.024772743471,150.012567791938,215.865242217831,103.416298257312,152.869360222326,227.996200764181,101.835888096257,155.815328354896,240.945154162731
"Tree Pipit","Anthus trivialis","trepip","Passeriformes","Motacillidae (Wagtails and Pipits)","Low","Uncertain","Uncertain","Large","Diurnal","Diurnal","Invertebrate","No","No","No","Non-endemic","Non-specialized","Winter Migrant",NA,NA,NA,"Tree Pipit","Anthus trivialis","Tree Pipit","Anthus trivialis","Least Concern","Schedule-II","","Appendix II",NA,"","","X",1577,0.051997463538364,0.268801521876982,0.462270133164236,13.1889663918833,0.32257682680085,NA,NA,NA,NA,NA,NA,NA,NA,NA,NA,NA,NA,NA,NA,NA,NA,NA,NA,NA,NA,NA,NA,NA,NA,NA,NA,NA
"Olive-backed Pipit","Anthus hodgsoni","olbpip","Passeriformes","Motacillidae (Wagtails and Pipits)","Moderate","Moderate Decline","Uncertain","Large","Diurnal","Diurnal","Invertebrate","No","No","No","Non-endemic","Non-specialized","Within-India Migrant & Winter Migrant",NA,NA,NA,"Olive-backed Pipit","Anthus hodgsoni","Olive-backed Pipit","Anthus hodgsoni","Least Concern","Schedule-II","","Appendix II",NA,"X","X","X",1011,0.0909990108803165,0.283184965380811,0.435212660731949,13.0751730959446,0.412464393128354,27.8888120815434,37.8457075778942,51.2977010014601,-4.68862249625891,-2.66945232687122,-0.650282157483534,64.2714728793162,74.5503843971973,86.5888452641908,61.0554960254555,72.3552247477087,85.8967341742414,57.9782824913521,70.2348726324185,85.2733623718937,55.0446696108236,68.1865323028295,84.7026396582561,52.2543397489548,66.2075206383788,84.1743084678051,49.6041733906961,64.2952623171739,83.6815485822482,47.0895354209186,62.4472852051443,83.2196514035465
"Red-throated Pipit","Anthus cervinus","retpip","Passeriformes","Motacillidae (Wagtails and Pipits)",NA,NA,NA,NA,"Diurnal","Diurnal","Invertebrate","No","No","No","Non-endemic","Open Habitat","Passage Migrant & Localized Winter Migrant",NA,NA,NA,"Red-throated Pipit","Anthus cervinus","Red-throated Pipit","Anthus cervinus","Least Concern","Schedule-II","","Appendix II",NA,"","","",19,0.157894736842105,0.257309941520468,0.368421052631579,15.1578947368421,3.79260202256574,NA,NA,NA,NA,NA,NA,NA,NA,NA,NA,NA,NA,NA,NA,NA,NA,NA,NA,NA,NA,NA,NA,NA,NA,NA,NA,NA
"Water Pipit","Anthus spinoletta","watpip1","Passeriformes","Motacillidae (Wagtails and Pipits)",NA,NA,NA,NA,"Diurnal","Diurnal","Invertebrate","No","No","No","Non-endemic","Open Habitat","Winter Migrant",NA,NA,NA,"Water Pipit","Anthus spinoletta","Water Pipit","Anthus spinoletta","Least Concern","Schedule-II","","Appendix II",NA,"","","",70,0.0857142857142857,0.228571428571429,0.371428571428571,13.6,1.49519376864576,NA,NA,NA,NA,NA,NA,NA,NA,NA,NA,NA,NA,NA,NA,NA,NA,NA,NA,NA,NA,NA,NA,NA,NA,NA,NA,NA
"Siberian Pipit","Anthus japonicus","sibpip1","Passeriformes","Motacillidae (Wagtails and Pipits)",NA,NA,NA,NA,"Diurnal","Diurnal","Invertebrate","No","No","No","Non-endemic","Open Habitat","Winter Migrant",NA,NA,NA,"Buff-bellied Pipit","Anthus japonicus","Buff-bellied Pipit","Anthus rubescens","Least Concern","Schedule-II","","Appendix II",NA,"","","",6,NA,0.357142857142857,NA,18.3333333333333,3.18730258647932,NA,NA,NA,NA,NA,NA,NA,NA,NA,NA,NA,NA,NA,NA,NA,NA,NA,NA,NA,NA,NA,NA,NA,NA,NA,NA,NA
"Common Chaffinch","Fringilla coelebs","comcha","Passeriformes","Fringillidae (Finches, Euphonias, and Allies)",NA,NA,NA,NA,"Diurnal","Diurnal","Invertebrate","No","No","No","Non-endemic","Forest & Plantation","Winter Migrant",NA,NA,NA,"Common Chaffinch","Fringilla coelebs","Common Chaffinch","Fringilla coelebs","Least Concern","Schedule-II","","",NA,"","","",29,0.103448275862069,0.175862068965517,0.344827586206897,14.9655172413793,1.94420508501651,NA,NA,NA,NA,NA,NA,NA,NA,NA,NA,NA,NA,NA,NA,NA,NA,NA,NA,NA,NA,NA,NA,NA,NA,NA,NA,NA
"Brambling","Fringilla montifringilla","brambl","Passeriformes","Fringillidae (Finches, Euphonias, and Allies)",NA,NA,NA,NA,"Diurnal","Diurnal","Omnivore","No","No","No","Non-endemic","Forest & Plantation","Winter Migrant",NA,NA,NA,"Brambling","Fringilla montifringilla","Brambling","Fringilla montifringilla","Least Concern","Schedule-II","","",NA,"","","",27,0.037037037037037,0.274074074074074,0.407407407407407,13.2962962962963,1.77483949965949,NA,NA,NA,NA,NA,NA,NA,NA,NA,NA,NA,NA,NA,NA,NA,NA,NA,NA,NA,NA,NA,NA,NA,NA,NA,NA,NA
"Black-and-yellow Grosbeak","Mycerobas icterioides","baygro1","Passeriformes","Fringillidae (Finches, Euphonias, and Allies)","Moderate","Data Deficient","Data Deficient","Moderate","Diurnal","Diurnal","Plant & Seed","No","No","Yes","Western Himalayas","Forest","Resident",NA,NA,NA,"Black-and-yellow Grosbeak","Mycerobas icterioides","Black-and-yellow Grosbeak","Mycerobas icterioides","Least Concern","Schedule-II","","",NA,"","X","X",103,0.194174757281553,0.319417475728155,0.398058252427184,12.1844660194175,1.13796970004131,NA,NA,NA,-7.94785888593908,-0.678664664153473,6.59052955763214,67.3213479745363,110.054463184277,182.429972275835,62.4984147738963,109.602549756782,195.745658189936,58.0023274383432,109.282148561635,210.753494150022,53.8437420894335,109.092516284937,227.559121364598,50.0149313287524,109.033359806296,246.315826426246,46.4992005707716,109.104836248447,267.21755041835,43.2758685779015,109.307555522903,290.496920678615
"Collared Grosbeak","Mycerobas affinis","colgro1","Passeriformes","Fringillidae (Finches, Euphonias, and Allies)","Moderate","Data Deficient","Data Deficient","Restricted","Diurnal","Diurnal","Plant & Seed","No","No","No","Non-endemic","Forest","Resident",1,NA,NA,"Collared Grosbeak","Mycerobas affinis","Collared Grosbeak","Mycerobas affinis","Least Concern","Schedule-II","","",NA,"","","X",52,0.0961538461538462,0.225,0.403846153846154,14.1538461538462,1.87569593690143,NA,NA,NA,NA,NA,NA,NA,NA,NA,NA,NA,NA,NA,NA,NA,NA,NA,NA,NA,NA,NA,NA,NA,NA,NA,NA,NA
"Spot-winged Grosbeak","Mycerobas melanozanthos","spwgro1","Passeriformes","Fringillidae (Finches, Euphonias, and Allies)","Moderate","Data Deficient","Data Deficient","Moderate","Diurnal","Diurnal","Plant & Seed","No","No","No","Non-endemic","Forest","Resident",NA,NA,NA,"Spot-winged Grosbeak","Mycerobas melanozanthos","Spot-winged Grosbeak","Mycerobas melanozanthos","Least Concern","Schedule-II","","",NA,"","X","X",94,0.0531914893617021,0.275531914893617,0.414893617021277,13.436170212766,1.22433137659442,NA,NA,NA,-8.20488912330104,-2.41003410328875,3.38482091672353,58.8078622092263,88.2082400768867,133.7997154069,54.2083808354426,86.1783239608386,139.040997149772,49.9579582781358,84.2874311461198,144.92405611826,46.0529201906998,82.5285537901686,151.44155385722,42.4771521120874,80.8952574185764,158.609518834486,39.2090246936094,79.3816414680651,166.460234203742,36.2249853034614,77.9823034728365,175.038629191948
"White-winged Grosbeak","Mycerobas carnipes","whwgro1","Passeriformes","Fringillidae (Finches, Euphonias, and Allies)",NA,NA,NA,NA,"Diurnal","Diurnal","Fruit & Nect","No","No","No","Non-endemic","Forest","Resident",NA,NA,NA,"White-winged Grosbeak","Mycerobas carnipes","White-winged Grosbeak","Mycerobas carnipes","Least Concern","Schedule-II","","",NA,"","","",59,0.135593220338983,0.205084745762712,0.322033898305085,11.1694915254237,1.72099090813725,NA,NA,NA,NA,NA,NA,NA,NA,NA,NA,NA,NA,NA,NA,NA,NA,NA,NA,NA,NA,NA,NA,NA,NA,NA,NA,NA
"Hawfinch","Coccothraustes coccothraustes","hawfin","Passeriformes","Fringillidae (Finches, Euphonias, and Allies)",NA,NA,NA,NA,"Diurnal","Diurnal","Plant & Seed","No","No","No","Non-endemic","Forest & Plantation","Uncertain",NA,1,NA,"Hawfinch","Coccothraustes coccothraustes","Hawfinch","Coccothraustes coccothraustes","Least Concern","Schedule-II","","",NA,"","","",NA,NA,NA,NA,NA,NA,NA,NA,NA,NA,NA,NA,NA,NA,NA,NA,NA,NA,NA,NA,NA,NA,NA,NA,NA,NA,NA,NA,NA,NA,NA,NA,NA
"Yellow-billed Grosbeak","Eophona migratoria","yebgro1","Passeriformes","Fringillidae (Finches, Euphonias, and Allies)",NA,NA,NA,NA,"Diurnal","Diurnal","Plant & Seed","No","No","No","Non-endemic","Forest & Plantation","Uncertain",NA,1,NA,"Yellow-billed Grosbeak",NA,"Chinese Grosbeak","Eophona migratoria",NA,NA,NA,NA,NA,"","","",NA,NA,NA,NA,NA,NA,NA,NA,NA,NA,NA,NA,NA,NA,NA,NA,NA,NA,NA,NA,NA,NA,NA,NA,NA,NA,NA,NA,NA,NA,NA,NA,NA
"Common Rosefinch","Carpodacus erythrinus","comros","Passeriformes","Fringillidae (Finches, Euphonias, and Allies)","Low","Uncertain","Uncertain","Large","Diurnal","Diurnal","Plant & Seed","No","No","No","Non-endemic","Non-specialized","Winter Migrant & Localized Summer Migrant",1,NA,NA,"Common Rosefinch","Carpodacus erythrinus","Common Rosefinch","Carpodacus erythrinus","Least Concern","Schedule-II","","",NA,"X","X","X",1242,0.0772946859903382,0.306521739130435,0.477455716586151,14.0869565217391,0.369547587643126,76.3108463516085,101.927695196805,138.3874247902,-4.0839590776241,-2.44660287391996,-0.809246670215812,67.759396717661,77.6590592505716,89.0996285949965,64.6578760467537,75.5803506999533,88.4710791566801,61.6737626896205,73.5638286584795,87.9024367484545,58.8133291938834,71.6074844710417,87.3786886956912,56.07785301829,69.7093785847914,86.8902854812622,53.4658343848434,67.8676380376761,86.4308970367425,50.9742145915871,66.0804540429118,85.9961700520044
"Scarlet Finch","Carpodacus sipahi","scafin1","Passeriformes","Fringillidae (Finches, Euphonias, and Allies)","Low","Data Deficient","Uncertain","Moderate","Diurnal","Diurnal","Plant & Seed","No","No","No","Non-endemic","Forest","Resident & Altitudinal Migrant",NA,NA,NA,"Scarlet Finch","Carpodacus sipahi","Scarlet Finch","Carpodacus sipahi","Least Concern","Schedule-II","","",NA,"","X","X",74,0.0675675675675676,0.313513513513514,0.472972972972973,13.9324324324324,1.55510789437736,NA,NA,NA,-7.70791514187512,2.0585171633952,11.8249494686655,89.1922062606378,140.407585619143,224.204676413747,85.3712992388437,143.431075605886,245.537410362101,81.7006000354064,146.710221185243,269.852509616426,78.2164473184214,150.259451465629,297.469881670928,74.933716535794,154.094599555559,328.79378375338,71.8554766113058,158.233019114552,364.312799765736,68.9782794517192,162.693713499893,404.605999161816
"Blyth's Rosefinch","Carpodacus grandis","blyros1","Passeriformes","Fringillidae (Finches, Euphonias, and Allies)","Moderate","Data Deficient","Data Deficient","Restricted","Diurnal","Diurnal","Plant & Seed","No","No","Yes","Himalayas","Non-specialized","Resident & Altitudinal Migrant",NA,NA,NA,"Blyth's Rosefinch","Carpodacus grandis","",NA,"Not recognized","Schedule-II","","",NA,"","","X",47,0.0212765957446809,0.185106382978723,0.382978723404255,11.6382978723404,1.7937817155697,NA,NA,NA,NA,NA,NA,NA,NA,NA,NA,NA,NA,NA,NA,NA,NA,NA,NA,NA,NA,NA,NA,NA,NA,NA,NA,NA
"Himalayan Beautiful Rosefinch","Carpodacus pulcherrimus","bearos1","Passeriformes","Fringillidae (Finches, Euphonias, and Allies)",NA,NA,NA,NA,"Diurnal","Diurnal","Plant & Seed","No","No","No","Non-endemic","Non-specialized","Resident",1,NA,NA,"Himalayan Beautiful Rosefinch","Carpodacus pulcherrimus","Beautiful Rosefinch","Carpodacus pulcherrimus","Least Concern","Schedule-II","","",NA,"","","X",40,0.05,0.2525,0.3,10.8,1.62355431550183,NA,NA,NA,NA,NA,NA,NA,NA,NA,NA,NA,NA,NA,NA,NA,NA,NA,NA,NA,NA,NA,NA,NA,NA,NA,NA,NA
"Pink-rumped Rosefinch","Carpodacus waltoni","pirros1","Passeriformes","Fringillidae (Finches, Euphonias, and Allies)",NA,NA,NA,NA,"Diurnal","Diurnal","Plant & Seed","No","No","No","Non-endemic","Non-specialized","Uncertain",NA,1,NA,"Pink-rumped Rosefinch","Carpodacus waltoni","Pink-rumped Rosefinch","Carpodacus waltoni","Least Concern","Schedule-II","","",NA,"","","",1,NA,NA,NA,25,NA,NA,NA,NA,NA,NA,NA,NA,NA,NA,NA,NA,NA,NA,NA,NA,NA,NA,NA,NA,NA,NA,NA,NA,NA,NA,NA,NA
"Dark-rumped Rosefinch","Carpodacus edwardsii","darros1","Passeriformes","Fringillidae (Finches, Euphonias, and Allies)",NA,NA,NA,NA,"Diurnal","Diurnal","Plant & Seed","No","No","No","Non-endemic","Forest","Resident & Altitudinal Migrant",1,NA,NA,"Dark-rumped Rosefinch","Carpodacus edwardsii","Dark-rumped Rosefinch","Carpodacus edwardsii","Least Concern","Schedule-II","","",NA,"","","X",36,0.0833333333333333,0.372222222222222,0.555555555555556,11.7777777777778,2.49285239964579,NA,NA,NA,NA,NA,NA,NA,NA,NA,NA,NA,NA,NA,NA,NA,NA,NA,NA,NA,NA,NA,NA,NA,NA,NA,NA,NA
"Pink-browed Rosefinch","Carpodacus rodochroa","pibros2","Passeriformes","Fringillidae (Finches, Euphonias, and Allies)","Low","Data Deficient","Uncertain","Moderate","Diurnal","Diurnal","Omnivore","No","No","Yes","Himalayas","Non-specialized","Resident & Altitudinal Migrant",NA,NA,NA,"Pink-browed Rosefinch","Carpodacus rodochroa","Pink-browed Rosefinch","Carpodacus rodochroa","Least Concern","Schedule-II","","",NA,"","X","X",177,0.129943502824859,0.371751412429379,0.514124293785311,12,0.921368870642151,NA,NA,NA,-6.26236541834359,3.49296098747388,13.2482873932914,114.718597619448,183.12053571648,296.592502915228,111.267118506061,189.932007520026,330.470169189678,107.891724625795,197.242771108968,369.515732772852,104.649092539231,205.090970862295,414.405529281664,101.568553204616,213.518393573543,465.972760251551,98.6638745165296,222.570840673781,525.218354109632,95.9398008662587,232.298542889752,593.331447120163
"Spot-winged Rosefinch","Carpodacus rodopeplus","spwros2","Passeriformes","Fringillidae (Finches, Euphonias, and Allies)","Moderate","Data Deficient","Data Deficient","Restricted","Diurnal","Diurnal","Plant & Seed","No","No","Yes","Himalayas","Non-specialized","Altitudinal Migrant",NA,NA,NA,"Spot-winged Rosefinch","Carpodacus rodopeplus","Spot-winged Rosefinch","Carpodacus rodopeplus","Least Concern","Schedule-II","","",NA,"","","X",32,0.0625,0.25625,0.25,14.65625,2.21701420061438,NA,NA,NA,NA,NA,NA,NA,NA,NA,NA,NA,NA,NA,NA,NA,NA,NA,NA,NA,NA,NA,NA,NA,NA,NA,NA,NA
"Vinaceous Rosefinch","Carpodacus vinaceus","vinros2","Passeriformes","Fringillidae (Finches, Euphonias, and Allies)",NA,NA,NA,NA,"Diurnal","Diurnal","Plant & Seed","No","No","No","Non-endemic","Non-specialized","Winter Migrant",NA,1,NA,"Vinaceous Rosefinch","Carpodacus vinaceus","Vinaceous Rosefinch","Carpodacus vinaceus","Least Concern","Schedule-II","","",NA,"","","",2,0.5,0.6,0.5,24,1.96,NA,NA,NA,NA,NA,NA,NA,NA,NA,NA,NA,NA,NA,NA,NA,NA,NA,NA,NA,NA,NA,NA,NA,NA,NA,NA,NA
"Pale Rosefinch","Carpodacus stoliczkae","palros3","Passeriformes","Fringillidae (Finches, Euphonias, and Allies)",NA,NA,NA,NA,"Diurnal","Diurnal","Plant & Seed","No","No","No","Non-endemic","Alpine & Cold Desert","Resident",NA,1,NA,"Pale Rosefinch","Carpodacus stoliczkae","Pale Rosefinch","Carpodacus stoliczkae","Least Concern","Schedule-II","","",NA,"","","",5,NA,0.3,0.4,10,6.64668338346276,NA,NA,NA,NA,NA,NA,NA,NA,NA,NA,NA,NA,NA,NA,NA,NA,NA,NA,NA,NA,NA,NA,NA,NA,NA,NA,NA
"Sillem's Rosefinch","Carpodacus sillemi","tahmof1","Passeriformes","Fringillidae (Finches, Euphonias, and Allies)",NA,NA,NA,NA,"Diurnal","Diurnal","Plant & Seed","No","No","No","Non-endemic","Alpine & Cold Desert","Uncertain",NA,1,NA,"Sillem's Rosefinch","Carpodacus sillemi","Sillem's Rosefinch","Carpodacus sillemi","Data Deficient","Schedule-II","","",NA,"","","",NA,NA,NA,NA,NA,NA,NA,NA,NA,NA,NA,NA,NA,NA,NA,NA,NA,NA,NA,NA,NA,NA,NA,NA,NA,NA,NA,NA,NA,NA,NA,NA,NA
"Streaked Rosefinch","Carpodacus rubicilloides","strros1","Passeriformes","Fringillidae (Finches, Euphonias, and Allies)",NA,NA,NA,NA,"Diurnal","Diurnal","Plant & Seed","No","No","No","Non-endemic","Alpine & Cold Desert","Resident & Altitudinal Migrant",NA,NA,NA,"Streaked Rosefinch","Carpodacus rubicilloides","Streaked Rosefinch","Carpodacus rubicilloides","Least Concern","Schedule-II","","",NA,"","","",40,0.225,0.215,0.3,8.8,1.34846480611595,NA,NA,NA,NA,NA,NA,NA,NA,NA,NA,NA,NA,NA,NA,NA,NA,NA,NA,NA,NA,NA,NA,NA,NA,NA,NA,NA
"Great Rosefinch","Carpodacus rubicilla","greros1","Passeriformes","Fringillidae (Finches, Euphonias, and Allies)",NA,NA,NA,NA,"Diurnal","Diurnal","Plant & Seed","No","No","No","Non-endemic","Alpine & Cold Desert","Resident",NA,NA,NA,"Great Rosefinch","Carpodacus rubicilla","Great Rosefinch","Carpodacus rubicilla","Least Concern","Schedule-II","","",NA,"","","",96,0.15625,0.320833333333333,0.520833333333333,7.01041666666667,0.79726330036089,NA,NA,NA,NA,NA,NA,NA,NA,NA,NA,NA,NA,NA,NA,NA,NA,NA,NA,NA,NA,NA,NA,NA,NA,NA,NA,NA
"Red-fronted Rosefinch","Carpodacus puniceus","refros1","Passeriformes","Fringillidae (Finches, Euphonias, and Allies)",NA,NA,NA,NA,"Diurnal","Diurnal","Plant & Seed","No","No","No","Non-endemic","Alpine & Cold Desert","Resident & Altitudinal Migrant",NA,NA,NA,"Red-fronted Rosefinch","Carpodacus puniceus","Red-fronted Rosefinch","Carpodacus puniceus","Least Concern","Schedule-II","","",NA,"","","",41,0.219512195121951,0.119512195121951,0.146341463414634,9.65853658536585,1.34929215364331,NA,NA,NA,NA,NA,NA,NA,NA,NA,NA,NA,NA,NA,NA,NA,NA,NA,NA,NA,NA,NA,NA,NA,NA,NA,NA,NA
"Crimson-browed Finch","Carpodacus subhimachalus","crbfin3","Passeriformes","Fringillidae (Finches, Euphonias, and Allies)","Moderate","Data Deficient","Data Deficient","Restricted","Diurnal","Diurnal","Plant & Seed","No","No","No","Non-endemic","Forest","Resident & Altitudinal Migrant",1,NA,NA,"Crimson-browed Finch","Carpodacus subhimachalus","Crimson-browed Finch","Carpodacus subhimachalus","Least Concern","Schedule-II","","",NA,"","","X",30,0.0333333333333333,0.333333333333333,0.433333333333333,14.8333333333333,2.65482295157597,NA,NA,NA,NA,NA,NA,NA,NA,NA,NA,NA,NA,NA,NA,NA,NA,NA,NA,NA,NA,NA,NA,NA,NA,NA,NA,NA
"Three-banded Rosefinch","Carpodacus trifasciatus","thbros1","Passeriformes","Fringillidae (Finches, Euphonias, and Allies)",NA,NA,NA,NA,"Diurnal","Diurnal","Plant & Seed","No","No","No","Non-endemic","Forest","Uncertain",NA,1,NA,"Three-banded Rosefinch","Carpodacus trifasciatus","Three-banded Rosefinch","Carpodacus trifasciatus","Least Concern","Schedule-II","","",NA,"","","",NA,NA,NA,NA,NA,NA,NA,NA,NA,NA,NA,NA,NA,NA,NA,NA,NA,NA,NA,NA,NA,NA,NA,NA,NA,NA,NA,NA,NA,NA,NA,NA,NA
"Himalayan White-browed Rosefinch","Carpodacus thura","whbros1","Passeriformes","Fringillidae (Finches, Euphonias, and Allies)","Moderate","Data Deficient","Data Deficient","Moderate","Diurnal","Diurnal","Plant & Seed","No","No","Yes","Himalayas","Forest","Resident",NA,NA,NA,"Himalayan White-browed Rosefinch","Carpodacus thura","Himalayan White-browed Rosefinch","Carpodacus thura","Least Concern","Schedule-II","","",NA,"","","X",47,0.0425531914893617,0.268085106382979,0.404255319148936,11.7872340425532,1.71530618047467,NA,NA,NA,NA,NA,NA,NA,NA,NA,NA,NA,NA,NA,NA,NA,NA,NA,NA,NA,NA,NA,NA,NA,NA,NA,NA,NA
"Chinese White-browed Rosefinch","Carpodacus dubius","cwbros1","Passeriformes","Fringillidae (Finches, Euphonias, and Allies)",NA,NA,NA,NA,"Diurnal","Diurnal","Plant & Seed","No","No","No","Non-endemic","Non-specialized","Uncertain",NA,1,NA,"Chinese White-browed Rosefinch","Carpodacus dubius","Chinese White-browed Rosefinch","Carpodacus dubius","Least Concern","Schedule-II","","",NA,"","","",NA,NA,NA,NA,NA,NA,NA,NA,NA,NA,NA,NA,NA,NA,NA,NA,NA,NA,NA,NA,NA,NA,NA,NA,NA,NA,NA,NA,NA,NA,NA,NA,NA
"Brown Bullfinch","Pyrrhula nipalensis","brobul1","Passeriformes","Fringillidae (Finches, Euphonias, and Allies)","Moderate","Data Deficient","Data Deficient","Moderate","Diurnal","Diurnal","Plant & Seed","No","No","No","Non-endemic","Forest","Resident & Altitudinal Migrant",1,NA,NA,"Brown Bullfinch","Pyrrhula nipalensis","Brown Bullfinch","Pyrrhula nipalensis","Least Concern","Schedule-II","","",NA,"","X","X",55,0.0909090909090909,0.32,0.418181818181818,15.5090909090909,1.66674534543399,NA,NA,NA,-9.20048880729805,-2.17895071130603,4.842587384686,63.2314372370666,112.729677888378,204.648545296715,57.1956096791835,110.828559117897,219.926105848031,51.7167363961343,109.131664337754,237.407508507202,46.7772421318412,107.63091202597,257.257888630375,42.3411127697143,106.31925175633,279.713408745076,38.3653886932608,105.190610011844,305.073811534212,34.8059085954046,104.239843943471,333.702092642189
"Orange Bullfinch","Pyrrhula aurantiaca","orabul1","Passeriformes","Fringillidae (Finches, Euphonias, and Allies)","Moderate","Data Deficient","Data Deficient","Restricted","Diurnal","Diurnal","Plant & Seed","No","Yes","Yes","Western Himalayas","Forest","Resident & Altitudinal Migrant",NA,NA,NA,"Orange Bullfinch","Pyrrhula aurantiaca","Orange Bullfinch","Pyrrhula aurantiaca","Least Concern","Schedule-II","","",NA,"","X","X",30,0.166666666666667,0.22,0.233333333333333,11.7,2.06776609984741,NA,NA,NA,-12.1621691637823,9.47919324379845,31.1205556513792,176.617255232488,415.017111398708,1009.29306657049,169.508657436433,450.894911971567,1255.39493244458,162.666785855979,491.397339272557,1574.83942577323,156.230413445505,537.203151534155,1990.8090690653,150.260951181032,589.107615559604,2534.98366092113,144.777736265205,648.044925201444,3250.83493257174,139.777332268358,715.115437622898,4198.39588130595
"Red-headed Bullfinch","Pyrrhula erythrocephala","rehbul1","Passeriformes","Fringillidae (Finches, Euphonias, and Allies)","Moderate","Data Deficient","Data Deficient","Moderate","Diurnal","Diurnal","Plant & Seed","No","No","Yes","Himalayas","Forest","Resident",NA,NA,NA,"Red-headed Bullfinch","Pyrrhula erythrocephala","Red-headed Bullfinch","Pyrrhula erythrocephala","Least Concern","Schedule-II","","",NA,"","X","X",95,0.178947368421053,0.346315789473684,0.494736842105263,13.4736842105263,1.19322850853888,NA,NA,NA,-6.05663877613475,2.11324201312908,10.2831228023929,95.6779537914847,149.939986161615,238.136515322623,91.9656620038917,153.718358456525,261.487220793314,88.3687730888635,157.768198575218,288.067967572578,84.9297227606953,162.105134427806,318.220862054265,81.6682197096793,166.746097956056,352.374260497601,78.5912323448726,171.70942458215,391.042222271633,75.6984976150913,177.014962036974,434.830090161884
"Gray-headed Bullfinch","Pyrrhula erythaca","gyhbul2","Passeriformes","Fringillidae (Finches, Euphonias, and Allies)",NA,NA,NA,NA,"Diurnal","Diurnal","Plant & Seed","No","No","No","Non-endemic","Forest","Resident",NA,NA,NA,"Grey-headed Bullfinch","Pyrrhula erythaca","Grey-headed Bullfinch","Pyrrhula erythaca","Least Concern","Schedule-II","","",NA,"","","",16,NA,0.38125,0.5625,9.9375,2.71036152262633,NA,NA,NA,NA,NA,NA,NA,NA,NA,NA,NA,NA,NA,NA,NA,NA,NA,NA,NA,NA,NA,NA,NA,NA,NA,NA,NA
"Crimson-winged Finch","Rhodopechys sanguineus","crwfin2","Passeriformes","Fringillidae (Finches, Euphonias, and Allies)",NA,NA,NA,NA,"Diurnal","Diurnal","Plant & Seed","No","No","No","Non-endemic","Alpine & Cold Desert","Uncertain",NA,1,NA,"Crimson-winged Finch","Rhodopechys sanguineus","Eurasian Crimson-winged Finch","Rhodopechys sanguineus","Least Concern","Schedule-II","","",NA,"","","",NA,NA,NA,NA,NA,NA,NA,NA,NA,NA,NA,NA,NA,NA,NA,NA,NA,NA,NA,NA,NA,NA,NA,NA,NA,NA,NA,NA,NA,NA,NA,NA,NA
"Trumpeter Finch","Bucanetes githagineus","trufin2","Passeriformes","Fringillidae (Finches, Euphonias, and Allies)",NA,NA,NA,NA,"Diurnal","Diurnal","Plant & Seed","No","No","No","Non-endemic","Grassland & Scrub","Winter Migrant",NA,NA,NA,"Trumpeter Finch","Bucanetes githagineus","Trumpeter Finch","Bucanetes githagineus","Least Concern","Schedule-II","","",NA,"","","",27,0.111111111111111,0.318518518518518,0.481481481481481,14.7037037037037,2.67708253871023,NA,NA,NA,NA,NA,NA,NA,NA,NA,NA,NA,NA,NA,NA,NA,NA,NA,NA,NA,NA,NA,NA,NA,NA,NA,NA,NA
"Mongolian Finch","Bucanetes mongolicus","monfin2","Passeriformes","Fringillidae (Finches, Euphonias, and Allies)",NA,NA,NA,NA,"Diurnal","Diurnal","Plant & Seed","No","No","No","Non-endemic","Alpine & Cold Desert","Resident",NA,NA,NA,"Mongolian Finch","Bucanetes mongolicus","Mongolian Finch","Bucanetes mongolicus","Least Concern","Schedule-II","","",NA,"","","",47,0.148936170212766,0.24468085106383,0.51063829787234,8.48936170212766,1.24028971540873,NA,NA,NA,NA,NA,NA,NA,NA,NA,NA,NA,NA,NA,NA,NA,NA,NA,NA,NA,NA,NA,NA,NA,NA,NA,NA,NA
"Blanford's Rosefinch","Agraphospiza rubescens","blaros1","Passeriformes","Fringillidae (Finches, Euphonias, and Allies)",NA,NA,NA,NA,"Diurnal","Diurnal","Plant & Seed","No","No","No","Non-endemic","Forest","Resident & Altitudinal Migrant",NA,NA,NA,"Blanford's Rosefinch","Agraphospiza rubescens","Blanford's Rosefinch","Agraphospiza rubescens","Least Concern","Schedule-II","","",NA,"","","",9,0.111111111111111,0.26984126984127,0.333333333333333,17.5555555555556,4.55124294513916,NA,NA,NA,NA,NA,NA,NA,NA,NA,NA,NA,NA,NA,NA,NA,NA,NA,NA,NA,NA,NA,NA,NA,NA,NA,NA,NA
"Gold-naped Finch","Pyrrhoplectes epauletta","gonfin1","Passeriformes","Fringillidae (Finches, Euphonias, and Allies)","Moderate","Data Deficient","Uncertain","Restricted","Diurnal","Diurnal","Plant & Seed","No","No","Yes","Himalayas","Forest","Resident & Altitudinal Migrant",NA,NA,NA,"Gold-naped Finch","Pyrrhoplectes epauletta","Gold-naped Finch","Pyrrhoplectes epauletta","Least Concern","Schedule-II","","",NA,"","","X",34,0.176470588235294,0.414705882352941,0.529411764705882,13.2647058823529,2.37585326692051,NA,NA,NA,NA,NA,NA,NA,NA,NA,NA,NA,NA,NA,NA,NA,NA,NA,NA,NA,NA,NA,NA,NA,NA,NA,NA,NA
"Spectacled Finch","Callacanthis burtoni","spefin1","Passeriformes","Fringillidae (Finches, Euphonias, and Allies)","Moderate","Data Deficient","Data Deficient","Moderate","Diurnal","Diurnal","Plant & Seed","No","No","Yes","Western Himalayas","Forest","Resident & Altitudinal Migrant",NA,NA,NA,"Spectacled Finch","Callacanthis burtoni","Spectacled Finch","Callacanthis burtoni","Least Concern","Schedule-II","","",NA,"","","X",54,0.12962962962963,0.17037037037037,0.222222222222222,13.7037037037037,1.71658046336354,NA,NA,NA,NA,NA,NA,NA,NA,NA,NA,NA,NA,NA,NA,NA,NA,NA,NA,NA,NA,NA,NA,NA,NA,NA,NA,NA
"Dark-breasted Rosefinch","Procarduelis nipalensis","dabros1","Passeriformes","Fringillidae (Finches, Euphonias, and Allies)","Low","Data Deficient","Uncertain","Moderate","Diurnal","Diurnal","Omnivore","No","No","No","Non-endemic","Forest","Resident & Altitudinal Migrant",NA,NA,NA,"Dark-breasted Rosefinch","Procarduelis nipalensis","Dark-breasted Rosefinch","Procarduelis nipalensis","Least Concern","Schedule-II","","",NA,"","X","X",113,0.0973451327433628,0.34070796460177,0.47787610619469,12.6106194690265,1.22216168166478,NA,NA,NA,-8.98617489729663,-4.00199240549292,0.982190086310782,41.5738643939075,67.3275390203876,110.495067248093,36.9440882647292,64.1045603973179,113.185301758655,32.8189270441444,61.1090337808175,116.33492772121,29.160888166949,58.3230984135271,119.909731737815,25.9254316186781,55.7304736024254,123.897893806574,23.0673987759687,53.3163085929477,128.301742579487,20.5439599777071,51.067047717756,133.133328557448
"Plain Mountain Finch","Leucosticte nemoricola","plmfin1","Passeriformes","Fringillidae (Finches, Euphonias, and Allies)","Low","Uncertain","Uncertain","Moderate","Diurnal","Diurnal","Plant & Seed","No","No","No","Non-endemic","Alpine & Cold Desert","Resident & Altitudinal Migrant",NA,NA,NA,"Plain Mountain Finch","Leucosticte nemoricola","Plain Mountain-finch","Leucosticte nemoricola","Least Concern","Schedule-II","","",NA,"X","X","X",279,0.118279569892473,0.327240143369176,0.512544802867383,10.3225806451613,0.727543258773103,27.9102248353057,51.7221489458866,96.8006127888357,-5.47120111065739,-0.374106916035086,4.72298727858722,97.714153297286,143.50554666729,212.638833413874,92.6503473894827,143.783659188635,225.754545357463,87.7935825277796,144.150342024442,240.233891865779,83.1766109522165,144.606203239788,256.117100910609,78.8111008562016,145.152011950681,273.4787716626,74.6971188299459,145.788699199507,292.419271144162,70.8283259060666,146.517359282691,313.060567710283
"Black-headed Mountain Finch","Leucosticte brandti","bhmfin1","Passeriformes","Fringillidae (Finches, Euphonias, and Allies)",NA,NA,NA,NA,"Diurnal","Diurnal","Plant & Seed","No","No","No","Non-endemic","Alpine & Cold Desert","Resident & Altitudinal Migrant",1,NA,NA,"Black-headed Mountain Finch","Leucosticte brandti","Brandt's Mountain-finch","Leucosticte brandti","Least Concern","Schedule-II","","",NA,"","","X",97,0.206185567010309,0.325773195876289,0.402061855670103,6.60824742268041,0.843613288871081,NA,NA,NA,NA,NA,NA,NA,NA,NA,NA,NA,NA,NA,NA,NA,NA,NA,NA,NA,NA,NA,NA,NA,NA,NA,NA,NA
"Desert Finch","Rhodospiza obsoleta","desfin2","Passeriformes","Fringillidae (Finches, Euphonias, and Allies)",NA,NA,NA,NA,"Diurnal","Diurnal","Plant & Seed","No","No","No","Non-endemic","Non-specialized","Uncertain",NA,1,NA,"Desert Finch","Rhodospiza obsoleta","Desert Finch","Rhodospiza obsoleta","Least Concern","Schedule-II","","",NA,"","","",NA,NA,NA,NA,NA,NA,NA,NA,NA,NA,NA,NA,NA,NA,NA,NA,NA,NA,NA,NA,NA,NA,NA,NA,NA,NA,NA,NA,NA,NA,NA,NA,NA
"European Greenfinch","Chloris chloris","eurgre1","Passeriformes","Fringillidae (Finches, Euphonias, and Allies)",NA,NA,NA,NA,"Diurnal","Diurnal","Plant & Seed","No","No","No","Non-endemic","Non-specialized","Uncertain",NA,NA,NA,"European Greenfinch","Chloris chloris","European Greenfinch","Chloris chloris","Least Concern","Recent addition","","",NA,"","","",NA,NA,NA,NA,NA,NA,NA,NA,NA,NA,NA,NA,NA,NA,NA,NA,NA,NA,NA,NA,NA,NA,NA,NA,NA,NA,NA,NA,NA,NA,NA,NA,NA
"Yellow-breasted Greenfinch","Chloris spinoides","yebgre4","Passeriformes","Fringillidae (Finches, Euphonias, and Allies)","Moderate","Moderate Decline","Uncertain","Moderate","Diurnal","Diurnal","Plant & Seed","No","No","Yes","Himalayas","Non-specialized","Resident & Altitudinal Migrant",NA,NA,NA,"Yellow-breasted Greenfinch","Chloris spinoides","Yellow-breasted Greenfinch","Chloris spinoides","Least Concern","Schedule-II","","",NA,"X","X","X",259,0.138996138996139,0.408108108108108,0.590733590733591,12.2586872586873,0.752195429994051,41.6915955353829,71.3220783860394,116.157460134177,-5.37375302327479,-2.11538776979155,1.14297748369169,75.1294455158065,96.5905891915875,124.678807652488,70.8329754091558,94.4227881391786,126.528637406767,66.7493718101562,92.3371663904689,128.588613957767,62.8886911969973,90.3303288761497,130.829371320628,59.2505324941652,88.3990458715486,133.234051610671,55.8289332534772,86.5402443846786,135.793269996591,52.6150285178908,84.7510000311688,138.502330762743
"Black-headed Greenfinch","Chloris ambigua","bkhgre1","Passeriformes","Fringillidae (Finches, Euphonias, and Allies)",NA,NA,NA,NA,"Diurnal","Diurnal","Plant & Seed","No","No","No","Non-endemic","Non-specialized","Resident",NA,NA,NA,"Black-headed Greenfinch","Chloris ambigua","Black-headed Greenfinch","Chloris ambigua","Least Concern","Schedule-II","","",NA,"","","",8,NA,0.525,0.75,6.5,1.8146073955542,NA,NA,NA,NA,NA,NA,NA,NA,NA,NA,NA,NA,NA,NA,NA,NA,NA,NA,NA,NA,NA,NA,NA,NA,NA,NA,NA
"Twite","Linaria flavirostris","twite1","Passeriformes","Fringillidae (Finches, Euphonias, and Allies)",NA,NA,NA,NA,"Diurnal","Diurnal","Plant & Seed","No","No","No","Non-endemic","Alpine & Cold Desert","Resident",1,NA,NA,"Twite","Linaria flavirostris","Twite","Linaria flavirostris","Least Concern","Schedule-II","","",NA,"","","X",78,0.192307692307692,0.338461538461538,0.576923076923077,7.28205128205128,0.950274788893607,NA,NA,NA,NA,NA,NA,NA,NA,NA,NA,NA,NA,NA,NA,NA,NA,NA,NA,NA,NA,NA,NA,NA,NA,NA,NA,NA
"Eurasian Linnet","Linaria cannabina","eurlin1","Passeriformes","Fringillidae (Finches, Euphonias, and Allies)",NA,NA,NA,NA,"Diurnal","Diurnal","Plant & Seed","No","No","No","Non-endemic","Non-specialized","Uncertain",NA,1,NA,"Eurasian Linnet","Linaria cannabina","Common Linnet","Linaria cannabina","Least Concern","Schedule-II","","",NA,"","","",1,1,NA,NA,23,NA,NA,NA,NA,NA,NA,NA,NA,NA,NA,NA,NA,NA,NA,NA,NA,NA,NA,NA,NA,NA,NA,NA,NA,NA,NA,NA,NA
"Red Crossbill","Loxia curvirostra","redcro","Passeriformes","Fringillidae (Finches, Euphonias, and Allies)",NA,NA,NA,NA,"Diurnal","Diurnal","Plant & Seed","No","No","No","Non-endemic","Forest","Resident & Altitudinal Migrant",NA,NA,NA,"Red Crossbill","Loxia curvirostra","Red Crossbill","Loxia curvirostra","Least Concern","Schedule-II","","",NA,"","","",35,0.171428571428571,0.262857142857143,0.4,14.4857142857143,2.28456261742618,NA,NA,NA,NA,NA,NA,NA,NA,NA,NA,NA,NA,NA,NA,NA,NA,NA,NA,NA,NA,NA,NA,NA,NA,NA,NA,NA
"Gray-crowned Goldfinch","Carduelis caniceps","eurgol2","Passeriformes","Fringillidae (Finches, Euphonias, and Allies)","Low","Data Deficient","Uncertain","Moderate","Diurnal","Diurnal","Plant & Seed","No","No","No","Non-endemic","Non-specialized","Resident & Altitudinal Migrant",NA,NA,NA,"Grey-crowned Goldfinch","Carduelis caniceps","Grey-capped Goldfinch","Carduelis caniceps","Least Concern","Schedule-II","","",NA,"","X","X",195,0.112820512820513,0.294358974358974,0.451282051282051,10.6564102564103,0.853528379821792,NA,NA,NA,-6.37790699452614,-0.476631608131778,5.42464377826258,68.6165111987342,98.7162813898062,143.213497115334,64.9035446224567,98.3889941847558,150.799109333183,61.3676413125139,98.1434720568337,159.180094998879,58.0265625891977,97.9791033349401,168.371770608672,54.884310760806,97.8954749835395,178.411666027566,51.9375021532247,97.8923709505663,189.353593194233,49.1788330139757,97.969771267406,201.264724597515
"Fire-fronted Serin","Serinus pusillus","fifser1","Passeriformes","Fringillidae (Finches, Euphonias, and Allies)","Low","Data Deficient","Uncertain","Moderate","Diurnal","Diurnal","Plant & Seed","No","No","No","Non-endemic","Non-specialized","Resident & Altitudinal Migrant",NA,NA,NA,"Fire-fronted Serin","Serinus pusillus","Red-fronted Serin","Serinus pusillus","Least Concern","Schedule-II","","",NA,"X","X","X",216,0.143518518518519,0.331944444444444,0.523148148148148,9.90277777777778,0.808136806250648,62.2532543542443,134.181629202316,283.480550225665,-5.9213753692686,2.9617996698359,11.8449747089404,101.453457104103,145.974165461043,212.003352856718,99.0694888166043,150.162334859772,230.40579700679,96.7316971586744,154.630436651993,251.067837202,94.4800681760613,159.396093844085,274.187405006637,92.3363830749631,164.478363551801,300.014501727115,90.311969293296,169.897858291193,328.847919015481,88.4120116686234,175.676878810532,361.036082954802
"Tibetan Serin","Spinus thibetanus","tibser1","Passeriformes","Fringillidae (Finches, Euphonias, and Allies)",NA,NA,NA,NA,"Diurnal","Diurnal","Plant & Seed","No","No","No","Non-endemic","Forest","Winter Migrant",1,NA,NA,"Tibetan Siskin","Spinus thibetanus","Tibetan Siskin","Spinus thibetanus","Least Concern","Schedule-II","","",NA,"","","X",17,0.117647058823529,0.329411764705882,0.588235294117647,16.2941176470588,2.86094402113035,NA,NA,NA,NA,NA,NA,NA,NA,NA,NA,NA,NA,NA,NA,NA,NA,NA,NA,NA,NA,NA,NA,NA,NA,NA,NA,NA
"Eurasian Siskin","Spinus spinus","eursis","Passeriformes","Fringillidae (Finches, Euphonias, and Allies)",NA,NA,NA,NA,"Diurnal","Diurnal","Plant & Seed","No","No","No","Non-endemic","Forest & Plantation","Winter Migrant",NA,1,NA,"Eurasian Siskin","Spinus spinus","Eurasian Siskin","Spinus spinus","Least Concern","Schedule-II","","",NA,"","","",2,1,NA,NA,8.5,0.98,NA,NA,NA,NA,NA,NA,NA,NA,NA,NA,NA,NA,NA,NA,NA,NA,NA,NA,NA,NA,NA,NA,NA,NA,NA,NA,NA
"Lapland Longspur","Calcarius lapponicus","laplon","Passeriformes","Calcariidae (Longspurs and Snow Buntings)",NA,NA,NA,NA,"Diurnal","Diurnal","Plant & Seed","No","No","No","Non-endemic","Non-specialized","Uncertain",NA,1,NA,"Lapland Longspur","Calcarius lapponicus","Lapland Longspur","Calcarius lapponicus","Least Concern","Recent addition","","",NA,"","","",NA,NA,NA,NA,NA,NA,NA,NA,NA,NA,NA,NA,NA,NA,NA,NA,NA,NA,NA,NA,NA,NA,NA,NA,NA,NA,NA,NA,NA,NA,NA,NA,NA
"Crested Bunting","Emberiza lathami","crebun1","Passeriformes","Emberizidae (Old World Buntings)","Moderate","Moderate Decline","Strong Decline","Moderate","Diurnal","Diurnal","Plant & Seed","No","No","No","Non-endemic","Non-specialized","Resident & Local Migrant",NA,NA,NA,"Crested Bunting","Emberiza lathami","Crested Bunting","Emberiza lathami","Least Concern","Schedule-II","","",NA,"X","X","X",726,0.0399449035812672,0.237878787878788,0.337465564738292,12.8429752066116,0.457008180277707,25.6066919110438,39.3168124209514,58.9921520834605,-5.30795850776562,-3.44412549926228,-1.58029249075894,53.5310461076305,64.2517216590139,77.2504214183375,50.0445400482964,61.6730155776982,76.1729088692309,46.7612158350841,59.2059345422771,75.176088519747,43.6802964852435,56.8453489845378,74.2413480706866,40.7957434580026,54.5863772009611,73.3567559810525,38.0988990820465,52.4243728439758,72.5143115206073,35.5799057569145,50.3549130690276,71.7084264381532
"Black-headed Bunting","Emberiza melanocephala","blhbun1","Passeriformes","Emberizidae (Old World Buntings)","Low","Data Deficient","Uncertain","Moderate","Diurnal","Diurnal","Plant & Seed","No","No","No","Non-endemic","Open Habitat","Winter Migrant",1,NA,NA,"Black-headed Bunting","Emberiza melanocephala","Black-headed Bunting","Emberiza melanocephala","Least Concern","Schedule-II","","",NA,"","X","X",555,0.0234234234234234,0.234234234234234,0.383783783783784,14.6018018018018,0.512704613792698,NA,NA,NA,-6.60475533420789,-1.78711613082035,3.03052307256719,83.7640900423092,126.898728119441,194.45298140515,77.7318475269296,124.993408955637,204.023196682456,72.0913488327362,123.20883765122,214.638947926324,66.8532809699406,121.540525967926,226.301725893689,62.0087338235081,119.984323382845,239.04573563131,57.5390943804553,118.536399693521,252.928048237587,53.421311949039,117.193229117179,268.023538108148
"Red-headed Bunting","Emberiza bruniceps","rehbun1","Passeriformes","Emberizidae (Old World Buntings)","Low","Data Deficient","Uncertain","Moderate","Diurnal","Diurnal","Plant & Seed","No","No","No","Non-endemic","Open Habitat","Winter Migrant",1,NA,NA,"Red-headed Bunting","Emberiza bruniceps","Red-headed Bunting","Emberiza bruniceps","Least Concern","Schedule-II","","",NA,"X","X","X",586,0.0307167235494881,0.223378839590444,0.361774744027304,14.6040955631399,0.522050428344553,28.409717603628,76.2867571967254,210.25814308602,-8.35177087930448,-1.62057896349941,5.11061295230567,63.3147351433157,97.4486507765996,151.693915338717,58.6207977403098,95.9548397061582,159.415191308408,54.2706793394781,94.601605304664,168.05676447952,50.2650356438719,93.3836673341021,177.633565007803,46.5901292871396,92.2963233823673,188.189422418237,43.2256218879077,91.3354156124658,199.789401877588,40.1486359358376,90.4973015983222,212.516096529689
"Chestnut-eared Bunting","Emberiza fucata","chebun2","Passeriformes","Emberizidae (Old World Buntings)",NA,NA,NA,NA,"Diurnal","Diurnal","Plant & Seed","No","No","No","Non-endemic","Grassland & Scrub","Resident & Winter Migrant",1,NA,NA,"Chestnut-eared Bunting","Emberiza fucata","Chestnut-eared Bunting","Emberiza fucata","Least Concern","Schedule-II","","",NA,"","","X",101,0.128712871287129,0.240594059405941,0.425742574257426,16.2871287128713,1.05687396439222,NA,NA,NA,NA,NA,NA,NA,NA,NA,NA,NA,NA,NA,NA,NA,NA,NA,NA,NA,NA,NA,NA,NA,NA,NA,NA,NA
"Rock Bunting","Emberiza cia","rocbun1","Passeriformes","Emberizidae (Old World Buntings)","Low","Uncertain","Uncertain","Moderate","Diurnal","Diurnal","Plant & Seed","No","No","No","Non-endemic","Non-specialized","Resident & Altitudinal Migrant",NA,NA,NA,"Rock Bunting","Emberiza cia","Rock Bunting","Emberiza cia","Least Concern","Schedule-II","","",NA,"X","X","X",337,0.15727002967359,0.414836795252226,0.593471810089021,10.3412462908012,0.665588436179446,36.3737417106735,70.5457855019872,142.264478724561,-5.80693652668412,-0.295352931255512,5.2162306641731,70.9467195056627,98.8759065026561,138.800586911741,67.5309494379602,98.7277450060524,145.711891346415,64.252714773736,98.6506336380443,153.308435033864,61.1315723129751,98.644243084986,161.597717593308,58.1742626164095,98.708396149453,170.606197915366,55.3804834818461,98.8430663488119,180.373823204438,52.7460505466018,99.0483770534435,190.951234545136
"Godlewski's Bunting","Emberiza godlewskii","godbun1","Passeriformes","Emberizidae (Old World Buntings)",NA,NA,NA,NA,"Diurnal","Diurnal","Plant & Seed","No","No","No","Non-endemic","Non-specialized","Resident",NA,1,NA,"Godlewski's Bunting","Emberiza godlewskii","Godlewski's Bunting","Emberiza godlewskii","Least Concern","Schedule-II","","",NA,"","","",5,NA,0.44,0.6,6.6,2.94652609016109,NA,NA,NA,NA,NA,NA,NA,NA,NA,NA,NA,NA,NA,NA,NA,NA,NA,NA,NA,NA,NA,NA,NA,NA,NA,NA,NA
"Meadow Bunting","Emberiza cioides","meabun1","Passeriformes","Emberizidae (Old World Buntings)",NA,NA,NA,NA,"Diurnal","Diurnal","Plant & Seed","No","No","No","Non-endemic","Non-specialized","Uncertain",NA,1,NA,"Meadow Bunting","Emberiza cioides","Meadow Bunting","Emberiza cioides","Least Concern","Recent addition","","",NA,"","","",NA,NA,NA,NA,NA,NA,NA,NA,NA,NA,NA,NA,NA,NA,NA,NA,NA,NA,NA,NA,NA,NA,NA,NA,NA,NA,NA,NA,NA,NA,NA,NA,NA
"White-capped Bunting","Emberiza stewarti","chbbun1","Passeriformes","Emberizidae (Old World Buntings)","Moderate","Data Deficient","Uncertain","Restricted","Diurnal","Diurnal","Plant & Seed","No","No","No","Non-endemic","Non-specialized","Within-India Migrant",NA,NA,NA,"White-capped Bunting","Emberiza stewarti","White-capped Bunting","Emberiza stewarti","Least Concern","Schedule-II","","",NA,"X","X","X",266,0.109022556390977,0.278947368421053,0.360902255639098,13.312030075188,0.762099834289672,19.3284698087676,30.130451161915,48.1419942616157,-3.66429906079842,0.115989357271499,3.89627777534142,73.4774801733371,103.927537646396,147.658628590855,69.8720432347027,103.89508944876,155.398509881348,66.3858102151384,103.896420601473,163.830963005983,63.0444358739992,103.9315942951,172.953620791462,59.8591796723975,104.00070640225,182.78288793369,56.8331881058697,104.103885656475,193.34783078182,53.9649610086235,104.241293882287,204.686912971516
"Yellowhammer","Emberiza citrinella","yellow2","Passeriformes","Emberizidae (Old World Buntings)",NA,NA,NA,NA,"Diurnal","Diurnal","Plant & Seed","No","No","No","Non-endemic","Open Habitat","Winter Migrant",NA,NA,NA,"Yellowhammer","Emberiza citrinella","Yellowhammer","Emberiza citrinella","Least Concern","Schedule-II","","",NA,"","","",17,0.0588235294117647,0.386554621848739,0.588235294117647,13.8823529411765,2.27285912042847,NA,NA,NA,NA,NA,NA,NA,NA,NA,NA,NA,NA,NA,NA,NA,NA,NA,NA,NA,NA,NA,NA,NA,NA,NA,NA,NA
"Pine Bunting","Emberiza leucocephalos","pinbun","Passeriformes","Emberizidae (Old World Buntings)",NA,NA,NA,NA,"Diurnal","Diurnal","Plant & Seed","No","No","No","Non-endemic","Non-specialized","Winter Migrant",NA,NA,NA,"Pine Bunting","Emberiza leucocephalos","Pine Bunting","Emberiza leucocephalos","Least Concern","Schedule-II","","",NA,"","","",26,0.115384615384615,0.261538461538462,0.5,13.5384615384615,1.84579965833192,NA,NA,NA,NA,NA,NA,NA,NA,NA,NA,NA,NA,NA,NA,NA,NA,NA,NA,NA,NA,NA,NA,NA,NA,NA,NA,NA
"Gray-necked Bunting","Emberiza buchanani","gyhbun1","Passeriformes","Emberizidae (Old World Buntings)","Low","Data Deficient","Uncertain","Moderate","Diurnal","Diurnal","Plant & Seed","No","No","No","Non-endemic","Grassland & Scrub","Winter Migrant",NA,NA,NA,"Grey-necked Bunting","Emberiza buchanani","Grey-necked Bunting","Emberiza buchanani","Least Concern","Schedule-II","","",NA,"X","X","X",568,0.0422535211267606,0.24137323943662,0.387323943661972,14.5492957746479,0.53394307097179,14.2667878734718,35.3191035033434,84.3535865408949,-7.61249330730381,-2.09854462584682,3.41540405561017,52.3651423366324,85.3314400694342,140.830315896629,47.5837111788049,83.1408440709824,147.710387202163,43.2185622011696,81.0894094456301,155.41908185434,39.2582158191287,79.169888913832,163.955771890329,35.6779548821686,77.3755873279716,173.348429663751,32.4478011645524,75.7003251970391,183.645203656996,29.5365591239024,74.1384053665518,194.910179246379
"Ortolan Bunting","Emberiza hortulana","ortbun1","Passeriformes","Emberizidae (Old World Buntings)",NA,NA,NA,NA,"Diurnal","Diurnal","Invertebrate","No","No","No","Non-endemic","Non-specialized","Uncertain",NA,1,NA,"Ortolan Bunting","Emberiza hortulana","Ortolan Bunting","Emberiza hortulana","Least Concern","Schedule-II","","",NA,"","","",1,NA,NA,NA,18,NA,NA,NA,NA,NA,NA,NA,NA,NA,NA,NA,NA,NA,NA,NA,NA,NA,NA,NA,NA,NA,NA,NA,NA,NA,NA,NA,NA
"Striolated Bunting","Emberiza striolata","houbun2","Passeriformes","Emberizidae (Old World Buntings)",NA,NA,NA,NA,"Diurnal","Diurnal","Plant & Seed","No","No","No","Non-endemic","Grassland & Scrub","Resident & Winter Migrant",1,NA,NA,"Striolated Bunting","Emberiza striolata","Striolated Bunting","Emberiza striolata","Least Concern","Schedule-II","","",NA,"","","X",97,0.134020618556701,0.193814432989691,0.164948453608247,14.5463917525773,1.26908814101903,NA,NA,NA,NA,NA,NA,NA,NA,NA,NA,NA,NA,NA,NA,NA,NA,NA,NA,NA,NA,NA,NA,NA,NA,NA,NA,NA
"Reed Bunting","Emberiza schoeniclus","reebun","Passeriformes","Emberizidae (Old World Buntings)",NA,NA,NA,NA,"Diurnal","Diurnal","Plant & Seed","No","No","No","Non-endemic","Non-specialized","Winter Migrant",NA,1,NA,"Eurasian Reed Bunting","Emberiza schoeniclus","Reed Bunting","Emberiza schoeniclus","Least Concern","Schedule-II","","",NA,"","","",2,0.5,NA,NA,19,7.84,NA,NA,NA,NA,NA,NA,NA,NA,NA,NA,NA,NA,NA,NA,NA,NA,NA,NA,NA,NA,NA,NA,NA,NA,NA,NA,NA
"Yellow-breasted Bunting","Emberiza aureola","yebbun","Passeriformes","Emberizidae (Old World Buntings)","High","Data Deficient","Data Deficient","Data Deficient","Diurnal","Diurnal","Plant & Seed","No","No","No","Non-endemic","Grassland","Winter Migrant",1,NA,NA,"Yellow-breasted Bunting","Emberiza aureola","Yellow-breasted Bunting","Emberiza aureola","Critically Endangered","Schedule-I","","Appendix I",NA,"","","",NA,NA,NA,NA,NA,NA,NA,NA,NA,NA,NA,NA,NA,NA,NA,NA,NA,NA,NA,NA,NA,NA,NA,NA,NA,NA,NA,NA,NA,NA,NA,NA,NA
"Little Bunting","Emberiza pusilla","litbun","Passeriformes","Emberizidae (Old World Buntings)",NA,NA,NA,NA,"Diurnal","Diurnal","Plant & Seed","No","No","No","Non-endemic","Open Habitat","Winter Migrant",1,NA,NA,"Little Bunting","Emberiza pusilla","Little Bunting","Emberiza pusilla","Least Concern","Schedule-II","","",NA,"","","X",124,0.17741935483871,0.27741935483871,0.548387096774194,11.5483870967742,1.16761600589111,NA,NA,NA,NA,NA,NA,NA,NA,NA,NA,NA,NA,NA,NA,NA,NA,NA,NA,NA,NA,NA,NA,NA,NA,NA,NA,NA
"Rustic Bunting","Emberiza rustica","rusbun","Passeriformes","Emberizidae (Old World Buntings)",NA,NA,NA,NA,"Diurnal","Diurnal","Plant & Seed","No","No","No","Non-endemic","Non-specialized","Uncertain",NA,1,NA,"Rustic Bunting","Emberiza rustica","Rustic Bunting","Emberiza rustica","Near Threatened","Schedule-II","","",NA,"","","",NA,NA,NA,NA,NA,NA,NA,NA,NA,NA,NA,NA,NA,NA,NA,NA,NA,NA,NA,NA,NA,NA,NA,NA,NA,NA,NA,NA,NA,NA,NA,NA,NA
"Black-faced Bunting","Emberiza spodocephala","bkfbun1","Passeriformes","Emberizidae (Old World Buntings)",NA,NA,NA,NA,"Diurnal","Diurnal","Invertebrate","No","No","No","Non-endemic","Wetland","Winter Migrant",1,NA,NA,"Black-faced Bunting","Emberiza spodocephala","Black-faced Bunting","Emberiza spodocephala","Least Concern","Schedule-II","","",NA,"","","X",51,0.0784313725490196,0.254901960784314,0.509803921568627,15.8039215686275,1.25893105154386,NA,NA,NA,NA,NA,NA,NA,NA,NA,NA,NA,NA,NA,NA,NA,NA,NA,NA,NA,NA,NA,NA,NA,NA,NA,NA,NA
"Chestnut Bunting","Emberiza rutila","chebun1","Passeriformes","Emberizidae (Old World Buntings)",NA,NA,NA,NA,"Diurnal","Diurnal","Invertebrate","No","No","No","Non-endemic","Open Habitat","Winter Migrant",NA,NA,NA,"Chestnut Bunting","Emberiza rutila","Chestnut Bunting","Emberiza rutila","Least Concern","Schedule-II","","",NA,"","","",22,0.0454545454545455,0.171717171717172,0.454545454545455,12.5454545454545,2.40128707453421,NA,NA,NA,NA,NA,NA,NA,NA,NA,NA,NA,NA,NA,NA,NA,NA,NA,NA,NA,NA,NA,NA,NA,NA,NA,NA,NA
"Yellow-browed Bunting","Emberiza chrysophrys","yebbun1","Passeriformes","Emberizidae (Old World Buntings)",NA,NA,NA,NA,"Diurnal","Diurnal","Plant & Seed","No","No","No","Non-endemic","Wetland","Uncertain",NA,1,NA,"Yellow-browed Bunting","Emberiza chrysophrys","Yellow-browed Bunting","Emberiza chrysophrys","Least Concern","Schedule-II","","",NA,"","","",NA,NA,NA,NA,NA,NA,NA,NA,NA,NA,NA,NA,NA,NA,NA,NA,NA,NA,NA,NA,NA,NA,NA,NA,NA,NA,NA,NA,NA,NA,NA,NA,NA
"Tristram's Bunting","Emberiza tristrami","tribun1","Passeriformes","Emberizidae (Old World Buntings)",NA,NA,NA,NA,"Diurnal","Diurnal","Plant & Seed","No","No","No","Non-endemic","Non-specialized","Uncertain",NA,1,NA,"Tristram's Bunting","Emberiza tristrami","Tristram's Bunting","Emberiza tristrami","Least Concern","Schedule-II","","",NA,"","","",NA,NA,NA,NA,NA,NA,NA,NA,NA,NA,NA,NA,NA,NA,NA,NA,NA,NA,NA,NA,NA,NA,NA,NA,NA,NA,NA,NA,NA,NA,NA,NA,NA
