"COMMON.NAME","SCIENTIFIC.NAME","Long.Term.Analysis","Current.Analysis","Selected.SoIB","totalrange25km","proprange25km2000","proprange25km.current","proprange25km.latestyear","mean5km","ci5km"
"Fulvous Whistling-Duck","Dendrocygna bicolor","","X","X",224,0.0267857142857143,0.286607142857143,0.486607142857143,15.6026785714286,0.803538135743519
"Lesser Whistling-Duck","Dendrocygna javanica","X","X","X",2838,0.0461592670894996,0.374559548978154,0.576814658210007,11.6035940803383,0.243938095535204
"Bar-headed Goose","Anser indicus","X","X","X",1103,0.0679963735267452,0.28467815049864,0.402538531278332,13.0299184043518,0.389735044214869
"Graylag Goose","Anser anser","X","X","X",641,0.078003120124805,0.276911076443058,0.418096723868955,13.0936037441498,0.481288156477585
"Greater White-fronted Goose","Anser albifrons","","","",31,NA,0.209677419354839,0.32258064516129,16.4193548387097,2.21109603626384
"Lesser White-fronted Goose","Anser erythropus","","","",11,NA,0.0909090909090909,NA,16.3636363636364,3.88665153638569
"Taiga Bean-Goose","Anser fabalis","","","",1,NA,NA,NA,12,NA
"Tundra Bean-Goose","Anser serrirostris","","","",2,NA,NA,NA,16.5,2.94
"Barnacle Goose","Branta leucopsis","","","",NA,NA,NA,NA,NA,NA
"Red-breasted Goose","Branta ruficollis","","","",4,NA,0.45,NA,16.5,6.22383590186417
"Mute Swan","Cygnus olor","","","",NA,NA,NA,NA,NA,NA
"Tundra Swan","Cygnus columbianus","","","",NA,NA,NA,NA,NA,NA
"Whooper Swan","Cygnus cygnus","","","",1,NA,NA,NA,22,NA
"Knob-billed Duck","Sarkidiornis melanotos","X","X","X",1433,0.0425680390788555,0.297348220516399,0.470341939986043,12.1967899511514,0.338589711938268
"Ruddy Shelduck","Tadorna ferruginea","X","X","X",1752,0.0799086757990868,0.315353881278539,0.470890410958904,11.4332191780822,0.285037495024117
"Common Shelduck","Tadorna tadorna","","","",132,0.0681818181818182,0.214393939393939,0.303030303030303,15.0681818181818,1.1249498884808
"Cotton Pygmy-Goose","Nettapus coromandelianus","X","X","X",1621,0.0690931523750771,0.317149907464528,0.456508328192474,13.164713140037,0.325531743759308
"Mandarin Duck","Aix galericulata","","","",3,NA,0.333333333333333,0.333333333333333,13,10.9128181511468
"Baikal Teal","Sibirionetta formosa","","","",9,NA,0.203703703703704,0.333333333333333,20.2222222222222,2.30474336430515
"Garganey","Spatula querquedula","X","X","X",1524,0.0767716535433071,0.329724409448819,0.419291338582677,13.74343832021,0.329514432744404
"Northern Shoveler","Spatula clypeata","X","X","X",1708,0.0930913348946136,0.330503512880562,0.43384074941452,12.653981264637,0.315410431127371
"Gadwall","Mareca strepera","X","X","X",1400,0.0707142857142857,0.302071428571429,0.427857142857143,11.9921428571429,0.320432850165729
"Falcated Duck","Mareca falcata","","","X",52,0.173076923076923,0.211538461538462,0.365384615384615,16.6730769230769,1.65087718002002
"Eurasian Wigeon","Mareca penelope","X","X","X",1223,0.0768601798855274,0.282011447260834,0.398201144726083,13.329517579722,0.35481322774453
"Indian Spot-billed Duck","Anas poecilorhyncha","X","X","X",2595,0.0712909441233141,0.40616570327553,0.604624277456647,11.7337186897881,0.259691574216452
"Eastern Spot-billed Duck","Anas zonorhyncha","","","",15,NA,0.306666666666667,0.466666666666667,18.9333333333333,1.78888618357283
"Mallard","Anas platyrhynchos","X","X","X",462,0.0952380952380952,0.261904761904762,0.361471861471861,13.0909090909091,0.551985277633194
"Northern Pintail","Anas acuta","X","X","X",1873,0.104644954618259,0.317298451681794,0.423918846769888,12.6855312333155,0.30017548765622
"Green-winged Teal","Anas crecca","X","X","X",1631,0.0968730839975475,0.307173513182097,0.431023911710607,12.6817903126916,0.317154322668885
"Andaman Teal","Anas albogularis","X","X","X",17,0.235294117647059,0.358823529411765,0.411764705882353,7.41176470588235,2.59859743910422
"Marbled Duck","Marmaronetta angustirostris","","","X",8,0.5,NA,NA,16.625,2.39871319669526
"Pink-headed Duck","Rhodonessa caryophyllacea","","","",NA,NA,NA,NA,NA,NA
"White-winged Duck","Asarcornis scutulata","X","X","X",10,0.4,0.28,0.3,12.7,2.92252584818909
"Red-crested Pochard","Netta rufina","X","X","X",878,0.0592255125284738,0.275512528473804,0.39749430523918,12.2129840546697,0.395301096334081
"Common Pochard","Aythya ferina","X","X","X",1209,0.086848635235732,0.282547559966915,0.398676592224979,12.509511993383,0.347923228330092
"Ferruginous Duck","Aythya nyroca","X","X","X",593,0.075885328836425,0.27504215851602,0.384485666104553,12.9342327150084,0.501188590521342
"Baer's Pochard","Aythya baeri","","","X",12,0.0833333333333333,0.1875,0.166666666666667,17.1666666666667,2.98258717603128
"Tufted Duck","Aythya fuligula","X","X","X",785,0.12484076433121,0.265222929936306,0.398726114649682,13.0585987261146,0.429386752525921
"Greater Scaup","Aythya marila","","","",10,NA,0.12,0.1,20.4,2.95376039049284
"Long-tailed Duck","Clangula hyemalis","","","",2,NA,NA,NA,15.5,0.98
"Common Goldeneye","Bucephala clangula","","","",5,0.2,0.222222222222222,NA,18.6,2.28573314277936
"Smew","Mergellus albellus","","","",3,0.333333333333333,0.380952380952381,NA,19.3333333333333,4.71125366660628
"Common Merganser","Mergus merganser","X","X","X",139,0.18705035971223,0.270503597122302,0.39568345323741,13.4892086330935,1.06981117743545
"Red-breasted Merganser","Mergus serrator","","","",NA,NA,NA,NA,NA,NA
"White-headed Duck","Oxyura leucocephala","","","",NA,NA,NA,NA,NA,NA
"Nicobar Megapode","Megapodius nicobariensis","","","X",13,0.0769230769230769,0.259615384615385,0.230769230769231,4.15384615384615,1.85472710210267
"Hill Partridge","Arborophila torqueola","X","X","X",177,0.107344632768362,0.346327683615819,0.564971751412429,12.2542372881356,0.918390038924339
"Chestnut-breasted Partridge","Arborophila mandellii","","","X",13,0.0769230769230769,0.292307692307692,0.538461538461538,12.6153846153846,3.7171062529155
"Rufous-throated Partridge","Arborophila rufogularis","","","X",93,0.0645161290322581,0.225806451612903,0.408602150537634,12.6881720430108,1.45606813201968
"White-cheeked Partridge","Arborophila atrogularis","","","X",58,0.120689655172414,0.222413793103448,0.431034482758621,12.7931034482759,1.60884862567226
"Snow Partridge","Lerwa lerwa","","","",26,0.153846153846154,0.25,0.307692307692308,11.9615384615385,1.89400001874496
"Blood Pheasant","Ithaginis cruentus","X","X","X",15,0.2,0.373333333333333,0.6,12.4666666666667,2.74444440845704
"Western Tragopan","Tragopan melanocephalus","","X","X",9,0.444444444444444,0.244444444444444,0.333333333333333,11.6666666666667,3.73887089313813
"Satyr Tragopan","Tragopan satyra","","X","X",19,0.105263157894737,0.378947368421053,0.526315789473684,15.4736842105263,3.00282218747065
"Blyth's Tragopan","Tragopan blythii","","","X",11,0.0909090909090909,0.404040404040404,0.727272727272727,11.5454545454545,3.32584847808398
"Temminck's Tragopan","Tragopan temminckii","","","X",5,NA,0.4,0.4,8.8,6.08547648093393
"Himalayan Monal","Lophophorus impejanus","","X","X",125,0.104,0.2984,0.48,11.128,1.02050647777179
"Sclater's Monal","Lophophorus sclateri","","","X",5,NA,0.325,0.6,12.4,4.66298788332116
"Koklass Pheasant","Pucrasia macrolopha","","","X",106,0.169811320754717,0.330188679245283,0.5,12.7735849056604,1.1606028149333
"Tibetan Partridge","Perdix hodgsoniae","","","",35,0.0857142857142857,0.277142857142857,0.314285714285714,8.82857142857143,1.49784221269052
"Mrs. Hume's Pheasant","Syrmaticus humiae","","","",1,NA,NA,NA,11,NA
"Cheer Pheasant","Catreus wallichii","","","X",67,0.104477611940299,0.255223880597015,0.417910447761194,14.7313432835821,1.38095715913323
"Kalij Pheasant","Lophura leucomelanos","X","X","X",315,0.117460317460317,0.412698412698413,0.59047619047619,12.568253968254,0.665504372035759
"Indian Peafowl","Pavo cristatus","X","X","X",2976,0.0561155913978495,0.437298387096774,0.657594086021505,11.091061827957,0.245955222702901
"Green Peafowl","Pavo muticus","","","",NA,NA,NA,NA,NA,NA
"Red Spurfowl","Galloperdix spadicea","X","X","X",506,0.106719367588933,0.423517786561265,0.592885375494071,17.50395256917,0.54878548226411
"Painted Spurfowl","Galloperdix lunulata","X","X","X",338,0.0355029585798817,0.250887573964497,0.408284023668639,14.1360946745562,0.739385263470727
"Gray Peacock-Pheasant","Polyplectron bicalcaratum","","","X",57,0.087719298245614,0.242105263157895,0.403508771929825,10.8771929824561,1.61610115667293
"Mountain Bamboo-Partridge","Bambusicola fytchii","","","",45,0.0222222222222222,0.233333333333333,0.422222222222222,8.68888888888889,1.4106585069109
"Red Junglefowl","Gallus gallus","X","X","X",702,0.0698005698005698,0.312393162393162,0.5997150997151,11.2307692307692,0.459448451127663
"Gray Junglefowl","Gallus sonneratii","X","X","X",508,0.173228346456693,0.53996062992126,0.740157480314961,17.7283464566929,0.553510502741537
"Gray Francolin","Ortygornis pondicerianus","X","X","X",3119,0.0545046489259378,0.405482526450786,0.630009618467458,10.2657903174094,0.228854914729334
"Swamp Francolin","Ortygornis gularis","","X","X",70,0.142857142857143,0.304285714285714,0.671428571428571,14.1,1.16972723192266
"Chinese Francolin","Francolinus pintadeanus","","","",2,NA,0.5,0.5,4.5,2.94
"Black Francolin","Francolinus francolinus","X","X","X",580,0.0706896551724138,0.328620689655172,0.524137931034483,11.0827586206897,0.508640520885377
"Painted Francolin","Francolinus pictus","","X","X",666,0.0405405405405405,0.277627627627628,0.486486486486487,12.3843843843844,0.45953474526035
"Tibetan Snowcock","Tetraogallus tibetanus","","","",33,0.121212121212121,0.209090909090909,0.242424242424242,9.18181818181818,1.52932185767176
"Himalayan Snowcock","Tetraogallus himalayensis","","","X",86,0.127906976744186,0.208139534883721,0.22093023255814,8.23255813953488,0.891798847119748
"Blue-breasted Quail","Synoicus chinensis","","","",12,0.25,0.25,0.5,17.5,3.05648044771641
"Common Quail","Coturnix coturnix","","","",145,0.0896551724137931,0.184137931034483,0.317241379310345,15.3241379310345,0.965222901495099
"Japanese Quail","Coturnix japonica","","","",NA,NA,NA,NA,NA,NA
"Rain Quail","Coturnix coromandelica","X","X","X",511,0.0626223091976517,0.223287671232877,0.365949119373777,14.6751467710372,0.557199995366469
"Chukar","Alectoris chukar","X","X","X",229,0.091703056768559,0.345414847161572,0.537117903930131,9.60698689956332,0.761467449065561
"Jungle Bush-Quail","Perdicula asiatica","X","X","X",800,0.065,0.288875,0.43,15.15,0.44624629375869
"Rock Bush-Quail","Perdicula argoondah","","X","X",431,0.0348027842227378,0.245243619489559,0.480278422273782,12.8863109048724,0.563440155146613
"Painted Bush-Quail","Perdicula erythrorhyncha","","","X",73,0.136986301369863,0.304109589041096,0.356164383561644,22.6986301369863,0.669560168474255
"Manipur Bush-Quail","Perdicula manipurensis","","","X",NA,NA,NA,NA,NA,NA
"Himalayan Quail","Ophrysia superciliosa","","","X",NA,NA,NA,NA,NA,NA
"Greater Flamingo","Phoenicopterus roseus","X","X","X",576,0.123263888888889,0.313194444444444,0.376736111111111,12.5763888888889,0.532697075061288
"Lesser Flamingo","Phoeniconaias minor","X","X","X",174,0.0977011494252874,0.322413793103448,0.448275862068966,13.6206896551724,0.960630874996199
"Little Grebe","Tachybaptus ruficollis","X","X","X",2984,0.0733914209115281,0.378552278820375,0.542225201072386,11.3810321715818,0.238059306651355
"Horned Grebe","Podiceps auritus","","","",NA,NA,NA,NA,NA,NA
"Red-necked Grebe","Podiceps grisegena","","","",2,NA,NA,NA,15,15.68
"Great Crested Grebe","Podiceps cristatus","X","X","X",464,0.0905172413793103,0.272413793103448,0.385775862068966,13.0258620689655,0.555968186659864
"Eared Grebe","Podiceps nigricollis","","","",42,0.166666666666667,0.169047619047619,0.238095238095238,14.4761904761905,1.89311346484724
"Rock Pigeon","Columba livia","X","X","X",4391,0.065360965611478,0.465520382600774,0.682076975631974,9.79002505124117,0.194786016479966
"Hill Pigeon","Columba rupestris","","X","X",126,0.214285714285714,0.435714285714286,0.658730158730159,6.73809523809524,0.713704078110186
"Snow Pigeon","Columba leuconota","X","X","X",195,0.112820512820513,0.293846153846154,0.466666666666667,9.87179487179487,0.777561653346631
"Yellow-eyed Pigeon","Columba eversmanni","","","X",23,NA,0.273913043478261,0.478260869565217,11.6521739130435,2.46327713622952
"Common Wood-Pigeon","Columba palumbus","","","X",61,0.0819672131147541,0.204918032786885,0.229508196721311,16.1967213114754,1.43856426081398
"Speckled Wood-Pigeon","Columba hodgsonii","","X","X",116,0.112068965517241,0.258620689655172,0.362068965517241,12.1293103448276,1.14254655932772
"Ashy Wood-Pigeon","Columba pulchricollis","","","X",44,0.0681818181818182,0.259090909090909,0.227272727272727,14.2954545454545,1.9166105956306
"Nilgiri Wood-Pigeon","Columba elphinstonii","X","X","X",173,0.15028901734104,0.383815028901734,0.554913294797688,20.7109826589595,0.70917454626673
"Pale-capped Pigeon","Columba punicea","","","X",38,0.131578947368421,0.218421052631579,0.289473684210526,13.5526315789474,1.9244042548717
"Andaman Wood-Pigeon","Columba palumboides","X","X","X",29,0.0689655172413793,0.337931034482759,0.482758620689655,7.31034482758621,1.6596508378831
"European Turtle-Dove","Streptopelia turtur","","","",1,1,NA,NA,15,NA
"Oriental Turtle-Dove","Streptopelia orientalis","X","X","X",1435,0.0989547038327526,0.337282229965157,0.498257839721254,12.8578397212544,0.349313111239542
"Eurasian Collared-Dove","Streptopelia decaocto","X","X","X",3622,0.0726118166758697,0.402181115405853,0.63776918829376,10.0057979017118,0.21143941188244
"Red Collared-Dove","Streptopelia tranquebarica","X","X","X",2170,0.0474654377880184,0.296589861751152,0.506451612903226,11.6760368663594,0.269012932968271
"Spotted Dove","Spilopelia chinensis","X","X","X",3704,0.0955723542116631,0.473623110151188,0.694654427645788,10.2786177105832,0.21640259721171
"Laughing Dove","Spilopelia senegalensis","X","X","X",3459,0.066493206128939,0.429430471234461,0.646429603931772,9.71639202081526,0.216193554040436
"Barred Cuckoo-Dove","Macropygia unchall","","X","X",135,0.103703703703704,0.317037037037037,0.518518518518518,11.4666666666667,1.03881216342994
"Andaman Cuckoo-Dove","Macropygia rufipennis","","","X",32,0.0625,0.4,0.53125,7,1.65349385710497
"Namaqua Dove","Oena capensis","","","",4,NA,0.6,1,17.5,5.33777731520028
"Asian Emerald Dove","Chalcophaps indica","X","X","X",884,0.111990950226244,0.382239819004525,0.557692307692308,14.0927601809955,0.476178711196798
"Nicobar Pigeon","Caloenas nicobarica","","","X",24,0.125,0.25462962962963,0.25,5.70833333333333,1.94029801859564
"Orange-breasted Green-Pigeon","Treron bicinctus","","X","X",187,0.0481283422459893,0.252941176470588,0.315508021390374,16.524064171123,0.970096522757201
"Gray-fronted Green-Pigeon","Treron affinis","X","X","X",276,0.166666666666667,0.58695652173913,0.688405797101449,19.4492753623188,0.694306906536568
"Andaman Green-Pigeon","Treron chloropterus","","","X",40,0.1,0.4275,0.6,6.175,1.4533842998591
"Ashy-headed Green-Pigeon","Treron phayrei","","X","X",122,0.0163934426229508,0.220491803278689,0.327868852459016,13.0573770491803,1.12305748422658
"Thick-billed Green-Pigeon","Treron curvirostra","","X","X",121,0.0826446280991736,0.256198347107438,0.380165289256198,13.0082644628099,1.13801698666193
"Yellow-footed Green-Pigeon","Treron phoenicopterus","X","X","X",2413,0.0443431413178616,0.349772067965189,0.55781185246581,11.4388727724824,0.263520025268179
"Pin-tailed Green-Pigeon","Treron apicauda","X","X","X",155,0.0903225806451613,0.287096774193548,0.483870967741935,12.7096774193548,1.04056873034197
"Wedge-tailed Green-Pigeon","Treron sphenurus","X","X","X",265,0.0641509433962264,0.330943396226415,0.505660377358491,12.6075471698113,0.738170547113896
"Green Imperial-Pigeon","Ducula aenea","X","X","X",356,0.0955056179775281,0.401123595505618,0.530898876404494,15.9606741573034,0.768782614292003
"Nicobar Imperial-Pigeon","Ducula nicobarica","","","X",14,0.142857142857143,0.392857142857143,0.357142857142857,4.21428571428571,1.72122496630028
"Malabar Imperial-Pigeon","Ducula cuprea","X","X","X",154,0.188311688311688,0.495454545454545,0.558441558441558,21.2727272727273,0.71693647150598
"Mountain Imperial-Pigeon","Ducula badia","X","X","X",131,0.129770992366412,0.270229007633588,0.404580152671756,10.6793893129771,1.1114800077356
"Pied Imperial-Pigeon","Ducula bicolor","","","",34,0.205882352941176,0.291176470588235,0.382352941176471,5.38235294117647,1.51688893443963
"Tibetan Sandgrouse","Syrrhaptes tibetanus","","","",32,0.1875,0.24375,0.375,7.5,1.65817135968045
"Pallas's Sandgrouse","Syrrhaptes paradoxus","","","",NA,NA,NA,NA,NA,NA
"Pin-tailed Sandgrouse","Pterocles alchata","","","",NA,NA,NA,NA,NA,NA
"Chestnut-bellied Sandgrouse","Pterocles exustus","X","X","X",713,0.0715287517531557,0.273492286115007,0.391304347826087,12.5035063113604,0.476038928506683
"Spotted Sandgrouse","Pterocles senegallus","","","",17,0.235294117647059,0.147058823529412,0.235294117647059,17.9411764705882,2.6008344415567
"Black-bellied Sandgrouse","Pterocles orientalis","","","",8,0.375,0.28125,NA,14.625,4.20597491671075
"Painted Sandgrouse","Pterocles indicus","X","X","X",293,0.0614334470989761,0.216723549488055,0.385665529010239,14.3890784982935,0.697908629780672
"Great Indian Bustard","Ardeotis nigriceps","","","",NA,NA,NA,NA,NA,NA
"Asian Houbara","Chlamydotis macqueenii","","","X",34,0.117647058823529,0.247058823529412,0.205882352941176,14.7058823529412,2.11547164951097
"Bengal Florican","Houbaropsis bengalensis","","","X",23,0.217391304347826,0.291304347826087,0.347826086956522,14.695652173913,2.50552832299898
"Lesser Florican","Sypheotides indicus","","","",NA,NA,NA,NA,NA,NA
"Little Bustard","Tetrax tetrax","","","",NA,NA,NA,NA,NA,NA
"Andaman Coucal","Centropus andamanensis","","X","X",25,0.16,0.624,0.76,7.52,1.93077410382468
"Greater Coucal","Centropus sinensis","X","X","X",3912,0.0794989775051125,0.458767893660532,0.695552147239264,10.1786809815951,0.207998665543477
"Lesser Coucal","Centropus bengalensis","X","X","X",345,0.0492753623188406,0.283188405797101,0.469565217391304,14.8521739130435,0.714184501249093
"Sirkeer Malkoha","Taccocua leschenaultii","X","X","X",792,0.0568181818181818,0.233585858585859,0.368686868686869,14.9217171717172,0.439300321281544
"Blue-faced Malkoha","Phaenicophaeus viridirostris","X","X","X",779,0.0744544287548139,0.415404364569961,0.578947368421053,15.5353016688062,0.489656456751467
"Green-billed Malkoha","Phaenicophaeus tristis","X","X","X",365,0.0575342465753425,0.303561643835616,0.517808219178082,11.0465753424658,0.621488435264732
"Chestnut-winged Cuckoo","Clamator coromandus","","X","X",159,0.0566037735849057,0.210062893081761,0.308176100628931,18.3710691823899,0.975355188071981
"Pied Cuckoo","Clamator jacobinus","X","X","X",1994,0.0496489468405216,0.339518555667001,0.513039117352056,13.5180541624875,0.291818378807579
"Asian Koel","Eudynamys scolopaceus","X","X","X",3826,0.0687401986408782,0.449085206481966,0.688447464715107,10.5567171981181,0.209100987133468
"Asian Emerald Cuckoo","Chrysococcyx maculatus","","","X",57,0.0175438596491228,0.273684210526316,0.508771929824561,14.7368421052632,1.74945310013858
"Violet Cuckoo","Chrysococcyx xanthorhynchus","","","",38,0.0526315789473684,0.310526315789474,0.526315789473684,12.6842105263158,2.23865929031928
"Horsfield's Bronze-Cuckoo","Chalcites basalis","","","",NA,NA,NA,NA,NA,NA
"Banded Bay Cuckoo","Cacomantis sonneratii","X","X","X",537,0.068901303538175,0.300744878957169,0.435754189944134,16.9217877094972,0.567248774002004
"Plaintive Cuckoo","Cacomantis merulinus","","X","X",395,0.0329113924050633,0.251898734177215,0.422784810126582,12.3620253164557,0.576479743221309
"Gray-bellied Cuckoo","Cacomantis passerinus","X","X","X",1580,0.0424050632911392,0.306392405063291,0.549367088607595,14.3101265822785,0.327686741528867
"Fork-tailed Drongo-Cuckoo","Surniculus dicruroides","","X","X",331,0.0302114803625378,0.335649546827795,0.549848942598187,18.8308157099698,0.630761087928297
"Square-tailed Drongo-Cuckoo","Surniculus lugubris","","X","X",206,0.058252427184466,0.26747572815534,0.548543689320388,12.7669902912621,0.874294900850037
"Large Hawk-Cuckoo","Hierococcyx sparverioides","X","X","X",294,0.0918367346938776,0.286394557823129,0.54421768707483,13.1734693877551,0.849821503040913
"Common Hawk-Cuckoo","Hierococcyx varius","X","X","X",2841,0.0725096796902499,0.384406898979233,0.6290038718761,11.6082365364308,0.248279448433923
"Hodgson's Hawk-Cuckoo","Hierococcyx nisicolor","","","",36,NA,0.330246913580247,0.472222222222222,13.7777777777778,2.14864964771877
"Lesser Cuckoo","Cuculus poliocephalus","","X","X",185,0.0810810810810811,0.212972972972973,0.491891891891892,14.6432432432432,1.00694822731498
"Indian Cuckoo","Cuculus micropterus","X","X","X",976,0.0614754098360656,0.286372950819672,0.512295081967213,14.0727459016393,0.42887374315983
"Himalayan Cuckoo","Cuculus saturatus","X","X","X",185,0.113513513513514,0.324864864864865,0.52972972972973,13.6108108108108,0.844537798663783
"Common Cuckoo","Cuculus canorus","X","X","X",1145,0.0550218340611354,0.255982532751092,0.43056768558952,15.0698689956332,0.374017798101741
"Sri Lanka Frogmouth","Batrachostomus moniliger","","","",102,0.0490196078431373,0.368627450980392,0.431372549019608,21.3725490196078,0.737816553721907
"Hodgson's Frogmouth","Batrachostomus hodgsoni","","","",26,NA,0.238461538461538,0.384615384615385,13.9230769230769,2.23850423432715
"Great Eared-Nightjar","Lyncornis macrotis","","","",27,0.185185185185185,0.311111111111111,0.333333333333333,23.3703703703704,1.02047573667074
"Jungle Nightjar","Caprimulgus indicus","","","",620,0.0580645161290323,0.256935483870968,0.433870967741936,16.0112903225806,0.517101254907161
"Gray Nightjar","Caprimulgus jotaka","","","",84,0.0476190476190476,0.275,0.452380952380952,15.6309523809524,1.2299651718494
"Eurasian Nightjar","Caprimulgus europaeus","","","",14,NA,0.303571428571429,0.357142857142857,19.9285714285714,2.56183227698158
"Sykes's Nightjar","Caprimulgus mahrattensis","","","",42,0.0476190476190476,0.25,0.333333333333333,16.3333333333333,1.65200707361491
"Large-tailed Nightjar","Caprimulgus macrurus","","","",335,0.0597014925373134,0.254328358208955,0.459701492537313,13.6,0.650282889691292
"Andaman Nightjar","Caprimulgus andamanicus","","","",14,0.0714285714285714,0.392857142857143,0.642857142857143,9.35714285714286,2.56300904887505
"Jerdon's Nightjar","Caprimulgus atripennis","","","",395,0.0354430379746835,0.32126582278481,0.564556962025316,17.8278481012658,0.636416048601995
"Indian Nightjar","Caprimulgus asiaticus","","","",1286,0.0474339035769829,0.268662519440124,0.479782270606532,14.2052877138414,0.359103938495311
"Savanna Nightjar","Caprimulgus affinis","","","",813,0.025830258302583,0.216359163591636,0.425584255842558,14.2447724477245,0.445201845983246
"White-rumped Spinetail","Zoonavena sylvatica","X","X","X",173,0.15606936416185,0.36242774566474,0.364161849710983,20.2485549132948,0.839763614089517
"White-throated Needletail","Hirundapus caudacutus","","","",72,0.125,0.208333333333333,0.333333333333333,15.875,1.4042105111501
"Silver-backed Needletail","Hirundapus cochinchinensis","","","",14,0.0714285714285714,0.228571428571429,0.428571428571429,12.9285714285714,2.37365670513791
"Brown-backed Needletail","Hirundapus giganteus","X","X","X",211,0.123222748815166,0.432701421800948,0.559241706161137,19.2938388625592,0.912201194895131
"Plume-toed Swiftlet","Collocalia affinis","","","",40,0.075,0.5475,0.675,6.175,1.45168894563257
"Indian Swiftlet","Aerodramus unicolor","X","X","X",201,0.203980099502488,0.579601990049751,0.651741293532338,20.8905472636816,0.737885063993144
"Himalayan Swiftlet","Aerodramus brevirostris","X","X","X",305,0.137704918032787,0.294754098360656,0.481967213114754,12.1606557377049,0.700136040190287
"White-nest Swiftlet","Aerodramus fuciphagus","","","",34,0.117647058823529,0.417647058823529,0.617647058823529,6.73529411764706,1.61801223555996
"Alpine Swift","Tachymarptis melba","X","X","X",802,0.0860349127182045,0.295261845386534,0.467581047381546,17.1221945137157,0.43524288199339
"Common Swift","Apus apus","","","",119,0.168067226890756,0.202521008403361,0.336134453781513,8.72268907563025,1.02520736618822
"Pacific Swift","Apus pacificus","","","",7,NA,0.309523809523809,0.571428571428571,9.71428571428571,3.81869087515604
"Blyth's Swift","Apus leuconyx","","","X",130,0.0692307692307692,0.209230769230769,0.415384615384615,18.8538461538462,1.09980496379877
"Dark-rumped Swift","Apus acuticauda","","","X",26,0.0769230769230769,0.219230769230769,0.230769230769231,12,2.1249370669414
"Little Swift","Apus affinis","X","X","X",3074,0.0810019518542616,0.365875081327261,0.605400130123617,11.6249186727391,0.233915560286129
"House Swift","Apus nipalensis","","","",NA,NA,NA,NA,NA,NA
"Asian Palm Swift","Cypsiurus balasiensis","X","X","X",2097,0.0734382451120649,0.438006676204101,0.659036719122556,12.1115879828326,0.297374703943983
"Crested Treeswift","Hemiprocne coronata","X","X","X",818,0.114914425427873,0.312958435207824,0.447432762836186,14.7163814180929,0.493548002524246
"Water Rail","Rallus aquaticus","","","",45,0.0888888888888889,0.222222222222222,0.266666666666667,15.6666666666667,1.88429554395527
"Brown-cheeked Rail","Rallus indicus","","","",7,0.142857142857143,0.214285714285714,0.285714285714286,18.7142857142857,3.81869087515604
"Corn Crake","Crex crex","","","",1,1,NA,NA,15,NA
"Slaty-breasted Rail","Lewinia striata","","X","X",249,0.036144578313253,0.246586345381526,0.305220883534137,17.5220883534137,0.849497211701982
"Spotted Crake","Porzana porzana","","","",34,0.117647058823529,0.170588235294118,0.235294117647059,15.8529411764706,1.94268592530623
"Eurasian Moorhen","Gallinula chloropus","X","X","X",2634,0.0565679574791192,0.353075170842825,0.562262718299165,11.828397873956,0.251957482174016
"Eurasian Coot","Fulica atra","X","X","X",2515,0.0679920477137177,0.368230616302187,0.510934393638171,11.8695825049702,0.259119306584942
"Gray-headed Swamphen","Porphyrio poliocephalus","X","X","X",2222,0.0513051305130513,0.367011701170117,0.568856885688569,12.3636363636364,0.279042884222944
"White-browed Crake","Poliolimnas cinereus","","","",NA,NA,NA,NA,NA,NA
"Watercock","Gallicrex cinerea","X","X","X",467,0.0364025695931477,0.299143468950749,0.464668094218415,16.830835117773,0.581504339982822
"White-breasted Waterhen","Amaurornis phoenicurus","X","X","X",3419,0.0620064346300088,0.415384615384615,0.629131324948815,11.0099444281954,0.223284407910838
"Andaman Crake","Rallina canningi","X","X","X",20,0.1,0.415,0.55,8.2,2.2644039066897
"Red-legged Crake","Rallina fasciata","","","",1,NA,1,1,7,NA
"Slaty-legged Crake","Rallina eurizonoides","","","",83,0.036144578313253,0.191566265060241,0.337349397590361,20.5060240963855,1.16408125335019
"Ruddy-breasted Crake","Zapornia fusca","X","X","X",586,0.0324232081911263,0.260921501706485,0.389078498293515,16.2866894197952,0.532229910721311
"Band-bellied Crake","Zapornia paykullii","","","",NA,NA,NA,NA,NA,NA
"Brown Crake","Zapornia akool","X","X","X",552,0.036231884057971,0.223007246376812,0.423913043478261,14.0960144927536,0.515872154093962
"Little Crake","Zapornia parva","","","",NA,NA,NA,NA,NA,NA
"Baillon's Crake","Zapornia pusilla","","X","X",348,0.0402298850574713,0.23764367816092,0.275862068965517,17.014367816092,0.685961001662161
"Black-tailed Crake","Zapornia bicolor","","","X",43,0.0232558139534884,0.304651162790698,0.325581395348837,13.6744186046512,1.93457093476578
"Masked Finfoot","Heliopais personatus","","","",NA,NA,NA,NA,NA,NA
"Demoiselle Crane","Anthropoides virgo","X","X","X",290,0.096551724137931,0.282758620689655,0.382758620689655,12.2275862068966,0.707779456442602
"Siberian Crane","Leucogeranus leucogeranus","","","",1,1,NA,NA,21,NA
"Sarus Crane","Antigone antigone","X","X","X",560,0.0982142857142857,0.274464285714286,0.391071428571429,10.1339285714286,0.537327438289891
"Common Crane","Grus grus","X","X","X",364,0.104395604395604,0.315384615384615,0.445054945054945,12.1758241758242,0.62924626587918
"Black-necked Crane","Grus nigricollis","","","X",28,0.357142857142857,0.4,0.5,8.75,1.7245106659679
"Great Thick-knee","Esacus recurvirostris","X","X","X",594,0.0589225589225589,0.247979797979798,0.356902356902357,13.2205387205387,0.525370101828338
"Beach Thick-knee","Esacus magnirostris","","","",21,0.0476190476190476,0.275132275132275,0.380952380952381,6.47619047619048,2.19184346561924
"Indian Thick-knee","Burhinus indicus","X","X","X",1436,0.0278551532033426,0.26357938718663,0.493036211699164,13.4025069637883,0.343417270408845
"Black-winged Stilt","Himantopus himantopus","X","X","X",2990,0.0809364548494983,0.39257525083612,0.60133779264214,10.8809364548495,0.24001504157259
"Pied Avocet","Recurvirostra avosetta","X","X","X",474,0.118143459915612,0.279746835443038,0.386075949367089,12.3586497890295,0.587954095334051
"Ibisbill","Ibidorhyncha struthersii","","","X",63,0.19047619047619,0.29047619047619,0.476190476190476,12.4603174603175,1.47017588221666
"Eurasian Oystercatcher","Haematopus ostralegus","","X","X",72,0.222222222222222,0.265277777777778,0.305555555555556,13.4583333333333,1.6862774769487
"Black-bellied Plover","Pluvialis squatarola","X","X","X",196,0.142857142857143,0.35,0.489795918367347,13.5510204081633,1.02155437120759
"European Golden-Plover","Pluvialis apricaria","","","",NA,NA,NA,NA,NA,NA
"American Golden-Plover","Pluvialis dominica","","","",NA,NA,NA,NA,NA,NA
"Pacific Golden-Plover","Pluvialis fulva","X","X","X",504,0.132936507936508,0.349206349206349,0.482142857142857,14.3730158730159,0.629325480838442
"Common Ringed Plover","Charadrius hiaticula","","","",41,0.0487804878048781,0.197560975609756,0.195121951219512,17.7560975609756,2.08033625388032
"Little Ringed Plover","Thinornis dubius","X","X","X",2547,0.0714566156262269,0.344562230074598,0.527679623085983,12.0208087946604,0.25493145642209
"Long-billed Plover","Thinornis placidus","X","X","X",20,0.1,0.355,0.7,13,2.54760320797081
"Northern Lapwing","Vanellus vanellus","X","X","X",154,0.149350649350649,0.255844155844156,0.396103896103896,15.3246753246753,0.89979407908513
"Spur-winged Lapwing","Vanellus spinosus","","","",NA,NA,NA,NA,NA,NA
"River Lapwing","Vanellus duvaucelii","X","X","X",783,0.0676883780332056,0.282247765006386,0.466155810983397,11.0153256704981,0.444555331347795
"Yellow-wattled Lapwing","Vanellus malabaricus","X","X","X",2132,0.0440900562851782,0.316604127579737,0.50422138836773,12.5525328330206,0.282852609784811
"Gray-headed Lapwing","Vanellus cinereus","X","X","X",503,0.0437375745526839,0.297017892644135,0.493041749502982,13.3836978131213,0.576759063531167
"Red-wattled Lapwing","Vanellus indicus","X","X","X",4161,0.0881999519346311,0.475294400384523,0.702235039653929,9.9069935111752,0.20240905302898
"Sociable Lapwing","Vanellus gregarius","","","X",3,0.333333333333333,NA,NA,18.3333333333333,2.84781397644657
"White-tailed Lapwing","Vanellus leucurus","X","X","X",321,0.0996884735202492,0.261370716510903,0.333333333333333,12.0996884735202,0.717903280732175
"Caspian Plover","Anarhynchus asiaticus","","","",4,NA,0.25,NA,18.75,5.0843649226493
"Oriental Plover","Anarhynchus veredus","","","",NA,NA,NA,NA,NA,NA
"Tibetan Sand-Plover","Anarhynchus atrifrons","X","X","X",488,0.161885245901639,0.39405737704918,0.526639344262295,13.3668032786885,0.657515142957706
"Greater Sand-Plover","Anarhynchus leschenaultii","","","",NA,NA,NA,NA,NA,NA
"Kentish Plover","Anarhynchus alexandrinus","X","X","X",1150,0.0956521739130435,0.307826086956522,0.411304347826087,13.2782608695652,0.386912371623708
"Greater Painted-Snipe","Rostratula benghalensis","X","X","X",1234,0.03322528363047,0.262317666126418,0.409238249594814,14.5964343598055,0.361983005518593
"Pheasant-tailed Jacana","Hydrophasianus chirurgus","X","X","X",1702,0.0646298472385429,0.329964747356052,0.492949471210341,13.1645123384254,0.315753365861483
"Bronze-winged Jacana","Metopidius indicus","X","X","X",1787,0.0570789031897034,0.372803581421377,0.551203133743705,12.105763850028,0.317203558850649
"Whimbrel","Numenius phaeopus","X","X","X",290,0.124137931034483,0.416551724137931,0.555172413793103,12.1689655172414,0.854151580144586
"Eurasian Curlew","Numenius arquata","X","X","X",505,0.138613861386139,0.324158415841584,0.435643564356436,13.2653465346535,0.597518673456973
"Bar-tailed Godwit","Limosa lapponica","","X","X",138,0.152173913043478,0.292028985507246,0.333333333333333,13.2391304347826,1.21750885394607
"Black-tailed Godwit","Limosa limosa","X","X","X",994,0.100603621730382,0.310160965794769,0.407444668008048,13.102615694165,0.41386779761599
"Asian Dowitcher","Limnodromus semipalmatus","","","",2,NA,NA,NA,9.5,4.9
"Long-billed Dowitcher","Limnodromus scolopaceus","","","",3,0.333333333333333,NA,NA,19.6666666666667,1.72855752322887
"Jack Snipe","Lymnocryptes minimus","","","",62,0.17741935483871,0.141935483870968,0.193548387096774,17.9838709677419,1.57139854905626
"Eurasian Woodcock","Scolopax rusticola","","","",48,0.208333333333333,0.220833333333333,0.458333333333333,16.125,1.7955210725541
"Solitary Snipe","Gallinago solitaria","","","",27,0.259259259259259,0.17037037037037,0.296296296296296,11.8888888888889,2.08535507599365
"Wood Snipe","Gallinago nemoricola","","","",2,NA,NA,NA,19.5,10.78
"Great Snipe","Gallinago media","","","",NA,NA,NA,NA,NA,NA
"Swinhoe's Snipe","Gallinago megala","","","",NA,NA,NA,NA,NA,NA
"Pin-tailed Snipe","Gallinago stenura","X","X","X",355,0.109859154929577,0.293521126760563,0.408450704225352,18.0845070422535,0.67979778735246
"Common Snipe","Gallinago gallinago","X","X","X",1500,0.0673333333333333,0.303933333333333,0.450666666666667,14.0053333333333,0.330404775769567
"Red Phalarope","Phalaropus fulicarius","","","",NA,NA,NA,NA,NA,NA
"Red-necked Phalarope","Phalaropus lobatus","","","",35,0.114285714285714,0.123809523809524,0.114285714285714,14.5714285714286,2.17439213953477
"Terek Sandpiper","Xenus cinereus","X","X","X",214,0.149532710280374,0.342523364485981,0.439252336448598,13.0514018691589,0.974520943034266
"Common Sandpiper","Actitis hypoleucos","X","X","X",3187,0.0960150611860684,0.392689049262629,0.572638845309068,11.4135550674616,0.229939349675803
"Green Sandpiper","Tringa ochropus","X","X","X",2691,0.0839836492010405,0.345596432552954,0.538089929394277,12.2344853214418,0.249174212884505
"Gray-tailed Tattler","Tringa brevipes","","","",NA,NA,NA,NA,NA,NA
"Marsh Sandpiper","Tringa stagnatilis","X","X","X",1337,0.0845175766641735,0.310695587135378,0.415856394913987,13.5205684367988,0.361191242468432
"Wood Sandpiper","Tringa glareola","X","X","X",2547,0.0702787593246957,0.361209265802905,0.541421279937181,12.195131527287,0.257856763557197
"Common Redshank","Tringa totanus","X","X","X",1221,0.112203112203112,0.331695331695332,0.457821457821458,12.01638001638,0.373079393298917
"Nordmann's Greenshank","Tringa guttifer","","","",NA,NA,NA,NA,NA,NA
"Spotted Redshank","Tringa erythropus","X","X","X",826,0.0593220338983051,0.264406779661017,0.365617433414044,13.0532687651332,0.446218227793703
"Common Greenshank","Tringa nebularia","X","X","X",1904,0.095063025210084,0.320010504201681,0.460084033613445,12.8345588235294,0.300964827235369
"Ruddy Turnstone","Arenaria interpres","","X","X",176,0.193181818181818,0.363068181818182,0.5,12.2159090909091,1.13100724873637
"Great Knot","Calidris tenuirostris","","X","X",65,0.107692307692308,0.275384615384615,0.323076923076923,12.4769230769231,1.8274123296304
"Red Knot","Calidris canutus","","","",7,NA,0.317460317460317,0.571428571428571,11.1428571428571,4.71310230456897
"Ruff","Calidris pugnax","X","X","X",933,0.082529474812433,0.30075026795284,0.394426580921758,12.6741693461951,0.429024692715603
"Broad-billed Sandpiper","Calidris falcinellus","","X","X",90,0.111111111111111,0.317777777777778,0.366666666666667,14.3444444444444,1.53084374705218
"Sharp-tailed Sandpiper","Calidris acuminata","","","",NA,NA,NA,NA,NA,NA
"Curlew Sandpiper","Calidris ferruginea","X","X","X",262,0.156488549618321,0.313358778625954,0.377862595419847,14,0.853272350194363
"Temminck's Stint","Calidris temminckii","X","X","X",1457,0.0658888126286891,0.297735072065889,0.452985586822237,13.0185312285518,0.339601263893025
"Long-toed Stint","Calidris subminuta","","","",34,0.117647058823529,0.282352941176471,0.352941176470588,16.6764705882353,2.64250145216881
"Red-necked Stint","Calidris ruficollis","","","",NA,NA,NA,NA,NA,NA
"Spoon-billed Sandpiper","Calidris pygmaea","","","",NA,NA,NA,NA,NA,NA
"Buff-breasted Sandpiper","Calidris subruficollis","","","",1,NA,NA,NA,23,NA
"Sanderling","Calidris alba","","X","X",145,0.117241379310345,0.343448275862069,0.427586206896552,13.4827586206897,1.1695213271934
"Dunlin","Calidris alpina","X","X","X",227,0.127753303964758,0.272687224669604,0.330396475770925,14.0528634361233,0.903005121546769
"Little Stint","Calidris minuta","X","X","X",1494,0.0843373493975904,0.310307898259706,0.418340026773762,12.8507362784471,0.338642451874448
"Pectoral Sandpiper","Calidris melanotos","","","",NA,NA,NA,NA,NA,NA
"Yellow-legged Buttonquail","Turnix tanki","","X","X",40,0.075,0.0875,0.05,18.525,1.77816499335403
"Barred Buttonquail","Turnix suscitator","X","X","X",1379,0.0210297316896302,0.270123277737491,0.485134155184917,14.1943437273387,0.33985113410129
"Small Buttonquail","Turnix sylvaticus","","","",15,0.2,0.214814814814815,0.4,15.1333333333333,2.77757240129658
"Crab-Plover","Dromas ardeola","","","X",43,0.232558139534884,0.227906976744186,0.27906976744186,12.7209302325581,2.15964302079881
"Jerdon's Courser","Rhinoptilus bitorquatus","","","X",NA,NA,NA,NA,NA,NA
"Cream-colored Courser","Cursorius cursor","","","",49,0.102040816326531,0.251020408163265,0.326530612244898,12.4285714285714,1.97989898732233
"Indian Courser","Cursorius coromandelicus","X","X","X",505,0.0653465346534653,0.224950495049505,0.299009900990099,13.4891089108911,0.557691422694085
"Small Pratincole","Glareola lactea","X","X","X",1194,0.059463986599665,0.270100502512563,0.436348408710218,13.6758793969849,0.371984110804319
"Oriental Pratincole","Glareola maldivarum","","X","X",251,0.0358565737051793,0.244621513944223,0.386454183266932,15.3147410358566,0.827096479301682
"Collared Pratincole","Glareola pratincola","","","",79,0.0253164556962025,0.258227848101266,0.443037974683544,15.8227848101266,1.38334462334167
"Long-tailed Jaeger","Stercorarius longicaudus","","","",1,NA,NA,NA,25,NA
"Parasitic Jaeger","Stercorarius parasiticus","","","",13,0.0769230769230769,0.134615384615385,0.153846153846154,13.3846153846154,4.47465534247332
"Pomarine Jaeger","Stercorarius pomarinus","","","",1,NA,NA,NA,14,NA
"Brown Skua","Stercorarius antarcticus","","","",NA,NA,NA,NA,NA,NA
"South Polar Skua","Stercorarius maccormicki","","","",NA,NA,NA,NA,NA,NA
"Little Gull","Hydrocoloeus minutus","","","",1,NA,NA,NA,25,NA
"Black-legged Kittiwake","Rissa tridactyla","","","",3,NA,NA,NA,8,5.98789890807563
"Sabine's Gull","Xema sabini","","","",NA,NA,NA,NA,NA,NA
"Slender-billed Gull","Chroicocephalus genei","X","X","X",161,0.093167701863354,0.359627329192547,0.559006211180124,13.6521739130435,1.08956691765716
"Black-headed Gull","Chroicocephalus ridibundus","X","X","X",614,0.127035830618893,0.325244299674267,0.478827361563518,13.1091205211726,0.514367234280313
"Brown-headed Gull","Chroicocephalus brunnicephalus","X","X","X",859,0.132712456344587,0.316880093131548,0.423748544819558,13.732246798603,0.445542872032272
"Laughing Gull","Leucophaeus atricilla","","","",NA,NA,NA,NA,NA,NA
"Franklin's Gull","Leucophaeus pipixcan","","","",NA,NA,NA,NA,NA,NA
"Pallas's Gull","Ichthyaetus ichthyaetus","X","X","X",521,0.0882917466410749,0.315355086372361,0.422264875239923,12.9692898272553,0.561714026178003
"Sooty Gull","Ichthyaetus hemprichii","","","",NA,NA,NA,NA,NA,NA
"White-eyed Gull","Ichthyaetus leucophthalmus","","","",NA,NA,NA,NA,NA,NA
"Common Gull","Larus canus","","","",3,0.333333333333333,NA,NA,19,6.30051849718206
"Caspian Gull","Larus cachinnans","","","",4,NA,0.25,0.25,17.75,4.41
"Mongolian Gull","Larus mongolicus","","","",NA,NA,NA,NA,NA,NA
"Lesser Black-backed Gull","Larus fuscus","X","X","X",283,0.109540636042403,0.370318021201413,0.508833922261484,13.8586572438163,0.817524954011324
"Indian Skimmer","Rynchops albicollis","","","X",56,0.160714285714286,0.255357142857143,0.25,15.0357142857143,1.71710909273803
"White Tern","Gygis alba","","","",NA,NA,NA,NA,NA,NA
"Brown Noddy","Anous stolidus","","","",28,0.0714285714285714,0.134920634920635,0.392857142857143,11.2857142857143,3.23361052649156
"Lesser Noddy","Anous tenuirostris","","","",NA,NA,NA,NA,NA,NA
"Black Noddy","Anous minutus","","","",NA,NA,NA,NA,NA,NA
"Sooty Tern","Onychoprion fuscatus","","","",5,0.4,0.2,NA,5.4,6.21663059864425
"Bridled Tern","Onychoprion anaethetus","","","",33,NA,0.154882154882155,0.545454545454545,15.4545454545455,2.66628516554813
"Little Tern","Sternula albifrons","X","X","X",561,0.0837789661319073,0.281996434937611,0.45632798573975,14.0124777183601,0.539731861895362
"Saunders's Tern","Sternula saundersi","","","",12,0.0833333333333333,0.231481481481481,0.5,13.75,4.2963469331162
"Gull-billed Tern","Gelochelidon nilotica","X","X","X",507,0.179487179487179,0.363116370808678,0.506903353057199,14.8343195266272,0.601362227184311
"Caspian Tern","Hydroprogne caspia","X","X","X",351,0.133903133903134,0.34957264957265,0.541310541310541,14.4017094017094,0.720662381492522
"Whiskered Tern","Chlidonias hybrida","X","X","X",1285,0.103501945525292,0.353151750972763,0.488715953307393,13.9455252918288,0.372666726670966
"Black Tern","Chlidonias niger","","","",NA,NA,NA,NA,NA,NA
"White-winged Tern","Chlidonias leucopterus","","","",42,0.238095238095238,0.216666666666667,0.285714285714286,18.1666666666667,1.89861881048669
"River Tern","Sterna aurantia","X","X","X",2230,0.0753363228699552,0.363587443946188,0.560986547085202,11.9479820627803,0.279233994203184
"Arctic Tern","Sterna paradisaea","","","",NA,NA,NA,NA,NA,NA
"Common Tern","Sterna hirundo","X","X","X",211,0.14218009478673,0.336018957345972,0.497630331753554,14.4549763033175,1.00631190178482
"White-cheeked Tern","Sterna repressa","","","",NA,NA,NA,NA,NA,NA
"Black-naped Tern","Sterna sumatrana","","","",39,0.153846153846154,0.358974358974359,0.538461538461538,6.28205128205128,1.498184143746
"Roseate Tern","Sterna dougallii","","","",3,NA,NA,NA,12.3333333333333,7.53460756185159
"Black-bellied Tern","Sterna acuticauda","","X","X",168,0.142857142857143,0.191071428571429,0.273809523809524,14.4404761904762,0.964608001283968
"Sandwich Tern","Thalasseus sandvicensis","","X","X",75,0.08,0.285333333333333,0.373333333333333,15.1066666666667,1.70811035334934
"Lesser Crested Tern","Thalasseus bengalensis","X","X","X",210,0.1,0.376190476190476,0.576190476190476,12.5095238095238,1.02692665984462
"Great Crested Tern","Thalasseus bergii","","X","X",160,0.125,0.409375,0.65,12.79375,1.19357554884552
"White-tailed Tropicbird","Phaethon lepturus","","","",3,NA,0.5,NA,13.3333333333333,12.5160661196364
"Red-billed Tropicbird","Phaethon aethereus","","","",NA,NA,NA,NA,NA,NA
"Red-tailed Tropicbird","Phaethon rubricauda","","","",NA,NA,NA,NA,NA,NA
"Red-throated Loon","Gavia stellata","","","",NA,NA,NA,NA,NA,NA
"Arctic Loon","Gavia arctica","","","",NA,NA,NA,NA,NA,NA
"Light-mantled Albatross","Phoebetria palpebrata","","","",NA,NA,NA,NA,NA,NA
"Wilson's Storm-Petrel","Oceanites oceanicus","","","",7,NA,0.285714285714286,0.857142857142857,16.2857142857143,5.85996587020778
"White-faced Storm-Petrel","Pelagodroma marina","","","",NA,NA,NA,NA,NA,NA
"Black-bellied Storm-Petrel","Fregetta tropica","","","",NA,NA,NA,NA,NA,NA
"Swinhoe's Storm-Petrel","Hydrobates monorhis","","","",NA,NA,NA,NA,NA,NA
"Pintado Petrel","Daption capense","","","",NA,NA,NA,NA,NA,NA
"Barau's Petrel","Pterodroma baraui","","","",NA,NA,NA,NA,NA,NA
"Jouanin's Petrel","Bulweria fallax","","","",NA,NA,NA,NA,NA,NA
"Streaked Shearwater","Calonectris leucomelas","","","",NA,NA,NA,NA,NA,NA
"Cory's Shearwater","Calonectris borealis","","","",NA,NA,NA,NA,NA,NA
"Flesh-footed Shearwater","Ardenna carneipes","","","",4,NA,0.291666666666667,0.5,15.75,10.4750035799517
"Wedge-tailed Shearwater","Ardenna pacifica","","","",NA,NA,NA,NA,NA,NA
"Sooty Shearwater","Ardenna grisea","","","",NA,NA,NA,NA,NA,NA
"Short-tailed Shearwater","Ardenna tenuirostris","","","",NA,NA,NA,NA,NA,NA
"Tropical Shearwater","Puffinus bailloni","","","",NA,NA,NA,NA,NA,NA
"Persian Shearwater","Puffinus persicus","","","",NA,NA,NA,NA,NA,NA
"Asian Openbill","Anastomus oscitans","X","X","X",2952,0.0565718157181572,0.396951219512195,0.6039972899729,11.27472899729,0.242211596733614
"African Openbill","Anastomus lamelligerus","","","",NA,NA,NA,NA,NA,NA
"Black Stork","Ciconia nigra","X","X","X",559,0.0715563506261181,0.23005366726297,0.311270125223614,14.561717352415,0.541877296809164
"Asian Woolly-necked Stork","Ciconia episcopus","X","X","X",1997,0.0600901352028042,0.335703555333,0.489734601902854,12.4231347020531,0.302119560908044
"White Stork","Ciconia ciconia","","","",119,0.19327731092437,0.145378151260504,0.142857142857143,17.4453781512605,1.11243294418346
"Black-necked Stork","Ephippiorhynchus asiaticus","X","X","X",310,0.103225806451613,0.278064516129032,0.393548387096774,13.3645161290323,0.720933649393039
"Lesser Adjutant","Leptoptilos javanicus","X","X","X",434,0.0898617511520737,0.32926267281106,0.486175115207373,13.0345622119816,0.621227665999123
"Greater Adjutant","Leptoptilos dubius","","","X",60,0.183333333333333,0.336666666666667,0.366666666666667,14.75,1.56302636331873
"Painted Stork","Mycteria leucocephala","X","X","X",2199,0.0618462937698954,0.372487494315598,0.538426557526148,11.9031377899045,0.284786814328668
"Lesser Frigatebird","Fregata ariel","","","",1,NA,NA,NA,15,NA
"Great Frigatebird","Fregata minor","","","",NA,NA,NA,NA,NA,NA
"Christmas Island Frigatebird","Fregata andrewsi","","","",2,NA,NA,NA,11.5,14.7
"Red-footed Booby","Sula sula","","","",NA,NA,NA,NA,NA,NA
"Brown Booby","Sula leucogaster","","","",NA,NA,NA,NA,NA,NA
"Masked Booby","Sula dactylatra","","","",6,NA,0.25,0.166666666666667,13,4.55462841513992
"Oriental Darter","Anhinga melanogaster","X","X","X",1988,0.0573440643863179,0.362726358148893,0.572937625754527,12.9909456740443,0.298502824823961
"Little Cormorant","Microcarbo niger","X","X","X",3854,0.0762843798650752,0.463518422418267,0.679553710430721,10.345874416191,0.209625277286594
"Great Cormorant","Phalacrocorax carbo","X","X","X",2479,0.0528438886647842,0.341549011698265,0.5421540943929,12.161355385236,0.262952249994294
"Indian Cormorant","Phalacrocorax fuscicollis","X","X","X",2387,0.0418935902806871,0.381566820276498,0.576874738165061,12.0427314620863,0.272414207914908
"Great White Pelican","Pelecanus onocrotalus","X","X","X",329,0.0820668693009119,0.309422492401216,0.440729483282675,12.5349544072948,0.653922250372289
"Spot-billed Pelican","Pelecanus philippensis","X","X","X",377,0.0981432360742706,0.402652519893899,0.437665782493369,16.342175066313,0.669894918268903
"Dalmatian Pelican","Pelecanus crispus","X","X","X",234,0.047008547008547,0.323931623931624,0.474358974358974,12.5213675213675,0.770532642183027
"Eurasian Bittern","Botaurus stellaris","","","",19,0.157894736842105,0.146198830409357,0.157894736842105,16.6842105263158,2.81629239647079
"Black Bittern","Botaurus flavicollis","X","X","X",840,0.0369047619047619,0.270238095238095,0.455952380952381,14.9380952380952,0.458193753297503
"Cinnamon Bittern","Botaurus cinnamomeus","X","X","X",1139,0.0430201931518876,0.285601404741001,0.4828797190518,14.4223002633889,0.386006175368345
"Little Bittern","Botaurus minutus","","","",14,0.285714285714286,0.25,0.5,18.5714285714286,1.9461045904378
"Yellow Bittern","Botaurus sinensis","X","X","X",1012,0.0286561264822134,0.30296442687747,0.486166007905138,14.7697628458498,0.401735667238163
"Black-crowned Night Heron","Nycticorax nycticorax","X","X","X",2183,0.0554283096655978,0.331653687585891,0.524507558405863,13.0320659642694,0.279964610980548
"Malayan Night Heron","Gorsachius melanolophus","","","",65,0.123076923076923,0.136923076923077,0.230769230769231,18.8461538461538,1.60584271596018
"Pacific Reef-Heron","Egretta sacra","","","",42,0.238095238095238,0.447619047619048,0.547619047619048,5.90476190476191,1.42921283316839
"Chinese Egret","Egretta eulophotes","","","",1,NA,1,NA,18,NA
"Little Egret","Egretta garzetta","X","X","X",3854,0.0913336792942397,0.44704203425013,0.651790347690711,10.37493513233,0.209183780267039
"Western Reef-Heron","Egretta gularis","X","X","X",523,0.110898661567878,0.392351816443595,0.512428298279159,15.3441682600382,0.613020223317096
"White-eared Night Heron","Oroanassa magnifica","","","",NA,NA,NA,NA,NA,NA
"Striated Heron","Butorides striata","X","X","X",1438,0.0549374130737135,0.285257301808067,0.456189151599444,14.4582753824757,0.35316720277047
"Indian Pond-Heron","Ardeola grayii","X","X","X",4135,0.0996372430471584,0.473422007255139,0.677871825876663,10.0186215235792,0.202116063543158
"Chinese Pond-Heron","Ardeola bacchus","","","",32,0.09375,0.221875,0.375,12.53125,2.42295506353695
"Javan Pond-Heron","Ardeola speciosa","","","",2,NA,0.583333333333333,1,12.5,10.78
"Eastern Cattle-Egret","Ardea coromanda","X","X","X",4198,0.086469747498809,0.474059075750357,0.661267270128633,9.91424487851358,0.200620582518476
"Great Egret","Ardea alba","X","X","X",3134,0.0705169112954691,0.398053605615826,0.593171665603063,11.2913209955329,0.233128159020464
"Medium Egret","Ardea intermedia","X","X","X",3242,0.0731030228254164,0.400524367674275,0.581739666872301,11.1366440468846,0.228948008852693
"Gray Heron","Ardea cinerea","X","X","X",3008,0.0861037234042553,0.403224734042553,0.594747340425532,11.389295212766,0.238667110702945
"Purple Heron","Ardea purpurea","X","X","X",2595,0.0566473988439306,0.38354527938343,0.576493256262042,12.0115606936416,0.25814276702299
"White-bellied Heron","Ardea insignis","","","X",12,0.333333333333333,0.212962962962963,0.25,10.25,3.91349839618847
"Goliath Heron","Ardea goliath","","","X",1,NA,NA,NA,18,NA
"Glossy Ibis","Plegadis falcinellus","X","X","X",1981,0.0328117112569409,0.350630994447249,0.589601211509339,12.8419989904089,0.296157428983682
"Black-headed Ibis","Threskiornis melanocephalus","X","X","X",2612,0.0424961715160796,0.392572741194487,0.610643185298622,11.9088820826953,0.258617453097603
"Red-naped Ibis","Pseudibis papillosa","X","X","X",2552,0.0340909090909091,0.351057993730408,0.570532915360502,10.451802507837,0.245422271725456
"Eurasian Spoonbill","Platalea leucorodia","X","X","X",1483,0.0782198246797033,0.330209035738368,0.479433580579906,12.5016857720836,0.338973302496617
"Osprey","Pandion haliaetus","X","X","X",1208,0.0637417218543046,0.294039735099338,0.408940397350993,14.3783112582781,0.370030427749061
"Black-winged Kite","Elanus caeruleus","X","X","X",3363,0.0728516205768659,0.372673208444841,0.537912578055308,11.0341956586381,0.223688498088904
"Bearded Vulture","Gypaetus barbatus","X","X","X",271,0.173431734317343,0.329151291512915,0.472324723247232,9.85977859778598,0.68819098581562
"Egyptian Vulture","Neophron percnopterus","X","X","X",993,0.157099697885196,0.296173212487412,0.398791540785498,11.705941591138,0.423743781303946
"European Honey-buzzard","Pernis apivorus","","","",2,NA,NA,NA,16,15.68
"Oriental Honey-buzzard","Pernis ptilorhynchus","X","X","X",2566,0.0584567420109119,0.372525331254871,0.554169914263445,12.7272018706157,0.25555343238468
"Jerdon's Baza","Aviceda jerdoni","","X","X",155,0.0387096774193548,0.223225806451613,0.32258064516129,13.8838709677419,1.08523398168561
"Black Baza","Aviceda leuphotes","X","X","X",160,0.1,0.265625,0.3625,18.06875,1.10132616581387
"Red-headed Vulture","Sarcogyps calvus","X","X","X",293,0.201365187713311,0.262457337883959,0.382252559726962,14.5392491467577,0.793615454834764
"Cinereous Vulture","Aegypius monachus","X","X","X",164,0.140243902439024,0.277439024390244,0.451219512195122,14.6768292682927,0.976685590235853
"White-rumped Vulture","Gyps bengalensis","X","X","X",524,0.431297709923664,0.164503816793893,0.221374045801527,14.4465648854962,0.597375617160497
"Indian Vulture","Gyps indicus","X","X","X",396,0.204545454545455,0.231565656565657,0.345959595959596,13.1742424242424,0.69900720823884
"Slender-billed Vulture","Gyps tenuirostris","","","X",62,0.387096774193548,0.183870967741935,0.258064516129032,14.8387096774194,1.51592867022212
"Himalayan Griffon","Gyps himalayensis","X","X","X",518,0.133204633204633,0.404054054054054,0.540540540540541,11.6833976833977,0.540849775103885
"Eurasian Griffon","Gyps fulvus","X","X","X",317,0.129337539432177,0.24384858044164,0.353312302839117,13.8264984227129,0.716472469514438
"Nicobar Serpent-Eagle","Spilornis klossi","","","X",9,0.111111111111111,0.308641975308642,0.111111111111111,5.33333333333333,2.3781692304983
"Crested Serpent-Eagle","Spilornis cheela","X","X","X",1829,0.0847457627118644,0.371842536905413,0.535811919081465,13.0503007107709,0.317995262624682
"Andaman Serpent-Eagle","Spilornis elgini","","X","X",25,0.12,0.5,0.6,7.48,1.95056931176516
"Short-toed Snake-Eagle","Circaetus gallicus","X","X","X",1646,0.0522478736330498,0.276670716889429,0.382746051032807,13.636695018226,0.321645732277764
"Legge's Hawk-Eagle","Nisaetus kelaarti","","","X",81,0.0493827160493827,0.318518518518519,0.37037037037037,22.9135802469136,0.594614626358099
"Mountain Hawk-Eagle","Nisaetus nipalensis","X","X","X",224,0.107142857142857,0.318303571428571,0.517857142857143,13.2410714285714,0.819053220646327
"Changeable Hawk-Eagle","Nisaetus cirrhatus","X","X","X",812,0.100985221674877,0.377216748768473,0.577586206896552,15.8238916256158,0.468538433089928
"Rufous-bellied Eagle","Lophotriorchis kienerii","X","X","X",292,0.0719178082191781,0.322602739726027,0.438356164383562,18.1541095890411,0.779098781206835
"Black Eagle","Ictinaetus malaiensis","X","X","X",815,0.0895705521472393,0.328098159509202,0.493251533742331,16.0453987730061,0.46880253566969
"Indian Spotted Eagle","Clanga hastata","X","X","X",585,0.0478632478632479,0.272991452991453,0.386324786324786,16.5213675213675,0.545794239709917
"Greater Spotted Eagle","Clanga clanga","X","X","X",776,0.0541237113402062,0.306056701030928,0.462628865979381,16.1585051546392,0.457895978423171
"Booted Eagle","Hieraaetus pennatus","X","X","X",1508,0.0530503978779841,0.326989389920424,0.455570291777188,14.9887267904509,0.332681965990105
"Tawny Eagle","Aquila rapax","X","X","X",218,0.142201834862385,0.264678899082569,0.325688073394495,15.4220183486239,0.979281892468376
"Steppe Eagle","Aquila nipalensis","X","X","X",662,0.0845921450151057,0.318882175226586,0.430513595166163,14.2824773413897,0.491085457630305
"Imperial Eagle","Aquila heliaca","X","X","X",180,0.0888888888888889,0.287222222222222,0.427777777777778,14.7833333333333,0.984342891158514
"Golden Eagle","Aquila chrysaetos","X","X","X",209,0.15311004784689,0.277511961722488,0.368421052631579,9.63636363636364,0.766378495868262
"Bonelli's Eagle","Aquila fasciata","X","X","X",1164,0.0309278350515464,0.270360824742268,0.379725085910653,14.4312714776632,0.39078271906369
"White-eyed Buzzard","Butastur teesa","X","X","X",1750,0.0451428571428571,0.284857142857143,0.4,13.088,0.317013875538491
"Rufous-winged Buzzard","Butastur liventer","","","",NA,NA,NA,NA,NA,NA
"Gray-faced Buzzard","Butastur indicus","","","",NA,NA,NA,NA,NA,NA
"Western Marsh Harrier","Circus aeruginosus","X","X","X",1616,0.0928217821782178,0.328155940594059,0.449257425742574,13.4690594059406,0.329584571841312
"Eastern Marsh Harrier","Circus spilonotus","","","",NA,NA,NA,NA,NA,NA
"Hen Harrier","Circus cyaneus","","X","X",170,0.111764705882353,0.24,0.394117647058824,15.6470588235294,0.890223914049398
"Pallid Harrier","Circus macrourus","X","X","X",745,0.0912751677852349,0.250469798657718,0.330201342281879,15.5610738255034,0.466842644196152
"Pied Harrier","Circus melanoleucos","","X","X",198,0.141414141414141,0.233333333333333,0.343434343434343,14.9848484848485,0.827275377748289
"Montagu's Harrier","Circus pygargus","X","X","X",705,0.0453900709219858,0.272340425531915,0.390070921985816,14.668085106383,0.487166900624439
"Crested Goshawk","Lophospiza trivirgata","X","X","X",436,0.0802752293577982,0.348165137614679,0.48394495412844,15.6811926605505,0.682437762474099
"Shikra","Tachyspiza badia","X","X","X",3651,0.0671049027663654,0.423390851821419,0.618460695699808,10.7940290331416,0.214031709408483
"Nicobar Sparrowhawk","Tachyspiza butleri","","","X",2,NA,0.833333333333333,NA,8,9.8
"Levant Sparrowhawk","Tachyspiza brevipes","","","",NA,NA,NA,NA,NA,NA
"Chinese Sparrowhawk","Tachyspiza soloensis","","","",14,NA,0.357142857142857,0.5,7.14285714285714,2.25876753324258
"Japanese Sparrowhawk","Tachyspiza gularis","","","",11,NA,0.222222222222222,0.363636363636364,9.27272727272727,2.42353474519286
"Besra","Tachyspiza virgata","X","X","X",355,0.076056338028169,0.211549295774648,0.276056338028169,17.6704225352113,0.646255703133369
"Eurasian Sparrowhawk","Accipiter nisus","X","X","X",1021,0.0734573947110676,0.269049951028404,0.403525954946131,13.9696376101861,0.397871572360173
"Eurasian Goshawk","Astur gentilis","","","",61,0.0983606557377049,0.131147540983607,0.213114754098361,15.1475409836066,1.62366714224384
"Red Kite","Milvus milvus","","","",NA,NA,NA,NA,NA,NA
"Black Kite","Milvus migrans","X","X","X",3342,0.113405146618791,0.426301615798923,0.573309395571514,11.1310592459605,0.225417740246402
"Brahminy Kite","Haliastur indus","X","X","X",1280,0.13984375,0.473203125,0.60234375,14.38046875,0.382581152680264
"Pallas's Fish-Eagle","Haliaeetus leucoryphus","X","X","X",71,0.394366197183099,0.270422535211268,0.352112676056338,16.7605633802817,1.34917050787276
"White-tailed Eagle","Haliaeetus albicilla","","","",24,0.208333333333333,0.157407407407407,0.291666666666667,18.8333333333333,2.01486025216361
"White-bellied Sea-Eagle","Icthyophaga leucogaster","X","X","X",244,0.151639344262295,0.452049180327869,0.577868852459016,13.2827868852459,0.967641086107966
"Lesser Fish-Eagle","Icthyophaga humilis","X","X","X",119,0.100840336134454,0.308403361344538,0.378151260504202,21.655462184874,0.773841405072185
"Gray-headed Fish-Eagle","Icthyophaga ichthyaetus","X","X","X",190,0.0894736842105263,0.301578947368421,0.452631578947368,15.8789473684211,0.925238078550929
"Rough-legged Hawk","Buteo lagopus","","","",NA,NA,NA,NA,NA,NA
"Common Buzzard","Buteo buteo","X","X","X",595,0.0689075630252101,0.271260504201681,0.374789915966387,15.2672268907563,0.539769461350031
"Himalayan Buzzard","Buteo refectus","","","",NA,NA,NA,NA,NA,NA
"Long-legged Buzzard","Buteo rufinus","X","X","X",502,0.0796812749003984,0.2300796812749,0.288844621513944,13.0378486055777,0.581904020118839
"Upland Buzzard","Buteo hemilasius","","","",57,0.12280701754386,0.336842105263158,0.333333333333333,8.85964912280702,1.27695206904646
"Australasian Grass-Owl","Tyto longimembris","","","",11,NA,0.272727272727273,0.272727272727273,17.1818181818182,2.22406314197779
"Eastern Barn Owl","Tyto javanica","","","",1118,0.0277280858676208,0.225402504472272,0.328264758497317,15.1466905187835,0.393189847279878
"Andaman Masked-Owl","Tyto deroepstorffi","","","",13,NA,0.338461538461538,0.538461538461538,9.61538461538461,2.71384615384615
"Oriental Bay-Owl","Phodilus badius","","","",18,0.0555555555555556,0.183333333333333,0.333333333333333,14.1111111111111,2.52483035805664
"Sri Lanka Bay-Owl","Phodilus assimilis","","","",21,0.0476190476190476,0.228571428571429,0.238095238095238,23.2857142857143,0.908742721199644
"Andaman Scops-Owl","Otus balli","","","",18,0.0555555555555556,0.366666666666667,0.5,8.94444444444444,2.27688539828443
"Mountain Scops-Owl","Otus spilocephalus","","","",188,0.127659574468085,0.254255319148936,0.436170212765957,13.2393617021277,0.886149223714545
"Indian Scops-Owl","Otus bakkamoena","","","",979,0.041879468845761,0.269152196118488,0.449438202247191,15.5526046986721,0.42011915251786
"Collared Scops-Owl","Otus lettia","","","",231,0.0606060606060606,0.232900432900433,0.484848484848485,13.7099567099567,0.828079482306769
"Nicobar Scops-Owl","Otus alius","","","",3,NA,0.583333333333333,0.666666666666667,5.66666666666667,3.63760605038228
"Eurasian Scops-Owl","Otus scops","","","",NA,NA,NA,NA,NA,NA
"Pallid Scops-Owl","Otus brucei","","","",46,0.0434782608695652,0.221739130434783,0.369565217391304,16.195652173913,1.91461183405678
"Oriental Scops-Owl","Otus sunia","","","",424,0.0471698113207547,0.240330188679245,0.429245283018868,16.0400943396226,0.664101544902257
"Rock Eagle-Owl","Bubo bengalensis","","","",2,NA,0.666666666666667,NA,24,1.96
"Eurasian Eagle-Owl","Bubo bubo","","","",31,0.0967741935483871,0.196774193548387,0.290322580645161,9.25806451612903,1.6585580454567
"Buffy Fish-Owl","Ketupa ketupu","","","",4,NA,0.5,1,13.5,4.11910993622004
"Brown Fish-Owl","Ketupa zeylonensis","X","X","X",655,0.0687022900763359,0.301526717557252,0.442748091603053,16.7740458015267,0.499941725959529
"Tawny Fish-Owl","Ketupa flavipes","","","",37,0.0540540540540541,0.256756756756757,0.351351351351351,17.7297297297297,1.61941034417957
"Dusky Eagle-Owl","Ketupa coromanda","","","X",57,0.105263157894737,0.226315789473684,0.315789473684211,15.2105263157895,1.51355451705082
"Spot-bellied Eagle-Owl","Ketupa nipalensis","","","",139,0.0503597122302158,0.262589928057554,0.287769784172662,19.8992805755396,1.06698594496726
"Asian Barred Owlet","Glaucidium cuculoides","X","X","X",483,0.101449275362319,0.409109730848861,0.643892339544513,11.8944099378882,0.524219589282857
"Jungle Owlet","Glaucidium radiatum","X","X","X",1085,0.0691244239631336,0.339447004608295,0.541935483870968,12.8221198156682,0.442052624298277
"Collared Owlet","Taenioptynx brodiei","X","X","X",275,0.0727272727272727,0.301818181818182,0.505454545454545,11.88,0.767604922712369
"Spotted Owlet","Athene brama","","","",2922,0.0595482546201232,0.359411362080767,0.543121149897331,11.6984941820671,0.239514973679298
"Little Owl","Athene noctua","","","",37,0.0810810810810811,0.262162162162162,0.378378378378378,9.48648648648649,1.61579628358977
"Forest Owlet","Athene blewitti","","X","X",23,NA,0.408695652173913,0.608695652173913,14.1304347826087,2.1915349022323
"Mottled Wood-Owl","Strix ocellata","","","",630,0.0285714285714286,0.254920634920635,0.415873015873016,16.1507936507937,0.530723699946498
"Brown Wood-Owl","Strix leptogrammica","","","",292,0.0616438356164384,0.28527397260274,0.48972602739726,17.9280821917808,0.71258525771425
"Tawny Owl","Strix aluco","","","",13,0.307692307692308,0.371794871794872,0.538461538461538,13.3076923076923,3.24183063680261
"Himalayan Owl","Strix nivicolum","","","",69,0.0579710144927536,0.205797101449275,0.318840579710145,14.3188405797101,1.52353519469669
"Long-eared Owl","Asio otus","","","",7,0.571428571428571,0.142857142857143,NA,16.4285714285714,5.11207720338155
"Short-eared Owl","Asio flammeus","","X","X",175,0.0685714285714286,0.208571428571429,0.245714285714286,16.24,0.914017240713675
"Boreal Owl","Aegolius funereus","","","",NA,NA,NA,NA,NA,NA
"Andaman Boobook","Ninox affinis","","","",15,0.133333333333333,0.44,0.866666666666667,9.2,2.51730225969522
"Brown Boobook","Ninox scutulata","","","",565,0.0654867256637168,0.294867256637168,0.499115044247788,16.4725663716814,0.547346945787223
"Hume's Boobook","Ninox obscura","","","",17,NA,0.4,0.823529411764706,9.17647058823529,2.36633979255745
"Malabar Trogon","Harpactes fasciatus","X","X","X",198,0.156565656565657,0.545454545454545,0.641414141414141,19.2222222222222,0.86858244484329
"Red-headed Trogon","Harpactes erythrocephalus","X","X","X",135,0.103703703703704,0.242962962962963,0.474074074074074,11.5111111111111,1.09670086629101
"Ward's Trogon","Harpactes wardi","","","X",16,NA,0.35,0.625,11.5,3.17051835930131
"Eurasian Hoopoe","Upupa epops","X","X","X",3468,0.0865051903114187,0.377566320645905,0.560841983852365,11.1147635524798,0.217179369128194
"Great Hornbill","Buceros bicornis","X","X","X",123,0.16260162601626,0.373170731707317,0.528455284552846,14.2764227642276,1.20486439118813
"Brown Hornbill","Anorrhinus austeni","X","X","X",19,0.210526315789474,0.247368421052632,0.315789473684211,9,3.01637635513035
"Indian Gray Hornbill","Ocyceros birostris","X","X","X",2360,0.0406779661016949,0.36635593220339,0.576694915254237,10.8716101694915,0.26852844200003
"Malabar Gray Hornbill","Ocyceros griseus","X","X","X",224,0.183035714285714,0.633928571428571,0.75,19.9464285714286,0.679253662571349
"Malabar Pied-Hornbill","Anthracoceros coronatus","X","X","X",267,0.0636704119850187,0.439325842696629,0.629213483146067,17.0786516853933,0.784614770803229
"Oriental Pied-Hornbill","Anthracoceros albirostris","X","X","X",240,0.1125,0.355833333333333,0.483333333333333,12.8333333333333,0.814408313996174
"Rufous-necked Hornbill","Aceros nipalensis","","","X",43,0.116279069767442,0.293023255813953,0.372093023255814,12.7441860465116,2.28201979616724
"Wreathed Hornbill","Rhyticeros undulatus","","","X",66,0.181818181818182,0.303030303030303,0.46969696969697,11.1363636363636,1.50034256454215
"Narcondam Hornbill","Rhyticeros narcondami","","","X",1,1,1,1,1,NA
"Blyth's Kingfisher","Alcedo hercules","","","X",16,0.125,0.25,0.3125,9.5625,2.36671352653139
"Common Kingfisher","Alcedo atthis","X","X","X",3394,0.0789628756629346,0.403005303476724,0.605774896876841,11.2592810842664,0.221458946987897
"Blue-eared Kingfisher","Alcedo meninting","","X","X",195,0.0256410256410256,0.293846153846154,0.466666666666667,15.8307692307692,0.989585533407086
"Black-backed Dwarf-Kingfisher","Ceyx erithaca","","X","X",124,0.032258064516129,0.32258064516129,0.387096774193548,18.5806451612903,1.0527580307215
"Rufous-backed Dwarf-Kingfisher","Ceyx rufidorsa","","","",NA,NA,NA,NA,NA,NA
"Brown-winged Kingfisher","Pelargopsis amauroptera","","X","X",13,NA,0.5,0.692307692307692,10.5384615384615,3.16675208023498
"Stork-billed Kingfisher","Pelargopsis capensis","X","X","X",923,0.0910075839653304,0.422318526543879,0.639219934994583,14.305525460455,0.461750315649649
"Ruddy Kingfisher","Halcyon coromanda","","","X",56,0.0535714285714286,0.323214285714286,0.553571428571429,12.25,1.56134382678978
"White-throated Kingfisher","Halcyon smyrnensis","X","X","X",4339,0.0944918183913344,0.481954367365752,0.703157409541369,9.80318045632634,0.19662799064365
"Black-capped Kingfisher","Halcyon pileata","X","X","X",195,0.138461538461538,0.252307692307692,0.287179487179487,16.2205128205128,1.09954256886217
"Collared Kingfisher","Todiramphus chloris","","X","X",73,0.0821917808219178,0.473972602739726,0.602739726027397,7.93150684931507,1.39084030530587
"Crested Kingfisher","Megaceryle lugubris","X","X","X",240,0.0875,0.344583333333333,0.508333333333333,13.1333333333333,0.778261190543797
"Pied Kingfisher","Ceryle rudis","X","X","X",2976,0.0799731182795699,0.372950268817204,0.573252688172043,11.4149865591398,0.241051540515383
"Blue-bearded Bee-eater","Nyctyornis athertoni","X","X","X",529,0.0812854442344045,0.353686200378072,0.54820415879017,16.0586011342155,0.59794015085746
"Asian Green Bee-eater","Merops orientalis","X","X","X",4038,0.091134224863794,0.470455671124319,0.688954928182268,9.98043585933631,0.205346301605188
"Blue-throated Bee-eater","Merops viridis","","","",1,NA,NA,NA,23,NA
"Blue-cheeked Bee-eater","Merops persicus","","X","X",430,0.0325581395348837,0.272558139534884,0.42093023255814,12.406976744186,0.630314220064654
"Blue-tailed Bee-eater","Merops philippinus","X","X","X",1825,0.0657534246575342,0.390575342465753,0.583013698630137,13.3139726027397,0.311532036154849
"European Bee-eater","Merops apiaster","","","",58,0.137931034482759,0.286206896551724,0.396551724137931,20.3965517241379,1.25056913342587
"Chestnut-headed Bee-eater","Merops leschenaulti","X","X","X",671,0.104321907600596,0.442026825633383,0.596125186289121,15.4128166915052,0.545992959570684
"European Roller","Coracias garrulus","X","X","X",635,0.0299212598425197,0.238110236220472,0.32755905511811,13.2377952755906,0.508850535934053
"Indian Roller","Coracias benghalensis","X","X","X",3381,0.0795622596864833,0.406713989943804,0.571724341910677,10.4477965099083,0.228134792083535
"Indochinese Roller","Coracias affinis","X","X","X",281,0.0818505338078292,0.349110320284697,0.548042704626335,11.9181494661922,0.693813771062923
"Dollarbird","Eurystomus orientalis","X","X","X",241,0.0995850622406639,0.318257261410788,0.489626556016597,15.1120331950207,0.965524334207332
"Malabar Barbet","Psilopogon malabaricus","X","X","X",165,0.23030303030303,0.651515151515151,0.727272727272727,20.9333333333333,0.676981617455018
"Coppersmith Barbet","Psilopogon haemacephalus","X","X","X",3286,0.0842970176506391,0.421028606208156,0.648813146682897,10.9476567255021,0.227417963482219
"Blue-eared Barbet","Psilopogon cyanotis","","X","X",156,0.0641025641025641,0.288461538461538,0.5,12.3461538461538,0.993069308455647
"Great Barbet","Psilopogon virens","X","X","X",484,0.115702479338843,0.432231404958678,0.648760330578512,10.6280991735537,0.563300798701681
"Lineated Barbet","Psilopogon lineatus","X","X","X",417,0.100719424460432,0.40863309352518,0.623501199040767,11.7146282973621,0.579245424481563
"Brown-headed Barbet","Psilopogon zeylanicus","X","X","X",1484,0.066711590296496,0.337466307277628,0.578840970350404,10.644204851752,0.347000884347496
"White-cheeked Barbet","Psilopogon viridis","X","X","X",452,0.254424778761062,0.726769911504425,0.856194690265487,18.608407079646,0.552422638088834
"Golden-throated Barbet","Psilopogon franklinii","","X","X",140,0.0785714285714286,0.302857142857143,0.542857142857143,9.66428571428571,1.03964602443096
"Blue-throated Barbet","Psilopogon asiaticus","X","X","X",757,0.0937912813738441,0.443989431968296,0.688243064729194,10.4782034346103,0.430888209174356
"Yellow-rumped Honeyguide","Indicator xanthonotus","","","X",36,0.0277777777777778,0.302777777777778,0.555555555555556,14.4722222222222,1.88787351794369
"Eurasian Wryneck","Jynx torquilla","X","X","X",1052,0.0370722433460076,0.249904942965779,0.4106463878327,14.1910646387833,0.375274498681875
"Speckled Piculet","Picumnus innominatus","X","X","X",431,0.0904872389791183,0.324593967517401,0.464037122969838,15.3805104408353,0.647203022662323
"White-browed Piculet","Sasia ochracea","","X","X",151,0.0794701986754967,0.255629139072848,0.536423841059603,11.4635761589404,1.00824023049161
"Heart-spotted Woodpecker","Hemicircus canente","X","X","X",208,0.1875,0.525,0.615384615384615,19.6105769230769,0.783572927863419
"Brown-capped Pygmy Woodpecker","Yungipicus nanus","X","X","X",1023,0.0733137829912024,0.327565982404692,0.457478005865103,13.8396871945259,0.438078166133527
"Gray-capped Pygmy Woodpecker","Yungipicus canicapillus","X","X","X",308,0.0909090909090909,0.333441558441558,0.493506493506494,13.4512987012987,0.668214193273515
"Yellow-crowned Woodpecker","Leiopicus mahrattensis","X","X","X",1321,0.072672218016654,0.272975018925057,0.41332323996972,13.328538985617,0.361439467875081
"Brown-fronted Woodpecker","Dendrocoptes auriceps","X","X","X",185,0.178378378378378,0.469189189189189,0.627027027027027,13.4432432432432,0.828188667679674
"Rufous-bellied Woodpecker","Dendrocopos hyperythrus","","X","X",98,0.0612244897959184,0.369387755102041,0.561224489795918,13.6836734693878,1.21438287751264
"Fulvous-breasted Woodpecker","Dendrocopos macei","X","X","X",540,0.0759259259259259,0.348333333333333,0.511111111111111,12.3074074074074,0.492200049156919
"Freckle-breasted Woodpecker","Dendrocopos analis","","","",25,0.08,0.496,0.76,7.52,1.93077410382468
"Stripe-breasted Woodpecker","Dendrocopos atratus","","","",11,NA,0.181818181818182,0.0909090909090909,13.5454545454545,3.85136609872994
"Darjeeling Woodpecker","Dendrocopos darjellensis","","","X",50,0.12,0.33,0.56,11.88,1.82549692960574
"Great Spotted Woodpecker","Dendrocopos major","","","",3,NA,0.333333333333333,NA,9,1.96
"Himalayan Woodpecker","Dendrocopos himalayensis","X","X","X",171,0.198830409356725,0.474853801169591,0.60233918128655,11.7426900584795,0.903610668010077
"Sind Woodpecker","Dendrocopos assimilis","","","",1,NA,1,1,7,NA
"Crimson-naped Woodpecker","Dryobates cathpharius","","","X",51,0.137254901960784,0.345098039215686,0.509803921568627,11.843137254902,1.80838291631246
"Bay Woodpecker","Blythipicus pyrrhotis","","X","X",153,0.0718954248366013,0.277124183006536,0.529411764705882,10.3725490196078,1.02866521260812
"Greater Flameback","Chrysocolaptes guttacristatus","X","X","X",641,0.106084243369735,0.441653666146646,0.56786271450858,15.0920436817473,0.536781795989582
"Malabar Flameback","Chrysocolaptes socialis","","","",NA,NA,NA,NA,NA,NA
"White-naped Woodpecker","Chrysocolaptes festivus","X","X","X",678,0.0309734513274336,0.277728613569322,0.448377581120944,14.3746312684366,0.487765647646249
"Rufous Woodpecker","Micropternus brachyurus","X","X","X",728,0.0755494505494505,0.386401098901099,0.561813186813187,15.3667582417582,0.501989627531087
"Pale-headed Woodpecker","Gecinulus grantia","","","X",43,0.162790697674419,0.272093023255814,0.465116279069767,15.2093023255814,2.08979637555734
"Himalayan Flameback","Dinopium shorii","","","X",46,0.152173913043478,0.432608695652174,0.58695652173913,15.2173913043478,2.00670420972778
"Common Flameback","Dinopium javanense","X","X","X",86,0.209302325581395,0.380232558139535,0.36046511627907,22.6395348837209,0.711699412553347
"Black-rumped Flameback","Dinopium benghalense","X","X","X",2466,0.0871857258718573,0.413868613138686,0.612327656123277,12.1488240064882,0.266238472244035
"Lesser Yellownape","Picus chlorolophus","X","X","X",545,0.132110091743119,0.403302752293578,0.530275229357798,15.9816513761468,0.569923577542897
"Streak-throated Woodpecker","Picus xanthopygaeus","X","X","X",408,0.0882352941176471,0.333333333333333,0.450980392156863,16.9583333333333,0.665291970128768
"Scaly-bellied Woodpecker","Picus squamatus","X","X","X",193,0.160621761658031,0.398445595854922,0.507772020725389,11.7668393782383,0.822937342993479
"Gray-headed Woodpecker","Picus canus","X","X","X",371,0.121293800539084,0.387870619946092,0.566037735849057,12.5660377358491,0.607311716342336
"Greater Yellownape","Chrysophlegma flavinucha","X","X","X",243,0.106995884773663,0.348559670781893,0.522633744855967,12.8559670781893,0.777431436174931
"Great Slaty Woodpecker","Mulleripicus pulverulentus","","","X",47,0.0851063829787234,0.338297872340426,0.446808510638298,15.1489361702128,1.88039947529948
"White-bellied Woodpecker","Dryocopus javensis","X","X","X",140,0.207142857142857,0.491428571428571,0.55,20.85,0.77133931918692
"Andaman Woodpecker","Dryocopus hodgei","","X","X",24,0.125,0.5375,0.708333333333333,7.625,2.00150351095066
"Pied Falconet","Microhierax melanoleucos","","","X",42,0.166666666666667,0.276190476190476,0.380952380952381,12.1428571428571,1.88996838275271
"Collared Falconet","Microhierax caerulescens","","","X",58,0.172413793103448,0.367241379310345,0.448275862068966,15.3103448275862,1.90052707271951
"Lesser Kestrel","Falco naumanni","","","",25,0.16,0.144,0.12,20.2,2.51512120317623
"Eurasian Kestrel","Falco tinnunculus","X","X","X",2531,0.0999604899249309,0.306400632161201,0.418016594231529,12.4350059265113,0.259214244157227
"Red-necked Falcon","Falco chicquera","X","X","X",749,0.0360480640854473,0.232576769025367,0.337783711615487,15.543391188251,0.462930776388762
"Red-footed Falcon","Falco vespertinus","","","",NA,NA,NA,NA,NA,NA
"Amur Falcon","Falco amurensis","","X","X",253,0.0118577075098814,0.209486166007905,0.276679841897233,16.2648221343874,0.812988017423532
"Merlin","Falco columbarius","","","",40,0.1,0.1875,0.25,13.275,2.03397299102154
"Eurasian Hobby","Falco subbuteo","X","X","X",334,0.0718562874251497,0.208083832335329,0.263473053892216,15.7544910179641,0.68869278849659
"Oriental Hobby","Falco severus","","","X",56,0.0714285714285714,0.194642857142857,0.428571428571429,14.3035714285714,1.76860384073272
"Laggar Falcon","Falco jugger","","X","X",166,0.0963855421686747,0.213253012048193,0.271084337349398,12.6325301204819,1.14188340654484
"Saker Falcon","Falco cherrug","","","",NA,NA,NA,NA,NA,NA
"Peregrine Falcon","Falco peregrinus","X","X","X",1305,0.0559386973180077,0.286206896551724,0.399233716475096,15.3272030651341,0.35191444084031
"Alexandrine Parakeet","Psittacula eupatria","X","X","X",1901,0.0478695423461336,0.31462388216728,0.539715938979484,10.9952656496581,0.289382331163655
"Rose-ringed Parakeet","Psittacula krameri","X","X","X",4077,0.0905077262693157,0.471179789060584,0.693892568064754,10.0689232278636,0.204007178850094
"Slaty-headed Parakeet","Psittacula himalayana","X","X","X",219,0.150684931506849,0.458904109589041,0.570776255707763,13.2283105022831,0.829378687161544
"Gray-headed Parakeet","Psittacula finschii","","","X",23,0.0434782608695652,0.165217391304348,0.478260869565217,10.2173913043478,1.73372702091636
"Plum-headed Parakeet","Psittacula cyanocephala","X","X","X",2458,0.0772986167615948,0.379373474369406,0.582587469487388,11.3295362082994,0.271859930922046
"Blossom-headed Parakeet","Psittacula roseata","","","X",49,0.142857142857143,0.228571428571429,0.346938775510204,13.9795918367347,1.82133650560973
"Malabar Parakeet","Psittacula columboides","X","X","X",211,0.241706161137441,0.615165876777251,0.729857819905213,20.7440758293839,0.618348567070337
"Derbyan Parakeet","Psittacula derbiana","","","",NA,NA,NA,NA,NA,NA
"Red-breasted Parakeet","Psittacula alexandri","X","X","X",254,0.125984251968504,0.374015748031496,0.55511811023622,12.7204724409449,0.782367822369665
"Nicobar Parakeet","Psittacula caniceps","","","X",9,0.111111111111111,0.416666666666667,0.555555555555556,5,2.48781921458221
"Long-tailed Parakeet","Psittacula longicauda","","","X",41,0.170731707317073,0.507317073170732,0.609756097560976,6.07317073170732,1.43147474738791
"Vernal Hanging-Parrot","Loriculus vernalis","X","X","X",444,0.175675675675676,0.532882882882883,0.686936936936937,16.3873873873874,0.672958779457258
"Long-tailed Broadbill","Psarisomus dalhousiae","X","X","X",186,0.0752688172043011,0.293548387096774,0.505376344086022,12.1774193548387,0.943352694108274
"Gray-lored Broadbill","Serilophus rubropygius","","","X",43,0.0697674418604651,0.293023255813953,0.488372093023256,12.8372093023256,1.94794925285265
"Blue-naped Pitta","Hydrornis nipalensis","","","X",78,0.0897435897435897,0.262820512820513,0.576923076923077,13.0384615384615,1.35887065620069
"Blue Pitta","Hydrornis cyaneus","","","",1,NA,NA,NA,10,NA
"Indian Pitta","Pitta brachyura","X","X","X",1049,0.0610104861773117,0.352240228789323,0.550047664442326,15.8293612964728,0.396839037602175
"Blue-winged Pitta","Pitta moluccensis","","","",NA,NA,NA,NA,NA,NA
"Nicobar Hooded Pitta","Pitta abbotti","","","",NA,NA,NA,NA,NA,NA
"Western Hooded Pitta","Pitta sordida","","","X",76,NA,0.284210526315789,0.605263157894737,14.0131578947368,1.47565977231189
"Mangrove Pitta","Pitta megarhyncha","","X","X",10,NA,0.44,0.7,11.9,3.3626045460823
"White-bellied Minivet","Pericrocotus erythropygius","","X","X",285,0.0280701754385965,0.246666666666667,0.4,14.6982456140351,0.750523229974989
"Small Minivet","Pericrocotus cinnamomeus","X","X","X",2329,0.0807213396307428,0.362687848862173,0.55130957492486,12.2292829540575,0.277506883526127
"Gray-chinned Minivet","Pericrocotus solaris","","","",108,0.0925925925925926,0.263888888888889,0.398148148148148,11.1851851851852,1.23772026656965
"Short-billed Minivet","Pericrocotus brevirostris","X","X","X",157,0.127388535031847,0.292993630573248,0.464968152866242,13.1974522292994,0.981110052460861
"Long-tailed Minivet","Pericrocotus ethologus","X","X","X",467,0.137044967880086,0.367023554603854,0.513918629550321,12.4089935760171,0.561665397446865
"Orange Minivet","Pericrocotus flammeus","X","X","X",336,0.220238095238095,0.632440476190476,0.782738095238095,19.2678571428571,0.591803824057562
"Scarlet Minivet","Pericrocotus speciosus","X","X","X",632,0.0759493670886076,0.345727848101266,0.54746835443038,10.626582278481,0.487411626849053
"Ashy Minivet","Pericrocotus divaricatus","","","",17,0.117647058823529,0.276470588235294,0.470588235294118,14.6470588235294,3.66659766108916
"Brown-rumped Minivet","Pericrocotus cantonensis","","","",8,NA,0.2,0.25,13.875,3.74892317872746
"Rosy Minivet","Pericrocotus roseus","","X","X",161,0.0496894409937888,0.252795031055901,0.409937888198758,13.8012422360248,1.00802830248021
"Indian Cuckooshrike","Coracina macei","X","X","X",1600,0.091875,0.31175,0.474375,12.955625,0.340440086323709
"Oriental Cuckooshrike","Coracina javensis","","","",NA,NA,NA,NA,NA,NA
"Andaman Cuckooshrike","Coracina dobsoni","","X","X",18,0.0555555555555556,0.427777777777778,0.611111111111111,8.94444444444444,2.26028352795059
"Pied Triller","Lalage nigra","","","",4,NA,0.5,NA,6.25,4.48200475977733
"Black-winged Cuckooshrike","Lalage melaschistos","X","X","X",369,0.0731707317073171,0.283739837398374,0.439024390243902,13.5013550135501,0.629252303492428
"Black-headed Cuckooshrike","Lalage melanoptera","X","X","X",1142,0.095446584938704,0.351926444833625,0.496497373029772,15.7635726795096,0.369471415607037
"Black-headed Shrike-Babbler","Pteruthius rufiventer","","","X",51,0.156862745098039,0.286274509803922,0.549019607843137,11.5882352941176,1.83139906434179
"White-browed Shrike-Babbler","Pteruthius aeralatus","X","X","X",198,0.0909090909090909,0.31969696969697,0.535353535353535,12.2777777777778,0.874993591275875
"Green Shrike-Babbler","Pteruthius xanthochlorus","","X","X",78,0.102564102564103,0.328205128205128,0.474358974358974,13.474358974359,1.47066856671114
"Black-eared Shrike-Babbler","Pteruthius melanotis","","X","X",76,0.144736842105263,0.317105263157895,0.552631578947368,10.3684210526316,1.40421098924214
"Clicking Shrike-Babbler","Pteruthius intermedius","","","",NA,NA,NA,NA,NA,NA
"White-bellied Erpornis","Erpornis zantholeuca","X","X","X",166,0.108433734939759,0.27710843373494,0.5,11.7771084337349,1.0289580357449
"Mangrove Whistler","Pachycephala cinerea","","","",34,0.0882352941176471,0.361764705882353,0.588235294117647,8.82352941176471,1.81198929089314
"Eurasian Golden Oriole","Oriolus oriolus","","","",NA,NA,NA,NA,NA,NA
"Indian Golden Oriole","Oriolus kundoo","X","X","X",2767,0.0867365377665342,0.391073364654861,0.578966389591616,11.7766534152512,0.248954595596721
"Black-naped Oriole","Oriolus chinensis","X","X","X",575,0.0539130434782609,0.347652173913043,0.464347826086957,16.2330434782609,0.583372252443831
"Slender-billed Oriole","Oriolus tenuirostris","","","X",14,NA,0.228571428571429,0.285714285714286,14.1428571428571,2.74782151475002
"Black-hooded Oriole","Oriolus xanthornus","X","X","X",1875,0.0890666666666667,0.40832,0.630933333333333,11.4378666666667,0.322034148786742
"Maroon Oriole","Oriolus traillii","X","X","X",312,0.0833333333333333,0.333653846153846,0.528846153846154,11.8397435897436,0.718462085607112
"Ashy Woodswallow","Artamus fuscus","X","X","X",1217,0.101889893179951,0.408545603944125,0.585045193097781,14.4535743631882,0.387761217986887
"White-breasted Woodswallow","Artamus leucorynchus","","","",24,NA,0.4,0.625,7.41666666666667,2.08696842287267
"Malabar Woodshrike","Tephrodornis sylvicola","X","X","X",152,0.25,0.595394736842105,0.684210526315789,21.8552631578947,0.601387886532527
"Large Woodshrike","Tephrodornis virgatus","X","X","X",206,0.106796116504854,0.283495145631068,0.461165048543689,12.6601941747573,0.846885547111184
"Common Woodshrike","Tephrodornis pondicerianus","X","X","X",2197,0.0760127446517979,0.340737369139736,0.54665452890305,12.7237141556668,0.284210964613247
"Bar-winged Flycatcher-shrike","Hemipus picatus","X","X","X",539,0.128014842300557,0.373654916512059,0.538033395176252,15.7884972170686,0.579986725432118
"Common Iora","Aegithina tiphia","X","X","X",2715,0.0898710865561694,0.422099447513812,0.61731123388582,11.7565377532228,0.251832459243632
"White-tailed Iora","Aegithina nigrolutea","","X","X",220,0.0454545454545455,0.286363636363636,0.504545454545455,16.2454545454545,0.783692059980937
"White-throated Fantail","Rhipidura albicollis","X","X","X",679,0.0765832106038292,0.372312223858616,0.600883652430044,11.2739322533137,0.45485325103484
"Spot-breasted Fantail","Rhipidura albogularis","X","X","X",964,0.0425311203319502,0.367946058091286,0.648340248962656,13.2344398340249,0.402025817736123
"White-browed Fantail","Rhipidura aureola","X","X","X",1181,0.0533446232006774,0.297290431837426,0.46740050804403,11.8679085520745,0.389482082079454
"Black Drongo","Dicrurus macrocercus","X","X","X",4320,0.0925925925925926,0.494421296296296,0.708796296296296,9.61574074074074,0.197621192133194
"Ashy Drongo","Dicrurus leucophaeus","X","X","X",2152,0.0924721189591078,0.389637546468401,0.5432156133829,13.1579925650558,0.28199338694602
"White-bellied Drongo","Dicrurus caerulescens","X","X","X",1389,0.0705543556515479,0.318934485241181,0.446364290856731,12.5169186465083,0.367255908052191
"Crow-billed Drongo","Dicrurus annectens","","","",20,0.1,0.115,0.2,16.75,3.32220076075135
"Bronzed Drongo","Dicrurus aeneus","X","X","X",870,0.132183908045977,0.432873563218391,0.631034482758621,13.6402298850575,0.488974982365218
"Lesser Racket-tailed Drongo","Dicrurus remifer","X","X","X",282,0.0815602836879433,0.298936170212766,0.471631205673759,12.3936170212766,0.767520317748913
"Hair-crested Drongo","Dicrurus hottentottus","X","X","X",711,0.113924050632911,0.350070323488045,0.506329113924051,14.4261603375527,0.507240438164727
"Andaman Drongo","Dicrurus andamanensis","","X","X",26,0.115384615384615,0.603846153846154,0.769230769230769,7.26923076923077,1.91903824531515
"Greater Racket-tailed Drongo","Dicrurus paradiseus","X","X","X",946,0.132135306553911,0.445031712473573,0.581395348837209,13.8054968287526,0.471365245621828
"Black-naped Monarch","Hypothymis azurea","X","X","X",1323,0.0793650793650794,0.367120181405896,0.558578987150416,13.8012093726379,0.379763512519498
"Amur Paradise-Flycatcher","Terpsiphone incei","","","",2,NA,0.5,NA,11.5,12.74
"Blyth's Paradise-Flycatcher","Terpsiphone affinis","","","",60,0.0166666666666667,0.248333333333333,0.5,12.3166666666667,1.35143246593426
"Indian Paradise-Flycatcher","Terpsiphone paradisi","X","X","X",2065,0.0837772397094431,0.41317191283293,0.576271186440678,13.4992736077482,0.284336870609668
"Tiger Shrike","Lanius tigrinus","","","",NA,NA,NA,NA,NA,NA
"Red-backed Shrike","Lanius collurio","","","",57,0.0350877192982456,0.229824561403509,0.491228070175439,14.8245614035088,1.49626933218429
"Red-tailed Shrike","Lanius phoenicuroides","","","",57,0.0175438596491228,0.203508771929825,0.403508771929825,14.8245614035088,1.55465147627397
"Isabelline Shrike","Lanius isabellinus","X","X","X",602,0.0448504983388704,0.265282392026578,0.355481727574751,12.7159468438538,0.514520718000991
"Brown Shrike","Lanius cristatus","X","X","X",1940,0.0974226804123711,0.389742268041237,0.589690721649485,12.880412371134,0.305820946203064
"Burmese Shrike","Lanius collurioides","","","",11,NA,0.222222222222222,0.181818181818182,11.7272727272727,3.06037322846751
"Bay-backed Shrike","Lanius vittatus","X","X","X",2177,0.0666054203031695,0.32875516766192,0.494258153422141,12.210840606339,0.283279130276696
"Long-tailed Shrike","Lanius schach","X","X","X",3371,0.0854345891426876,0.385078611687926,0.57816671610798,11.0694156036784,0.220856536422574
"Gray-backed Shrike","Lanius tephronotus","X","X","X",413,0.14043583535109,0.364406779661017,0.598062953995157,11.3341404358354,0.610119576332165
"Great Gray Shrike","Lanius excubitor","X","X","X",724,0.125690607734807,0.247375690607735,0.321823204419889,11.578729281768,0.469601124337568
"Lesser Gray Shrike","Lanius minor","","","",1,1,NA,NA,15,NA
"Giant Shrike","Lanius giganteus","","","",NA,NA,NA,NA,NA,NA
"Masked Shrike","Lanius nubicus","","","",NA,NA,NA,NA,NA,NA
"Woodchat Shrike","Lanius senator","","","",NA,NA,NA,NA,NA,NA
"Eurasian Jay","Garrulus glandarius","X","X","X",148,0.135135135135135,0.371621621621622,0.554054054054054,13.2837837837838,1.01008602429654
"Black-headed Jay","Garrulus lanceolatus","X","X","X",151,0.158940397350993,0.431788079470199,0.509933774834437,12.1986754966887,0.95043882618062
"Yellow-billed Blue-Magpie","Urocissa flavirostris","X","X","X",227,0.145374449339207,0.454625550660793,0.594713656387665,11.6563876651982,0.806638183011014
"Red-billed Blue-Magpie","Urocissa erythroryncha","X","X","X",169,0.159763313609467,0.532544378698225,0.710059171597633,14.0532544378698,0.900606984348071
"Common Green-Magpie","Cissa chinensis","X","X","X",188,0.143617021276596,0.317553191489362,0.537234042553192,12,0.946131093436078
"Rufous Treepie","Dendrocitta vagabunda","X","X","X",3362,0.0773349196906603,0.439886972040452,0.638013087447948,10.7486615110054,0.227567826661271
"Gray Treepie","Dendrocitta formosae","X","X","X",427,0.11943793911007,0.391569086651054,0.60655737704918,11.5878220140515,0.586818528060063
"White-bellied Treepie","Dendrocitta leucogastra","X","X","X",106,0.216981132075472,0.59622641509434,0.622641509433962,22.2641509433962,0.632376843576237
"Collared Treepie","Dendrocitta frontalis","","","X",41,0.0975609756097561,0.278048780487805,0.463414634146341,8.97560975609756,1.92805435583341
"Andaman Treepie","Dendrocitta bayleii","","X","X",20,0.1,0.55,0.75,8.45,2.15400625518322
"Black-rumped Magpie","Pica bottanensis","","","",NA,NA,NA,NA,NA,NA
"Eurasian Magpie","Pica pica","","","",96,0.166666666666667,0.45,0.614583333333333,6.02083333333333,0.854629699059552
"Southern Nutcracker","Nucifraga hemispila","","X","X",96,0.135416666666667,0.392708333333333,0.572916666666667,12.7083333333333,1.26414757586575
"Kashmir Nutcracker","Nucifraga multipunctata","","","X",39,0.153846153846154,0.217948717948718,0.333333333333333,9.12820512820513,1.87784063469814
"Red-billed Chough","Pyrrhocorax pyrrhocorax","X","X","X",242,0.231404958677686,0.365702479338843,0.533057851239669,7.97520661157025,0.68635547648433
"Yellow-billed Chough","Pyrrhocorax graculus","","X","X",228,0.131578947368421,0.332894736842105,0.486842105263158,8.15350877192983,0.746395846124053
"Eurasian Jackdaw","Coloeus monedula","","","",57,0.12280701754386,0.333333333333333,0.403508771929825,10.2631578947368,1.38638625618508
"House Crow","Corvus splendens","X","X","X",4305,0.0936120789779326,0.471405342624855,0.672241579558653,9.80627177700348,0.198427065999311
"Rook","Corvus frugilegus","","","",7,NA,0.485714285714286,0.571428571428571,12.1428571428571,5.26320561381876
"Carrion Crow","Corvus corone","","","",55,0.309090909090909,0.236363636363636,0.454545454545455,9.58181818181818,1.2944245621303
"Hooded Crow","Corvus cornix","","","",1,1,NA,NA,23,NA
"Large-billed Crow","Corvus macrorhynchos","X","X","X",3706,0.114948731786293,0.452347544522396,0.623313545601727,10.4633027522936,0.213293138910765
"Pied Crow","Corvus albus","","","",NA,NA,NA,NA,NA,NA
"Common Raven","Corvus corax","X","X","X",210,0.152380952380952,0.268095238095238,0.361904761904762,8.83809523809524,0.736930461475508
"Yellow-bellied Fairy-Fantail","Chelidorhynx hypoxanthus","X","X","X",306,0.150326797385621,0.366666666666667,0.513071895424837,11.8202614379085,0.726284342894773
"Gray-headed Canary-Flycatcher","Culicicapa ceylonensis","X","X","X",1230,0.117886178861789,0.349186991869919,0.528455284552846,13.0447154471545,0.372752140202613
"Fire-capped Tit","Cephalopyrus flammiceps","","","",73,0.150684931506849,0.20958904109589,0.205479452054795,14.5205479452055,1.50190262353659
"Yellow-browed Tit","Sylviparus modestus","X","X","X",112,0.160714285714286,0.350892857142857,0.5,12.9821428571429,1.25042974594719
"Sultan Tit","Melanochlora sultanea","","X","X",117,0.145299145299145,0.336752136752137,0.52991452991453,11.4017094017094,1.22228860143036
"Coal Tit","Periparus ater","X","X","X",228,0.201754385964912,0.446052631578947,0.679824561403509,11.469298245614,0.796949920149141
"Rufous-naped Tit","Periparus rufonuchalis","","X","X",137,0.18978102189781,0.287591240875912,0.45985401459854,10.8686131386861,0.973629177918948
"Rufous-vented Tit","Periparus rubidiventris","","","",67,0.119402985074627,0.377611940298507,0.626865671641791,13.3880597014925,1.63149120147993
"Gray-crested Tit","Lophophanes dichrous","","X","X",84,0.19047619047619,0.326190476190476,0.523809523809524,13.3928571428571,1.36227794697678
"Azure Tit","Cyanistes cyanus","","","",NA,NA,NA,NA,NA,NA
"Ground Tit","Pseudopodoces humilis","","","",40,0.075,0.285,0.4,8.175,1.5501317644573
"Green-backed Tit","Parus monticolus","X","X","X",342,0.192982456140351,0.449707602339181,0.62280701754386,11.0701754385965,0.669723651323208
"Asian Tit","Parus cinereus","X","X","X",2088,0.0933908045977011,0.386111111111111,0.549329501915709,11.9113984674329,0.282199788245467
"White-naped Tit","Machlolophus nuchalis","","","X",91,0.043956043956044,0.250549450549451,0.43956043956044,14.3406593406593,1.42718742914952
"Himalayan Black-lored Tit","Machlolophus xanthogenys","X","X","X",139,0.172661870503597,0.472661870503597,0.618705035971223,14.1079136690647,0.952420137095101
"Indian Yellow Tit","Machlolophus aplonotus","X","X","X",521,0.113243761996161,0.359309021113244,0.525911708253359,14.4644913627639,0.605146728632768
"Yellow-cheeked Tit","Machlolophus spilonotus","","X","X",98,0.102040816326531,0.318367346938775,0.571428571428571,10.3571428571429,1.26799297536186
"White-crowned Penduline-Tit","Remiz coronatus","","","",9,0.111111111111111,0.263888888888889,0.333333333333333,14,5.98789890807563
"Greater Hoopoe-Lark","Alaemon alaudipes","","","",44,0.0681818181818182,0.272727272727273,0.545454545454545,11.3636363636364,2.16767537443355
"Rufous-tailed Lark","Ammomanes phoenicura","X","X","X",1662,0.0589651022864019,0.302105896510229,0.462695547533093,11.7683513838748,0.314435164832159
"Desert Lark","Ammomanes deserti","","","",38,0.157894736842105,0.297368421052632,0.578947368421053,8.57894736842105,1.78739090573562
"Black-crowned Sparrow-Lark","Eremopterix nigriceps","","","",55,0.127272727272727,0.250909090909091,0.436363636363636,8.54545454545454,1.60018633748129
"Ashy-crowned Sparrow-Lark","Eremopterix griseus","X","X","X",2456,0.0647394136807818,0.33578990228013,0.494706840390879,11.3118892508143,0.261065424823806
"Singing Bushlark","Mirafra javanica","","","X",70,0.0285714285714286,0.18,0.285714285714286,13.0714285714286,1.50099213565706
"Bengal Bushlark","Plocealauda assamica","X","X","X",471,0.0530785562632696,0.306794055201699,0.494692144373673,11.7770700636943,0.536393631589201
"Jerdon's Bushlark","Plocealauda affinis","X","X","X",669,0.0687593423019432,0.431539611360239,0.66965620328849,15.2167414050822,0.530620615894226
"Indian Bushlark","Plocealauda erythroptera","X","X","X",1307,0.0520275439938791,0.278729915837796,0.495791889824025,11.3259372609028,0.326398193157557
"Horned Lark","Eremophila alpestris","","X","X",118,0.228813559322034,0.369491525423729,0.508474576271186,6.74576271186441,0.798665211838457
"Greater Short-toed Lark","Calandrella brachydactyla","X","X","X",743,0.0524899057873486,0.257604306864065,0.380888290713324,13.9138627187079,0.496244810446613
"Mongolian Short-toed Lark","Calandrella dukhunensis","","","",NA,NA,NA,NA,NA,NA
"Hume's Lark","Calandrella acutirostris","","","X",84,0.226190476190476,0.207142857142857,0.380952380952381,11.0952380952381,1.36655911027447
"Bimaculated Lark","Melanocorypha bimaculata","","","",80,0.125,0.20375,0.25,13.775,1.50573670517672
"Tibetan Lark","Melanocorypha maxima","","","",8,0.25,0.319444444444444,0.375,6.125,1.97525314833314
"Turkestan Short-toed Lark","Alaudala heinei","","","",1,NA,NA,NA,25,NA
"Sand Lark","Alaudala raytal","X","X","X",366,0.0519125683060109,0.25983606557377,0.461748633879781,12.6830601092896,0.652362110801844
"Eurasian Skylark","Alauda arvensis","","","",36,0.0277777777777778,0.205555555555556,0.333333333333333,13.8333333333333,1.93258606247921
"Oriental Skylark","Alauda gulgula","X","X","X",1326,0.0716440422322775,0.270588235294118,0.392156862745098,13.9585218702866,0.370701705630018
"Crested Lark","Galerida cristata","X","X","X",656,0.0701219512195122,0.296493902439024,0.466463414634146,10.7362804878049,0.467136768527563
"Malabar Lark","Galerida malabarica","X","X","X",280,0.110714285714286,0.4225,0.55,17.95,0.714428854270053
"Tawny Lark","Galerida deva","X","X","X",464,0.0366379310344828,0.284051724137931,0.461206896551724,13.5711206896552,0.572260903654502
"Common Tailorbird","Orthotomus sutorius","X","X","X",3923,0.0762171807290339,0.44789701758858,0.711700229416263,10.3530461381596,0.2062322513511
"Dark-necked Tailorbird","Orthotomus atrogularis","","","X",73,0.0958904109589041,0.287671232876712,0.561643835616438,12.2191780821918,1.46751014089719
"Himalayan Prinia","Prinia crinigera","X","X","X",207,0.1256038647343,0.395652173913044,0.555555555555556,13.1545893719807,0.839401820540385
"Black-throated Prinia","Prinia atrogularis","","","X",50,0.14,0.404,0.7,11.72,2.00041531687797
"Rufous-crowned Prinia","Prinia khasiana","","","X",40,0.025,0.2875,0.525,9.375,1.51932420030783
"Hill Prinia","Prinia superciliaris","","","",14,NA,0.380952380952381,0.642857142857143,5.78571428571429,1.96192213442289
"Gray-crowned Prinia","Prinia cinereocapilla","","X","X",10,0.1,0.35,0.5,21.2,4.35141581046394
"Rufous-fronted Prinia","Prinia buchanani","X","X","X",432,0.0740740740740741,0.2625,0.502314814814815,11.7685185185185,0.567493696841746
"Rufescent Prinia","Prinia rufescens","","","X",136,0.0514705882352941,0.247058823529412,0.507352941176471,10.8676470588235,1.06645904722013
"Gray-breasted Prinia","Prinia hodgsonii","X","X","X",2122,0.0645617342130066,0.351790763430726,0.614985862393968,12.5895381715363,0.282003541553958
"Delicate Prinia","Prinia lepida","X","X","X",369,0.0514905149051491,0.256910569105691,0.520325203252033,12.1815718157182,0.655771739712025
"Jungle Prinia","Prinia sylvatica","X","X","X",1415,0.03886925795053,0.301413427561837,0.51660777385159,13.278445229682,0.342931382646392
"Yellow-bellied Prinia","Prinia flaviventris","X","X","X",257,0.0505836575875486,0.289105058365759,0.536964980544747,12.7237354085603,0.761277882937258
"Ashy Prinia","Prinia socialis","X","X","X",3235,0.0531684698608964,0.437279752704791,0.668006182380216,10.5239567233385,0.232045691080543
"Plain Prinia","Prinia inornata","X","X","X",3341,0.0445974259203831,0.392098174199342,0.595330739299611,10.9278659084107,0.225637097067838
"Zitting Cisticola","Cisticola juncidis","X","X","X",2240,0.0450892857142857,0.3240625,0.567410714285714,12.7879464285714,0.275946583029653
"Golden-headed Cisticola","Cisticola exilis","","X","X",74,0.0810810810810811,0.318918918918919,0.527027027027027,17.7027027027027,1.36849148643224
"Thick-billed Warbler","Arundinax aedon","X","X","X",361,0.0664819944598338,0.255401662049861,0.385041551246537,17.6759002770083,0.686710196632928
"Booted Warbler","Iduna caligata","X","X","X",1755,0.0404558404558405,0.326438746438746,0.513390313390313,13.6307692307692,0.307639813835675
"Sykes's Warbler","Iduna rama","","","",NA,NA,NA,NA,NA,NA
"Black-browed Reed Warbler","Acrocephalus bistrigiceps","","","",14,NA,0.364285714285714,0.571428571428571,13.5,4.32817246919262
"Moustached Warbler","Acrocephalus melanopogon","","","",51,0.0588235294117647,0.254901960784314,0.274509803921569,14.7843137254902,1.74041086153121
"Sedge Warbler","Acrocephalus schoenobaenus","","","",2,1,NA,NA,19,7.84
"Paddyfield Warbler","Acrocephalus agricola","X","X","X",771,0.0466926070038911,0.261608300907912,0.402075226977951,15.757457846952,0.447981338228757
"Blunt-winged Warbler","Acrocephalus concinens","","","",NA,NA,NA,NA,NA,NA
"Blyth's Reed Warbler","Acrocephalus dumetorum","X","X","X",2304,0.0837673611111111,0.393446180555556,0.559027777777778,13.0794270833333,0.269128726695715
"Large-billed Reed Warbler","Acrocephalus orinus","","","",NA,NA,NA,NA,NA,NA
"Great Reed Warbler","Acrocephalus arundinaceus","","","",NA,NA,NA,NA,NA,NA
"Oriental Reed Warbler","Acrocephalus orientalis","","","",13,0.153846153846154,0.407692307692308,0.461538461538462,10.0769230769231,4.17234153983699
"Clamorous Reed Warbler","Acrocephalus stentoreus","X","X","X",1550,0.0509677419354839,0.33458064516129,0.484516129032258,14.3438709677419,0.323350157209502
"Pallas's Grasshopper Warbler","Helopsaltes certhiola","","","X",56,0.107142857142857,0.275,0.428571428571429,18,1.62610521855696
"Lanceolated Warbler","Locustella lanceolata","","","",2,NA,0.666666666666667,0.5,21,5.88
"Brown Bush Warbler","Locustella luteoventris","","","",8,NA,0.390625,0.75,12.5,3.20780298646909
"Common Grasshopper Warbler","Locustella naevia","","","",72,0.0555555555555556,0.201388888888889,0.319444444444444,19.5138888888889,1.29916461093867
"Long-billed Bush Warbler","Locustella major","","","X",1,1,NA,NA,14,NA
"Chinese Bush Warbler","Locustella tacsanowskia","","","",1,NA,NA,NA,19,NA
"Baikal Bush Warbler","Locustella davidi","","","",NA,NA,NA,NA,NA,NA
"West Himalayan Bush Warbler","Locustella kashmirensis","","","X",13,NA,0.175824175824176,0.230769230769231,15.5384615384615,3.79627222946889
"Spotted Bush Warbler","Locustella thoracica","","","",50,0.06,0.248,0.52,16.46,1.48078444076104
"Russet Bush Warbler","Locustella mandelli","","","",28,0.107142857142857,0.292857142857143,0.642857142857143,13.8928571428571,2.60815459096472
"Broad-tailed Grassbird","Schoenicola platyurus","","","X",41,0.0731707317073171,0.204878048780488,0.219512195121951,23.1951219512195,0.731508363195762
"Bristled Grassbird","Schoenicola striatus","","","X",48,0.0625,0.26875,0.4375,17.625,1.86255320262915
"Striated Grassbird","Megalurus palustris","X","X","X",286,0.0909090909090909,0.325174825174825,0.58041958041958,12.5314685314685,0.730977232423991
"Scaly-breasted Cupwing","Pnoepyga albiventer","X","X","X",153,0.104575163398693,0.359477124183007,0.581699346405229,13.7516339869281,0.985090909098303
"Immaculate Cupwing","Pnoepyga immaculata","","","X",40,0.025,0.3425,0.4,16.325,1.90958198540266
"Pygmy Cupwing","Pnoepyga pusilla","","X","X",169,0.0946745562130177,0.285798816568047,0.633136094674556,12.0414201183432,1.02933952709961
"Gray-throated Martin","Riparia chinensis","X","X","X",1056,0.0653409090909091,0.263920454545455,0.450757575757576,12.0217803030303,0.390101071070474
"Bank Swallow","Riparia riparia","","X","X",203,0.0640394088669951,0.231527093596059,0.443349753694581,16,0.863335809346257
"Pale Martin","Riparia diluta","","","",NA,NA,NA,NA,NA,NA
"Eurasian Crag-Martin","Ptyonoprogne rupestris","X","X","X",247,0.194331983805668,0.250202429149798,0.404858299595142,12.9352226720648,0.890725673693739
"Dusky Crag-Martin","Ptyonoprogne concolor","X","X","X",1720,0.0831395348837209,0.35343023255814,0.550581395348837,12.7732558139535,0.316500393191187
"Hill Swallow","Hirundo domicola","","","X",57,0.245614035087719,0.549122807017544,0.719298245614035,23.7368421052632,0.448385222190946
"Pacific Swallow","Hirundo javanica","","","",25,0.08,0.508,0.72,7.44,1.96678292989677
"Barn Swallow","Hirundo rustica","X","X","X",3319,0.100331425128051,0.410394697197951,0.602892437481169,11.469719795119,0.221918087813341
"Wire-tailed Swallow","Hirundo smithii","X","X","X",2509,0.0577919489836588,0.374013551215624,0.573535273017138,11.1857313670785,0.256403836748729
"Western House-Martin","Delichon urbicum","","","",198,0.176767676767677,0.175757575757576,0.348484848484849,15.3282828282828,1.08539075825439
"Siberian House-Martin","Delichon lagopodum","","","",NA,NA,NA,NA,NA,NA
"Asian House-Martin","Delichon dasypus","","","X",118,0.110169491525424,0.175423728813559,0.296610169491525,12.0508474576271,1.08024074296347
"Nepal House-Martin","Delichon nipalense","","X","X",159,0.119496855345912,0.293710691823899,0.421383647798742,12.5974842767296,1.05250786667825
"European Red-rumped Swallow","Cecropis rufula","","","",NA,NA,NA,NA,NA,NA
"Eastern Red-rumped Swallow","Cecropis daurica","X","X","X",2801,0.0996072831131739,0.394930382006426,0.556229917886469,12.198500535523,0.243485743299491
"Streak-throated Swallow","Petrochelidon fluvicola","X","X","X",1508,0.029840848806366,0.286074270557029,0.454907161803714,13.3183023872679,0.333231317306156
"White-throated Bulbul","Alophoixus flaveolus","X","X","X",233,0.107296137339056,0.306437768240343,0.570815450643777,10.4163090128755,0.780987370036879
"Striated Bulbul","Alcurus striatus","","X","X",101,0.0891089108910891,0.312871287128713,0.544554455445545,10.8217821782178,1.2540712808189
"Cachar Bulbul","Iole cacharensis","","","X",23,0.0434782608695652,0.228260869565217,0.217391304347826,10.695652173913,2.36524494287603
"Gray-eyed Bulbul","Iole propinqua","","","",2,NA,0.666666666666667,NA,4.5,2.94
"Ashy Bulbul","Hemixos flavala","X","X","X",249,0.0803212851405622,0.30281124497992,0.506024096385542,11.5421686746988,0.792267775389989
"Yellow-browed Bulbul","Acritillas indica","X","X","X",242,0.28099173553719,0.659917355371901,0.739669421487603,20.0537190082645,0.669765914016284
"Mountain Bulbul","Ixos mcclellandii","X","X","X",173,0.0867052023121387,0.32485549132948,0.508670520231214,11.2543352601156,0.961501240426867
"Nicobar Bulbul","Hypsipetes nicobariensis","","","X",6,0.166666666666667,0.444444444444444,NA,5,3.24042795527587
"Black Bulbul","Hypsipetes leucocephalus","X","X","X",494,0.121457489878543,0.435222672064777,0.639676113360324,10.9271255060729,0.553574677709509
"Square-tailed Bulbul","Hypsipetes ganeesa","X","X","X",179,0.229050279329609,0.493296089385475,0.569832402234637,20.8994413407821,0.613745427821799
"Gray-headed Bulbul","Microtarsus priocephalus","X","X","X",163,0.122699386503067,0.559509202453988,0.736196319018405,20.8220858895706,0.760726322643618
"Black-headed Bulbul","Microtarsus melanocephalos","","","",35,NA,0.2,0.457142857142857,9.4,1.70868838586794
"Andaman Bulbul","Microtarsus fuscoflavescens","","X","X",26,0.0769230769230769,0.546153846153846,0.730769230769231,7.23076923076923,1.9366658349372
"Black-crested Bulbul","Rubigula flaviventris","X","X","X",400,0.0775,0.3535,0.565,10.835,0.64281828651158
"Flame-throated Bulbul","Rubigula gularis","X","X","X",164,0.25,0.683536585365854,0.719512195121951,20.8475609756098,0.744132893463245
"Crested Finchbill","Spizixos canifrons","","","X",53,0.0566037735849057,0.269811320754717,0.377358490566038,9.0377358490566,1.21549712513885
"White-browed Bulbul","Pycnonotus luteolus","X","X","X",1397,0.0708661417322835,0.421975662133142,0.64924838940587,13.5397279885469,0.368342993036629
"Flavescent Bulbul","Pycnonotus flavescens","","","X",87,0.0229885057471264,0.28735632183908,0.540229885057471,8.01149425287356,1.03961391495993
"Yellow-throated Bulbul","Pycnonotus xantholaemus","","X","X",136,0.0808823529411765,0.324264705882353,0.441176470588235,17.375,1.15935989682685
"Red-whiskered Bulbul","Pycnonotus jocosus","X","X","X",1922,0.118626430801249,0.478720083246618,0.68366285119667,11.6748178980229,0.320034325341993
"Red-vented Bulbul","Pycnonotus cafer","X","X","X",4498,0.0964873277012005,0.506891951978657,0.73654957759004,9.54957759004002,0.192974949355148
"White-eared Bulbul","Pycnonotus leucotis","X","X","X",663,0.0603318250377074,0.34841628959276,0.552036199095023,9.95022624434389,0.490104774941377
"Himalayan Bulbul","Pycnonotus leucogenys","X","X","X",309,0.210355987055016,0.600970873786408,0.70873786407767,12.3721682847896,0.680554160607392
"Wood Warbler","Phylloscopus sibilatrix","","","",NA,NA,NA,NA,NA,NA
"Ashy-throated Warbler","Phylloscopus maculipennis","X","X","X",179,0.173184357541899,0.348603351955307,0.547486033519553,12.1564245810056,0.950402189497255
"Buff-barred Warbler","Phylloscopus pulcher","X","X","X",214,0.11214953271028,0.338317757009346,0.546728971962617,11.8831775700935,0.849670288047318
"Yellow-browed Warbler","Phylloscopus inornatus","X","X","X",415,0.0698795180722892,0.290602409638554,0.64578313253012,11.9879518072289,0.626836190463904
"Hume's Warbler","Phylloscopus humei","X","X","X",1355,0.0523985239852399,0.281254612546125,0.571955719557196,11.9594095940959,0.335344817180994
"Brooks's Leaf Warbler","Phylloscopus subviridis","","","X",32,0.25,0.209375,0.125,15.3125,2.441191827842
"Chinese Leaf Warbler","Phylloscopus yunnanensis","","","",NA,NA,NA,NA,NA,NA
"Pallas's Leaf Warbler","Phylloscopus proregulus","","","",NA,NA,NA,NA,NA,NA
"Lemon-rumped Warbler","Phylloscopus chloronotus","X","X","X",351,0.13960113960114,0.380911680911681,0.552706552706553,11.991452991453,0.654408757673635
"Sichuan Leaf Warbler","Phylloscopus forresti","","","",NA,NA,NA,NA,NA,NA
"Tytler's Leaf Warbler","Phylloscopus tytleri","","X","X",115,0.104347826086957,0.255652173913043,0.4,19.0260869565217,1.20301432220219
"Sulphur-bellied Warbler","Phylloscopus griseolus","X","X","X",856,0.0467289719626168,0.26553738317757,0.396028037383178,13.3084112149533,0.42061096273424
"Tickell's Leaf Warbler","Phylloscopus affinis","X","X","X",708,0.104519774011299,0.267796610169492,0.406779661016949,14.8432203389831,0.506109232692723
"Dusky Warbler","Phylloscopus fuscatus","","X","X",415,0.0771084337349398,0.322409638554217,0.607228915662651,12.1614457831325,0.576116089592265
"Smoky Warbler","Phylloscopus fuligiventer","","","",68,0.117647058823529,0.175,0.308823529411765,15.9852941176471,1.29111799172
"Plain Leaf Warbler","Phylloscopus neglectus","","","",13,0.307692307692308,0.201923076923077,0.384615384615385,13.1538461538462,3.71914414026865
"Buff-throated Warbler","Phylloscopus subaffinis","","","",7,NA,0.317460317460317,0.428571428571429,14.1428571428571,4.47416286397057
"Willow Warbler","Phylloscopus trochilus","","","",NA,NA,NA,NA,NA,NA
"Mountain Chiffchaff","Phylloscopus sindianus","","","",116,0.21551724137931,0.336206896551724,0.551724137931034,7.51724137931035,0.863791593423525
"Common Chiffchaff","Phylloscopus collybita","X","X","X",1418,0.0592383638928068,0.289774330042313,0.473201692524683,12.2249647390691,0.321799476725688
"White-spectacled Warbler","Phylloscopus intermedius","","","X",85,0.0941176470588235,0.236470588235294,0.423529411764706,12.7294117647059,1.38219281842751
"Gray-cheeked Warbler","Phylloscopus poliogenys","","X","X",126,0.111111111111111,0.282539682539683,0.5,10.2539682539683,1.15358053441566
"Green-crowned Warbler","Phylloscopus burkii","","","X",87,0.183908045977011,0.250574712643678,0.402298850574713,15.0919540229885,1.36808075807893
"Gray-crowned Warbler","Phylloscopus tephrocephalus","","","",18,NA,0.25,0.388888888888889,9.94444444444444,2.23795612999823
"Whistler's Warbler","Phylloscopus whistleri","X","X","X",324,0.0833333333333333,0.306481481481481,0.512345679012346,13.1851851851852,0.679035519162025
"Bianchi's Warbler","Phylloscopus valentini","","","",NA,NA,NA,NA,NA,NA
"Green Warbler","Phylloscopus nitidus","","","",NA,NA,NA,NA,NA,NA
"Greenish Warbler","Phylloscopus trochiloides","X","X","X",2612,0.0773353751914242,0.356776416539051,0.5895865237366,12.3311638591118,0.256021468179252
"Two-barred Warbler","Phylloscopus plumbeitarsus","","","",NA,NA,NA,NA,NA,NA
"Large-billed Leaf Warbler","Phylloscopus magnirostris","X","X","X",320,0.178125,0.3653125,0.559375,19.128125,0.677469802296102
"Pale-legged Leaf Warbler","Phylloscopus tenellipes","","","",NA,NA,NA,NA,NA,NA
"Sakhalin Leaf Warbler","Phylloscopus borealoides","","","",NA,NA,NA,NA,NA,NA
"Arctic Warbler","Phylloscopus borealis","","","",8,NA,0.34375,0.625,9.25,3.18095897490049
"Chestnut-crowned Warbler","Phylloscopus castaniceps","","X","X",137,0.109489051094891,0.31970802919708,0.554744525547445,12.5255474452555,1.11670379068143
"Yellow-vented Warbler","Phylloscopus cantator","","X","X",133,0.105263157894737,0.254887218045113,0.406015037593985,13.0451127819549,1.05885471452505
"Western Crowned Warbler","Phylloscopus occipitalis","X","X","X",444,0.157657657657658,0.326126126126126,0.45045045045045,17.2342342342342,0.621449768799236
"Blyth's Leaf Warbler","Phylloscopus reguloides","X","X","X",338,0.0887573964497041,0.297633136094675,0.541420118343195,12.3136094674556,0.663540099449155
"Claudia's Leaf Warbler","Phylloscopus claudiae","","","",NA,NA,NA,NA,NA,NA
"Gray-hooded Warbler","Phylloscopus xanthoschistos","X","X","X",417,0.129496402877698,0.445083932853717,0.647482014388489,11.5323741007194,0.593498074096105
"Pale-footed Bush Warbler","Hemitesia pallidipes","","X","X",17,0.235294117647059,0.129411764705882,0.0588235294117647,15.9411764705882,3.33382465813832
"Asian Stubtail","Urosphena squameiceps","","","",3,NA,0.333333333333333,0.333333333333333,14,10.7948382726808
"Gray-bellied Tesia","Tesia cyaniventer","X","X","X",159,0.119496855345912,0.29685534591195,0.553459119496855,13.6415094339623,1.038196002227
"Slaty-bellied Tesia","Tesia olivea","","","X",94,0.074468085106383,0.28936170212766,0.617021276595745,11.1489361702128,1.32811215147837
"Chestnut-crowned Bush Warbler","Cettia major","","","",49,0.0816326530612245,0.218367346938775,0.306122448979592,16.9387755102041,1.76293316190187
"Gray-sided Bush Warbler","Cettia brunnifrons","X","X","X",149,0.167785234899329,0.297315436241611,0.496644295302013,13.9261744966443,1.04162869004522
"Chestnut-headed Tesia","Cettia castaneocoronata","X","X","X",190,0.131578947368421,0.328947368421053,0.531578947368421,13.0421052631579,0.93966216203628
"Cetti's Warbler","Cettia cetti","","","",7,NA,0.333333333333333,0.428571428571429,17,3.36776879649816
"Yellow-bellied Warbler","Abroscopus superciliaris","","X","X",123,0.0975609756097561,0.280487804878049,0.544715447154472,12.1138211382114,1.15958547177337
"Rufous-faced Warbler","Abroscopus albogularis","","","X",52,0.0576923076923077,0.25,0.557692307692308,10.3846153846154,1.70222793751908
"Black-faced Warbler","Abroscopus schisticeps","","X","X",105,0.0761904761904762,0.38,0.6,13.0666666666667,1.26357934144903
"Mountain Tailorbird","Phyllergates cucullatus","","X","X",140,0.0785714285714286,0.267857142857143,0.578571428571429,11.35,1.02959335410644
"Broad-billed Warbler","Tickellia hodgsoni","","","X",34,0.176470588235294,0.317647058823529,0.441176470588235,13.3823529411765,2.24195567087225
"Manchurian Bush Warbler","Horornis canturians","","","",NA,NA,NA,NA,NA,NA
"Brownish-flanked Bush Warbler","Horornis fortipes","X","X","X",295,0.0915254237288136,0.336949152542373,0.620338983050847,11.6,0.731629371145776
"Hume's Bush Warbler","Horornis brunnescens","","","X",48,0.0625,0.30625,0.520833333333333,12.5,2.05002473605557
"Aberrant Bush Warbler","Horornis flavolivaceus","","X","X",112,0.116071428571429,0.270535714285714,0.473214285714286,15.0446428571429,1.17669044108642
"White-browed Tit-Warbler","Leptopoecile sophiae","","","X",42,0.0952380952380952,0.302380952380952,0.523809523809524,9,1.52026527424165
"Crested Tit-Warbler","Leptopoecile elegans","","","",NA,NA,NA,NA,NA,NA
"White-cheeked Tit","Aegithalos leucogenys","","","",NA,NA,NA,NA,NA,NA
"Black-throated Tit","Aegithalos concinnus","X","X","X",264,0.181818181818182,0.467045454545455,0.625,11.9356060606061,0.756882263007099
"White-throated Tit","Aegithalos niveogularis","","","X",46,0.173913043478261,0.2,0.173913043478261,12.2608695652174,1.53696100826819
"Black-browed Tit","Aegithalos iouschistos","","","",29,0.0344827586206897,0.372413793103448,0.655172413793103,13.4827586206897,2.59670293098223
"Eurasian Blackcap","Sylvia atricapilla","","","",NA,NA,NA,NA,NA,NA
"Garden Warbler","Sylvia borin","","","",1,1,NA,NA,23,NA
"Barred Warbler","Curruca nisoria","","","",1,1,NA,NA,15,NA
"Lesser Whitethroat","Curruca curruca","X","X","X",1992,0.0652610441767068,0.311897590361446,0.510542168674699,11.9307228915663,0.291787281210839
"Eastern Orphean Warbler","Curruca crassirostris","X","X","X",300,0.08,0.206,0.31,15.0133333333333,0.675103545587606
"Asian Desert Warbler","Curruca nana","","","",81,0.123456790123457,0.262962962962963,0.358024691358025,11.7901234567901,1.49170467314592
"Menetries's Warbler","Curruca mystacea","","","",NA,NA,NA,NA,NA,NA
"Greater Whitethroat","Curruca communis","","","",52,0.0192307692307692,0.239316239316239,0.403846153846154,15.5961538461538,1.56487397958817
"Fire-tailed Myzornis","Myzornis pyrrhoura","","","X",30,0.133333333333333,0.423333333333333,0.566666666666667,12.3666666666667,2.75825797653775
"Golden-breasted Fulvetta","Lioparus chrysotis","","","X",36,0.222222222222222,0.411111111111111,0.638888888888889,12.5555555555556,2.17871091119678
"Yellow-eyed Babbler","Chrysomma sinense","X","X","X",1966,0.0412004069175992,0.316632756866734,0.531536113936928,12.0193285859613,0.286329370025176
"Jerdon's Babbler","Chrysomma altirostre","","","X",20,0.1,0.37,0.4,16.2,2.26886403294688
"Brown-throated Fulvetta","Fulvetta ludlowi","","X","X",15,NA,0.44,0.8,10.2666666666667,2.61193295813231
"White-browed Fulvetta","Fulvetta vinipectus","","","X",58,0.206896551724138,0.377586206896552,0.362068965517241,12.6379310344828,1.71981753427826
"Manipur Fulvetta","Fulvetta manipurensis","","X","X",14,NA,0.3,0.428571428571429,9.14285714285714,2.8680950526036
"Black-breasted Parrotbill","Paradoxornis flavirostris","X","X","X",20,0.05,0.425,0.6,15.15,2.4100618467714
"Spot-breasted Parrotbill","Paradoxornis guttaticollis","","","X",26,0.0384615384615385,0.269230769230769,0.423076923076923,8.11538461538461,1.72358973138336
"Great Parrotbill","Paradoxornis aemodius","","","X",9,0.222222222222222,0.416666666666667,0.444444444444444,17.8888888888889,5.10734160514107
"Brown Parrotbill","Paradoxornis unicolor","X","X","X",24,0.166666666666667,0.4,0.708333333333333,14.5833333333333,2.741352587622
"Gray-headed Parrotbill","Paradoxornis gularis","","","X",31,0.0967741935483871,0.196774193548387,0.258064516129032,10.6451612903226,2.11323056152757
"White-breasted Parrotbill","Paradoxornis ruficeps","","X","X",17,0.0588235294117647,0.294117647058824,0.529411764705882,9.88235294117647,2.75592736481541
"Rufous-headed Parrotbill","Paradoxornis bakeri","","","X",21,0.0476190476190476,0.232804232804233,0.428571428571429,7.85714285714286,1.86082419015518
"Fulvous Parrotbill","Suthora fulvifrons","","","X",11,0.181818181818182,0.323232323232323,0.454545454545455,17.6363636363636,3.55828689397506
"Black-throated Parrotbill","Suthora nipalensis","","","X",53,0.150943396226415,0.322641509433962,0.528301886792453,11.2452830188679,1.83580973321429
"Pale-billed Parrotbill","Suthora atrosuperciliaris","X","X","X",19,0.105263157894737,0.310526315789474,0.473684210526316,9.47368421052632,2.179104551214
"Striated Yuhina","Staphida castaniceps","","X","X",118,0.0423728813559322,0.228813559322034,0.466101694915254,9.13559322033898,1.0209305462003
"Black-chinned Yuhina","Yuhina nigrimenta","","X","X",112,0.0892857142857143,0.305357142857143,0.517857142857143,12.0803571428571,1.32905267945811
"Whiskered Yuhina","Yuhina flavicollis","X","X","X",285,0.119298245614035,0.391578947368421,0.554385964912281,11.4561403508772,0.737273198989843
"White-naped Yuhina","Yuhina bakeri","","","X",80,0.1375,0.31875,0.5875,9.75,1.47824690902793
"Stripe-throated Yuhina","Yuhina gularis","","X","X",116,0.129310344827586,0.362068965517241,0.5,11.9741379310345,1.26433085053409
"Rufous-vented Yuhina","Yuhina occipitalis","","","X",50,0.18,0.444,0.64,11.2,1.92529270501916
"Chestnut-flanked White-eye","Zosterops erythropleurus","","","",NA,NA,NA,NA,NA,NA
"Indian White-eye","Zosterops palpebrosus","X","X","X",2750,0.072,0.379781818181818,0.629090909090909,11.0690909090909,0.241178433151666
"Chestnut-capped Babbler","Timalia pileata","","X","X",105,0.0476190476190476,0.300952380952381,0.552380952380952,13.552380952381,1.17131831638142
"Tawny-bellied Babbler","Dumetia hyperythra","X","X","X",1041,0.0634005763688761,0.328338136407301,0.491834774255524,14.9442843419789,0.401361834475814
"Dark-fronted Babbler","Dumetia atriceps","X","X","X",157,0.248407643312102,0.619108280254777,0.662420382165605,20.9745222929936,0.719439386155123
"Pin-striped Tit-Babbler","Mixornis gularis","X","X","X",338,0.0769230769230769,0.306213017751479,0.57396449704142,10.9112426035503,0.64916748994381
"Golden Babbler","Cyanoderma chrysaeum","","X","X",135,0.0962962962962963,0.264444444444444,0.503703703703704,9.32592592592593,1.0190044624769
"Black-chinned Babbler","Cyanoderma pyrrhops","X","X","X",161,0.15527950310559,0.490062111801242,0.627329192546584,14.1366459627329,0.853173326996291
"Rufous-capped Babbler","Cyanoderma ruficeps","","","X",87,0.103448275862069,0.366666666666667,0.632183908045977,9.72413793103448,1.35679668380895
"Rufous-fronted Babbler","Cyanoderma rufifrons","","","X",104,0.0480769230769231,0.229807692307692,0.557692307692308,11.75,0.972561388022751
"Rufous-throated Wren-Babbler","Spelaeornis caudatus","X","X","X",18,0.0555555555555556,0.444444444444444,0.666666666666667,17.1111111111111,3.20023074694567
"Mishmi Wren-Babbler","Spelaeornis badeigularis","","X","X",9,NA,0.277777777777778,0.555555555555556,7.88888888888889,3.33847011609351
"Bar-winged Wren-Babbler","Spelaeornis troglodytoides","","X","X",6,NA,0.6,0.666666666666667,12.1666666666667,5.04591628062844
"Naga Wren-Babbler","Spelaeornis chocolatinus","","X","X",12,NA,0.208333333333333,0.416666666666667,9.58333333333333,2.5241114047994
"Chin Hills Wren-Babbler","Spelaeornis oatesi","","","X",4,NA,0.392857142857143,0.75,5.25,1.67366862510673
"Tawny-breasted Wren-Babbler","Spelaeornis longicaudatus","","X","X",6,0.166666666666667,0.416666666666667,0.5,13.8333333333333,3.48478470560872
"Black-crowned Scimitar-Babbler","Pomatorhinus ferruginosus","","","X",26,0.0769230769230769,0.288461538461538,0.346153846153846,11.5769230769231,2.58923932536636
"Brown-crowned Scimitar-Babbler","Pomatorhinus phayrei","","","",24,NA,0.21875,0.583333333333333,8.29166666666667,2.04166666666667
"Red-billed Scimitar-Babbler","Pomatorhinus ochraceiceps","X","X","X",21,0.0476190476190476,0.314285714285714,0.523809523809524,9,2.03329617452385
"Slender-billed Scimitar-Babbler","Pomatorhinus superciliaris","","","X",55,0.181818181818182,0.370909090909091,0.6,10.8909090909091,1.92112234821963
"Streak-breasted Scimitar-Babbler","Pomatorhinus ruficollis","","X","X",118,0.0847457627118644,0.346610169491525,0.576271186440678,11.4915254237288,1.20767362272616
"White-browed Scimitar-Babbler","Pomatorhinus schisticeps","","X","X",216,0.0509259259259259,0.284259259259259,0.458333333333333,13.0694444444444,0.841483861404206
"Indian Scimitar-Babbler","Pomatorhinus horsfieldii","X","X","X",469,0.166311300639659,0.452238805970149,0.671641791044776,16.9658848614073,0.604600755065366
"Large Scimitar-Babbler","Erythrogenys hypoleucos","","","X",30,0.1,0.263333333333333,0.4,12.0666666666667,2.30177537343065
"Rusty-cheeked Scimitar-Babbler","Erythrogenys erythrogenys","X","X","X",174,0.155172413793103,0.483908045977012,0.67816091954023,14.5287356321839,0.863258541504417
"Spot-breasted Scimitar-Babbler","Erythrogenys mcclellandi","","","X",52,NA,0.288461538461538,0.615384615384615,9.48076923076923,1.28448047538994
"Gray-throated Babbler","Stachyris nigriceps","","","X",165,0.121212121212121,0.267272727272727,0.509090909090909,11.1818181818182,0.953683197644864
"Sikkim Wedge-billed Babbler","Stachyris humei","","X","X",6,NA,0.3,0.666666666666667,15.5,2.19134661794979
"Cachar Wedge-billed Babbler","Stachyris roberti","","X","X",15,NA,0.273333333333333,0.4,7.66666666666667,2.61333333333333
"Snowy-throated Babbler","Stachyris oglei","","","X",7,0.142857142857143,0.285714285714286,0.428571428571429,8.71428571428571,4.60086948304339
"Indian Grassbird","Graminicola bengalensis","","","X",20,0.05,0.315,0.6,12.4,2.67686289289691
"White-hooded Babbler","Gampsorhynchus rufulus","","","X",43,0.116279069767442,0.272093023255814,0.441860465116279,12.046511627907,1.98260981087044
"Yellow-throated Fulvetta","Schoeniparus cinereus","","","X",63,0.0317460317460317,0.247619047619048,0.507936507936508,10.2539682539683,1.69579722719512
"Rufous-winged Fulvetta","Schoeniparus castaneceps","","X","X",81,0.160493827160494,0.358024691358025,0.555555555555556,10.5802469135802,1.45759245744
"Rufous-throated Fulvetta","Schoeniparus rufogularis","X","X","X",22,0.136363636363636,0.281818181818182,0.5,11.0909090909091,2.42945379252777
"Rusty-capped Fulvetta","Schoeniparus dubius","","","X",35,0.0857142857142857,0.311428571428571,0.485714285714286,9.08571428571429,1.58351151113036
"Puff-throated Babbler","Pellorneum ruficeps","X","X","X",1013,0.0957551826258638,0.400098716683119,0.688055281342547,14.6584402764067,0.424421466736785
"Marsh Babbler","Pellorneum palustre","X","X","X",13,0.0769230769230769,0.315384615384615,0.384615384615385,18.6153846153846,2.08821281042363
"Spot-throated Babbler","Pellorneum albiventre","","","",27,NA,0.262962962962963,0.62962962962963,11.6296296296296,1.51296724169191
"Buff-breasted Babbler","Pellorneum tickelli","","","",34,0.0882352941176471,0.267647058823529,0.617647058823529,13.1470588235294,1.8854442197081
"Rufous-vented Grass Babbler","Laticilla burnesii","","X","X",16,0.0625,0.275,0.375,7.25,3.02850127951104
"Swamp Grass Babbler","Laticilla cinerascens","","","X",13,0.0769230769230769,0.264957264957265,0.461538461538462,19.3076923076923,1.88813005602931
"Abbott's Babbler","Malacocincla abbotti","","X","X",122,0.0737704918032787,0.272131147540984,0.475409836065574,13.4672131147541,1.03273522880345
"Streaked Wren-Babbler","Gypsophila brevicaudata","","","X",16,0.125,0.236111111111111,0.375,11.4375,2.77167811683343
"Eyebrowed Wren-Babbler","Napothera epilepidota","X","X","X",22,0.0454545454545455,0.240909090909091,0.454545454545455,9.09090909090909,2.31015484913831
"Long-billed Wren-Babbler","Napothera malacoptila","","","X",20,0.2,0.33,0.5,13.75,2.95500556594008
"Brown-cheeked Fulvetta","Alcippe poioicephala","X","X","X",464,0.15301724137931,0.423491379310345,0.648706896551724,15.5926724137931,0.654752209589047
"Nepal Fulvetta","Alcippe nipalensis","X","X","X",191,0.0890052356020942,0.32303664921466,0.602094240837696,9.92146596858639,0.886017368614289
"Striated Laughingthrush","Grammatoptila striata","X","X","X",177,0.141242937853107,0.404519774011299,0.627118644067797,12.0734463276836,0.961968441783762
"Himalayan Cutia","Cutia nipalensis","","","X",56,0.0892857142857143,0.323214285714286,0.535714285714286,11.4821428571429,1.74308177975363
"Scaly Laughingthrush","Trochalopteron subunicolor","X","X","X",25,0.32,0.524,0.68,15.68,2.5016439608119
"Brown-capped Laughingthrush","Trochalopteron austeni","","","X",9,NA,0.211111111111111,0.444444444444444,7.66666666666667,2.86648836654809
"Blue-winged Laughingthrush","Trochalopteron squamatum","","","X",86,0.0697674418604651,0.273255813953488,0.465116279069767,10.093023255814,1.33852712890441
"Streaked Laughingthrush","Trochalopteron lineatum","X","X","X",263,0.178707224334601,0.522433460076046,0.661596958174905,11.1444866920152,0.784907904469858
"Bhutan Laughingthrush","Trochalopteron imbricatum","","X","X",10,NA,0.65,0.9,13.6,3.50858857345483
"Striped Laughingthrush","Trochalopteron virgatum","","X","X",26,0.0384615384615385,0.215384615384615,0.384615384615385,9,1.71559220544529
"Variegated Laughingthrush","Trochalopteron variegatum","X","X","X",169,0.130177514792899,0.407100591715976,0.526627218934911,11.396449704142,0.904797685570783
"Black-faced Laughingthrush","Trochalopteron affine","","","X",49,0.163265306122449,0.461224489795918,0.653061224489796,11.0816326530612,2.00599102689917
"Elliot's Laughingthrush","Trochalopteron elliotii","","","",NA,NA,NA,NA,NA,NA
"Chestnut-crowned Laughingthrush","Trochalopteron erythrocephalum","X","X","X",165,0.139393939393939,0.444242424242424,0.593939393939394,12.0060606060606,1.00630145987371
"Assam Laughingthrush","Trochalopteron chrysopterum","","","X",31,0.032258064516129,0.280645161290323,0.516129032258065,9.41935483870968,1.68280445770506
"Banasura Laughingthrush","Montecincla jerdoni","","","X",4,NA,0.5,0.75,25,0
"Nilgiri Laughingthrush","Montecincla cachinnans","X","X","X",9,0.555555555555556,0.588888888888889,0.666666666666667,24.1111111111111,0.891293968492778
"Palani Laughingthrush","Montecincla fairbanki","X","X","X",18,0.277777777777778,0.55,0.555555555555556,22.8888888888889,1.25660075646461
"Ashambu Laughingthrush","Montecincla meridionalis","","","X",6,0.666666666666667,0.375,0.333333333333333,23,1.43138161694683
"Long-tailed Sibia","Heterophasia picaoides","","","X",48,0.125,0.3,0.479166666666667,10.5,1.71537230001524
"Rufous Sibia","Heterophasia capistrata","X","X","X",186,0.188172043010753,0.511827956989247,0.661290322580645,13.1720430107527,0.913125080139703
"Beautiful Sibia","Heterophasia pulchella","","","X",68,0.102941176470588,0.307352941176471,0.485294117647059,7.79411764705882,1.09465995226523
"Gray Sibia","Heterophasia gracilis","","","X",64,0.0625,0.328125,0.5,8.078125,1.1335453424556
"Hoary-throated Barwing","Actinodura nipalensis","X","X","X",27,0.333333333333333,0.459259259259259,0.777777777777778,15.1851851851852,2.65289772305814
"Streak-throated Barwing","Actinodura waldeni","","","X",34,0.0588235294117647,0.211764705882353,0.323529411764706,8.76470588235294,1.5460514806676
"Blue-winged Minla","Actinodura cyanouroptera","X","X","X",187,0.0802139037433155,0.355080213903743,0.566844919786096,11.5294117647059,0.935196076547625
"Chestnut-tailed Minla","Actinodura strigula","X","X","X",160,0.175,0.38125,0.53125,12.2,0.976109257726238
"Rusty-fronted Barwing","Actinodura egertoni","","X","X",111,0.108108108108108,0.327927927927928,0.558558558558559,9.76576576576577,1.10969505775449
"Red-billed Leiothrix","Leiothrix lutea","X","X","X",156,0.108974358974359,0.374358974358974,0.525641025641026,12.8205128205128,1.11498592381958
"Silver-eared Mesia","Leiothrix argentauris","X","X","X",195,0.0820512820512821,0.322051282051282,0.58974358974359,8.96923076923077,0.846949607023264
"Red-tailed Minla","Minla ignotincta","","X","X",96,0.145833333333333,0.359375,0.552083333333333,10.375,1.32000375464644
"Rufous-backed Sibia","Leioptila annectens","","","X",59,0.0677966101694915,0.235593220338983,0.389830508474576,8.84745762711864,1.36496441733947
"Bugun Liocichla","Liocichla bugunorum","","X","X",3,NA,0.4,1,14.6666666666667,2.84781397644657
"Red-faced Liocichla","Liocichla phoenicea","","X","X",83,0.0240963855421687,0.292771084337349,0.469879518072289,10.5542168674699,1.35118271578578
"Large Gray Babbler","Argya malcolmi","X","X","X",2174,0.0528978840846366,0.362235510579577,0.588316467341306,10.7069917203312,0.278214154228214
"Slender-billed Babbler","Argya longirostris","","","X",14,0.0714285714285714,0.442857142857143,0.5,15,3.34470879495912
"Rufous Babbler","Argya subrufa","X","X","X",190,0.157894736842105,0.568421052631579,0.663157894736842,20.9052631578947,0.659874427120074
"Jungle Babbler","Argya striata","X","X","X",3196,0.0763454317897372,0.424342928660826,0.633917396745932,10.2074468085106,0.23149659837156
"Yellow-billed Babbler","Argya affinis","X","X","X",895,0.111731843575419,0.529720670391062,0.683798882681564,13.7441340782123,0.48662893023162
"Common Babbler","Argya caudata","X","X","X",1654,0.0598548972188634,0.323276904474002,0.512696493349456,11.1154776299879,0.307690431839722
"Striated Babbler","Argya earlei","X","X","X",323,0.0526315789473684,0.290092879256966,0.455108359133127,12.2383900928793,0.716082346495608
"Spot-breasted Laughingthrush","Garrulax merulinus","","","",22,NA,0.232954545454545,0.318181818181818,9.63636363636364,1.92379789663765
"Lesser Necklaced Laughingthrush","Garrulax monileger","","X","X",140,0.0785714285714286,0.285,0.485714285714286,11.7642857142857,1.02086800420739
"White-crested Laughingthrush","Garrulax leucolophus","X","X","X",245,0.118367346938776,0.328163265306122,0.563265306122449,11.6040816326531,0.848168866576408
"Rufous-chinned Laughingthrush","Ianthocincla rufogularis","","X","X",71,0.112676056338028,0.333802816901408,0.422535211267606,16.3802816901408,1.34567200764241
"Moustached Laughingthrush","Ianthocincla cineracea","","","",14,NA,0.182539682539683,0.285714285714286,7.78571428571429,2.47563511664567
"Spotted Laughingthrush","Ianthocincla ocellata","","","X",33,0.0909090909090909,0.463636363636364,0.606060606060606,14.6969696969697,2.28796794929615
"Wayanad Laughingthrush","Pterorhinus delesserti","","","X",55,0.254545454545455,0.352727272727273,0.345454545454545,23.2545454545455,0.692204873855307
"Rufous-vented Laughingthrush","Pterorhinus gularis","X","X","X",13,0.0769230769230769,0.276923076923077,0.461538461538462,12,2.69071337409589
"Yellow-throated Laughingthrush","Pterorhinus galbanus","","X","X",15,NA,0.206666666666667,0.266666666666667,10.4,2.73063411438931
"Rufous-necked Laughingthrush","Pterorhinus ruficollis","","X","X",181,0.0718232044198895,0.266850828729282,0.480662983425414,11.3591160220994,0.907708359391697
"Chestnut-backed Laughingthrush","Pterorhinus nuchalis","","X","X",5,0.6,0.44,0.6,12.8,5.20046767127727
"White-browed Laughingthrush","Pterorhinus sannio","","","",18,NA,0.319444444444444,0.277777777777778,10.3333333333333,2.27979359230817
"Greater Necklaced Laughingthrush","Pterorhinus pectoralis","X","X","X",171,0.0584795321637427,0.277777777777778,0.467836257309941,11.3801169590643,0.95975206197372
"Mount Victoria Babax","Pterorhinus woodi","","","X",1,1,1,1,7,NA
"White-throated Laughingthrush","Pterorhinus albogularis","X","X","X",132,0.181818181818182,0.486363636363636,0.621212121212121,14.1515151515152,1.05067072603537
"Gray-sided Laughingthrush","Pterorhinus caerulatus","","","X",41,0.170731707317073,0.346341463414634,0.439024390243902,13.1219512195122,2.12865948327036
"Goldcrest","Regulus regulus","","","X",154,0.155844155844156,0.231818181818182,0.357142857142857,12.3246753246753,1.02116585898376
"Wallcreeper","Tichodroma muraria","X","X","X",223,0.130044843049327,0.318385650224215,0.452914798206278,13.3363228699552,0.793680442053259
"White-cheeked Nuthatch","Sitta leucopsis","","","X",78,0.153846153846154,0.267948717948718,0.346153846153846,10.6794871794872,1.26226096959555
"Beautiful Nuthatch","Sitta formosa","","","X",29,0.137931034482759,0.231034482758621,0.310344827586207,9.06896551724138,1.96706218773484
"Velvet-fronted Nuthatch","Sitta frontalis","X","X","X",461,0.17353579175705,0.424945770065076,0.524945770065076,15.6832971800434,0.673398892780277
"Yunnan Nuthatch","Sitta yunnanensis","","","",2,NA,0.8,0.5,5.5,6.86
"White-tailed Nuthatch","Sitta himalayensis","X","X","X",153,0.143790849673203,0.396732026143791,0.535947712418301,13.5032679738562,0.999216766778102
"Indian Nuthatch","Sitta castanea","X","X","X",407,0.0466830466830467,0.227027027027027,0.378378378378378,11.8132678132678,0.689712117780026
"Chestnut-bellied Nuthatch","Sitta cinnamoventris","X","X","X",259,0.154440154440154,0.385328185328185,0.513513513513513,12.6332046332046,0.77576717074197
"Chestnut-vented Nuthatch","Sitta nagaensis","","","",16,NA,0.29375,0.5625,8.375,2.18311360217466
"Kashmir Nuthatch","Sitta cashmirensis","","","X",23,0.173913043478261,0.309178743961353,0.434782608695652,11.6086956521739,2.42954495932885
"Hodgson's Treecreeper","Certhia hodgsoni","","","X",83,0.132530120481928,0.267469879518072,0.337349397590361,12.0120481927711,1.23289844318625
"Bar-tailed Treecreeper","Certhia himalayana","X","X","X",231,0.177489177489178,0.477056277056277,0.597402597402597,12.2813852813853,0.782611218549497
"Rusty-flanked Treecreeper","Certhia nipalensis","","","X",41,0.195121951219512,0.448780487804878,0.585365853658537,13.6829268292683,1.99134718344065
"Sikkim Treecreeper","Certhia discolor","","","X",32,0.25,0.484375,0.8125,13.5625,2.49221493500421
"Hume's Treecreeper","Certhia manipurensis","","","",3,NA,0.444444444444444,0.666666666666667,5.33333333333333,2.35562683330314
"Indian Spotted Creeper","Salpornis spilonota","","","X",76,0.0526315789473684,0.165789473684211,0.25,11.5789473684211,1.46960480991396
"Eurasian Wren","Troglodytes troglodytes","X","X","X",207,0.120772946859903,0.307729468599034,0.492753623188406,10.7729468599034,0.813970753972912
"Spotted Elachura","Elachura formosa","","","X",82,0.0609756097560976,0.273170731707317,0.573170731707317,10.9756097560976,1.32249496201405
"White-throated Dipper","Cinclus cinclus","","","X",97,0.123711340206186,0.242268041237113,0.360824742268041,8.57731958762887,0.993310954583628
"Brown Dipper","Cinclus pallasii","X","X","X",330,0.145454545454545,0.349393939393939,0.518181818181818,10.6090909090909,0.678290599600639
"Asian Glossy Starling","Aplonis panayensis","","","X",40,0.175,0.4875,0.675,6.725,1.58485135596775
"Golden-crested Myna","Ampeliceps coronatus","","","",13,0.0769230769230769,0.230769230769231,0.538461538461538,11.1538461538462,3.22249024707677
"Common Hill Myna","Gracula religiosa","X","X","X",347,0.0979827089337176,0.346685878962536,0.559077809798271,10.6628242074928,0.646770283852965
"Southern Hill Myna","Gracula indica","X","X","X",175,0.291428571428571,0.655428571428571,0.76,21.4742857142857,0.624332525605334
"European Starling","Sturnus vulgaris","X","X","X",285,0.108771929824561,0.252631578947368,0.280701754385965,12.4385964912281,0.728448377957596
"Rosy Starling","Pastor roseus","X","X","X",2035,0.0363636363636364,0.342457002457002,0.513513513513513,12.5420147420147,0.295010627050477
"Daurian Starling","Agropsar sturninus","","","",9,NA,0.432098765432099,0.777777777777778,8.55555555555556,2.94201576986315
"Chestnut-cheeked Starling","Agropsar philippensis","","","",NA,NA,NA,NA,NA,NA
"Indian Pied Starling","Gracupica contra","X","X","X",2587,0.0579822187862389,0.376923076923077,0.578275995361422,9.03865481252416,0.226866630516258
"White-shouldered Starling","Sturnia sinensis","","","",NA,NA,NA,NA,NA,NA
"Brahminy Starling","Sturnia pagodarum","X","X","X",3163,0.0657603540942144,0.396711982295289,0.599430920012646,10.8362314258615,0.234423747198296
"Chestnut-tailed Starling","Sturnia malabarica","X","X","X",1701,0.072310405643739,0.370958259847149,0.537918871252205,13.5820105820106,0.322621185909037
"Malabar Starling","Sturnia blythii","","X","X",241,0.157676348547718,0.575933609958506,0.672199170124481,19.746887966805,0.735804260882011
"White-headed Starling","Sturnia erythropygia","X","X","X",28,0.142857142857143,0.582142857142857,0.714285714285714,7.42857142857143,1.82139547640854
"Red-billed Starling","Spodiopsar sericeus","","","",NA,NA,NA,NA,NA,NA
"White-cheeked Starling","Spodiopsar cineraceus","","","",10,NA,0.26,0.4,12.5,3.68713921022187
"Common Myna","Acridotheres tristis","X","X","X",4489,0.105368678993094,0.499866339942081,0.709512140788594,9.59545555803074,0.193470285397138
"Bank Myna","Acridotheres ginginianus","X","X","X",1489,0.0671591672263264,0.323505708529214,0.488918737407656,10.12760241773,0.31835631301859
"Jungle Myna","Acridotheres fuscus","X","X","X",1371,0.116703136396791,0.487308533916849,0.654266958424508,13.399708242159,0.36412306414659
"Collared Myna","Acridotheres albocinctus","","","",NA,NA,NA,NA,NA,NA
"Great Myna","Acridotheres grandis","","X","X",190,0.0315789473684211,0.386842105263158,0.710526315789474,12.1947368421053,0.811767180584112
"Spot-winged Starling","Saroglossa spilopterus","","X","X",93,0.129032258064516,0.255913978494624,0.419354838709677,15.8709677419355,1.24792505278522
"Grandala","Grandala coelicolor","X","X","X",30,0.133333333333333,0.203333333333333,0.3,11.1333333333333,1.84328016800968
"Long-tailed Thrush","Zoothera dixoni","","","",42,0.0476190476190476,0.219047619047619,0.214285714285714,16.7142857142857,1.8801625945949
"Alpine Thrush","Zoothera mollissima","","X","X",86,0.151162790697674,0.303488372093023,0.383720930232558,13.5813953488372,1.33807052121819
"Himalayan Thrush","Zoothera salimalii","","","X",14,NA,0.277777777777778,0.357142857142857,15.8571428571429,3.42488629794423
"Dark-sided Thrush","Zoothera marginata","","","X",25,0.16,0.168,0.2,17.4,2.3844429118769
"Long-billed Thrush","Zoothera monticola","","","X",79,0.0632911392405063,0.293670886075949,0.506329113924051,15.6835443037975,1.33508535460446
"White's Thrush","Zoothera aurea","","","",NA,NA,NA,NA,NA,NA
"Scaly Thrush","Zoothera dauma","X","X","X",210,0.119047619047619,0.223333333333333,0.261904761904762,14.2857142857143,0.883642454412886
"Nilgiri Thrush","Zoothera neilgherriensis","X","X","X",32,0.21875,0.271875,0.25,23.40625,0.805918348891899
"Purple Cochoa","Cochoa purpurea","","","X",25,NA,0.244,0.36,13.88,2.66185030383003
"Green Cochoa","Cochoa viridis","","","X",40,0.075,0.235,0.55,13.075,2.00027812809709
"Siberian Thrush","Geokichla sibirica","","","",1,NA,NA,NA,18,NA
"Pied Thrush","Geokichla wardii","","","X",33,0.151515151515152,0.278787878787879,0.212121212121212,20.4848484848485,1.92085684029765
"Orange-headed Thrush","Geokichla citrina","X","X","X",1086,0.0976058931860037,0.400092081031308,0.548802946593002,15.255985267035,0.399008606638727
"Chinese Thrush","Turdus mupinensis","","","",NA,NA,NA,NA,NA,NA
"Mistle Thrush","Turdus viscivorus","","X","X",127,0.181102362204724,0.311023622047244,0.409448818897638,12.1259842519685,1.02776659844297
"Song Thrush","Turdus philomelos","","","",2,1,NA,NA,19,7.84
"Chinese Blackbird","Turdus mandarinus","","","",NA,NA,NA,NA,NA,NA
"Gray-winged Blackbird","Turdus boulboul","X","X","X",270,0.140740740740741,0.391481481481481,0.451851851851852,13.4444444444444,0.732948818371387
"Indian Blackbird","Turdus simillimus","X","X","X",416,0.134615384615385,0.437740384615385,0.576923076923077,18.1057692307692,0.555257007141259
"Japanese Thrush","Turdus cardis","","","",NA,NA,NA,NA,NA,NA
"Tickell's Thrush","Turdus unicolor","X","X","X",329,0.109422492401216,0.279939209726444,0.410334346504559,14.9939209726444,0.684617388270627
"Black-breasted Thrush","Turdus dissimilis","","","X",63,0.0476190476190476,0.225396825396825,0.333333333333333,12.952380952381,1.48654370483344
"Gray-sided Thrush","Turdus feae","","","",3,0.333333333333333,0.333333333333333,NA,16,4.52642611044667
"Eyebrowed Thrush","Turdus obscurus","","","",46,0.173913043478261,0.173913043478261,0.369565217391304,13.304347826087,1.85178783483832
"White-backed Thrush","Turdus kessleri","","","",1,NA,NA,NA,4,NA
"Tibetan Blackbird","Turdus maximus","","","X",22,0.0909090909090909,0.163636363636364,0.363636363636364,11.5909090909091,2.71934099130603
"Fieldfare","Turdus pilaris","","","",NA,NA,NA,NA,NA,NA
"White-collared Blackbird","Turdus albocinctus","X","X","X",114,0.175438596491228,0.418421052631579,0.56140350877193,12.9210526315789,1.17076063164692
"Chestnut Thrush","Turdus rubrocanus","","X","X",110,0.145454545454545,0.241818181818182,0.236363636363636,13.9727272727273,1.22360309920867
"Black-throated Thrush","Turdus atrogularis","X","X","X",287,0.142857142857143,0.302090592334495,0.317073170731707,14.0278745644599,0.68820461044368
"Red-throated Thrush","Turdus ruficollis","","","X",39,0.205128205128205,0.243589743589744,0.384615384615385,14.7179487179487,1.97442698938178
"Dusky Thrush","Turdus eunomus","","","",14,0.214285714285714,0.193877551020408,0.142857142857143,17.1428571428571,2.96934077117878
"Naumann's Thrush","Turdus naumanni","","","",1,1,NA,NA,15,NA
"Gray-streaked Flycatcher","Muscicapa griseisticta","","","",NA,NA,NA,NA,NA,NA
"Dark-sided Flycatcher","Muscicapa sibirica","X","X","X",267,0.116104868913858,0.297003745318352,0.471910112359551,12.9438202247191,0.748876859812094
"Ferruginous Flycatcher","Muscicapa ferruginea","","","",31,0.161290322580645,0.329032258064516,0.548387096774194,15.0967741935484,2.05738237928585
"Asian Brown Flycatcher","Muscicapa dauurica","X","X","X",862,0.0974477958236659,0.38631090487239,0.498839907192575,16.792343387471,0.435120783802027
"Brown-breasted Flycatcher","Muscicapa muttui","X","X","X",363,0.0991735537190083,0.409090909090909,0.454545454545455,19.2589531680441,0.615286844853483
"Spotted Flycatcher","Muscicapa striata","","","",127,0.031496062992126,0.245669291338583,0.480314960629921,13.992125984252,1.10313774993738
"Rufous-tailed Scrub-Robin","Cercotrichas galactotes","","","",50,0.06,0.222,0.38,15,1.80333912506772
"Indian Robin","Copsychus fulicatus","X","X","X",3481,0.0723929905199655,0.443234702671646,0.646653260557311,10.2154553289285,0.222915972246672
"Oriental Magpie-Robin","Copsychus saularis","X","X","X",3776,0.0831567796610169,0.448755296610169,0.675317796610169,10.5222457627119,0.210259997420784
"White-rumped Shama","Copsychus malabaricus","X","X","X",849,0.0753828032979976,0.347114252061249,0.525323910482921,14.0636042402827,0.476672624577127
"Andaman Shama","Copsychus albiventris","","X","X",25,0.08,0.524,0.72,7.48,1.95056931176516
"White-tailed Flycatcher","Leucoptilon concretum","","","",11,0.0909090909090909,0.272727272727273,0.272727272727273,11.5454545454545,4.14823192446777
"Nilgiri Sholakili","Sholicola major","X","X","X",17,0.117647058823529,0.352941176470588,0.470588235294118,24.0588235294118,0.682089198522073
"White-bellied Sholakili","Sholicola albiventris","X","X","X",18,0.222222222222222,0.4,0.388888888888889,23.3333333333333,0.937441937199801
"Large Niltava","Niltava grandis","X","X","X",140,0.0928571428571429,0.3,0.528571428571429,11.0071428571429,1.05974737046554
"Small Niltava","Niltava macgrigoriae","X","X","X",292,0.102739726027397,0.333561643835616,0.534246575342466,12.1267123287671,0.754100669749558
"Rufous-bellied Niltava","Niltava sundara","X","X","X",286,0.125874125874126,0.330769230769231,0.465034965034965,13.2867132867133,0.71925411977776
"Chinese Vivid Niltava","Niltava oatesi","","","",4,NA,0.321428571428571,0.25,15.25,2.69870956817019
"Blue-and-white Flycatcher","Cyanoptila cyanomelana","","","",1,NA,NA,NA,24,NA
"Zappey's Flycatcher","Cyanoptila cumatilis","","","",NA,NA,NA,NA,NA,NA
"Nilgiri Flycatcher","Eumyias albicaudatus","","","X",59,0.372881355932203,0.467796610169492,0.440677966101695,23.4237288135593,0.536513705681334
"Verditer Flycatcher","Eumyias thalassinus","X","X","X",1503,0.0751829673985363,0.341583499667332,0.498336660013307,13.7751164337991,0.338092642598033
"White-gorgeted Flycatcher","Anthipes monileger","","","X",42,0.166666666666667,0.30952380952381,0.642857142857143,11.8571428571429,2.04311574591835
"Hainan Blue Flycatcher","Cyornis hainanus","","","",NA,NA,NA,NA,NA,NA
"White-bellied Blue Flycatcher","Cyornis pallidipes","X","X","X",159,0.213836477987421,0.476100628930818,0.540880503144654,21.2830188679245,0.623504083914767
"Pale-chinned Flycatcher","Cyornis poliogenys","","X","X",173,0.0809248554913295,0.273410404624277,0.53757225433526,12.0751445086705,0.884808366624466
"Pale Blue Flycatcher","Cyornis unicolor","","","",93,0.0860215053763441,0.296774193548387,0.494623655913978,13.010752688172,1.3104962806859
"Blue-throated Flycatcher","Cyornis rubeculoides","X","X","X",503,0.0556660039761431,0.308349900596421,0.423459244532803,17.4155069582505,0.560888009569493
"Large Blue Flycatcher","Cyornis magnirostris","","","X",9,NA,0.345679012345679,0.555555555555556,12.8888888888889,2.41035830541723
"Hill Blue Flycatcher","Cyornis whitei","","","",12,NA,0.233333333333333,0.333333333333333,11.4166666666667,2.8997155903727
"Tickell's Blue Flycatcher","Cyornis tickelliae","X","X","X",1450,0.0662068965517241,0.398413793103448,0.626206896551724,13.5841379310345,0.351179868289916
"Nicobar Jungle Flycatcher","Cyornis nicobaricus","","","X",5,NA,0.355555555555556,0.2,5,2.23474383319431
"Rusty-bellied Shortwing","Brachypteryx hyperythra","","","X",27,0.037037037037037,0.274074074074074,0.592592592592593,14.8888888888889,2.23482545723631
"Lesser Shortwing","Brachypteryx leucophris","","X","X",128,0.0390625,0.27578125,0.53125,12.3984375,1.1328602019552
"Himalayan Shortwing","Brachypteryx cruralis","","","X",51,0.156862745098039,0.258823529411765,0.607843137254902,11.7254901960784,2.0221038358864
"Gould's Shortwing","Heteroxenicus stellatus","","","X",13,0.0769230769230769,0.273504273504273,0.384615384615385,14.2307692307692,2.95382024561288
"Indian Blue Robin","Larvivora brunnea","X","X","X",335,0.104477611940299,0.327462686567164,0.492537313432836,18.2955223880597,0.674981228314724
"Siberian Blue Robin","Larvivora cyane","","","",7,NA,0.244897959183673,0.142857142857143,17,4.62635925972033
"White-bellied Redstart","Luscinia phaenicuroides","","","X",36,0.0833333333333333,0.177777777777778,0.277777777777778,12.5555555555556,2.28659259139278
"Bluethroat","Luscinia svecica","X","X","X",1452,0.0516528925619835,0.274793388429752,0.443526170798898,12.6928374655647,0.328485005188251
"Malabar Whistling-Thrush","Myophonus horsfieldii","X","X","X",375,0.189333333333333,0.5104,0.730666666666667,18.4053333333333,0.611338416906106
"Blue Whistling-Thrush","Myophonus caeruleus","X","X","X",645,0.164341085271318,0.436434108527132,0.646511627906977,10.3023255813953,0.475466399117694
"Little Forktail","Enicurus scouleri","X","X","X",221,0.104072398190045,0.336651583710407,0.48868778280543,12.4841628959276,0.808020880248267
"White-crowned Forktail","Enicurus leschenaulti","","","",20,0.3,0.28,0.5,10.5,2.48126368483565
"Spotted Forktail","Enicurus maculatus","X","X","X",282,0.127659574468085,0.370921985815603,0.531914893617021,11.4858156028369,0.719165562996322
"Black-backed Forktail","Enicurus immaculatus","X","X","X",156,0.108974358974359,0.262820512820513,0.423076923076923,11.2371794871795,0.983335916304438
"Slaty-backed Forktail","Enicurus schistaceus","","X","X",154,0.0779220779220779,0.268831168831169,0.402597402597403,11.7727272727273,1.07614871752307
"Firethroat","Calliope pectardens","","","",2,NA,NA,NA,8,7.84
"Siberian Rubythroat","Calliope calliope","","X","X",218,0.0642201834862385,0.255045871559633,0.504587155963303,13.8715596330275,0.800981708799553
"Himalayan Rubythroat","Calliope pectoralis","","X","X",136,0.117647058823529,0.261029411764706,0.360294117647059,14.1323529411765,1.06567396497031
"Chinese Rubythroat","Calliope tschebaiewi","","","X",57,0.12280701754386,0.278947368421053,0.473684210526316,13.6315789473684,1.45094919102634
"White-tailed Robin","Myiomela leucura","","X","X",127,0.0866141732283465,0.274015748031496,0.464566929133858,12.6062992125984,1.18125458803216
"Blue-fronted Robin","Cinclidium frontale","","","X",21,0.0476190476190476,0.285714285714286,0.238095238095238,16.0952380952381,2.81411995322003
"Red-flanked Bluetail","Tarsiger cyanurus","","","",NA,NA,NA,NA,NA,NA
"Himalayan Bluetail","Tarsiger rufilatus","X","X","X",273,0.128205128205128,0.368131868131868,0.498168498168498,11.7179487179487,0.755582715763432
"Rufous-breasted Bush-Robin","Tarsiger hyperythrus","","","X",38,0.105263157894737,0.405263157894737,0.631578947368421,12.0526315789474,2.21638673137072
"White-browed Bush-Robin","Tarsiger indicus","","","X",36,0.138888888888889,0.377777777777778,0.611111111111111,12.8055555555556,2.20703952315996
"Golden Bush-Robin","Tarsiger chrysaeus","X","X","X",154,0.11038961038961,0.317532467532467,0.487012987012987,13.3311688311688,0.981131524150646
"Yellow-rumped Flycatcher","Ficedula zanthopygia","","","",NA,NA,NA,NA,NA,NA
"Mugimaki Flycatcher","Ficedula mugimaki","","","",2,NA,0.5,0.5,11.5,12.74
"Slaty-backed Flycatcher","Ficedula erithacus","","","",40,0.125,0.2225,0.275,15.175,1.95734403380363
"Black-and-orange Flycatcher","Ficedula nigrorufa","","","X",45,0.311111111111111,0.444444444444444,0.488888888888889,23.3111111111111,0.612951337637833
"Slaty-blue Flycatcher","Ficedula tricolor","X","X","X",286,0.125874125874126,0.315734265734266,0.444055944055944,13.2167832167832,0.702482594408295
"Snowy-browed Flycatcher","Ficedula hyperythra","","X","X",153,0.0915032679738562,0.272549019607843,0.437908496732026,14,1.04366959964834
"Pygmy Flycatcher","Ficedula hodgsoni","","X","X",78,0.102564102564103,0.291025641025641,0.448717948717949,13.6153846153846,1.43968288899724
"Rufous-gorgeted Flycatcher","Ficedula strophiata","X","X","X",266,0.146616541353383,0.32593984962406,0.503759398496241,12.6654135338346,0.760242587003597
"Sapphire Flycatcher","Ficedula sapphira","","","X",59,0.0847457627118644,0.298305084745763,0.542372881355932,13.6101694915254,1.67193234042037
"Little Pied Flycatcher","Ficedula westermanni","X","X","X",243,0.11522633744856,0.294238683127572,0.493827160493827,12.1440329218107,0.779277878112986
"Ultramarine Flycatcher","Ficedula superciliaris","X","X","X",518,0.083011583011583,0.316602316602317,0.438223938223938,14.5868725868726,0.547564885608978
"Rusty-tailed Flycatcher","Ficedula ruficauda","X","X","X",196,0.147959183673469,0.342857142857143,0.36734693877551,19.265306122449,0.940603188902929
"Taiga Flycatcher","Ficedula albicilla","","","",NA,NA,NA,NA,NA,NA
"Kashmir Flycatcher","Ficedula subrubra","","","X",22,0.363636363636364,0.231818181818182,0.363636363636364,18,2.75077950384757
"Red-breasted Flycatcher","Ficedula parva","X","X","X",2306,0.0620121422376409,0.325672159583695,0.571986123156982,11.7198612315698,0.261717846842942
"Blue-fronted Redstart","Phoenicurus frontalis","X","X","X",291,0.134020618556701,0.36701030927835,0.525773195876289,11.4845360824742,0.722926911093923
"Plumbeous Redstart","Phoenicurus fuliginosus","X","X","X",473,0.150105708245243,0.39830866807611,0.577167019027484,10.8900634249471,0.555515926497721
"Rufous-backed Redstart","Phoenicurus erythronotus","","","",20,0.05,0.3,0.5,13.2,2.11194218421662
"White-capped Redstart","Phoenicurus leucocephalus","X","X","X",515,0.147572815533981,0.397281553398058,0.56504854368932,10.5592233009709,0.530536366684936
"Blue-capped Redstart","Phoenicurus coeruleocephala","X","X","X",197,0.101522842639594,0.360406091370558,0.487309644670051,12.6954314720812,0.883735229806906
"Common Redstart","Phoenicurus phoenicurus","","","",4,0.25,0.333333333333333,NA,13.75,6.85416418439671
"Hodgson's Redstart","Phoenicurus hodgsoni","","","X",94,0.0425531914893617,0.381914893617021,0.574468085106383,12.4787234042553,1.31038163810436
"White-throated Redstart","Phoenicurus schisticeps","","","",17,0.117647058823529,0.317647058823529,0.470588235294118,13.3529411764706,3.42357529785299
"White-winged Redstart","Phoenicurus erythrogastrus","","","",120,0.191666666666667,0.361666666666667,0.516666666666667,7.25,0.801258568826348
"Black Redstart","Phoenicurus ochruros","X","X","X",2189,0.0790315212425765,0.307446322521699,0.471904979442668,10.9328460484239,0.260503168054125
"Daurian Redstart","Phoenicurus auroreus","","","",112,0.0803571428571429,0.271428571428571,0.571428571428571,11.4196428571429,1.07636439185531
"Chestnut-bellied Rock-Thrush","Monticola rufiventris","X","X","X",270,0.114814814814815,0.356666666666667,0.451851851851852,12.4444444444444,0.76742626618339
"White-throated Rock-Thrush","Monticola gularis","","","",NA,NA,NA,NA,NA,NA
"Blue-capped Rock-Thrush","Monticola cinclorhyncha","X","X","X",568,0.119718309859155,0.370950704225352,0.459507042253521,16.8961267605634,0.539192351748511
"Rufous-tailed Rock-Thrush","Monticola saxatilis","","","",6,0.333333333333333,0.25,0.333333333333333,12.8333333333333,4.59428533917712
"Blue Rock-Thrush","Monticola solitarius","X","X","X",1371,0.0824215900802334,0.255506929248724,0.355215171407732,13.8256746900073,0.357377383308863
"Whinchat","Saxicola rubetra","","","",NA,NA,NA,NA,NA,NA
"White-browed Bushchat","Saxicola macrorhynchus","","","X",59,0.101694915254237,0.210169491525424,0.338983050847458,13.135593220339,1.80087458789341
"White-throated Bushchat","Saxicola insignis","","","X",10,0.5,0.1,NA,19.3,3.68482316777587
"Siberian Stonechat","Saxicola maurus","X","X","X",2610,0.0582375478927203,0.337088122605364,0.528352490421456,11.4639846743295,0.246618991651477
"Amur Stonechat","Saxicola stejnegeri","","","",NA,NA,NA,NA,NA,NA
"White-tailed Stonechat","Saxicola leucurus","","X","X",79,0.0759493670886076,0.273417721518987,0.379746835443038,14.6582278481013,1.49098068985353
"Pied Bushchat","Saxicola caprata","X","X","X",2884,0.0748959778085992,0.400936199722607,0.579056865464632,11.4063800277393,0.246318932245239
"Jerdon's Bushchat","Saxicola jerdoni","","X","X",9,0.111111111111111,0.211111111111111,0.333333333333333,14.4444444444444,3.53511764869622
"Gray Bushchat","Saxicola ferreus","X","X","X",510,0.150980392156863,0.415294117647059,0.558823529411765,11.7823529411765,0.550428801825449
"Northern Wheatear","Oenanthe oenanthe","","","",9,NA,0.185185185185185,0.111111111111111,12.3333333333333,3.63760605038228
"Isabelline Wheatear","Oenanthe isabellina","X","X","X",370,0.072972972972973,0.246756756756757,0.383783783783784,12.7135135135135,0.659753987298439
"Desert Wheatear","Oenanthe deserti","X","X","X",579,0.110535405872193,0.27979274611399,0.414507772020725,12.0293609671848,0.524533591578648
"Pied Wheatear","Oenanthe pleschanka","","","",50,0.24,0.156,0.34,8.24,1.49904374852771
"Brown Rock Chat","Oenanthe fusca","X","X","X",1540,0.0428571428571429,0.316038961038961,0.542857142857143,10.1233766233766,0.310078529040493
"Variable Wheatear","Oenanthe picata","X","X","X",426,0.0915492957746479,0.271596244131455,0.422535211267606,11.037558685446,0.603649628487659
"Hume's Wheatear","Oenanthe albonigra","","","",NA,NA,NA,NA,NA,NA
"Finsch's Wheatear","Oenanthe finschii","","","",NA,NA,NA,NA,NA,NA
"Persian Wheatear","Oenanthe chrysopygia","","","",35,0.114285714285714,0.34,0.371428571428571,13.4,2.34430112500632
"Bohemian Waxwing","Bombycilla garrulus","","","",NA,NA,NA,NA,NA,NA
"Hypocolius","Hypocolius ampelinus","","","X",17,0.117647058823529,0.3,0.235294117647059,15.7647058823529,3.37616928354339
"Thick-billed Flowerpecker","Pachyglossa agilis","X","X","X",1324,0.0649546827794562,0.317296072507553,0.474320241691843,14.0196374622357,0.365285198953953
"Yellow-vented Flowerpecker","Pachyglossa chrysorrhea","","","",63,0.0793650793650794,0.228571428571429,0.349206349206349,13.015873015873,1.51216766773941
"Yellow-bellied Flowerpecker","Pachyglossa melanozantha","","","",47,0.0425531914893617,0.172340425531915,0.404255319148936,12.9574468085106,1.87375301183515
"Pale-billed Flowerpecker","Dicaeum erythrorhynchos","X","X","X",1760,0.0607954545454545,0.40625,0.621022727272727,13.0778409090909,0.327336024501623
"Nilgiri Flowerpecker","Dicaeum concolor","X","X","X",266,0.225563909774436,0.591353383458647,0.654135338345865,20.1729323308271,0.624058341896684
"Plain Flowerpecker","Dicaeum minullum","","X","X",213,0.0563380281690141,0.256807511737089,0.502347417840376,10.9906103286385,0.82621541017195
"Andaman Flowerpecker","Dicaeum virescens","X","X","X",26,0.115384615384615,0.6,0.846153846153846,7.26923076923077,1.91903824531515
"Fire-breasted Flowerpecker","Dicaeum ignipectus","X","X","X",250,0.092,0.3528,0.592,11.908,0.797148629138979
"Scarlet-backed Flowerpecker","Dicaeum cruentatum","X","X","X",230,0.0739130434782609,0.341304347826087,0.626086956521739,11.704347826087,0.787559497903261
"Ruby-cheeked Sunbird","Chalcoparia singalensis","","X","X",176,0.0568181818181818,0.269318181818182,0.511363636363636,12.3977272727273,0.883353644446563
"Purple-rumped Sunbird","Leptocoma zeylonica","X","X","X",2275,0.0830769230769231,0.482593406593407,0.688351648351648,11.8298901098901,0.280212873715075
"Crimson-backed Sunbird","Leptocoma minima","X","X","X",274,0.22992700729927,0.624452554744526,0.791970802919708,19.7372262773723,0.623395463426886
"Van Hasselt's Sunbird","Leptocoma brasiliana","","","",8,0.125,0.203125,0.125,9,2.48475350890184
"Purple Sunbird","Cinnyris asiaticus","X","X","X",3925,0.0718471337579618,0.459133757961783,0.698853503184713,10.1424203821656,0.207251474941581
"Ornate Sunbird","Cinnyris ornatus","","","X",46,0.239130434782609,0.506521739130435,0.652173913043478,5.78260869565217,1.37708069986412
"Loten's Sunbird","Cinnyris lotenius","X","X","X",528,0.145833333333333,0.55719696969697,0.738636363636364,17.9526515151515,0.552467488701452
"Fire-tailed Sunbird","Aethopyga ignicauda","X","X","X",116,0.137931034482759,0.363793103448276,0.53448275862069,13.1034482758621,1.23737582985968
"Black-throated Sunbird","Aethopyga saturata","X","X","X",197,0.101522842639594,0.326395939086294,0.563451776649746,11.9035532994924,0.930002137568448
"Mrs. Gould's Sunbird","Aethopyga gouldiae","X","X","X",137,0.109489051094891,0.332116788321168,0.532846715328467,11.8540145985401,1.0509702230347
"Green-tailed Sunbird","Aethopyga nipalensis","X","X","X",173,0.144508670520231,0.389017341040462,0.578034682080925,11.6184971098266,0.992814749686378
"Vigors's Sunbird","Aethopyga vigorsii","","X","X",130,0.0923076923076923,0.536153846153846,0.646153846153846,16.1384615384615,1.01004481473544
"Crimson Sunbird","Aethopyga siparaja","X","X","X",483,0.082815734989648,0.368944099378882,0.546583850931677,12.3561076604555,0.535387547001099
"Little Spiderhunter","Arachnothera longirostra","X","X","X",415,0.118072289156627,0.40578313253012,0.571084337349398,14.8168674698795,0.713125650603083
"Streaked Spiderhunter","Arachnothera magna","X","X","X",243,0.111111111111111,0.314814814814815,0.580246913580247,9.96296296296296,0.794088499062634
"Asian Fairy-bluebird","Irena puella","X","X","X",322,0.201863354037267,0.531366459627329,0.649068322981366,17.0434782608696,0.805591808873313
"Blue-winged Leafbird","Chloropsis moluccensis","","","X",71,0.112676056338028,0.277464788732394,0.408450704225352,11.9718309859155,1.52429243880569
"Jerdon's Leafbird","Chloropsis jerdoni","X","X","X",1082,0.0794824399260629,0.362476894639556,0.517560073937153,14.3317929759704,0.417796137960262
"Golden-fronted Leafbird","Chloropsis aurifrons","X","X","X",895,0.128491620111732,0.432625698324022,0.593296089385475,14.5240223463687,0.472598206871132
"Orange-bellied Leafbird","Chloropsis hardwickii","X","X","X",259,0.1003861003861,0.315057915057915,0.471042471042471,11.0888030888031,0.797574411283908
"Streaked Weaver","Ploceus manyar","X","X","X",527,0.0550284629981025,0.283301707779886,0.453510436432638,15.8823529411765,0.558115678747451
"Baya Weaver","Ploceus philippinus","X","X","X",2785,0.0535008976660682,0.368258527827648,0.572710951526032,11.7899461400359,0.245283587212397
"Finn's Weaver","Ploceus megarhynchus","","","",NA,NA,NA,NA,NA,NA
"Black-breasted Weaver","Ploceus benghalensis","X","X","X",525,0.0304761904761905,0.274857142857143,0.405714285714286,13.8780952380952,0.536972265683858
"Indian Silverbill","Euodice malabarica","X","X","X",2803,0.0592222618622904,0.376239743132358,0.577952194077774,10.7563325008919,0.241237510888119
"Scaly-breasted Munia","Lonchura punctulata","X","X","X",3015,0.0553897180762852,0.390580431177446,0.622222222222222,11.7379767827529,0.235581796859598
"Black-throated Munia","Lonchura kelaarti","X","X","X",193,0.077720207253886,0.548704663212435,0.66839378238342,20.8341968911917,0.701343732957843
"White-rumped Munia","Lonchura striata","X","X","X",1251,0.0799360511590727,0.404636290967226,0.620303756994404,14.8257394084732,0.382066336970297
"Tricolored Munia","Lonchura malacca","X","X","X",1565,0.0447284345047923,0.329137380191693,0.518210862619808,14.2984025559105,0.325914098922825
"Chestnut Munia","Lonchura atricapilla","","","",NA,NA,NA,NA,NA,NA
"Green Avadavat","Amandava formosa","","","",NA,NA,NA,NA,NA,NA
"Red Avadavat","Amandava amandava","X","X","X",1640,0.0378048780487805,0.316341463414634,0.506707317073171,12.8,0.319175637596657
"Alpine Accentor","Prunella collaris","","X","X",161,0.105590062111801,0.264596273291925,0.335403726708075,11.0248447204969,0.944343782519968
"Altai Accentor","Prunella himalayana","","","X",61,0.180327868852459,0.280327868852459,0.360655737704918,13.8032786885246,1.44656790963671
"Robin Accentor","Prunella rubeculoides","","","",112,0.196428571428571,0.365178571428571,0.598214285714286,7.61607142857143,0.815181645318922
"Rufous-breasted Accentor","Prunella strophiata","X","X","X",228,0.135964912280702,0.326754385964912,0.447368421052632,11.4956140350877,0.823345931485377
"Brown Accentor","Prunella fulvescens","","","",96,0.177083333333333,0.285416666666667,0.40625,7.28125,0.839574705018569
"Black-throated Accentor","Prunella atrogularis","","","",130,0.0692307692307692,0.304615384615385,0.469230769230769,14.2769230769231,0.944714821731584
"Maroon-backed Accentor","Prunella immaculata","","","",36,0.166666666666667,0.316666666666667,0.333333333333333,12.8333333333333,2.35109241748502
"House Sparrow","Passer domesticus","X","X","X",4196,0.0893708293612965,0.441253574833174,0.647998093422307,10.056720686368,0.19888076717666
"Spanish Sparrow","Passer hispaniolensis","","","",50,0.24,0.146,0.14,15.16,1.80365211723325
"Sind Sparrow","Passer pyrrhonotus","","X","X",127,0.0236220472440945,0.256692913385827,0.393700787401575,10.5354330708661,1.09906046221358
"Russet Sparrow","Passer cinnamomeus","X","X","X",331,0.126888217522659,0.458912386706949,0.634441087613293,11.6978851963746,0.670472420914664
"Eurasian Tree Sparrow","Passer montanus","X","X","X",340,0.0970588235294118,0.367352941176471,0.602941176470588,9.98235294117647,0.628666831831195
"Yellow-throated Sparrow","Gymnoris xanthocollis","X","X","X",2192,0.0615875912408759,0.32595802919708,0.5,12.0214416058394,0.285634340330755
"Rock Sparrow","Petronia petronia","","","",NA,NA,NA,NA,NA,NA
"Pale Rockfinch","Carpospiza brachydactyla","","","",5,NA,0.5,NA,20.4,3.94929056920354
"Black-winged Snowfinch","Montifringilla adamsi","","","X",85,0.235294117647059,0.365882352941176,0.623529411764706,6.96470588235294,0.867559735054
"White-rumped Snowfinch","Onychostruthus taczanowskii","","","",9,0.333333333333333,0.253968253968254,0.333333333333333,8.55555555555556,2.51153585395053
"Rufous-necked Snowfinch","Pyrgilauda ruficollis","","","",7,NA,0.285714285714286,0.285714285714286,11.1428571428571,5.0140070469303
"Blanford's Snowfinch","Pyrgilauda blanfordi","","","",36,0.0555555555555556,0.225,0.277777777777778,8.13888888888889,1.41456803160872
"Forest Wagtail","Dendronanthus indicus","X","X","X",445,0.103370786516854,0.331460674157303,0.382022471910112,18.3865168539326,0.569852644581451
"Gray Wagtail","Motacilla cinerea","X","X","X",2832,0.0893361581920904,0.354731638418079,0.546963276836158,11.9526836158192,0.243800055198962
"Western Yellow Wagtail","Motacilla flava","X","X","X",2437,0.0672958555601149,0.349281903980304,0.517029134181371,12.56421830119,0.263848007971442
"Eastern Yellow Wagtail","Motacilla tschutschensis","","","",NA,NA,NA,NA,NA,NA
"Citrine Wagtail","Motacilla citreola","X","X","X",1777,0.0709060213843557,0.304614518851998,0.471018570624648,11.8733821046708,0.296903742645135
"White-browed Wagtail","Motacilla maderaspatensis","X","X","X",2996,0.0767690253671562,0.399465954606141,0.583110814419226,11.4502670226969,0.240267740796675
"White Wagtail","Motacilla alba","X","X","X",3155,0.0820919175911252,0.341933438985737,0.516957210776545,10.7752773375594,0.227681343835684
"Richard's Pipit","Anthus richardi","X","X","X",290,0.0896551724137931,0.224137931034483,0.320689655172414,17.7931034482759,0.689826713423108
"Paddyfield Pipit","Anthus rufulus","X","X","X",3085,0.0625607779578606,0.378541329011345,0.586709886547812,11.5144246353323,0.234171992677451
"Long-billed Pipit","Anthus similis","X","X","X",409,0.0562347188264059,0.250122249388753,0.398533007334963,14.4914425427873,0.641831049122212
"Blyth's Pipit","Anthus godlewskii","","X","X",467,0.0149892933618844,0.24796573875803,0.400428265524625,17.2226980728051,0.570675460408624
"Tawny Pipit","Anthus campestris","X","X","X",1112,0.0566546762589928,0.268165467625899,0.468525179856115,13.5998201438849,0.39711338038713
"Nilgiri Pipit","Anthus nilghiriensis","X","X","X",13,0.461538461538462,0.530769230769231,0.615384615384615,23.3846153846154,1.00575621406491
"Upland Pipit","Anthus sylvanus","","","X",100,0.16,0.273,0.42,14.12,1.1571329640822
"Meadow Pipit","Anthus pratensis","","","",NA,NA,NA,NA,NA,NA
"Rosy Pipit","Anthus roseatus","X","X","X",466,0.0901287553648069,0.284549356223176,0.448497854077253,12.5557939914163,0.568796295799327
"Tree Pipit","Anthus trivialis","X","X","X",1577,0.051997463538364,0.268801521876982,0.462270133164236,13.1889663918833,0.32257682680085
"Olive-backed Pipit","Anthus hodgsoni","X","X","X",1011,0.0909990108803165,0.283184965380811,0.435212660731949,13.0751730959446,0.412464393128354
"Red-throated Pipit","Anthus cervinus","","","",19,0.157894736842105,0.257309941520468,0.368421052631579,15.1578947368421,3.79260202256574
"Water Pipit","Anthus spinoletta","","","",70,0.0857142857142857,0.228571428571429,0.371428571428571,13.6,1.49519376864576
"Siberian Pipit","Anthus japonicus","","","",6,NA,0.357142857142857,NA,18.3333333333333,3.18730258647932
"Common Chaffinch","Fringilla coelebs","","","",29,0.103448275862069,0.175862068965517,0.344827586206897,14.9655172413793,1.94420508501651
"Brambling","Fringilla montifringilla","","","",27,0.037037037037037,0.274074074074074,0.407407407407407,13.2962962962963,1.77483949965949
"Black-and-yellow Grosbeak","Mycerobas icterioides","","X","X",103,0.194174757281553,0.319417475728155,0.398058252427184,12.1844660194175,1.13796970004131
"Collared Grosbeak","Mycerobas affinis","","","X",52,0.0961538461538462,0.225,0.403846153846154,14.1538461538462,1.87569593690143
"Spot-winged Grosbeak","Mycerobas melanozanthos","","X","X",94,0.0531914893617021,0.275531914893617,0.414893617021277,13.436170212766,1.22433137659442
"White-winged Grosbeak","Mycerobas carnipes","","","",59,0.135593220338983,0.205084745762712,0.322033898305085,11.1694915254237,1.72099090813725
"Hawfinch","Coccothraustes coccothraustes","","","",NA,NA,NA,NA,NA,NA
"Yellow-billed Grosbeak","Eophona migratoria","","","",NA,NA,NA,NA,NA,NA
"Common Rosefinch","Carpodacus erythrinus","X","X","X",1242,0.0772946859903382,0.306521739130435,0.477455716586151,14.0869565217391,0.369547587643126
"Scarlet Finch","Carpodacus sipahi","","X","X",74,0.0675675675675676,0.313513513513514,0.472972972972973,13.9324324324324,1.55510789437736
"Blyth's Rosefinch","Carpodacus grandis","","","X",47,0.0212765957446809,0.185106382978723,0.382978723404255,11.6382978723404,1.7937817155697
"Himalayan Beautiful Rosefinch","Carpodacus pulcherrimus","","","X",40,0.05,0.2525,0.3,10.8,1.62355431550183
"Pink-rumped Rosefinch","Carpodacus waltoni","","","",1,NA,NA,NA,25,NA
"Dark-rumped Rosefinch","Carpodacus edwardsii","","","X",36,0.0833333333333333,0.372222222222222,0.555555555555556,11.7777777777778,2.49285239964579
"Pink-browed Rosefinch","Carpodacus rodochroa","","X","X",177,0.129943502824859,0.371751412429379,0.514124293785311,12,0.921368870642151
"Spot-winged Rosefinch","Carpodacus rodopeplus","","","X",32,0.0625,0.25625,0.25,14.65625,2.21701420061438
"Vinaceous Rosefinch","Carpodacus vinaceus","","","",2,0.5,0.6,0.5,24,1.96
"Pale Rosefinch","Carpodacus stoliczkae","","","",5,NA,0.3,0.4,10,6.64668338346276
"Sillem's Rosefinch","Carpodacus sillemi","","","",NA,NA,NA,NA,NA,NA
"Streaked Rosefinch","Carpodacus rubicilloides","","","",40,0.225,0.215,0.3,8.8,1.34846480611595
"Great Rosefinch","Carpodacus rubicilla","","","",96,0.15625,0.320833333333333,0.520833333333333,7.01041666666667,0.79726330036089
"Red-fronted Rosefinch","Carpodacus puniceus","","","",41,0.219512195121951,0.119512195121951,0.146341463414634,9.65853658536585,1.34929215364331
"Crimson-browed Finch","Carpodacus subhimachalus","","","X",30,0.0333333333333333,0.333333333333333,0.433333333333333,14.8333333333333,2.65482295157597
"Three-banded Rosefinch","Carpodacus trifasciatus","","","",NA,NA,NA,NA,NA,NA
"Himalayan White-browed Rosefinch","Carpodacus thura","","","X",47,0.0425531914893617,0.268085106382979,0.404255319148936,11.7872340425532,1.71530618047467
"Chinese White-browed Rosefinch","Carpodacus dubius","","","",NA,NA,NA,NA,NA,NA
"Brown Bullfinch","Pyrrhula nipalensis","","X","X",55,0.0909090909090909,0.32,0.418181818181818,15.5090909090909,1.66674534543399
"Orange Bullfinch","Pyrrhula aurantiaca","","X","X",30,0.166666666666667,0.22,0.233333333333333,11.7,2.06776609984741
"Red-headed Bullfinch","Pyrrhula erythrocephala","","X","X",95,0.178947368421053,0.346315789473684,0.494736842105263,13.4736842105263,1.19322850853888
"Gray-headed Bullfinch","Pyrrhula erythaca","","","",16,NA,0.38125,0.5625,9.9375,2.71036152262633
"Crimson-winged Finch","Rhodopechys sanguineus","","","",NA,NA,NA,NA,NA,NA
"Trumpeter Finch","Bucanetes githagineus","","","",27,0.111111111111111,0.318518518518518,0.481481481481481,14.7037037037037,2.67708253871023
"Mongolian Finch","Bucanetes mongolicus","","","",47,0.148936170212766,0.24468085106383,0.51063829787234,8.48936170212766,1.24028971540873
"Blanford's Rosefinch","Agraphospiza rubescens","","","",9,0.111111111111111,0.26984126984127,0.333333333333333,17.5555555555556,4.55124294513916
"Gold-naped Finch","Pyrrhoplectes epauletta","","","X",34,0.176470588235294,0.414705882352941,0.529411764705882,13.2647058823529,2.37585326692051
"Spectacled Finch","Callacanthis burtoni","","","X",54,0.12962962962963,0.17037037037037,0.222222222222222,13.7037037037037,1.71658046336354
"Dark-breasted Rosefinch","Procarduelis nipalensis","","X","X",113,0.0973451327433628,0.34070796460177,0.47787610619469,12.6106194690265,1.22216168166478
"Plain Mountain Finch","Leucosticte nemoricola","X","X","X",279,0.118279569892473,0.327240143369176,0.512544802867383,10.3225806451613,0.727543258773103
"Black-headed Mountain Finch","Leucosticte brandti","","","X",97,0.206185567010309,0.325773195876289,0.402061855670103,6.60824742268041,0.843613288871081
"Desert Finch","Rhodospiza obsoleta","","","",NA,NA,NA,NA,NA,NA
"European Greenfinch","Chloris chloris","","","",NA,NA,NA,NA,NA,NA
"Yellow-breasted Greenfinch","Chloris spinoides","X","X","X",259,0.138996138996139,0.408108108108108,0.590733590733591,12.2586872586873,0.752195429994051
"Black-headed Greenfinch","Chloris ambigua","","","",8,NA,0.525,0.75,6.5,1.8146073955542
"Twite","Linaria flavirostris","","","X",78,0.192307692307692,0.338461538461538,0.576923076923077,7.28205128205128,0.950274788893607
"Eurasian Linnet","Linaria cannabina","","","",1,1,NA,NA,23,NA
"Red Crossbill","Loxia curvirostra","","","",35,0.171428571428571,0.262857142857143,0.4,14.4857142857143,2.28456261742618
"Gray-crowned Goldfinch","Carduelis caniceps","","X","X",195,0.112820512820513,0.294358974358974,0.451282051282051,10.6564102564103,0.853528379821792
"Fire-fronted Serin","Serinus pusillus","X","X","X",216,0.143518518518519,0.331944444444444,0.523148148148148,9.90277777777778,0.808136806250648
"Tibetan Serin","Spinus thibetanus","","","X",17,0.117647058823529,0.329411764705882,0.588235294117647,16.2941176470588,2.86094402113035
"Eurasian Siskin","Spinus spinus","","","",2,1,NA,NA,8.5,0.98
"Lapland Longspur","Calcarius lapponicus","","","",NA,NA,NA,NA,NA,NA
"Crested Bunting","Emberiza lathami","X","X","X",726,0.0399449035812672,0.237878787878788,0.337465564738292,12.8429752066116,0.457008180277707
"Black-headed Bunting","Emberiza melanocephala","","X","X",555,0.0234234234234234,0.234234234234234,0.383783783783784,14.6018018018018,0.512704613792698
"Red-headed Bunting","Emberiza bruniceps","X","X","X",586,0.0307167235494881,0.223378839590444,0.361774744027304,14.6040955631399,0.522050428344553
"Chestnut-eared Bunting","Emberiza fucata","","","X",101,0.128712871287129,0.240594059405941,0.425742574257426,16.2871287128713,1.05687396439222
"Rock Bunting","Emberiza cia","X","X","X",337,0.15727002967359,0.414836795252226,0.593471810089021,10.3412462908012,0.665588436179446
"Godlewski's Bunting","Emberiza godlewskii","","","",5,NA,0.44,0.6,6.6,2.94652609016109
"Meadow Bunting","Emberiza cioides","","","",NA,NA,NA,NA,NA,NA
"White-capped Bunting","Emberiza stewarti","X","X","X",266,0.109022556390977,0.278947368421053,0.360902255639098,13.312030075188,0.762099834289672
"Yellowhammer","Emberiza citrinella","","","",17,0.0588235294117647,0.386554621848739,0.588235294117647,13.8823529411765,2.27285912042847
"Pine Bunting","Emberiza leucocephalos","","","",26,0.115384615384615,0.261538461538462,0.5,13.5384615384615,1.84579965833192
"Gray-necked Bunting","Emberiza buchanani","X","X","X",568,0.0422535211267606,0.24137323943662,0.387323943661972,14.5492957746479,0.53394307097179
"Ortolan Bunting","Emberiza hortulana","","","",1,NA,NA,NA,18,NA
"Striolated Bunting","Emberiza striolata","","","X",97,0.134020618556701,0.193814432989691,0.164948453608247,14.5463917525773,1.26908814101903
"Reed Bunting","Emberiza schoeniclus","","","",2,0.5,NA,NA,19,7.84
"Yellow-breasted Bunting","Emberiza aureola","","","",NA,NA,NA,NA,NA,NA
"Little Bunting","Emberiza pusilla","","","X",124,0.17741935483871,0.27741935483871,0.548387096774194,11.5483870967742,1.16761600589111
"Rustic Bunting","Emberiza rustica","","","",NA,NA,NA,NA,NA,NA
"Black-faced Bunting","Emberiza spodocephala","","","X",51,0.0784313725490196,0.254901960784314,0.509803921568627,15.8039215686275,1.25893105154386
"Chestnut Bunting","Emberiza rutila","","","",22,0.0454545454545455,0.171717171717172,0.454545454545455,12.5454545454545,2.40128707453421
"Yellow-browed Bunting","Emberiza chrysophrys","","","",NA,NA,NA,NA,NA,NA
"Tristram's Bunting","Emberiza tristrami","","","",NA,NA,NA,NA,NA,NA
